index,true_label_id,true_label,pred_label_id,pred_label,raw_answer,prompt_preview
0,7,rec.autos,7,rec.autos,rec.autos,"Classify the following 20 Newsgroups document.
Choose exactly one label from this list:
- alt.atheism
- comp.graphics
- comp.os.ms-windows.misc
- comp.sys.ibm.pc.hardware
- comp.sys.mac.hardware
- comp.windows.x
- misc.forsale
- rec.autos
- rec.motorcycles
- rec.sport.baseball
- rec.sport.hockey
- sci.crypt
- sci.electronics
- sci.med
- sci.space
-"
1,5,comp.windows.x,5,comp.windows.x,comp.windows.x,"Classify the following 20 Newsgroups document.
Choose exactly one label from this list:
- alt.atheism
- comp.graphics
- comp.os.ms-windows.misc
- comp.sys.ibm.pc.hardware
- comp.sys.mac.hardware
- comp.windows.x
- misc.forsale
- rec.autos
- rec.motorcycles
- rec.sport.baseball
- rec.sport.hockey
- sci.crypt
- sci.electronics
- sci.med
- sci.space
-"
2,0,alt.atheism,17,talk.politics.mideast,talk.politics.mideast,"Classify the following 20 Newsgroups document.
Choose exactly one label from this list:
- alt.atheism
- comp.graphics
- comp.os.ms-windows.misc
- comp.sys.ibm.pc.hardware
- comp.sys.mac.hardware
- comp.windows.x
- misc.forsale
- rec.autos
- rec.motorcycles
- rec.sport.baseball
- rec.sport.hockey
- sci.crypt
- sci.electronics
- sci.med
- sci.space
-"
3,17,talk.politics.mideast,17,talk.politics.mideast,talk.politics.mideast,"Classify the following 20 Newsgroups document.
Choose exactly one label from this list:
- alt.atheism
- comp.graphics
- comp.os.ms-windows.misc
- comp.sys.ibm.pc.hardware
- comp.sys.mac.hardware
- comp.windows.x
- misc.forsale
- rec.autos
- rec.motorcycles
- rec.sport.baseball
- rec.sport.hockey
- sci.crypt
- sci.electronics
- sci.med
- sci.space
-"
4,19,talk.religion.misc,0,alt.atheism,alt.atheism,"Classify the following 20 Newsgroups document.
Choose exactly one label from this list:
- alt.atheism
- comp.graphics
- comp.os.ms-windows.misc
- comp.sys.ibm.pc.hardware
- comp.sys.mac.hardware
- comp.windows.x
- misc.forsale
- rec.autos
- rec.motorcycles
- rec.sport.baseball
- rec.sport.hockey
- sci.crypt
- sci.electronics
- sci.med
- sci.space
-"
5,13,sci.med,13,sci.med,sci.med,"Classify the following 20 Newsgroups document.
Choose exactly one label from this list:
- alt.atheism
- comp.graphics
- comp.os.ms-windows.misc
- comp.sys.ibm.pc.hardware
- comp.sys.mac.hardware
- comp.windows.x
- misc.forsale
- rec.autos
- rec.motorcycles
- rec.sport.baseball
- rec.sport.hockey
- sci.crypt
- sci.electronics
- sci.med
- sci.space
-"
6,15,soc.religion.christian,15,soc.religion.christian,soc.religion.christian,"Classify the following 20 Newsgroups document.
Choose exactly one label from this list:
- alt.atheism
- comp.graphics
- comp.os.ms-windows.misc
- comp.sys.ibm.pc.hardware
- comp.sys.mac.hardware
- comp.windows.x
- misc.forsale
- rec.autos
- rec.motorcycles
- rec.sport.baseball
- rec.sport.hockey
- sci.crypt
- sci.electronics
- sci.med
- sci.space
-"
7,15,soc.religion.christian,2,comp.os.ms-windows.misc,comp.os.ms-windows.misc,"Classify the following 20 Newsgroups document.
Choose exactly one label from this list:
- alt.atheism
- comp.graphics
- comp.os.ms-windows.misc
- comp.sys.ibm.pc.hardware
- comp.sys.mac.hardware
- comp.windows.x
- misc.forsale
- rec.autos
- rec.motorcycles
- rec.sport.baseball
- rec.sport.hockey
- sci.crypt
- sci.electronics
- sci.med
- sci.space
-"
8,5,comp.windows.x,5,comp.windows.x,comp.windows.x,"Classify the following 20 Newsgroups document.
Choose exactly one label from this list:
- alt.atheism
- comp.graphics
- comp.os.ms-windows.misc
- comp.sys.ibm.pc.hardware
- comp.sys.mac.hardware
- comp.windows.x
- misc.forsale
- rec.autos
- rec.motorcycles
- rec.sport.baseball
- rec.sport.hockey
- sci.crypt
- sci.electronics
- sci.med
- sci.space
-"
9,1,comp.graphics,1,comp.graphics,comp.graphics,"Classify the following 20 Newsgroups document.
Choose exactly one label from this list:
- alt.atheism
- comp.graphics
- comp.os.ms-windows.misc
- comp.sys.ibm.pc.hardware
- comp.sys.mac.hardware
- comp.windows.x
- misc.forsale
- rec.autos
- rec.motorcycles
- rec.sport.baseball
- rec.sport.hockey
- sci.crypt
- sci.electronics
- sci.med
- sci.space
-"
10,2,comp.os.ms-windows.misc,2,comp.os.ms-windows.misc,comp.os.ms-windows.misc,"Classify the following 20 Newsgroups document.
Choose exactly one label from this list:
- alt.atheism
- comp.graphics
- comp.os.ms-windows.misc
- comp.sys.ibm.pc.hardware
- comp.sys.mac.hardware
- comp.windows.x
- misc.forsale
- rec.autos
- rec.motorcycles
- rec.sport.baseball
- rec.sport.hockey
- sci.crypt
- sci.electronics
- sci.med
- sci.space
-"
11,5,comp.windows.x,5,comp.windows.x,comp.windows.x,"Classify the following 20 Newsgroups document.
Choose exactly one label from this list:
- alt.atheism
- comp.graphics
- comp.os.ms-windows.misc
- comp.sys.ibm.pc.hardware
- comp.sys.mac.hardware
- comp.windows.x
- misc.forsale
- rec.autos
- rec.motorcycles
- rec.sport.baseball
- rec.sport.hockey
- sci.crypt
- sci.electronics
- sci.med
- sci.space
-"
12,17,talk.politics.mideast,17,talk.politics.mideast,talk.politics.mideast,"Classify the following 20 Newsgroups document.
Choose exactly one label from this list:
- alt.atheism
- comp.graphics
- comp.os.ms-windows.misc
- comp.sys.ibm.pc.hardware
- comp.sys.mac.hardware
- comp.windows.x
- misc.forsale
- rec.autos
- rec.motorcycles
- rec.sport.baseball
- rec.sport.hockey
- sci.crypt
- sci.electronics
- sci.med
- sci.space
-"
13,8,rec.motorcycles,8,rec.motorcycles,rec.motorcycles,"Classify the following 20 Newsgroups document.
Choose exactly one label from this list:
- alt.atheism
- comp.graphics
- comp.os.ms-windows.misc
- comp.sys.ibm.pc.hardware
- comp.sys.mac.hardware
- comp.windows.x
- misc.forsale
- rec.autos
- rec.motorcycles
- rec.sport.baseball
- rec.sport.hockey
- sci.crypt
- sci.electronics
- sci.med
- sci.space
-"
14,0,alt.atheism,0,alt.atheism,alt.atheism,"Classify the following 20 Newsgroups document.
Choose exactly one label from this list:
- alt.atheism
- comp.graphics
- comp.os.ms-windows.misc
- comp.sys.ibm.pc.hardware
- comp.sys.mac.hardware
- comp.windows.x
- misc.forsale
- rec.autos
- rec.motorcycles
- rec.sport.baseball
- rec.sport.hockey
- sci.crypt
- sci.electronics
- sci.med
- sci.space
-"
15,2,comp.os.ms-windows.misc,3,comp.sys.ibm.pc.hardware,comp.sys.ibm.pc.hardware,"Classify the following 20 Newsgroups document.
Choose exactly one label from this list:
- alt.atheism
- comp.graphics
- comp.os.ms-windows.misc
- comp.sys.ibm.pc.hardware
- comp.sys.mac.hardware
- comp.windows.x
- misc.forsale
- rec.autos
- rec.motorcycles
- rec.sport.baseball
- rec.sport.hockey
- sci.crypt
- sci.electronics
- sci.med
- sci.space
-"
16,4,comp.sys.mac.hardware,4,comp.sys.mac.hardware,comp.sys.mac.hardware,"Classify the following 20 Newsgroups document.
Choose exactly one label from this list:
- alt.atheism
- comp.graphics
- comp.os.ms-windows.misc
- comp.sys.ibm.pc.hardware
- comp.sys.mac.hardware
- comp.windows.x
- misc.forsale
- rec.autos
- rec.motorcycles
- rec.sport.baseball
- rec.sport.hockey
- sci.crypt
- sci.electronics
- sci.med
- sci.space
-"
17,1,comp.graphics,12,sci.electronics,sci.electronics,"Classify the following 20 Newsgroups document.
Choose exactly one label from this list:
- alt.atheism
- comp.graphics
- comp.os.ms-windows.misc
- comp.sys.ibm.pc.hardware
- comp.sys.mac.hardware
- comp.windows.x
- misc.forsale
- rec.autos
- rec.motorcycles
- rec.sport.baseball
- rec.sport.hockey
- sci.crypt
- sci.electronics
- sci.med
- sci.space
-"
18,6,misc.forsale,6,misc.forsale,misc.forsale,"Classify the following 20 Newsgroups document.
Choose exactly one label from this list:
- alt.atheism
- comp.graphics
- comp.os.ms-windows.misc
- comp.sys.ibm.pc.hardware
- comp.sys.mac.hardware
- comp.windows.x
- misc.forsale
- rec.autos
- rec.motorcycles
- rec.sport.baseball
- rec.sport.hockey
- sci.crypt
- sci.electronics
- sci.med
- sci.space
-"
19,16,talk.politics.guns,16,talk.politics.guns,talk.politics.guns,"Classify the following 20 Newsgroups document.
Choose exactly one label from this list:
- alt.atheism
- comp.graphics
- comp.os.ms-windows.misc
- comp.sys.ibm.pc.hardware
- comp.sys.mac.hardware
- comp.windows.x
- misc.forsale
- rec.autos
- rec.motorcycles
- rec.sport.baseball
- rec.sport.hockey
- sci.crypt
- sci.electronics
- sci.med
- sci.space
-"
20,1,comp.graphics,2,comp.os.ms-windows.misc,comp.os.ms-windows.misc,"Classify the following 20 Newsgroups document.
Choose exactly one label from this list:
- alt.atheism
- comp.graphics
- comp.os.ms-windows.misc
- comp.sys.ibm.pc.hardware
- comp.sys.mac.hardware
- comp.windows.x
- misc.forsale
- rec.autos
- rec.motorcycles
- rec.sport.baseball
- rec.sport.hockey
- sci.crypt
- sci.electronics
- sci.med
- sci.space
-"
21,6,misc.forsale,6,misc.forsale,misc.forsale,"Classify the following 20 Newsgroups document.
Choose exactly one label from this list:
- alt.atheism
- comp.graphics
- comp.os.ms-windows.misc
- comp.sys.ibm.pc.hardware
- comp.sys.mac.hardware
- comp.windows.x
- misc.forsale
- rec.autos
- rec.motorcycles
- rec.sport.baseball
- rec.sport.hockey
- sci.crypt
- sci.electronics
- sci.med
- sci.space
-"
22,17,talk.politics.mideast,17,talk.politics.mideast,talk.politics.mideast,"Classify the following 20 Newsgroups document.
Choose exactly one label from this list:
- alt.atheism
- comp.graphics
- comp.os.ms-windows.misc
- comp.sys.ibm.pc.hardware
- comp.sys.mac.hardware
- comp.windows.x
- misc.forsale
- rec.autos
- rec.motorcycles
- rec.sport.baseball
- rec.sport.hockey
- sci.crypt
- sci.electronics
- sci.med
- sci.space
-"
23,14,sci.space,14,sci.space,sci.space,"Classify the following 20 Newsgroups document.
Choose exactly one label from this list:
- alt.atheism
- comp.graphics
- comp.os.ms-windows.misc
- comp.sys.ibm.pc.hardware
- comp.sys.mac.hardware
- comp.windows.x
- misc.forsale
- rec.autos
- rec.motorcycles
- rec.sport.baseball
- rec.sport.hockey
- sci.crypt
- sci.electronics
- sci.med
- sci.space
-"
24,3,comp.sys.ibm.pc.hardware,3,comp.sys.ibm.pc.hardware,comp.sys.ibm.pc.hardware,"Classify the following 20 Newsgroups document.
Choose exactly one label from this list:
- alt.atheism
- comp.graphics
- comp.os.ms-windows.misc
- comp.sys.ibm.pc.hardware
- comp.sys.mac.hardware
- comp.windows.x
- misc.forsale
- rec.autos
- rec.motorcycles
- rec.sport.baseball
- rec.sport.hockey
- sci.crypt
- sci.electronics
- sci.med
- sci.space
-"
25,13,sci.med,13,sci.med,sci.med,"Classify the following 20 Newsgroups document.
Choose exactly one label from this list:
- alt.atheism
- comp.graphics
- comp.os.ms-windows.misc
- comp.sys.ibm.pc.hardware
- comp.sys.mac.hardware
- comp.windows.x
- misc.forsale
- rec.autos
- rec.motorcycles
- rec.sport.baseball
- rec.sport.hockey
- sci.crypt
- sci.electronics
- sci.med
- sci.space
-"
26,11,sci.crypt,2,comp.os.ms-windows.misc,comp.os.ms-windows.misc,"Classify the following 20 Newsgroups document.
Choose exactly one label from this list:
- alt.atheism
- comp.graphics
- comp.os.ms-windows.misc
- comp.sys.ibm.pc.hardware
- comp.sys.mac.hardware
- comp.windows.x
- misc.forsale
- rec.autos
- rec.motorcycles
- rec.sport.baseball
- rec.sport.hockey
- sci.crypt
- sci.electronics
- sci.med
- sci.space
-"
27,7,rec.autos,7,rec.autos,rec.autos,"Classify the following 20 Newsgroups document.
Choose exactly one label from this list:
- alt.atheism
- comp.graphics
- comp.os.ms-windows.misc
- comp.sys.ibm.pc.hardware
- comp.sys.mac.hardware
- comp.windows.x
- misc.forsale
- rec.autos
- rec.motorcycles
- rec.sport.baseball
- rec.sport.hockey
- sci.crypt
- sci.electronics
- sci.med
- sci.space
-"
28,7,rec.autos,7,rec.autos,rec.autos,"Classify the following 20 Newsgroups document.
Choose exactly one label from this list:
- alt.atheism
- comp.graphics
- comp.os.ms-windows.misc
- comp.sys.ibm.pc.hardware
- comp.sys.mac.hardware
- comp.windows.x
- misc.forsale
- rec.autos
- rec.motorcycles
- rec.sport.baseball
- rec.sport.hockey
- sci.crypt
- sci.electronics
- sci.med
- sci.space
-"
29,3,comp.sys.ibm.pc.hardware,8,rec.motorcycles,rec.motorcycles,"Classify the following 20 Newsgroups document.
Choose exactly one label from this list:
- alt.atheism
- comp.graphics
- comp.os.ms-windows.misc
- comp.sys.ibm.pc.hardware
- comp.sys.mac.hardware
- comp.windows.x
- misc.forsale
- rec.autos
- rec.motorcycles
- rec.sport.baseball
- rec.sport.hockey
- sci.crypt
- sci.electronics
- sci.med
- sci.space
-"
30,5,comp.windows.x,5,comp.windows.x,comp.windows.x,"Classify the following 20 Newsgroups document.
Choose exactly one label from this list:
- alt.atheism
- comp.graphics
- comp.os.ms-windows.misc
- comp.sys.ibm.pc.hardware
- comp.sys.mac.hardware
- comp.windows.x
- misc.forsale
- rec.autos
- rec.motorcycles
- rec.sport.baseball
- rec.sport.hockey
- sci.crypt
- sci.electronics
- sci.med
- sci.space
-"
31,5,comp.windows.x,5,comp.windows.x,comp.windows.x,"Classify the following 20 Newsgroups document.
Choose exactly one label from this list:
- alt.atheism
- comp.graphics
- comp.os.ms-windows.misc
- comp.sys.ibm.pc.hardware
- comp.sys.mac.hardware
- comp.windows.x
- misc.forsale
- rec.autos
- rec.motorcycles
- rec.sport.baseball
- rec.sport.hockey
- sci.crypt
- sci.electronics
- sci.med
- sci.space
-"
32,4,comp.sys.mac.hardware,4,comp.sys.mac.hardware,comp.sys.mac.hardware,"Classify the following 20 Newsgroups document.
Choose exactly one label from this list:
- alt.atheism
- comp.graphics
- comp.os.ms-windows.misc
- comp.sys.ibm.pc.hardware
- comp.sys.mac.hardware
- comp.windows.x
- misc.forsale
- rec.autos
- rec.motorcycles
- rec.sport.baseball
- rec.sport.hockey
- sci.crypt
- sci.electronics
- sci.med
- sci.space
-"
33,3,comp.sys.ibm.pc.hardware,3,comp.sys.ibm.pc.hardware,comp.sys.ibm.pc.hardware,"Classify the following 20 Newsgroups document.
Choose exactly one label from this list:
- alt.atheism
- comp.graphics
- comp.os.ms-windows.misc
- comp.sys.ibm.pc.hardware
- comp.sys.mac.hardware
- comp.windows.x
- misc.forsale
- rec.autos
- rec.motorcycles
- rec.sport.baseball
- rec.sport.hockey
- sci.crypt
- sci.electronics
- sci.med
- sci.space
-"
34,14,sci.space,14,sci.space,sci.space,"Classify the following 20 Newsgroups document.
Choose exactly one label from this list:
- alt.atheism
- comp.graphics
- comp.os.ms-windows.misc
- comp.sys.ibm.pc.hardware
- comp.sys.mac.hardware
- comp.windows.x
- misc.forsale
- rec.autos
- rec.motorcycles
- rec.sport.baseball
- rec.sport.hockey
- sci.crypt
- sci.electronics
- sci.med
- sci.space
-"
35,1,comp.graphics,1,comp.graphics,comp.graphics,"Classify the following 20 Newsgroups document.
Choose exactly one label from this list:
- alt.atheism
- comp.graphics
- comp.os.ms-windows.misc
- comp.sys.ibm.pc.hardware
- comp.sys.mac.hardware
- comp.windows.x
- misc.forsale
- rec.autos
- rec.motorcycles
- rec.sport.baseball
- rec.sport.hockey
- sci.crypt
- sci.electronics
- sci.med
- sci.space
-"
36,9,rec.sport.baseball,9,rec.sport.baseball,rec.sport.baseball,"Classify the following 20 Newsgroups document.
Choose exactly one label from this list:
- alt.atheism
- comp.graphics
- comp.os.ms-windows.misc
- comp.sys.ibm.pc.hardware
- comp.sys.mac.hardware
- comp.windows.x
- misc.forsale
- rec.autos
- rec.motorcycles
- rec.sport.baseball
- rec.sport.hockey
- sci.crypt
- sci.electronics
- sci.med
- sci.space
-"
37,4,comp.sys.mac.hardware,4,comp.sys.mac.hardware,comp.sys.mac.hardware,"Classify the following 20 Newsgroups document.
Choose exactly one label from this list:
- alt.atheism
- comp.graphics
- comp.os.ms-windows.misc
- comp.sys.ibm.pc.hardware
- comp.sys.mac.hardware
- comp.windows.x
- misc.forsale
- rec.autos
- rec.motorcycles
- rec.sport.baseball
- rec.sport.hockey
- sci.crypt
- sci.electronics
- sci.med
- sci.space
-"
38,6,misc.forsale,6,misc.forsale,misc.forsale,"Classify the following 20 Newsgroups document.
Choose exactly one label from this list:
- alt.atheism
- comp.graphics
- comp.os.ms-windows.misc
- comp.sys.ibm.pc.hardware
- comp.sys.mac.hardware
- comp.windows.x
- misc.forsale
- rec.autos
- rec.motorcycles
- rec.sport.baseball
- rec.sport.hockey
- sci.crypt
- sci.electronics
- sci.med
- sci.space
-"
39,1,comp.graphics,1,comp.graphics,comp.graphics,"Classify the following 20 Newsgroups document.
Choose exactly one label from this list:
- alt.atheism
- comp.graphics
- comp.os.ms-windows.misc
- comp.sys.ibm.pc.hardware
- comp.sys.mac.hardware
- comp.windows.x
- misc.forsale
- rec.autos
- rec.motorcycles
- rec.sport.baseball
- rec.sport.hockey
- sci.crypt
- sci.electronics
- sci.med
- sci.space
-"
40,17,talk.politics.mideast,17,talk.politics.mideast,talk.politics.mideast,"Classify the following 20 Newsgroups document.
Choose exactly one label from this list:
- alt.atheism
- comp.graphics
- comp.os.ms-windows.misc
- comp.sys.ibm.pc.hardware
- comp.sys.mac.hardware
- comp.windows.x
- misc.forsale
- rec.autos
- rec.motorcycles
- rec.sport.baseball
- rec.sport.hockey
- sci.crypt
- sci.electronics
- sci.med
- sci.space
-"
41,2,comp.os.ms-windows.misc,2,comp.os.ms-windows.misc,comp.os.ms-windows.misc,"Classify the following 20 Newsgroups document.
Choose exactly one label from this list:
- alt.atheism
- comp.graphics
- comp.os.ms-windows.misc
- comp.sys.ibm.pc.hardware
- comp.sys.mac.hardware
- comp.windows.x
- misc.forsale
- rec.autos
- rec.motorcycles
- rec.sport.baseball
- rec.sport.hockey
- sci.crypt
- sci.electronics
- sci.med
- sci.space
-"
42,8,rec.motorcycles,8,rec.motorcycles,rec.motorcycles,"Classify the following 20 Newsgroups document.
Choose exactly one label from this list:
- alt.atheism
- comp.graphics
- comp.os.ms-windows.misc
- comp.sys.ibm.pc.hardware
- comp.sys.mac.hardware
- comp.windows.x
- misc.forsale
- rec.autos
- rec.motorcycles
- rec.sport.baseball
- rec.sport.hockey
- sci.crypt
- sci.electronics
- sci.med
- sci.space
-"
43,1,comp.graphics,1,comp.graphics,comp.graphics,"Classify the following 20 Newsgroups document.
Choose exactly one label from this list:
- alt.atheism
- comp.graphics
- comp.os.ms-windows.misc
- comp.sys.ibm.pc.hardware
- comp.sys.mac.hardware
- comp.windows.x
- misc.forsale
- rec.autos
- rec.motorcycles
- rec.sport.baseball
- rec.sport.hockey
- sci.crypt
- sci.electronics
- sci.med
- sci.space
-"
44,11,sci.crypt,11,sci.crypt,sci.crypt,"Classify the following 20 Newsgroups document.
Choose exactly one label from this list:
- alt.atheism
- comp.graphics
- comp.os.ms-windows.misc
- comp.sys.ibm.pc.hardware
- comp.sys.mac.hardware
- comp.windows.x
- misc.forsale
- rec.autos
- rec.motorcycles
- rec.sport.baseball
- rec.sport.hockey
- sci.crypt
- sci.electronics
- sci.med
- sci.space
-"
45,1,comp.graphics,1,comp.graphics,comp.graphics,"Classify the following 20 Newsgroups document.
Choose exactly one label from this list:
- alt.atheism
- comp.graphics
- comp.os.ms-windows.misc
- comp.sys.ibm.pc.hardware
- comp.sys.mac.hardware
- comp.windows.x
- misc.forsale
- rec.autos
- rec.motorcycles
- rec.sport.baseball
- rec.sport.hockey
- sci.crypt
- sci.electronics
- sci.med
- sci.space
-"
46,14,sci.space,14,sci.space,sci.space,"Classify the following 20 Newsgroups document.
Choose exactly one label from this list:
- alt.atheism
- comp.graphics
- comp.os.ms-windows.misc
- comp.sys.ibm.pc.hardware
- comp.sys.mac.hardware
- comp.windows.x
- misc.forsale
- rec.autos
- rec.motorcycles
- rec.sport.baseball
- rec.sport.hockey
- sci.crypt
- sci.electronics
- sci.med
- sci.space
-"
47,3,comp.sys.ibm.pc.hardware,3,comp.sys.ibm.pc.hardware,comp.sys.ibm.pc.hardware,"Classify the following 20 Newsgroups document.
Choose exactly one label from this list:
- alt.atheism
- comp.graphics
- comp.os.ms-windows.misc
- comp.sys.ibm.pc.hardware
- comp.sys.mac.hardware
- comp.windows.x
- misc.forsale
- rec.autos
- rec.motorcycles
- rec.sport.baseball
- rec.sport.hockey
- sci.crypt
- sci.electronics
- sci.med
- sci.space
-"
48,11,sci.crypt,11,sci.crypt,sci.crypt,"Classify the following 20 Newsgroups document.
Choose exactly one label from this list:
- alt.atheism
- comp.graphics
- comp.os.ms-windows.misc
- comp.sys.ibm.pc.hardware
- comp.sys.mac.hardware
- comp.windows.x
- misc.forsale
- rec.autos
- rec.motorcycles
- rec.sport.baseball
- rec.sport.hockey
- sci.crypt
- sci.electronics
- sci.med
- sci.space
-"
49,0,alt.atheism,11,sci.crypt,sci.crypt,"Classify the following 20 Newsgroups document.
Choose exactly one label from this list:
- alt.atheism
- comp.graphics
- comp.os.ms-windows.misc
- comp.sys.ibm.pc.hardware
- comp.sys.mac.hardware
- comp.windows.x
- misc.forsale
- rec.autos
- rec.motorcycles
- rec.sport.baseball
- rec.sport.hockey
- sci.crypt
- sci.electronics
- sci.med
- sci.space
-"
50,8,rec.motorcycles,8,rec.motorcycles,rec.motorcycles,"Classify the following 20 Newsgroups document.
Choose exactly one label from this list:
- alt.atheism
- comp.graphics
- comp.os.ms-windows.misc
- comp.sys.ibm.pc.hardware
- comp.sys.mac.hardware
- comp.windows.x
- misc.forsale
- rec.autos
- rec.motorcycles
- rec.sport.baseball
- rec.sport.hockey
- sci.crypt
- sci.electronics
- sci.med
- sci.space
-"
51,8,rec.motorcycles,8,rec.motorcycles,rec.motorcycles,"Classify the following 20 Newsgroups document.
Choose exactly one label from this list:
- alt.atheism
- comp.graphics
- comp.os.ms-windows.misc
- comp.sys.ibm.pc.hardware
- comp.sys.mac.hardware
- comp.windows.x
- misc.forsale
- rec.autos
- rec.motorcycles
- rec.sport.baseball
- rec.sport.hockey
- sci.crypt
- sci.electronics
- sci.med
- sci.space
-"
52,13,sci.med,13,sci.med,sci.med,"Classify the following 20 Newsgroups document.
Choose exactly one label from this list:
- alt.atheism
- comp.graphics
- comp.os.ms-windows.misc
- comp.sys.ibm.pc.hardware
- comp.sys.mac.hardware
- comp.windows.x
- misc.forsale
- rec.autos
- rec.motorcycles
- rec.sport.baseball
- rec.sport.hockey
- sci.crypt
- sci.electronics
- sci.med
- sci.space
-"
53,9,rec.sport.baseball,9,rec.sport.baseball,rec.sport.baseball,"Classify the following 20 Newsgroups document.
Choose exactly one label from this list:
- alt.atheism
- comp.graphics
- comp.os.ms-windows.misc
- comp.sys.ibm.pc.hardware
- comp.sys.mac.hardware
- comp.windows.x
- misc.forsale
- rec.autos
- rec.motorcycles
- rec.sport.baseball
- rec.sport.hockey
- sci.crypt
- sci.electronics
- sci.med
- sci.space
-"
54,1,comp.graphics,1,comp.graphics,comp.graphics,"Classify the following 20 Newsgroups document.
Choose exactly one label from this list:
- alt.atheism
- comp.graphics
- comp.os.ms-windows.misc
- comp.sys.ibm.pc.hardware
- comp.sys.mac.hardware
- comp.windows.x
- misc.forsale
- rec.autos
- rec.motorcycles
- rec.sport.baseball
- rec.sport.hockey
- sci.crypt
- sci.electronics
- sci.med
- sci.space
-"
55,2,comp.os.ms-windows.misc,2,comp.os.ms-windows.misc,comp.os.ms-windows.misc,"Classify the following 20 Newsgroups document.
Choose exactly one label from this list:
- alt.atheism
- comp.graphics
- comp.os.ms-windows.misc
- comp.sys.ibm.pc.hardware
- comp.sys.mac.hardware
- comp.windows.x
- misc.forsale
- rec.autos
- rec.motorcycles
- rec.sport.baseball
- rec.sport.hockey
- sci.crypt
- sci.electronics
- sci.med
- sci.space
-"
56,10,rec.sport.hockey,10,rec.sport.hockey,rec.sport.hockey,"Classify the following 20 Newsgroups document.
Choose exactly one label from this list:
- alt.atheism
- comp.graphics
- comp.os.ms-windows.misc
- comp.sys.ibm.pc.hardware
- comp.sys.mac.hardware
- comp.windows.x
- misc.forsale
- rec.autos
- rec.motorcycles
- rec.sport.baseball
- rec.sport.hockey
- sci.crypt
- sci.electronics
- sci.med
- sci.space
-"
57,17,talk.politics.mideast,17,talk.politics.mideast,talk.politics.mideast,"Classify the following 20 Newsgroups document.
Choose exactly one label from this list:
- alt.atheism
- comp.graphics
- comp.os.ms-windows.misc
- comp.sys.ibm.pc.hardware
- comp.sys.mac.hardware
- comp.windows.x
- misc.forsale
- rec.autos
- rec.motorcycles
- rec.sport.baseball
- rec.sport.hockey
- sci.crypt
- sci.electronics
- sci.med
- sci.space
-"
58,16,talk.politics.guns,16,talk.politics.guns,talk.politics.guns,"Classify the following 20 Newsgroups document.
Choose exactly one label from this list:
- alt.atheism
- comp.graphics
- comp.os.ms-windows.misc
- comp.sys.ibm.pc.hardware
- comp.sys.mac.hardware
- comp.windows.x
- misc.forsale
- rec.autos
- rec.motorcycles
- rec.sport.baseball
- rec.sport.hockey
- sci.crypt
- sci.electronics
- sci.med
- sci.space
-"
59,14,sci.space,14,sci.space,sci.space,"Classify the following 20 Newsgroups document.
Choose exactly one label from this list:
- alt.atheism
- comp.graphics
- comp.os.ms-windows.misc
- comp.sys.ibm.pc.hardware
- comp.sys.mac.hardware
- comp.windows.x
- misc.forsale
- rec.autos
- rec.motorcycles
- rec.sport.baseball
- rec.sport.hockey
- sci.crypt
- sci.electronics
- sci.med
- sci.space
-"
60,8,rec.motorcycles,14,sci.space,sci.space,"Classify the following 20 Newsgroups document.
Choose exactly one label from this list:
- alt.atheism
- comp.graphics
- comp.os.ms-windows.misc
- comp.sys.ibm.pc.hardware
- comp.sys.mac.hardware
- comp.windows.x
- misc.forsale
- rec.autos
- rec.motorcycles
- rec.sport.baseball
- rec.sport.hockey
- sci.crypt
- sci.electronics
- sci.med
- sci.space
-"
61,10,rec.sport.hockey,10,rec.sport.hockey,rec.sport.hockey,"Classify the following 20 Newsgroups document.
Choose exactly one label from this list:
- alt.atheism
- comp.graphics
- comp.os.ms-windows.misc
- comp.sys.ibm.pc.hardware
- comp.sys.mac.hardware
- comp.windows.x
- misc.forsale
- rec.autos
- rec.motorcycles
- rec.sport.baseball
- rec.sport.hockey
- sci.crypt
- sci.electronics
- sci.med
- sci.space
-"
62,17,talk.politics.mideast,17,talk.politics.mideast,talk.politics.mideast,"Classify the following 20 Newsgroups document.
Choose exactly one label from this list:
- alt.atheism
- comp.graphics
- comp.os.ms-windows.misc
- comp.sys.ibm.pc.hardware
- comp.sys.mac.hardware
- comp.windows.x
- misc.forsale
- rec.autos
- rec.motorcycles
- rec.sport.baseball
- rec.sport.hockey
- sci.crypt
- sci.electronics
- sci.med
- sci.space
-"
63,19,talk.religion.misc,12,sci.electronics,sci.electronics,"Classify the following 20 Newsgroups document.
Choose exactly one label from this list:
- alt.atheism
- comp.graphics
- comp.os.ms-windows.misc
- comp.sys.ibm.pc.hardware
- comp.sys.mac.hardware
- comp.windows.x
- misc.forsale
- rec.autos
- rec.motorcycles
- rec.sport.baseball
- rec.sport.hockey
- sci.crypt
- sci.electronics
- sci.med
- sci.space
-"
64,2,comp.os.ms-windows.misc,2,comp.os.ms-windows.misc,comp.os.ms-windows.misc,"Classify the following 20 Newsgroups document.
Choose exactly one label from this list:
- alt.atheism
- comp.graphics
- comp.os.ms-windows.misc
- comp.sys.ibm.pc.hardware
- comp.sys.mac.hardware
- comp.windows.x
- misc.forsale
- rec.autos
- rec.motorcycles
- rec.sport.baseball
- rec.sport.hockey
- sci.crypt
- sci.electronics
- sci.med
- sci.space
-"
65,18,talk.politics.misc,16,talk.politics.guns,talk.politics.guns,"Classify the following 20 Newsgroups document.
Choose exactly one label from this list:
- alt.atheism
- comp.graphics
- comp.os.ms-windows.misc
- comp.sys.ibm.pc.hardware
- comp.sys.mac.hardware
- comp.windows.x
- misc.forsale
- rec.autos
- rec.motorcycles
- rec.sport.baseball
- rec.sport.hockey
- sci.crypt
- sci.electronics
- sci.med
- sci.space
-"
66,18,talk.politics.misc,16,talk.politics.guns,talk.politics.guns,"Classify the following 20 Newsgroups document.
Choose exactly one label from this list:
- alt.atheism
- comp.graphics
- comp.os.ms-windows.misc
- comp.sys.ibm.pc.hardware
- comp.sys.mac.hardware
- comp.windows.x
- misc.forsale
- rec.autos
- rec.motorcycles
- rec.sport.baseball
- rec.sport.hockey
- sci.crypt
- sci.electronics
- sci.med
- sci.space
-"
67,13,sci.med,13,sci.med,sci.med,"Classify the following 20 Newsgroups document.
Choose exactly one label from this list:
- alt.atheism
- comp.graphics
- comp.os.ms-windows.misc
- comp.sys.ibm.pc.hardware
- comp.sys.mac.hardware
- comp.windows.x
- misc.forsale
- rec.autos
- rec.motorcycles
- rec.sport.baseball
- rec.sport.hockey
- sci.crypt
- sci.electronics
- sci.med
- sci.space
-"
68,0,alt.atheism,14,sci.space,sci.space,"Classify the following 20 Newsgroups document.
Choose exactly one label from this list:
- alt.atheism
- comp.graphics
- comp.os.ms-windows.misc
- comp.sys.ibm.pc.hardware
- comp.sys.mac.hardware
- comp.windows.x
- misc.forsale
- rec.autos
- rec.motorcycles
- rec.sport.baseball
- rec.sport.hockey
- sci.crypt
- sci.electronics
- sci.med
- sci.space
-"
69,9,rec.sport.baseball,9,rec.sport.baseball,rec.sport.baseball,"Classify the following 20 Newsgroups document.
Choose exactly one label from this list:
- alt.atheism
- comp.graphics
- comp.os.ms-windows.misc
- comp.sys.ibm.pc.hardware
- comp.sys.mac.hardware
- comp.windows.x
- misc.forsale
- rec.autos
- rec.motorcycles
- rec.sport.baseball
- rec.sport.hockey
- sci.crypt
- sci.electronics
- sci.med
- sci.space
-"
70,8,rec.motorcycles,8,rec.motorcycles,rec.motorcycles,"Classify the following 20 Newsgroups document.
Choose exactly one label from this list:
- alt.atheism
- comp.graphics
- comp.os.ms-windows.misc
- comp.sys.ibm.pc.hardware
- comp.sys.mac.hardware
- comp.windows.x
- misc.forsale
- rec.autos
- rec.motorcycles
- rec.sport.baseball
- rec.sport.hockey
- sci.crypt
- sci.electronics
- sci.med
- sci.space
-"
71,18,talk.politics.misc,17,talk.politics.mideast,talk.politics.mideast,"Classify the following 20 Newsgroups document.
Choose exactly one label from this list:
- alt.atheism
- comp.graphics
- comp.os.ms-windows.misc
- comp.sys.ibm.pc.hardware
- comp.sys.mac.hardware
- comp.windows.x
- misc.forsale
- rec.autos
- rec.motorcycles
- rec.sport.baseball
- rec.sport.hockey
- sci.crypt
- sci.electronics
- sci.med
- sci.space
-"
72,10,rec.sport.hockey,10,rec.sport.hockey,rec.sport.hockey,"Classify the following 20 Newsgroups document.
Choose exactly one label from this list:
- alt.atheism
- comp.graphics
- comp.os.ms-windows.misc
- comp.sys.ibm.pc.hardware
- comp.sys.mac.hardware
- comp.windows.x
- misc.forsale
- rec.autos
- rec.motorcycles
- rec.sport.baseball
- rec.sport.hockey
- sci.crypt
- sci.electronics
- sci.med
- sci.space
-"
73,19,talk.religion.misc,16,talk.politics.guns,talk.politics.guns,"Classify the following 20 Newsgroups document.
Choose exactly one label from this list:
- alt.atheism
- comp.graphics
- comp.os.ms-windows.misc
- comp.sys.ibm.pc.hardware
- comp.sys.mac.hardware
- comp.windows.x
- misc.forsale
- rec.autos
- rec.motorcycles
- rec.sport.baseball
- rec.sport.hockey
- sci.crypt
- sci.electronics
- sci.med
- sci.space
-"
74,3,comp.sys.ibm.pc.hardware,3,comp.sys.ibm.pc.hardware,comp.sys.ibm.pc.hardware,"Classify the following 20 Newsgroups document.
Choose exactly one label from this list:
- alt.atheism
- comp.graphics
- comp.os.ms-windows.misc
- comp.sys.ibm.pc.hardware
- comp.sys.mac.hardware
- comp.windows.x
- misc.forsale
- rec.autos
- rec.motorcycles
- rec.sport.baseball
- rec.sport.hockey
- sci.crypt
- sci.electronics
- sci.med
- sci.space
-"
75,7,rec.autos,7,rec.autos,rec.autos,"Classify the following 20 Newsgroups document.
Choose exactly one label from this list:
- alt.atheism
- comp.graphics
- comp.os.ms-windows.misc
- comp.sys.ibm.pc.hardware
- comp.sys.mac.hardware
- comp.windows.x
- misc.forsale
- rec.autos
- rec.motorcycles
- rec.sport.baseball
- rec.sport.hockey
- sci.crypt
- sci.electronics
- sci.med
- sci.space
-"
76,18,talk.politics.misc,19,talk.religion.misc,talk.religion.misc,"Classify the following 20 Newsgroups document.
Choose exactly one label from this list:
- alt.atheism
- comp.graphics
- comp.os.ms-windows.misc
- comp.sys.ibm.pc.hardware
- comp.sys.mac.hardware
- comp.windows.x
- misc.forsale
- rec.autos
- rec.motorcycles
- rec.sport.baseball
- rec.sport.hockey
- sci.crypt
- sci.electronics
- sci.med
- sci.space
-"
77,7,rec.autos,7,rec.autos,rec.autos,"Classify the following 20 Newsgroups document.
Choose exactly one label from this list:
- alt.atheism
- comp.graphics
- comp.os.ms-windows.misc
- comp.sys.ibm.pc.hardware
- comp.sys.mac.hardware
- comp.windows.x
- misc.forsale
- rec.autos
- rec.motorcycles
- rec.sport.baseball
- rec.sport.hockey
- sci.crypt
- sci.electronics
- sci.med
- sci.space
-"
78,18,talk.politics.misc,10,rec.sport.hockey,rec.sport.hockey,"Classify the following 20 Newsgroups document.
Choose exactly one label from this list:
- alt.atheism
- comp.graphics
- comp.os.ms-windows.misc
- comp.sys.ibm.pc.hardware
- comp.sys.mac.hardware
- comp.windows.x
- misc.forsale
- rec.autos
- rec.motorcycles
- rec.sport.baseball
- rec.sport.hockey
- sci.crypt
- sci.electronics
- sci.med
- sci.space
-"
79,9,rec.sport.baseball,9,rec.sport.baseball,rec.sport.baseball,"Classify the following 20 Newsgroups document.
Choose exactly one label from this list:
- alt.atheism
- comp.graphics
- comp.os.ms-windows.misc
- comp.sys.ibm.pc.hardware
- comp.sys.mac.hardware
- comp.windows.x
- misc.forsale
- rec.autos
- rec.motorcycles
- rec.sport.baseball
- rec.sport.hockey
- sci.crypt
- sci.electronics
- sci.med
- sci.space
-"
80,6,misc.forsale,6,misc.forsale,misc.forsale,"Classify the following 20 Newsgroups document.
Choose exactly one label from this list:
- alt.atheism
- comp.graphics
- comp.os.ms-windows.misc
- comp.sys.ibm.pc.hardware
- comp.sys.mac.hardware
- comp.windows.x
- misc.forsale
- rec.autos
- rec.motorcycles
- rec.sport.baseball
- rec.sport.hockey
- sci.crypt
- sci.electronics
- sci.med
- sci.space
-"
81,18,talk.politics.misc,18,talk.politics.misc,talk.politics.misc,"Classify the following 20 Newsgroups document.
Choose exactly one label from this list:
- alt.atheism
- comp.graphics
- comp.os.ms-windows.misc
- comp.sys.ibm.pc.hardware
- comp.sys.mac.hardware
- comp.windows.x
- misc.forsale
- rec.autos
- rec.motorcycles
- rec.sport.baseball
- rec.sport.hockey
- sci.crypt
- sci.electronics
- sci.med
- sci.space
-"
82,17,talk.politics.mideast,17,talk.politics.mideast,talk.politics.mideast,"Classify the following 20 Newsgroups document.
Choose exactly one label from this list:
- alt.atheism
- comp.graphics
- comp.os.ms-windows.misc
- comp.sys.ibm.pc.hardware
- comp.sys.mac.hardware
- comp.windows.x
- misc.forsale
- rec.autos
- rec.motorcycles
- rec.sport.baseball
- rec.sport.hockey
- sci.crypt
- sci.electronics
- sci.med
- sci.space
-"
83,4,comp.sys.mac.hardware,3,comp.sys.ibm.pc.hardware,comp.sys.ibm.pc.hardware,"Classify the following 20 Newsgroups document.
Choose exactly one label from this list:
- alt.atheism
- comp.graphics
- comp.os.ms-windows.misc
- comp.sys.ibm.pc.hardware
- comp.sys.mac.hardware
- comp.windows.x
- misc.forsale
- rec.autos
- rec.motorcycles
- rec.sport.baseball
- rec.sport.hockey
- sci.crypt
- sci.electronics
- sci.med
- sci.space
-"
84,12,sci.electronics,12,sci.electronics,sci.electronics,"Classify the following 20 Newsgroups document.
Choose exactly one label from this list:
- alt.atheism
- comp.graphics
- comp.os.ms-windows.misc
- comp.sys.ibm.pc.hardware
- comp.sys.mac.hardware
- comp.windows.x
- misc.forsale
- rec.autos
- rec.motorcycles
- rec.sport.baseball
- rec.sport.hockey
- sci.crypt
- sci.electronics
- sci.med
- sci.space
-"
85,10,rec.sport.hockey,10,rec.sport.hockey,rec.sport.hockey,"Classify the following 20 Newsgroups document.
Choose exactly one label from this list:
- alt.atheism
- comp.graphics
- comp.os.ms-windows.misc
- comp.sys.ibm.pc.hardware
- comp.sys.mac.hardware
- comp.windows.x
- misc.forsale
- rec.autos
- rec.motorcycles
- rec.sport.baseball
- rec.sport.hockey
- sci.crypt
- sci.electronics
- sci.med
- sci.space
-"
86,16,talk.politics.guns,16,talk.politics.guns,talk.politics.guns,"Classify the following 20 Newsgroups document.
Choose exactly one label from this list:
- alt.atheism
- comp.graphics
- comp.os.ms-windows.misc
- comp.sys.ibm.pc.hardware
- comp.sys.mac.hardware
- comp.windows.x
- misc.forsale
- rec.autos
- rec.motorcycles
- rec.sport.baseball
- rec.sport.hockey
- sci.crypt
- sci.electronics
- sci.med
- sci.space
-"
87,8,rec.motorcycles,16,talk.politics.guns,talk.politics.guns,"Classify the following 20 Newsgroups document.
Choose exactly one label from this list:
- alt.atheism
- comp.graphics
- comp.os.ms-windows.misc
- comp.sys.ibm.pc.hardware
- comp.sys.mac.hardware
- comp.windows.x
- misc.forsale
- rec.autos
- rec.motorcycles
- rec.sport.baseball
- rec.sport.hockey
- sci.crypt
- sci.electronics
- sci.med
- sci.space
-"
88,4,comp.sys.mac.hardware,4,comp.sys.mac.hardware,comp.sys.mac.hardware,"Classify the following 20 Newsgroups document.
Choose exactly one label from this list:
- alt.atheism
- comp.graphics
- comp.os.ms-windows.misc
- comp.sys.ibm.pc.hardware
- comp.sys.mac.hardware
- comp.windows.x
- misc.forsale
- rec.autos
- rec.motorcycles
- rec.sport.baseball
- rec.sport.hockey
- sci.crypt
- sci.electronics
- sci.med
- sci.space
-"
89,14,sci.space,12,sci.electronics,sci.electronics,"Classify the following 20 Newsgroups document.
Choose exactly one label from this list:
- alt.atheism
- comp.graphics
- comp.os.ms-windows.misc
- comp.sys.ibm.pc.hardware
- comp.sys.mac.hardware
- comp.windows.x
- misc.forsale
- rec.autos
- rec.motorcycles
- rec.sport.baseball
- rec.sport.hockey
- sci.crypt
- sci.electronics
- sci.med
- sci.space
-"
90,9,rec.sport.baseball,9,rec.sport.baseball,rec.sport.baseball,"Classify the following 20 Newsgroups document.
Choose exactly one label from this list:
- alt.atheism
- comp.graphics
- comp.os.ms-windows.misc
- comp.sys.ibm.pc.hardware
- comp.sys.mac.hardware
- comp.windows.x
- misc.forsale
- rec.autos
- rec.motorcycles
- rec.sport.baseball
- rec.sport.hockey
- sci.crypt
- sci.electronics
- sci.med
- sci.space
-"
91,16,talk.politics.guns,16,talk.politics.guns,talk.politics.guns,"Classify the following 20 Newsgroups document.
Choose exactly one label from this list:
- alt.atheism
- comp.graphics
- comp.os.ms-windows.misc
- comp.sys.ibm.pc.hardware
- comp.sys.mac.hardware
- comp.windows.x
- misc.forsale
- rec.autos
- rec.motorcycles
- rec.sport.baseball
- rec.sport.hockey
- sci.crypt
- sci.electronics
- sci.med
- sci.space
-"
92,15,soc.religion.christian,15,soc.religion.christian,soc.religion.christian,"Classify the following 20 Newsgroups document.
Choose exactly one label from this list:
- alt.atheism
- comp.graphics
- comp.os.ms-windows.misc
- comp.sys.ibm.pc.hardware
- comp.sys.mac.hardware
- comp.windows.x
- misc.forsale
- rec.autos
- rec.motorcycles
- rec.sport.baseball
- rec.sport.hockey
- sci.crypt
- sci.electronics
- sci.med
- sci.space
-"
93,16,talk.politics.guns,16,talk.politics.guns,talk.politics.guns,"Classify the following 20 Newsgroups document.
Choose exactly one label from this list:
- alt.atheism
- comp.graphics
- comp.os.ms-windows.misc
- comp.sys.ibm.pc.hardware
- comp.sys.mac.hardware
- comp.windows.x
- misc.forsale
- rec.autos
- rec.motorcycles
- rec.sport.baseball
- rec.sport.hockey
- sci.crypt
- sci.electronics
- sci.med
- sci.space
-"
94,0,alt.atheism,0,alt.atheism,alt.atheism,"Classify the following 20 Newsgroups document.
Choose exactly one label from this list:
- alt.atheism
- comp.graphics
- comp.os.ms-windows.misc
- comp.sys.ibm.pc.hardware
- comp.sys.mac.hardware
- comp.windows.x
- misc.forsale
- rec.autos
- rec.motorcycles
- rec.sport.baseball
- rec.sport.hockey
- sci.crypt
- sci.electronics
- sci.med
- sci.space
-"
95,9,rec.sport.baseball,9,rec.sport.baseball,rec.sport.baseball,"Classify the following 20 Newsgroups document.
Choose exactly one label from this list:
- alt.atheism
- comp.graphics
- comp.os.ms-windows.misc
- comp.sys.ibm.pc.hardware
- comp.sys.mac.hardware
- comp.windows.x
- misc.forsale
- rec.autos
- rec.motorcycles
- rec.sport.baseball
- rec.sport.hockey
- sci.crypt
- sci.electronics
- sci.med
- sci.space
-"
96,3,comp.sys.ibm.pc.hardware,3,comp.sys.ibm.pc.hardware,comp.sys.ibm.pc.hardware,"Classify the following 20 Newsgroups document.
Choose exactly one label from this list:
- alt.atheism
- comp.graphics
- comp.os.ms-windows.misc
- comp.sys.ibm.pc.hardware
- comp.sys.mac.hardware
- comp.windows.x
- misc.forsale
- rec.autos
- rec.motorcycles
- rec.sport.baseball
- rec.sport.hockey
- sci.crypt
- sci.electronics
- sci.med
- sci.space
-"
97,3,comp.sys.ibm.pc.hardware,3,comp.sys.ibm.pc.hardware,comp.sys.ibm.pc.hardware,"Classify the following 20 Newsgroups document.
Choose exactly one label from this list:
- alt.atheism
- comp.graphics
- comp.os.ms-windows.misc
- comp.sys.ibm.pc.hardware
- comp.sys.mac.hardware
- comp.windows.x
- misc.forsale
- rec.autos
- rec.motorcycles
- rec.sport.baseball
- rec.sport.hockey
- sci.crypt
- sci.electronics
- sci.med
- sci.space
-"
98,16,talk.politics.guns,18,talk.politics.misc,talk.politics.misc,"Classify the following 20 Newsgroups document.
Choose exactly one label from this list:
- alt.atheism
- comp.graphics
- comp.os.ms-windows.misc
- comp.sys.ibm.pc.hardware
- comp.sys.mac.hardware
- comp.windows.x
- misc.forsale
- rec.autos
- rec.motorcycles
- rec.sport.baseball
- rec.sport.hockey
- sci.crypt
- sci.electronics
- sci.med
- sci.space
-"
99,2,comp.os.ms-windows.misc,2,comp.os.ms-windows.misc,comp.os.ms-windows.misc,"Classify the following 20 Newsgroups document.
Choose exactly one label from this list:
- alt.atheism
- comp.graphics
- comp.os.ms-windows.misc
- comp.sys.ibm.pc.hardware
- comp.sys.mac.hardware
- comp.windows.x
- misc.forsale
- rec.autos
- rec.motorcycles
- rec.sport.baseball
- rec.sport.hockey
- sci.crypt
- sci.electronics
- sci.med
- sci.space
-"
100,10,rec.sport.hockey,17,talk.politics.mideast,talk.politics.mideast,"Classify the following 20 Newsgroups document.
Choose exactly one label from this list:
- alt.atheism
- comp.graphics
- comp.os.ms-windows.misc
- comp.sys.ibm.pc.hardware
- comp.sys.mac.hardware
- comp.windows.x
- misc.forsale
- rec.autos
- rec.motorcycles
- rec.sport.baseball
- rec.sport.hockey
- sci.crypt
- sci.electronics
- sci.med
- sci.space
-"
101,14,sci.space,14,sci.space,sci.space,"Classify the following 20 Newsgroups document.
Choose exactly one label from this list:
- alt.atheism
- comp.graphics
- comp.os.ms-windows.misc
- comp.sys.ibm.pc.hardware
- comp.sys.mac.hardware
- comp.windows.x
- misc.forsale
- rec.autos
- rec.motorcycles
- rec.sport.baseball
- rec.sport.hockey
- sci.crypt
- sci.electronics
- sci.med
- sci.space
-"
102,15,soc.religion.christian,15,soc.religion.christian,soc.religion.christian,"Classify the following 20 Newsgroups document.
Choose exactly one label from this list:
- alt.atheism
- comp.graphics
- comp.os.ms-windows.misc
- comp.sys.ibm.pc.hardware
- comp.sys.mac.hardware
- comp.windows.x
- misc.forsale
- rec.autos
- rec.motorcycles
- rec.sport.baseball
- rec.sport.hockey
- sci.crypt
- sci.electronics
- sci.med
- sci.space
-"
103,3,comp.sys.ibm.pc.hardware,2,comp.os.ms-windows.misc,comp.os.ms-windows.misc,"Classify the following 20 Newsgroups document.
Choose exactly one label from this list:
- alt.atheism
- comp.graphics
- comp.os.ms-windows.misc
- comp.sys.ibm.pc.hardware
- comp.sys.mac.hardware
- comp.windows.x
- misc.forsale
- rec.autos
- rec.motorcycles
- rec.sport.baseball
- rec.sport.hockey
- sci.crypt
- sci.electronics
- sci.med
- sci.space
-"
104,16,talk.politics.guns,16,talk.politics.guns,talk.politics.guns,"Classify the following 20 Newsgroups document.
Choose exactly one label from this list:
- alt.atheism
- comp.graphics
- comp.os.ms-windows.misc
- comp.sys.ibm.pc.hardware
- comp.sys.mac.hardware
- comp.windows.x
- misc.forsale
- rec.autos
- rec.motorcycles
- rec.sport.baseball
- rec.sport.hockey
- sci.crypt
- sci.electronics
- sci.med
- sci.space
-"
105,10,rec.sport.hockey,10,rec.sport.hockey,rec.sport.hockey,"Classify the following 20 Newsgroups document.
Choose exactly one label from this list:
- alt.atheism
- comp.graphics
- comp.os.ms-windows.misc
- comp.sys.ibm.pc.hardware
- comp.sys.mac.hardware
- comp.windows.x
- misc.forsale
- rec.autos
- rec.motorcycles
- rec.sport.baseball
- rec.sport.hockey
- sci.crypt
- sci.electronics
- sci.med
- sci.space
-"
106,4,comp.sys.mac.hardware,4,comp.sys.mac.hardware,comp.sys.mac.hardware,"Classify the following 20 Newsgroups document.
Choose exactly one label from this list:
- alt.atheism
- comp.graphics
- comp.os.ms-windows.misc
- comp.sys.ibm.pc.hardware
- comp.sys.mac.hardware
- comp.windows.x
- misc.forsale
- rec.autos
- rec.motorcycles
- rec.sport.baseball
- rec.sport.hockey
- sci.crypt
- sci.electronics
- sci.med
- sci.space
-"
107,14,sci.space,14,sci.space,sci.space,"Classify the following 20 Newsgroups document.
Choose exactly one label from this list:
- alt.atheism
- comp.graphics
- comp.os.ms-windows.misc
- comp.sys.ibm.pc.hardware
- comp.sys.mac.hardware
- comp.windows.x
- misc.forsale
- rec.autos
- rec.motorcycles
- rec.sport.baseball
- rec.sport.hockey
- sci.crypt
- sci.electronics
- sci.med
- sci.space
-"
108,12,sci.electronics,12,sci.electronics,sci.electronics,"Classify the following 20 Newsgroups document.
Choose exactly one label from this list:
- alt.atheism
- comp.graphics
- comp.os.ms-windows.misc
- comp.sys.ibm.pc.hardware
- comp.sys.mac.hardware
- comp.windows.x
- misc.forsale
- rec.autos
- rec.motorcycles
- rec.sport.baseball
- rec.sport.hockey
- sci.crypt
- sci.electronics
- sci.med
- sci.space
-"
109,8,rec.motorcycles,11,sci.crypt,sci.crypt,"Classify the following 20 Newsgroups document.
Choose exactly one label from this list:
- alt.atheism
- comp.graphics
- comp.os.ms-windows.misc
- comp.sys.ibm.pc.hardware
- comp.sys.mac.hardware
- comp.windows.x
- misc.forsale
- rec.autos
- rec.motorcycles
- rec.sport.baseball
- rec.sport.hockey
- sci.crypt
- sci.electronics
- sci.med
- sci.space
-"
110,3,comp.sys.ibm.pc.hardware,3,comp.sys.ibm.pc.hardware,comp.sys.ibm.pc.hardware,"Classify the following 20 Newsgroups document.
Choose exactly one label from this list:
- alt.atheism
- comp.graphics
- comp.os.ms-windows.misc
- comp.sys.ibm.pc.hardware
- comp.sys.mac.hardware
- comp.windows.x
- misc.forsale
- rec.autos
- rec.motorcycles
- rec.sport.baseball
- rec.sport.hockey
- sci.crypt
- sci.electronics
- sci.med
- sci.space
-"
111,17,talk.politics.mideast,17,talk.politics.mideast,talk.politics.mideast,"Classify the following 20 Newsgroups document.
Choose exactly one label from this list:
- alt.atheism
- comp.graphics
- comp.os.ms-windows.misc
- comp.sys.ibm.pc.hardware
- comp.sys.mac.hardware
- comp.windows.x
- misc.forsale
- rec.autos
- rec.motorcycles
- rec.sport.baseball
- rec.sport.hockey
- sci.crypt
- sci.electronics
- sci.med
- sci.space
-"
112,3,comp.sys.ibm.pc.hardware,3,comp.sys.ibm.pc.hardware,comp.sys.ibm.pc.hardware,"Classify the following 20 Newsgroups document.
Choose exactly one label from this list:
- alt.atheism
- comp.graphics
- comp.os.ms-windows.misc
- comp.sys.ibm.pc.hardware
- comp.sys.mac.hardware
- comp.windows.x
- misc.forsale
- rec.autos
- rec.motorcycles
- rec.sport.baseball
- rec.sport.hockey
- sci.crypt
- sci.electronics
- sci.med
- sci.space
-"
113,8,rec.motorcycles,0,alt.atheism,alt.atheism,"Classify the following 20 Newsgroups document.
Choose exactly one label from this list:
- alt.atheism
- comp.graphics
- comp.os.ms-windows.misc
- comp.sys.ibm.pc.hardware
- comp.sys.mac.hardware
- comp.windows.x
- misc.forsale
- rec.autos
- rec.motorcycles
- rec.sport.baseball
- rec.sport.hockey
- sci.crypt
- sci.electronics
- sci.med
- sci.space
-"
114,14,sci.space,14,sci.space,sci.space,"Classify the following 20 Newsgroups document.
Choose exactly one label from this list:
- alt.atheism
- comp.graphics
- comp.os.ms-windows.misc
- comp.sys.ibm.pc.hardware
- comp.sys.mac.hardware
- comp.windows.x
- misc.forsale
- rec.autos
- rec.motorcycles
- rec.sport.baseball
- rec.sport.hockey
- sci.crypt
- sci.electronics
- sci.med
- sci.space
-"
115,9,rec.sport.baseball,9,rec.sport.baseball,rec.sport.baseball,"Classify the following 20 Newsgroups document.
Choose exactly one label from this list:
- alt.atheism
- comp.graphics
- comp.os.ms-windows.misc
- comp.sys.ibm.pc.hardware
- comp.sys.mac.hardware
- comp.windows.x
- misc.forsale
- rec.autos
- rec.motorcycles
- rec.sport.baseball
- rec.sport.hockey
- sci.crypt
- sci.electronics
- sci.med
- sci.space
-"
116,5,comp.windows.x,5,comp.windows.x,comp.windows.x,"Classify the following 20 Newsgroups document.
Choose exactly one label from this list:
- alt.atheism
- comp.graphics
- comp.os.ms-windows.misc
- comp.sys.ibm.pc.hardware
- comp.sys.mac.hardware
- comp.windows.x
- misc.forsale
- rec.autos
- rec.motorcycles
- rec.sport.baseball
- rec.sport.hockey
- sci.crypt
- sci.electronics
- sci.med
- sci.space
-"
117,9,rec.sport.baseball,9,rec.sport.baseball,rec.sport.baseball,"Classify the following 20 Newsgroups document.
Choose exactly one label from this list:
- alt.atheism
- comp.graphics
- comp.os.ms-windows.misc
- comp.sys.ibm.pc.hardware
- comp.sys.mac.hardware
- comp.windows.x
- misc.forsale
- rec.autos
- rec.motorcycles
- rec.sport.baseball
- rec.sport.hockey
- sci.crypt
- sci.electronics
- sci.med
- sci.space
-"
118,17,talk.politics.mideast,17,talk.politics.mideast,talk.politics.mideast,"Classify the following 20 Newsgroups document.
Choose exactly one label from this list:
- alt.atheism
- comp.graphics
- comp.os.ms-windows.misc
- comp.sys.ibm.pc.hardware
- comp.sys.mac.hardware
- comp.windows.x
- misc.forsale
- rec.autos
- rec.motorcycles
- rec.sport.baseball
- rec.sport.hockey
- sci.crypt
- sci.electronics
- sci.med
- sci.space
-"
119,12,sci.electronics,12,sci.electronics,sci.electronics,"Classify the following 20 Newsgroups document.
Choose exactly one label from this list:
- alt.atheism
- comp.graphics
- comp.os.ms-windows.misc
- comp.sys.ibm.pc.hardware
- comp.sys.mac.hardware
- comp.windows.x
- misc.forsale
- rec.autos
- rec.motorcycles
- rec.sport.baseball
- rec.sport.hockey
- sci.crypt
- sci.electronics
- sci.med
- sci.space
-"
120,4,comp.sys.mac.hardware,3,comp.sys.ibm.pc.hardware,comp.sys.ibm.pc.hardware,"Classify the following 20 Newsgroups document.
Choose exactly one label from this list:
- alt.atheism
- comp.graphics
- comp.os.ms-windows.misc
- comp.sys.ibm.pc.hardware
- comp.sys.mac.hardware
- comp.windows.x
- misc.forsale
- rec.autos
- rec.motorcycles
- rec.sport.baseball
- rec.sport.hockey
- sci.crypt
- sci.electronics
- sci.med
- sci.space
-"
121,4,comp.sys.mac.hardware,4,comp.sys.mac.hardware,comp.sys.mac.hardware,"Classify the following 20 Newsgroups document.
Choose exactly one label from this list:
- alt.atheism
- comp.graphics
- comp.os.ms-windows.misc
- comp.sys.ibm.pc.hardware
- comp.sys.mac.hardware
- comp.windows.x
- misc.forsale
- rec.autos
- rec.motorcycles
- rec.sport.baseball
- rec.sport.hockey
- sci.crypt
- sci.electronics
- sci.med
- sci.space
-"
122,5,comp.windows.x,5,comp.windows.x,comp.windows.x,"Classify the following 20 Newsgroups document.
Choose exactly one label from this list:
- alt.atheism
- comp.graphics
- comp.os.ms-windows.misc
- comp.sys.ibm.pc.hardware
- comp.sys.mac.hardware
- comp.windows.x
- misc.forsale
- rec.autos
- rec.motorcycles
- rec.sport.baseball
- rec.sport.hockey
- sci.crypt
- sci.electronics
- sci.med
- sci.space
-"
123,9,rec.sport.baseball,9,rec.sport.baseball,rec.sport.baseball,"Classify the following 20 Newsgroups document.
Choose exactly one label from this list:
- alt.atheism
- comp.graphics
- comp.os.ms-windows.misc
- comp.sys.ibm.pc.hardware
- comp.sys.mac.hardware
- comp.windows.x
- misc.forsale
- rec.autos
- rec.motorcycles
- rec.sport.baseball
- rec.sport.hockey
- sci.crypt
- sci.electronics
- sci.med
- sci.space
-"
124,13,sci.med,12,sci.electronics,sci.electronics,"Classify the following 20 Newsgroups document.
Choose exactly one label from this list:
- alt.atheism
- comp.graphics
- comp.os.ms-windows.misc
- comp.sys.ibm.pc.hardware
- comp.sys.mac.hardware
- comp.windows.x
- misc.forsale
- rec.autos
- rec.motorcycles
- rec.sport.baseball
- rec.sport.hockey
- sci.crypt
- sci.electronics
- sci.med
- sci.space
-"
125,18,talk.politics.misc,16,talk.politics.guns,talk.politics.guns,"Classify the following 20 Newsgroups document.
Choose exactly one label from this list:
- alt.atheism
- comp.graphics
- comp.os.ms-windows.misc
- comp.sys.ibm.pc.hardware
- comp.sys.mac.hardware
- comp.windows.x
- misc.forsale
- rec.autos
- rec.motorcycles
- rec.sport.baseball
- rec.sport.hockey
- sci.crypt
- sci.electronics
- sci.med
- sci.space
-"
126,8,rec.motorcycles,8,rec.motorcycles,rec.motorcycles,"Classify the following 20 Newsgroups document.
Choose exactly one label from this list:
- alt.atheism
- comp.graphics
- comp.os.ms-windows.misc
- comp.sys.ibm.pc.hardware
- comp.sys.mac.hardware
- comp.windows.x
- misc.forsale
- rec.autos
- rec.motorcycles
- rec.sport.baseball
- rec.sport.hockey
- sci.crypt
- sci.electronics
- sci.med
- sci.space
-"
127,3,comp.sys.ibm.pc.hardware,3,comp.sys.ibm.pc.hardware,comp.sys.ibm.pc.hardware,"Classify the following 20 Newsgroups document.
Choose exactly one label from this list:
- alt.atheism
- comp.graphics
- comp.os.ms-windows.misc
- comp.sys.ibm.pc.hardware
- comp.sys.mac.hardware
- comp.windows.x
- misc.forsale
- rec.autos
- rec.motorcycles
- rec.sport.baseball
- rec.sport.hockey
- sci.crypt
- sci.electronics
- sci.med
- sci.space
-"
128,1,comp.graphics,11,sci.crypt,sci.crypt,"Classify the following 20 Newsgroups document.
Choose exactly one label from this list:
- alt.atheism
- comp.graphics
- comp.os.ms-windows.misc
- comp.sys.ibm.pc.hardware
- comp.sys.mac.hardware
- comp.windows.x
- misc.forsale
- rec.autos
- rec.motorcycles
- rec.sport.baseball
- rec.sport.hockey
- sci.crypt
- sci.electronics
- sci.med
- sci.space
-"
129,16,talk.politics.guns,16,talk.politics.guns,talk.politics.guns,"Classify the following 20 Newsgroups document.
Choose exactly one label from this list:
- alt.atheism
- comp.graphics
- comp.os.ms-windows.misc
- comp.sys.ibm.pc.hardware
- comp.sys.mac.hardware
- comp.windows.x
- misc.forsale
- rec.autos
- rec.motorcycles
- rec.sport.baseball
- rec.sport.hockey
- sci.crypt
- sci.electronics
- sci.med
- sci.space
-"
130,11,sci.crypt,11,sci.crypt,sci.crypt,"Classify the following 20 Newsgroups document.
Choose exactly one label from this list:
- alt.atheism
- comp.graphics
- comp.os.ms-windows.misc
- comp.sys.ibm.pc.hardware
- comp.sys.mac.hardware
- comp.windows.x
- misc.forsale
- rec.autos
- rec.motorcycles
- rec.sport.baseball
- rec.sport.hockey
- sci.crypt
- sci.electronics
- sci.med
- sci.space
-"
131,6,misc.forsale,6,misc.forsale,misc.forsale,"Classify the following 20 Newsgroups document.
Choose exactly one label from this list:
- alt.atheism
- comp.graphics
- comp.os.ms-windows.misc
- comp.sys.ibm.pc.hardware
- comp.sys.mac.hardware
- comp.windows.x
- misc.forsale
- rec.autos
- rec.motorcycles
- rec.sport.baseball
- rec.sport.hockey
- sci.crypt
- sci.electronics
- sci.med
- sci.space
-"
132,13,sci.med,18,talk.politics.misc,talk.politics.misc,"Classify the following 20 Newsgroups document.
Choose exactly one label from this list:
- alt.atheism
- comp.graphics
- comp.os.ms-windows.misc
- comp.sys.ibm.pc.hardware
- comp.sys.mac.hardware
- comp.windows.x
- misc.forsale
- rec.autos
- rec.motorcycles
- rec.sport.baseball
- rec.sport.hockey
- sci.crypt
- sci.electronics
- sci.med
- sci.space
-"
133,10,rec.sport.hockey,10,rec.sport.hockey,rec.sport.hockey,"Classify the following 20 Newsgroups document.
Choose exactly one label from this list:
- alt.atheism
- comp.graphics
- comp.os.ms-windows.misc
- comp.sys.ibm.pc.hardware
- comp.sys.mac.hardware
- comp.windows.x
- misc.forsale
- rec.autos
- rec.motorcycles
- rec.sport.baseball
- rec.sport.hockey
- sci.crypt
- sci.electronics
- sci.med
- sci.space
-"
134,5,comp.windows.x,5,comp.windows.x,comp.windows.x,"Classify the following 20 Newsgroups document.
Choose exactly one label from this list:
- alt.atheism
- comp.graphics
- comp.os.ms-windows.misc
- comp.sys.ibm.pc.hardware
- comp.sys.mac.hardware
- comp.windows.x
- misc.forsale
- rec.autos
- rec.motorcycles
- rec.sport.baseball
- rec.sport.hockey
- sci.crypt
- sci.electronics
- sci.med
- sci.space
-"
135,5,comp.windows.x,5,comp.windows.x,comp.windows.x,"Classify the following 20 Newsgroups document.
Choose exactly one label from this list:
- alt.atheism
- comp.graphics
- comp.os.ms-windows.misc
- comp.sys.ibm.pc.hardware
- comp.sys.mac.hardware
- comp.windows.x
- misc.forsale
- rec.autos
- rec.motorcycles
- rec.sport.baseball
- rec.sport.hockey
- sci.crypt
- sci.electronics
- sci.med
- sci.space
-"
136,1,comp.graphics,1,comp.graphics,comp.graphics,"Classify the following 20 Newsgroups document.
Choose exactly one label from this list:
- alt.atheism
- comp.graphics
- comp.os.ms-windows.misc
- comp.sys.ibm.pc.hardware
- comp.sys.mac.hardware
- comp.windows.x
- misc.forsale
- rec.autos
- rec.motorcycles
- rec.sport.baseball
- rec.sport.hockey
- sci.crypt
- sci.electronics
- sci.med
- sci.space
-"
137,3,comp.sys.ibm.pc.hardware,3,comp.sys.ibm.pc.hardware,comp.sys.ibm.pc.hardware,"Classify the following 20 Newsgroups document.
Choose exactly one label from this list:
- alt.atheism
- comp.graphics
- comp.os.ms-windows.misc
- comp.sys.ibm.pc.hardware
- comp.sys.mac.hardware
- comp.windows.x
- misc.forsale
- rec.autos
- rec.motorcycles
- rec.sport.baseball
- rec.sport.hockey
- sci.crypt
- sci.electronics
- sci.med
- sci.space
-"
138,12,sci.electronics,6,misc.forsale,misc.forsale,"Classify the following 20 Newsgroups document.
Choose exactly one label from this list:
- alt.atheism
- comp.graphics
- comp.os.ms-windows.misc
- comp.sys.ibm.pc.hardware
- comp.sys.mac.hardware
- comp.windows.x
- misc.forsale
- rec.autos
- rec.motorcycles
- rec.sport.baseball
- rec.sport.hockey
- sci.crypt
- sci.electronics
- sci.med
- sci.space
-"
139,10,rec.sport.hockey,10,rec.sport.hockey,rec.sport.hockey,"Classify the following 20 Newsgroups document.
Choose exactly one label from this list:
- alt.atheism
- comp.graphics
- comp.os.ms-windows.misc
- comp.sys.ibm.pc.hardware
- comp.sys.mac.hardware
- comp.windows.x
- misc.forsale
- rec.autos
- rec.motorcycles
- rec.sport.baseball
- rec.sport.hockey
- sci.crypt
- sci.electronics
- sci.med
- sci.space
-"
140,14,sci.space,14,sci.space,sci.space,"Classify the following 20 Newsgroups document.
Choose exactly one label from this list:
- alt.atheism
- comp.graphics
- comp.os.ms-windows.misc
- comp.sys.ibm.pc.hardware
- comp.sys.mac.hardware
- comp.windows.x
- misc.forsale
- rec.autos
- rec.motorcycles
- rec.sport.baseball
- rec.sport.hockey
- sci.crypt
- sci.electronics
- sci.med
- sci.space
-"
141,7,rec.autos,7,rec.autos,rec.autos,"Classify the following 20 Newsgroups document.
Choose exactly one label from this list:
- alt.atheism
- comp.graphics
- comp.os.ms-windows.misc
- comp.sys.ibm.pc.hardware
- comp.sys.mac.hardware
- comp.windows.x
- misc.forsale
- rec.autos
- rec.motorcycles
- rec.sport.baseball
- rec.sport.hockey
- sci.crypt
- sci.electronics
- sci.med
- sci.space
-"
142,7,rec.autos,7,rec.autos,rec.autos,"Classify the following 20 Newsgroups document.
Choose exactly one label from this list:
- alt.atheism
- comp.graphics
- comp.os.ms-windows.misc
- comp.sys.ibm.pc.hardware
- comp.sys.mac.hardware
- comp.windows.x
- misc.forsale
- rec.autos
- rec.motorcycles
- rec.sport.baseball
- rec.sport.hockey
- sci.crypt
- sci.electronics
- sci.med
- sci.space
-"
143,10,rec.sport.hockey,10,rec.sport.hockey,rec.sport.hockey,"Classify the following 20 Newsgroups document.
Choose exactly one label from this list:
- alt.atheism
- comp.graphics
- comp.os.ms-windows.misc
- comp.sys.ibm.pc.hardware
- comp.sys.mac.hardware
- comp.windows.x
- misc.forsale
- rec.autos
- rec.motorcycles
- rec.sport.baseball
- rec.sport.hockey
- sci.crypt
- sci.electronics
- sci.med
- sci.space
-"
144,5,comp.windows.x,5,comp.windows.x,comp.windows.x,"Classify the following 20 Newsgroups document.
Choose exactly one label from this list:
- alt.atheism
- comp.graphics
- comp.os.ms-windows.misc
- comp.sys.ibm.pc.hardware
- comp.sys.mac.hardware
- comp.windows.x
- misc.forsale
- rec.autos
- rec.motorcycles
- rec.sport.baseball
- rec.sport.hockey
- sci.crypt
- sci.electronics
- sci.med
- sci.space
-"
145,10,rec.sport.hockey,10,rec.sport.hockey,rec.sport.hockey,"Classify the following 20 Newsgroups document.
Choose exactly one label from this list:
- alt.atheism
- comp.graphics
- comp.os.ms-windows.misc
- comp.sys.ibm.pc.hardware
- comp.sys.mac.hardware
- comp.windows.x
- misc.forsale
- rec.autos
- rec.motorcycles
- rec.sport.baseball
- rec.sport.hockey
- sci.crypt
- sci.electronics
- sci.med
- sci.space
-"
146,0,alt.atheism,14,sci.space,sci.space,"Classify the following 20 Newsgroups document.
Choose exactly one label from this list:
- alt.atheism
- comp.graphics
- comp.os.ms-windows.misc
- comp.sys.ibm.pc.hardware
- comp.sys.mac.hardware
- comp.windows.x
- misc.forsale
- rec.autos
- rec.motorcycles
- rec.sport.baseball
- rec.sport.hockey
- sci.crypt
- sci.electronics
- sci.med
- sci.space
-"
147,13,sci.med,13,sci.med,sci.med,"Classify the following 20 Newsgroups document.
Choose exactly one label from this list:
- alt.atheism
- comp.graphics
- comp.os.ms-windows.misc
- comp.sys.ibm.pc.hardware
- comp.sys.mac.hardware
- comp.windows.x
- misc.forsale
- rec.autos
- rec.motorcycles
- rec.sport.baseball
- rec.sport.hockey
- sci.crypt
- sci.electronics
- sci.med
- sci.space
-"
148,14,sci.space,14,sci.space,sci.space,"Classify the following 20 Newsgroups document.
Choose exactly one label from this list:
- alt.atheism
- comp.graphics
- comp.os.ms-windows.misc
- comp.sys.ibm.pc.hardware
- comp.sys.mac.hardware
- comp.windows.x
- misc.forsale
- rec.autos
- rec.motorcycles
- rec.sport.baseball
- rec.sport.hockey
- sci.crypt
- sci.electronics
- sci.med
- sci.space
-"
149,4,comp.sys.mac.hardware,4,comp.sys.mac.hardware,comp.sys.mac.hardware,"Classify the following 20 Newsgroups document.
Choose exactly one label from this list:
- alt.atheism
- comp.graphics
- comp.os.ms-windows.misc
- comp.sys.ibm.pc.hardware
- comp.sys.mac.hardware
- comp.windows.x
- misc.forsale
- rec.autos
- rec.motorcycles
- rec.sport.baseball
- rec.sport.hockey
- sci.crypt
- sci.electronics
- sci.med
- sci.space
-"
150,15,soc.religion.christian,0,alt.atheism,alt.atheism,"Classify the following 20 Newsgroups document.
Choose exactly one label from this list:
- alt.atheism
- comp.graphics
- comp.os.ms-windows.misc
- comp.sys.ibm.pc.hardware
- comp.sys.mac.hardware
- comp.windows.x
- misc.forsale
- rec.autos
- rec.motorcycles
- rec.sport.baseball
- rec.sport.hockey
- sci.crypt
- sci.electronics
- sci.med
- sci.space
-"
151,4,comp.sys.mac.hardware,4,comp.sys.mac.hardware,comp.sys.mac.hardware,"Classify the following 20 Newsgroups document.
Choose exactly one label from this list:
- alt.atheism
- comp.graphics
- comp.os.ms-windows.misc
- comp.sys.ibm.pc.hardware
- comp.sys.mac.hardware
- comp.windows.x
- misc.forsale
- rec.autos
- rec.motorcycles
- rec.sport.baseball
- rec.sport.hockey
- sci.crypt
- sci.electronics
- sci.med
- sci.space
-"
152,6,misc.forsale,6,misc.forsale,misc.forsale,"Classify the following 20 Newsgroups document.
Choose exactly one label from this list:
- alt.atheism
- comp.graphics
- comp.os.ms-windows.misc
- comp.sys.ibm.pc.hardware
- comp.sys.mac.hardware
- comp.windows.x
- misc.forsale
- rec.autos
- rec.motorcycles
- rec.sport.baseball
- rec.sport.hockey
- sci.crypt
- sci.electronics
- sci.med
- sci.space
-"
153,14,sci.space,14,sci.space,sci.space,"Classify the following 20 Newsgroups document.
Choose exactly one label from this list:
- alt.atheism
- comp.graphics
- comp.os.ms-windows.misc
- comp.sys.ibm.pc.hardware
- comp.sys.mac.hardware
- comp.windows.x
- misc.forsale
- rec.autos
- rec.motorcycles
- rec.sport.baseball
- rec.sport.hockey
- sci.crypt
- sci.electronics
- sci.med
- sci.space
-"
154,18,talk.politics.misc,18,talk.politics.misc,talk.politics.misc,"Classify the following 20 Newsgroups document.
Choose exactly one label from this list:
- alt.atheism
- comp.graphics
- comp.os.ms-windows.misc
- comp.sys.ibm.pc.hardware
- comp.sys.mac.hardware
- comp.windows.x
- misc.forsale
- rec.autos
- rec.motorcycles
- rec.sport.baseball
- rec.sport.hockey
- sci.crypt
- sci.electronics
- sci.med
- sci.space
-"
155,2,comp.os.ms-windows.misc,2,comp.os.ms-windows.misc,comp.os.ms-windows.misc,"Classify the following 20 Newsgroups document.
Choose exactly one label from this list:
- alt.atheism
- comp.graphics
- comp.os.ms-windows.misc
- comp.sys.ibm.pc.hardware
- comp.sys.mac.hardware
- comp.windows.x
- misc.forsale
- rec.autos
- rec.motorcycles
- rec.sport.baseball
- rec.sport.hockey
- sci.crypt
- sci.electronics
- sci.med
- sci.space
-"
156,10,rec.sport.hockey,10,rec.sport.hockey,rec.sport.hockey,"Classify the following 20 Newsgroups document.
Choose exactly one label from this list:
- alt.atheism
- comp.graphics
- comp.os.ms-windows.misc
- comp.sys.ibm.pc.hardware
- comp.sys.mac.hardware
- comp.windows.x
- misc.forsale
- rec.autos
- rec.motorcycles
- rec.sport.baseball
- rec.sport.hockey
- sci.crypt
- sci.electronics
- sci.med
- sci.space
-"
157,4,comp.sys.mac.hardware,4,comp.sys.mac.hardware,comp.sys.mac.hardware,"Classify the following 20 Newsgroups document.
Choose exactly one label from this list:
- alt.atheism
- comp.graphics
- comp.os.ms-windows.misc
- comp.sys.ibm.pc.hardware
- comp.sys.mac.hardware
- comp.windows.x
- misc.forsale
- rec.autos
- rec.motorcycles
- rec.sport.baseball
- rec.sport.hockey
- sci.crypt
- sci.electronics
- sci.med
- sci.space
-"
158,11,sci.crypt,17,talk.politics.mideast,talk.politics.mideast,"Classify the following 20 Newsgroups document.
Choose exactly one label from this list:
- alt.atheism
- comp.graphics
- comp.os.ms-windows.misc
- comp.sys.ibm.pc.hardware
- comp.sys.mac.hardware
- comp.windows.x
- misc.forsale
- rec.autos
- rec.motorcycles
- rec.sport.baseball
- rec.sport.hockey
- sci.crypt
- sci.electronics
- sci.med
- sci.space
-"
159,17,talk.politics.mideast,17,talk.politics.mideast,talk.politics.mideast,"Classify the following 20 Newsgroups document.
Choose exactly one label from this list:
- alt.atheism
- comp.graphics
- comp.os.ms-windows.misc
- comp.sys.ibm.pc.hardware
- comp.sys.mac.hardware
- comp.windows.x
- misc.forsale
- rec.autos
- rec.motorcycles
- rec.sport.baseball
- rec.sport.hockey
- sci.crypt
- sci.electronics
- sci.med
- sci.space
-"
160,9,rec.sport.baseball,9,rec.sport.baseball,rec.sport.baseball,"Classify the following 20 Newsgroups document.
Choose exactly one label from this list:
- alt.atheism
- comp.graphics
- comp.os.ms-windows.misc
- comp.sys.ibm.pc.hardware
- comp.sys.mac.hardware
- comp.windows.x
- misc.forsale
- rec.autos
- rec.motorcycles
- rec.sport.baseball
- rec.sport.hockey
- sci.crypt
- sci.electronics
- sci.med
- sci.space
-"
161,5,comp.windows.x,5,comp.windows.x,comp.windows.x,"Classify the following 20 Newsgroups document.
Choose exactly one label from this list:
- alt.atheism
- comp.graphics
- comp.os.ms-windows.misc
- comp.sys.ibm.pc.hardware
- comp.sys.mac.hardware
- comp.windows.x
- misc.forsale
- rec.autos
- rec.motorcycles
- rec.sport.baseball
- rec.sport.hockey
- sci.crypt
- sci.electronics
- sci.med
- sci.space
-"
162,3,comp.sys.ibm.pc.hardware,3,comp.sys.ibm.pc.hardware,comp.sys.ibm.pc.hardware,"Classify the following 20 Newsgroups document.
Choose exactly one label from this list:
- alt.atheism
- comp.graphics
- comp.os.ms-windows.misc
- comp.sys.ibm.pc.hardware
- comp.sys.mac.hardware
- comp.windows.x
- misc.forsale
- rec.autos
- rec.motorcycles
- rec.sport.baseball
- rec.sport.hockey
- sci.crypt
- sci.electronics
- sci.med
- sci.space
-"
163,8,rec.motorcycles,6,misc.forsale,misc.forsale,"Classify the following 20 Newsgroups document.
Choose exactly one label from this list:
- alt.atheism
- comp.graphics
- comp.os.ms-windows.misc
- comp.sys.ibm.pc.hardware
- comp.sys.mac.hardware
- comp.windows.x
- misc.forsale
- rec.autos
- rec.motorcycles
- rec.sport.baseball
- rec.sport.hockey
- sci.crypt
- sci.electronics
- sci.med
- sci.space
-"
164,2,comp.os.ms-windows.misc,2,comp.os.ms-windows.misc,comp.os.ms-windows.misc,"Classify the following 20 Newsgroups document.
Choose exactly one label from this list:
- alt.atheism
- comp.graphics
- comp.os.ms-windows.misc
- comp.sys.ibm.pc.hardware
- comp.sys.mac.hardware
- comp.windows.x
- misc.forsale
- rec.autos
- rec.motorcycles
- rec.sport.baseball
- rec.sport.hockey
- sci.crypt
- sci.electronics
- sci.med
- sci.space
-"
165,16,talk.politics.guns,16,talk.politics.guns,talk.politics.guns,"Classify the following 20 Newsgroups document.
Choose exactly one label from this list:
- alt.atheism
- comp.graphics
- comp.os.ms-windows.misc
- comp.sys.ibm.pc.hardware
- comp.sys.mac.hardware
- comp.windows.x
- misc.forsale
- rec.autos
- rec.motorcycles
- rec.sport.baseball
- rec.sport.hockey
- sci.crypt
- sci.electronics
- sci.med
- sci.space
-"
166,6,misc.forsale,6,misc.forsale,misc.forsale,"Classify the following 20 Newsgroups document.
Choose exactly one label from this list:
- alt.atheism
- comp.graphics
- comp.os.ms-windows.misc
- comp.sys.ibm.pc.hardware
- comp.sys.mac.hardware
- comp.windows.x
- misc.forsale
- rec.autos
- rec.motorcycles
- rec.sport.baseball
- rec.sport.hockey
- sci.crypt
- sci.electronics
- sci.med
- sci.space
-"
167,7,rec.autos,7,rec.autos,rec.autos,"Classify the following 20 Newsgroups document.
Choose exactly one label from this list:
- alt.atheism
- comp.graphics
- comp.os.ms-windows.misc
- comp.sys.ibm.pc.hardware
- comp.sys.mac.hardware
- comp.windows.x
- misc.forsale
- rec.autos
- rec.motorcycles
- rec.sport.baseball
- rec.sport.hockey
- sci.crypt
- sci.electronics
- sci.med
- sci.space
-"
168,1,comp.graphics,1,comp.graphics,comp.graphics,"Classify the following 20 Newsgroups document.
Choose exactly one label from this list:
- alt.atheism
- comp.graphics
- comp.os.ms-windows.misc
- comp.sys.ibm.pc.hardware
- comp.sys.mac.hardware
- comp.windows.x
- misc.forsale
- rec.autos
- rec.motorcycles
- rec.sport.baseball
- rec.sport.hockey
- sci.crypt
- sci.electronics
- sci.med
- sci.space
-"
169,7,rec.autos,7,rec.autos,rec.autos,"Classify the following 20 Newsgroups document.
Choose exactly one label from this list:
- alt.atheism
- comp.graphics
- comp.os.ms-windows.misc
- comp.sys.ibm.pc.hardware
- comp.sys.mac.hardware
- comp.windows.x
- misc.forsale
- rec.autos
- rec.motorcycles
- rec.sport.baseball
- rec.sport.hockey
- sci.crypt
- sci.electronics
- sci.med
- sci.space
-"
170,7,rec.autos,7,rec.autos,rec.autos,"Classify the following 20 Newsgroups document.
Choose exactly one label from this list:
- alt.atheism
- comp.graphics
- comp.os.ms-windows.misc
- comp.sys.ibm.pc.hardware
- comp.sys.mac.hardware
- comp.windows.x
- misc.forsale
- rec.autos
- rec.motorcycles
- rec.sport.baseball
- rec.sport.hockey
- sci.crypt
- sci.electronics
- sci.med
- sci.space
-"
171,8,rec.motorcycles,8,rec.motorcycles,rec.motorcycles,"Classify the following 20 Newsgroups document.
Choose exactly one label from this list:
- alt.atheism
- comp.graphics
- comp.os.ms-windows.misc
- comp.sys.ibm.pc.hardware
- comp.sys.mac.hardware
- comp.windows.x
- misc.forsale
- rec.autos
- rec.motorcycles
- rec.sport.baseball
- rec.sport.hockey
- sci.crypt
- sci.electronics
- sci.med
- sci.space
-"
172,4,comp.sys.mac.hardware,3,comp.sys.ibm.pc.hardware,comp.sys.ibm.pc.hardware,"Classify the following 20 Newsgroups document.
Choose exactly one label from this list:
- alt.atheism
- comp.graphics
- comp.os.ms-windows.misc
- comp.sys.ibm.pc.hardware
- comp.sys.mac.hardware
- comp.windows.x
- misc.forsale
- rec.autos
- rec.motorcycles
- rec.sport.baseball
- rec.sport.hockey
- sci.crypt
- sci.electronics
- sci.med
- sci.space
-"
173,12,sci.electronics,12,sci.electronics,sci.electronics,"Classify the following 20 Newsgroups document.
Choose exactly one label from this list:
- alt.atheism
- comp.graphics
- comp.os.ms-windows.misc
- comp.sys.ibm.pc.hardware
- comp.sys.mac.hardware
- comp.windows.x
- misc.forsale
- rec.autos
- rec.motorcycles
- rec.sport.baseball
- rec.sport.hockey
- sci.crypt
- sci.electronics
- sci.med
- sci.space
-"
174,10,rec.sport.hockey,10,rec.sport.hockey,rec.sport.hockey,"Classify the following 20 Newsgroups document.
Choose exactly one label from this list:
- alt.atheism
- comp.graphics
- comp.os.ms-windows.misc
- comp.sys.ibm.pc.hardware
- comp.sys.mac.hardware
- comp.windows.x
- misc.forsale
- rec.autos
- rec.motorcycles
- rec.sport.baseball
- rec.sport.hockey
- sci.crypt
- sci.electronics
- sci.med
- sci.space
-"
175,0,alt.atheism,18,talk.politics.misc,talk.politics.misc,"Classify the following 20 Newsgroups document.
Choose exactly one label from this list:
- alt.atheism
- comp.graphics
- comp.os.ms-windows.misc
- comp.sys.ibm.pc.hardware
- comp.sys.mac.hardware
- comp.windows.x
- misc.forsale
- rec.autos
- rec.motorcycles
- rec.sport.baseball
- rec.sport.hockey
- sci.crypt
- sci.electronics
- sci.med
- sci.space
-"
176,10,rec.sport.hockey,9,rec.sport.baseball,rec.sport.baseball,"Classify the following 20 Newsgroups document.
Choose exactly one label from this list:
- alt.atheism
- comp.graphics
- comp.os.ms-windows.misc
- comp.sys.ibm.pc.hardware
- comp.sys.mac.hardware
- comp.windows.x
- misc.forsale
- rec.autos
- rec.motorcycles
- rec.sport.baseball
- rec.sport.hockey
- sci.crypt
- sci.electronics
- sci.med
- sci.space
-"
177,18,talk.politics.misc,18,talk.politics.misc,talk.politics.misc,"Classify the following 20 Newsgroups document.
Choose exactly one label from this list:
- alt.atheism
- comp.graphics
- comp.os.ms-windows.misc
- comp.sys.ibm.pc.hardware
- comp.sys.mac.hardware
- comp.windows.x
- misc.forsale
- rec.autos
- rec.motorcycles
- rec.sport.baseball
- rec.sport.hockey
- sci.crypt
- sci.electronics
- sci.med
- sci.space
-"
178,4,comp.sys.mac.hardware,4,comp.sys.mac.hardware,comp.sys.mac.hardware,"Classify the following 20 Newsgroups document.
Choose exactly one label from this list:
- alt.atheism
- comp.graphics
- comp.os.ms-windows.misc
- comp.sys.ibm.pc.hardware
- comp.sys.mac.hardware
- comp.windows.x
- misc.forsale
- rec.autos
- rec.motorcycles
- rec.sport.baseball
- rec.sport.hockey
- sci.crypt
- sci.electronics
- sci.med
- sci.space
-"
179,9,rec.sport.baseball,9,rec.sport.baseball,rec.sport.baseball,"Classify the following 20 Newsgroups document.
Choose exactly one label from this list:
- alt.atheism
- comp.graphics
- comp.os.ms-windows.misc
- comp.sys.ibm.pc.hardware
- comp.sys.mac.hardware
- comp.windows.x
- misc.forsale
- rec.autos
- rec.motorcycles
- rec.sport.baseball
- rec.sport.hockey
- sci.crypt
- sci.electronics
- sci.med
- sci.space
-"
180,5,comp.windows.x,1,comp.graphics,comp.graphics,"Classify the following 20 Newsgroups document.
Choose exactly one label from this list:
- alt.atheism
- comp.graphics
- comp.os.ms-windows.misc
- comp.sys.ibm.pc.hardware
- comp.sys.mac.hardware
- comp.windows.x
- misc.forsale
- rec.autos
- rec.motorcycles
- rec.sport.baseball
- rec.sport.hockey
- sci.crypt
- sci.electronics
- sci.med
- sci.space
-"
181,0,alt.atheism,17,talk.politics.mideast,talk.politics.mideast,"Classify the following 20 Newsgroups document.
Choose exactly one label from this list:
- alt.atheism
- comp.graphics
- comp.os.ms-windows.misc
- comp.sys.ibm.pc.hardware
- comp.sys.mac.hardware
- comp.windows.x
- misc.forsale
- rec.autos
- rec.motorcycles
- rec.sport.baseball
- rec.sport.hockey
- sci.crypt
- sci.electronics
- sci.med
- sci.space
-"
182,3,comp.sys.ibm.pc.hardware,3,comp.sys.ibm.pc.hardware,comp.sys.ibm.pc.hardware,"Classify the following 20 Newsgroups document.
Choose exactly one label from this list:
- alt.atheism
- comp.graphics
- comp.os.ms-windows.misc
- comp.sys.ibm.pc.hardware
- comp.sys.mac.hardware
- comp.windows.x
- misc.forsale
- rec.autos
- rec.motorcycles
- rec.sport.baseball
- rec.sport.hockey
- sci.crypt
- sci.electronics
- sci.med
- sci.space
-"
183,16,talk.politics.guns,16,talk.politics.guns,talk.politics.guns,"Classify the following 20 Newsgroups document.
Choose exactly one label from this list:
- alt.atheism
- comp.graphics
- comp.os.ms-windows.misc
- comp.sys.ibm.pc.hardware
- comp.sys.mac.hardware
- comp.windows.x
- misc.forsale
- rec.autos
- rec.motorcycles
- rec.sport.baseball
- rec.sport.hockey
- sci.crypt
- sci.electronics
- sci.med
- sci.space
-"
184,8,rec.motorcycles,8,rec.motorcycles,rec.motorcycles,"Classify the following 20 Newsgroups document.
Choose exactly one label from this list:
- alt.atheism
- comp.graphics
- comp.os.ms-windows.misc
- comp.sys.ibm.pc.hardware
- comp.sys.mac.hardware
- comp.windows.x
- misc.forsale
- rec.autos
- rec.motorcycles
- rec.sport.baseball
- rec.sport.hockey
- sci.crypt
- sci.electronics
- sci.med
- sci.space
-"
185,4,comp.sys.mac.hardware,3,comp.sys.ibm.pc.hardware,comp.sys.ibm.pc.hardware,"Classify the following 20 Newsgroups document.
Choose exactly one label from this list:
- alt.atheism
- comp.graphics
- comp.os.ms-windows.misc
- comp.sys.ibm.pc.hardware
- comp.sys.mac.hardware
- comp.windows.x
- misc.forsale
- rec.autos
- rec.motorcycles
- rec.sport.baseball
- rec.sport.hockey
- sci.crypt
- sci.electronics
- sci.med
- sci.space
-"
186,0,alt.atheism,18,talk.politics.misc,talk.politics.misc,"Classify the following 20 Newsgroups document.
Choose exactly one label from this list:
- alt.atheism
- comp.graphics
- comp.os.ms-windows.misc
- comp.sys.ibm.pc.hardware
- comp.sys.mac.hardware
- comp.windows.x
- misc.forsale
- rec.autos
- rec.motorcycles
- rec.sport.baseball
- rec.sport.hockey
- sci.crypt
- sci.electronics
- sci.med
- sci.space
-"
187,12,sci.electronics,12,sci.electronics,sci.electronics,"Classify the following 20 Newsgroups document.
Choose exactly one label from this list:
- alt.atheism
- comp.graphics
- comp.os.ms-windows.misc
- comp.sys.ibm.pc.hardware
- comp.sys.mac.hardware
- comp.windows.x
- misc.forsale
- rec.autos
- rec.motorcycles
- rec.sport.baseball
- rec.sport.hockey
- sci.crypt
- sci.electronics
- sci.med
- sci.space
-"
188,18,talk.politics.misc,13,sci.med,sci.med,"Classify the following 20 Newsgroups document.
Choose exactly one label from this list:
- alt.atheism
- comp.graphics
- comp.os.ms-windows.misc
- comp.sys.ibm.pc.hardware
- comp.sys.mac.hardware
- comp.windows.x
- misc.forsale
- rec.autos
- rec.motorcycles
- rec.sport.baseball
- rec.sport.hockey
- sci.crypt
- sci.electronics
- sci.med
- sci.space
-"
189,11,sci.crypt,11,sci.crypt,sci.crypt,"Classify the following 20 Newsgroups document.
Choose exactly one label from this list:
- alt.atheism
- comp.graphics
- comp.os.ms-windows.misc
- comp.sys.ibm.pc.hardware
- comp.sys.mac.hardware
- comp.windows.x
- misc.forsale
- rec.autos
- rec.motorcycles
- rec.sport.baseball
- rec.sport.hockey
- sci.crypt
- sci.electronics
- sci.med
- sci.space
-"
190,13,sci.med,13,sci.med,sci.med,"Classify the following 20 Newsgroups document.
Choose exactly one label from this list:
- alt.atheism
- comp.graphics
- comp.os.ms-windows.misc
- comp.sys.ibm.pc.hardware
- comp.sys.mac.hardware
- comp.windows.x
- misc.forsale
- rec.autos
- rec.motorcycles
- rec.sport.baseball
- rec.sport.hockey
- sci.crypt
- sci.electronics
- sci.med
- sci.space
-"
191,18,talk.politics.misc,16,talk.politics.guns,talk.politics.guns,"Classify the following 20 Newsgroups document.
Choose exactly one label from this list:
- alt.atheism
- comp.graphics
- comp.os.ms-windows.misc
- comp.sys.ibm.pc.hardware
- comp.sys.mac.hardware
- comp.windows.x
- misc.forsale
- rec.autos
- rec.motorcycles
- rec.sport.baseball
- rec.sport.hockey
- sci.crypt
- sci.electronics
- sci.med
- sci.space
-"
192,3,comp.sys.ibm.pc.hardware,2,comp.os.ms-windows.misc,comp.os.ms-windows.misc,"Classify the following 20 Newsgroups document.
Choose exactly one label from this list:
- alt.atheism
- comp.graphics
- comp.os.ms-windows.misc
- comp.sys.ibm.pc.hardware
- comp.sys.mac.hardware
- comp.windows.x
- misc.forsale
- rec.autos
- rec.motorcycles
- rec.sport.baseball
- rec.sport.hockey
- sci.crypt
- sci.electronics
- sci.med
- sci.space
-"
193,15,soc.religion.christian,15,soc.religion.christian,soc.religion.christian,"Classify the following 20 Newsgroups document.
Choose exactly one label from this list:
- alt.atheism
- comp.graphics
- comp.os.ms-windows.misc
- comp.sys.ibm.pc.hardware
- comp.sys.mac.hardware
- comp.windows.x
- misc.forsale
- rec.autos
- rec.motorcycles
- rec.sport.baseball
- rec.sport.hockey
- sci.crypt
- sci.electronics
- sci.med
- sci.space
-"
194,16,talk.politics.guns,16,talk.politics.guns,talk.politics.guns,"Classify the following 20 Newsgroups document.
Choose exactly one label from this list:
- alt.atheism
- comp.graphics
- comp.os.ms-windows.misc
- comp.sys.ibm.pc.hardware
- comp.sys.mac.hardware
- comp.windows.x
- misc.forsale
- rec.autos
- rec.motorcycles
- rec.sport.baseball
- rec.sport.hockey
- sci.crypt
- sci.electronics
- sci.med
- sci.space
-"
195,13,sci.med,13,sci.med,sci.med,"Classify the following 20 Newsgroups document.
Choose exactly one label from this list:
- alt.atheism
- comp.graphics
- comp.os.ms-windows.misc
- comp.sys.ibm.pc.hardware
- comp.sys.mac.hardware
- comp.windows.x
- misc.forsale
- rec.autos
- rec.motorcycles
- rec.sport.baseball
- rec.sport.hockey
- sci.crypt
- sci.electronics
- sci.med
- sci.space
-"
196,3,comp.sys.ibm.pc.hardware,1,comp.graphics,comp.graphics,"Classify the following 20 Newsgroups document.
Choose exactly one label from this list:
- alt.atheism
- comp.graphics
- comp.os.ms-windows.misc
- comp.sys.ibm.pc.hardware
- comp.sys.mac.hardware
- comp.windows.x
- misc.forsale
- rec.autos
- rec.motorcycles
- rec.sport.baseball
- rec.sport.hockey
- sci.crypt
- sci.electronics
- sci.med
- sci.space
-"
197,19,talk.religion.misc,15,soc.religion.christian,soc.religion.christian,"Classify the following 20 Newsgroups document.
Choose exactly one label from this list:
- alt.atheism
- comp.graphics
- comp.os.ms-windows.misc
- comp.sys.ibm.pc.hardware
- comp.sys.mac.hardware
- comp.windows.x
- misc.forsale
- rec.autos
- rec.motorcycles
- rec.sport.baseball
- rec.sport.hockey
- sci.crypt
- sci.electronics
- sci.med
- sci.space
-"
198,15,soc.religion.christian,15,soc.religion.christian,soc.religion.christian,"Classify the following 20 Newsgroups document.
Choose exactly one label from this list:
- alt.atheism
- comp.graphics
- comp.os.ms-windows.misc
- comp.sys.ibm.pc.hardware
- comp.sys.mac.hardware
- comp.windows.x
- misc.forsale
- rec.autos
- rec.motorcycles
- rec.sport.baseball
- rec.sport.hockey
- sci.crypt
- sci.electronics
- sci.med
- sci.space
-"
199,7,rec.autos,7,rec.autos,rec.autos,"Classify the following 20 Newsgroups document.
Choose exactly one label from this list:
- alt.atheism
- comp.graphics
- comp.os.ms-windows.misc
- comp.sys.ibm.pc.hardware
- comp.sys.mac.hardware
- comp.windows.x
- misc.forsale
- rec.autos
- rec.motorcycles
- rec.sport.baseball
- rec.sport.hockey
- sci.crypt
- sci.electronics
- sci.med
- sci.space
-"
200,4,comp.sys.mac.hardware,4,comp.sys.mac.hardware,comp.sys.mac.hardware,"Classify the following 20 Newsgroups document.
Choose exactly one label from this list:
- alt.atheism
- comp.graphics
- comp.os.ms-windows.misc
- comp.sys.ibm.pc.hardware
- comp.sys.mac.hardware
- comp.windows.x
- misc.forsale
- rec.autos
- rec.motorcycles
- rec.sport.baseball
- rec.sport.hockey
- sci.crypt
- sci.electronics
- sci.med
- sci.space
-"
201,6,misc.forsale,6,misc.forsale,misc.forsale,"Classify the following 20 Newsgroups document.
Choose exactly one label from this list:
- alt.atheism
- comp.graphics
- comp.os.ms-windows.misc
- comp.sys.ibm.pc.hardware
- comp.sys.mac.hardware
- comp.windows.x
- misc.forsale
- rec.autos
- rec.motorcycles
- rec.sport.baseball
- rec.sport.hockey
- sci.crypt
- sci.electronics
- sci.med
- sci.space
-"
202,15,soc.religion.christian,15,soc.religion.christian,soc.religion.christian,"Classify the following 20 Newsgroups document.
Choose exactly one label from this list:
- alt.atheism
- comp.graphics
- comp.os.ms-windows.misc
- comp.sys.ibm.pc.hardware
- comp.sys.mac.hardware
- comp.windows.x
- misc.forsale
- rec.autos
- rec.motorcycles
- rec.sport.baseball
- rec.sport.hockey
- sci.crypt
- sci.electronics
- sci.med
- sci.space
-"
203,12,sci.electronics,12,sci.electronics,sci.electronics,"Classify the following 20 Newsgroups document.
Choose exactly one label from this list:
- alt.atheism
- comp.graphics
- comp.os.ms-windows.misc
- comp.sys.ibm.pc.hardware
- comp.sys.mac.hardware
- comp.windows.x
- misc.forsale
- rec.autos
- rec.motorcycles
- rec.sport.baseball
- rec.sport.hockey
- sci.crypt
- sci.electronics
- sci.med
- sci.space
-"
204,9,rec.sport.baseball,9,rec.sport.baseball,rec.sport.baseball,"Classify the following 20 Newsgroups document.
Choose exactly one label from this list:
- alt.atheism
- comp.graphics
- comp.os.ms-windows.misc
- comp.sys.ibm.pc.hardware
- comp.sys.mac.hardware
- comp.windows.x
- misc.forsale
- rec.autos
- rec.motorcycles
- rec.sport.baseball
- rec.sport.hockey
- sci.crypt
- sci.electronics
- sci.med
- sci.space
-"
205,1,comp.graphics,3,comp.sys.ibm.pc.hardware,comp.sys.ibm.pc.hardware,"Classify the following 20 Newsgroups document.
Choose exactly one label from this list:
- alt.atheism
- comp.graphics
- comp.os.ms-windows.misc
- comp.sys.ibm.pc.hardware
- comp.sys.mac.hardware
- comp.windows.x
- misc.forsale
- rec.autos
- rec.motorcycles
- rec.sport.baseball
- rec.sport.hockey
- sci.crypt
- sci.electronics
- sci.med
- sci.space
-"
206,16,talk.politics.guns,16,talk.politics.guns,talk.politics.guns,"Classify the following 20 Newsgroups document.
Choose exactly one label from this list:
- alt.atheism
- comp.graphics
- comp.os.ms-windows.misc
- comp.sys.ibm.pc.hardware
- comp.sys.mac.hardware
- comp.windows.x
- misc.forsale
- rec.autos
- rec.motorcycles
- rec.sport.baseball
- rec.sport.hockey
- sci.crypt
- sci.electronics
- sci.med
- sci.space
-"
207,15,soc.religion.christian,15,soc.religion.christian,soc.religion.christian,"Classify the following 20 Newsgroups document.
Choose exactly one label from this list:
- alt.atheism
- comp.graphics
- comp.os.ms-windows.misc
- comp.sys.ibm.pc.hardware
- comp.sys.mac.hardware
- comp.windows.x
- misc.forsale
- rec.autos
- rec.motorcycles
- rec.sport.baseball
- rec.sport.hockey
- sci.crypt
- sci.electronics
- sci.med
- sci.space
-"
208,2,comp.os.ms-windows.misc,2,comp.os.ms-windows.misc,comp.os.ms-windows.misc,"Classify the following 20 Newsgroups document.
Choose exactly one label from this list:
- alt.atheism
- comp.graphics
- comp.os.ms-windows.misc
- comp.sys.ibm.pc.hardware
- comp.sys.mac.hardware
- comp.windows.x
- misc.forsale
- rec.autos
- rec.motorcycles
- rec.sport.baseball
- rec.sport.hockey
- sci.crypt
- sci.electronics
- sci.med
- sci.space
-"
209,14,sci.space,14,sci.space,sci.space,"Classify the following 20 Newsgroups document.
Choose exactly one label from this list:
- alt.atheism
- comp.graphics
- comp.os.ms-windows.misc
- comp.sys.ibm.pc.hardware
- comp.sys.mac.hardware
- comp.windows.x
- misc.forsale
- rec.autos
- rec.motorcycles
- rec.sport.baseball
- rec.sport.hockey
- sci.crypt
- sci.electronics
- sci.med
- sci.space
-"
210,14,sci.space,14,sci.space,sci.space,"Classify the following 20 Newsgroups document.
Choose exactly one label from this list:
- alt.atheism
- comp.graphics
- comp.os.ms-windows.misc
- comp.sys.ibm.pc.hardware
- comp.sys.mac.hardware
- comp.windows.x
- misc.forsale
- rec.autos
- rec.motorcycles
- rec.sport.baseball
- rec.sport.hockey
- sci.crypt
- sci.electronics
- sci.med
- sci.space
-"
211,16,talk.politics.guns,16,talk.politics.guns,talk.politics.guns,"Classify the following 20 Newsgroups document.
Choose exactly one label from this list:
- alt.atheism
- comp.graphics
- comp.os.ms-windows.misc
- comp.sys.ibm.pc.hardware
- comp.sys.mac.hardware
- comp.windows.x
- misc.forsale
- rec.autos
- rec.motorcycles
- rec.sport.baseball
- rec.sport.hockey
- sci.crypt
- sci.electronics
- sci.med
- sci.space
-"
212,2,comp.os.ms-windows.misc,2,comp.os.ms-windows.misc,comp.os.ms-windows.misc,"Classify the following 20 Newsgroups document.
Choose exactly one label from this list:
- alt.atheism
- comp.graphics
- comp.os.ms-windows.misc
- comp.sys.ibm.pc.hardware
- comp.sys.mac.hardware
- comp.windows.x
- misc.forsale
- rec.autos
- rec.motorcycles
- rec.sport.baseball
- rec.sport.hockey
- sci.crypt
- sci.electronics
- sci.med
- sci.space
-"
213,1,comp.graphics,1,comp.graphics,comp.graphics,"Classify the following 20 Newsgroups document.
Choose exactly one label from this list:
- alt.atheism
- comp.graphics
- comp.os.ms-windows.misc
- comp.sys.ibm.pc.hardware
- comp.sys.mac.hardware
- comp.windows.x
- misc.forsale
- rec.autos
- rec.motorcycles
- rec.sport.baseball
- rec.sport.hockey
- sci.crypt
- sci.electronics
- sci.med
- sci.space
-"
214,10,rec.sport.hockey,10,rec.sport.hockey,rec.sport.hockey,"Classify the following 20 Newsgroups document.
Choose exactly one label from this list:
- alt.atheism
- comp.graphics
- comp.os.ms-windows.misc
- comp.sys.ibm.pc.hardware
- comp.sys.mac.hardware
- comp.windows.x
- misc.forsale
- rec.autos
- rec.motorcycles
- rec.sport.baseball
- rec.sport.hockey
- sci.crypt
- sci.electronics
- sci.med
- sci.space
-"
215,2,comp.os.ms-windows.misc,1,comp.graphics,comp.graphics,"Classify the following 20 Newsgroups document.
Choose exactly one label from this list:
- alt.atheism
- comp.graphics
- comp.os.ms-windows.misc
- comp.sys.ibm.pc.hardware
- comp.sys.mac.hardware
- comp.windows.x
- misc.forsale
- rec.autos
- rec.motorcycles
- rec.sport.baseball
- rec.sport.hockey
- sci.crypt
- sci.electronics
- sci.med
- sci.space
-"
216,0,alt.atheism,15,soc.religion.christian,soc.religion.christian,"Classify the following 20 Newsgroups document.
Choose exactly one label from this list:
- alt.atheism
- comp.graphics
- comp.os.ms-windows.misc
- comp.sys.ibm.pc.hardware
- comp.sys.mac.hardware
- comp.windows.x
- misc.forsale
- rec.autos
- rec.motorcycles
- rec.sport.baseball
- rec.sport.hockey
- sci.crypt
- sci.electronics
- sci.med
- sci.space
-"
217,7,rec.autos,7,rec.autos,rec.autos,"Classify the following 20 Newsgroups document.
Choose exactly one label from this list:
- alt.atheism
- comp.graphics
- comp.os.ms-windows.misc
- comp.sys.ibm.pc.hardware
- comp.sys.mac.hardware
- comp.windows.x
- misc.forsale
- rec.autos
- rec.motorcycles
- rec.sport.baseball
- rec.sport.hockey
- sci.crypt
- sci.electronics
- sci.med
- sci.space
-"
218,16,talk.politics.guns,16,talk.politics.guns,talk.politics.guns,"Classify the following 20 Newsgroups document.
Choose exactly one label from this list:
- alt.atheism
- comp.graphics
- comp.os.ms-windows.misc
- comp.sys.ibm.pc.hardware
- comp.sys.mac.hardware
- comp.windows.x
- misc.forsale
- rec.autos
- rec.motorcycles
- rec.sport.baseball
- rec.sport.hockey
- sci.crypt
- sci.electronics
- sci.med
- sci.space
-"
219,12,sci.electronics,11,sci.crypt,sci.crypt,"Classify the following 20 Newsgroups document.
Choose exactly one label from this list:
- alt.atheism
- comp.graphics
- comp.os.ms-windows.misc
- comp.sys.ibm.pc.hardware
- comp.sys.mac.hardware
- comp.windows.x
- misc.forsale
- rec.autos
- rec.motorcycles
- rec.sport.baseball
- rec.sport.hockey
- sci.crypt
- sci.electronics
- sci.med
- sci.space
-"
220,2,comp.os.ms-windows.misc,2,comp.os.ms-windows.misc,comp.os.ms-windows.misc,"Classify the following 20 Newsgroups document.
Choose exactly one label from this list:
- alt.atheism
- comp.graphics
- comp.os.ms-windows.misc
- comp.sys.ibm.pc.hardware
- comp.sys.mac.hardware
- comp.windows.x
- misc.forsale
- rec.autos
- rec.motorcycles
- rec.sport.baseball
- rec.sport.hockey
- sci.crypt
- sci.electronics
- sci.med
- sci.space
-"
221,14,sci.space,14,sci.space,sci.space,"Classify the following 20 Newsgroups document.
Choose exactly one label from this list:
- alt.atheism
- comp.graphics
- comp.os.ms-windows.misc
- comp.sys.ibm.pc.hardware
- comp.sys.mac.hardware
- comp.windows.x
- misc.forsale
- rec.autos
- rec.motorcycles
- rec.sport.baseball
- rec.sport.hockey
- sci.crypt
- sci.electronics
- sci.med
- sci.space
-"
222,2,comp.os.ms-windows.misc,2,comp.os.ms-windows.misc,comp.os.ms-windows.misc,"Classify the following 20 Newsgroups document.
Choose exactly one label from this list:
- alt.atheism
- comp.graphics
- comp.os.ms-windows.misc
- comp.sys.ibm.pc.hardware
- comp.sys.mac.hardware
- comp.windows.x
- misc.forsale
- rec.autos
- rec.motorcycles
- rec.sport.baseball
- rec.sport.hockey
- sci.crypt
- sci.electronics
- sci.med
- sci.space
-"
223,2,comp.os.ms-windows.misc,2,comp.os.ms-windows.misc,comp.os.ms-windows.misc,"Classify the following 20 Newsgroups document.
Choose exactly one label from this list:
- alt.atheism
- comp.graphics
- comp.os.ms-windows.misc
- comp.sys.ibm.pc.hardware
- comp.sys.mac.hardware
- comp.windows.x
- misc.forsale
- rec.autos
- rec.motorcycles
- rec.sport.baseball
- rec.sport.hockey
- sci.crypt
- sci.electronics
- sci.med
- sci.space
-"
224,5,comp.windows.x,5,comp.windows.x,comp.windows.x,"Classify the following 20 Newsgroups document.
Choose exactly one label from this list:
- alt.atheism
- comp.graphics
- comp.os.ms-windows.misc
- comp.sys.ibm.pc.hardware
- comp.sys.mac.hardware
- comp.windows.x
- misc.forsale
- rec.autos
- rec.motorcycles
- rec.sport.baseball
- rec.sport.hockey
- sci.crypt
- sci.electronics
- sci.med
- sci.space
-"
225,7,rec.autos,7,rec.autos,rec.autos,"Classify the following 20 Newsgroups document.
Choose exactly one label from this list:
- alt.atheism
- comp.graphics
- comp.os.ms-windows.misc
- comp.sys.ibm.pc.hardware
- comp.sys.mac.hardware
- comp.windows.x
- misc.forsale
- rec.autos
- rec.motorcycles
- rec.sport.baseball
- rec.sport.hockey
- sci.crypt
- sci.electronics
- sci.med
- sci.space
-"
226,17,talk.politics.mideast,17,talk.politics.mideast,talk.politics.mideast,"Classify the following 20 Newsgroups document.
Choose exactly one label from this list:
- alt.atheism
- comp.graphics
- comp.os.ms-windows.misc
- comp.sys.ibm.pc.hardware
- comp.sys.mac.hardware
- comp.windows.x
- misc.forsale
- rec.autos
- rec.motorcycles
- rec.sport.baseball
- rec.sport.hockey
- sci.crypt
- sci.electronics
- sci.med
- sci.space
-"
227,2,comp.os.ms-windows.misc,5,comp.windows.x,comp.windows.x,"Classify the following 20 Newsgroups document.
Choose exactly one label from this list:
- alt.atheism
- comp.graphics
- comp.os.ms-windows.misc
- comp.sys.ibm.pc.hardware
- comp.sys.mac.hardware
- comp.windows.x
- misc.forsale
- rec.autos
- rec.motorcycles
- rec.sport.baseball
- rec.sport.hockey
- sci.crypt
- sci.electronics
- sci.med
- sci.space
-"
228,4,comp.sys.mac.hardware,6,misc.forsale,misc.forsale,"Classify the following 20 Newsgroups document.
Choose exactly one label from this list:
- alt.atheism
- comp.graphics
- comp.os.ms-windows.misc
- comp.sys.ibm.pc.hardware
- comp.sys.mac.hardware
- comp.windows.x
- misc.forsale
- rec.autos
- rec.motorcycles
- rec.sport.baseball
- rec.sport.hockey
- sci.crypt
- sci.electronics
- sci.med
- sci.space
-"
229,17,talk.politics.mideast,10,rec.sport.hockey,rec.sport.hockey,"Classify the following 20 Newsgroups document.
Choose exactly one label from this list:
- alt.atheism
- comp.graphics
- comp.os.ms-windows.misc
- comp.sys.ibm.pc.hardware
- comp.sys.mac.hardware
- comp.windows.x
- misc.forsale
- rec.autos
- rec.motorcycles
- rec.sport.baseball
- rec.sport.hockey
- sci.crypt
- sci.electronics
- sci.med
- sci.space
-"
230,15,soc.religion.christian,15,soc.religion.christian,soc.religion.christian,"Classify the following 20 Newsgroups document.
Choose exactly one label from this list:
- alt.atheism
- comp.graphics
- comp.os.ms-windows.misc
- comp.sys.ibm.pc.hardware
- comp.sys.mac.hardware
- comp.windows.x
- misc.forsale
- rec.autos
- rec.motorcycles
- rec.sport.baseball
- rec.sport.hockey
- sci.crypt
- sci.electronics
- sci.med
- sci.space
-"
231,4,comp.sys.mac.hardware,4,comp.sys.mac.hardware,comp.sys.mac.hardware,"Classify the following 20 Newsgroups document.
Choose exactly one label from this list:
- alt.atheism
- comp.graphics
- comp.os.ms-windows.misc
- comp.sys.ibm.pc.hardware
- comp.sys.mac.hardware
- comp.windows.x
- misc.forsale
- rec.autos
- rec.motorcycles
- rec.sport.baseball
- rec.sport.hockey
- sci.crypt
- sci.electronics
- sci.med
- sci.space
-"
232,15,soc.religion.christian,15,soc.religion.christian,soc.religion.christian,"Classify the following 20 Newsgroups document.
Choose exactly one label from this list:
- alt.atheism
- comp.graphics
- comp.os.ms-windows.misc
- comp.sys.ibm.pc.hardware
- comp.sys.mac.hardware
- comp.windows.x
- misc.forsale
- rec.autos
- rec.motorcycles
- rec.sport.baseball
- rec.sport.hockey
- sci.crypt
- sci.electronics
- sci.med
- sci.space
-"
233,9,rec.sport.baseball,9,rec.sport.baseball,rec.sport.baseball,"Classify the following 20 Newsgroups document.
Choose exactly one label from this list:
- alt.atheism
- comp.graphics
- comp.os.ms-windows.misc
- comp.sys.ibm.pc.hardware
- comp.sys.mac.hardware
- comp.windows.x
- misc.forsale
- rec.autos
- rec.motorcycles
- rec.sport.baseball
- rec.sport.hockey
- sci.crypt
- sci.electronics
- sci.med
- sci.space
-"
234,0,alt.atheism,19,talk.religion.misc,talk.religion.misc,"Classify the following 20 Newsgroups document.
Choose exactly one label from this list:
- alt.atheism
- comp.graphics
- comp.os.ms-windows.misc
- comp.sys.ibm.pc.hardware
- comp.sys.mac.hardware
- comp.windows.x
- misc.forsale
- rec.autos
- rec.motorcycles
- rec.sport.baseball
- rec.sport.hockey
- sci.crypt
- sci.electronics
- sci.med
- sci.space
-"
235,7,rec.autos,7,rec.autos,rec.autos,"Classify the following 20 Newsgroups document.
Choose exactly one label from this list:
- alt.atheism
- comp.graphics
- comp.os.ms-windows.misc
- comp.sys.ibm.pc.hardware
- comp.sys.mac.hardware
- comp.windows.x
- misc.forsale
- rec.autos
- rec.motorcycles
- rec.sport.baseball
- rec.sport.hockey
- sci.crypt
- sci.electronics
- sci.med
- sci.space
-"
236,3,comp.sys.ibm.pc.hardware,6,misc.forsale,misc.forsale,"Classify the following 20 Newsgroups document.
Choose exactly one label from this list:
- alt.atheism
- comp.graphics
- comp.os.ms-windows.misc
- comp.sys.ibm.pc.hardware
- comp.sys.mac.hardware
- comp.windows.x
- misc.forsale
- rec.autos
- rec.motorcycles
- rec.sport.baseball
- rec.sport.hockey
- sci.crypt
- sci.electronics
- sci.med
- sci.space
-"
237,7,rec.autos,7,rec.autos,rec.autos,"Classify the following 20 Newsgroups document.
Choose exactly one label from this list:
- alt.atheism
- comp.graphics
- comp.os.ms-windows.misc
- comp.sys.ibm.pc.hardware
- comp.sys.mac.hardware
- comp.windows.x
- misc.forsale
- rec.autos
- rec.motorcycles
- rec.sport.baseball
- rec.sport.hockey
- sci.crypt
- sci.electronics
- sci.med
- sci.space
-"
238,8,rec.motorcycles,8,rec.motorcycles,rec.motorcycles,"Classify the following 20 Newsgroups document.
Choose exactly one label from this list:
- alt.atheism
- comp.graphics
- comp.os.ms-windows.misc
- comp.sys.ibm.pc.hardware
- comp.sys.mac.hardware
- comp.windows.x
- misc.forsale
- rec.autos
- rec.motorcycles
- rec.sport.baseball
- rec.sport.hockey
- sci.crypt
- sci.electronics
- sci.med
- sci.space
-"
239,10,rec.sport.hockey,10,rec.sport.hockey,rec.sport.hockey,"Classify the following 20 Newsgroups document.
Choose exactly one label from this list:
- alt.atheism
- comp.graphics
- comp.os.ms-windows.misc
- comp.sys.ibm.pc.hardware
- comp.sys.mac.hardware
- comp.windows.x
- misc.forsale
- rec.autos
- rec.motorcycles
- rec.sport.baseball
- rec.sport.hockey
- sci.crypt
- sci.electronics
- sci.med
- sci.space
-"
240,14,sci.space,14,sci.space,sci.space,"Classify the following 20 Newsgroups document.
Choose exactly one label from this list:
- alt.atheism
- comp.graphics
- comp.os.ms-windows.misc
- comp.sys.ibm.pc.hardware
- comp.sys.mac.hardware
- comp.windows.x
- misc.forsale
- rec.autos
- rec.motorcycles
- rec.sport.baseball
- rec.sport.hockey
- sci.crypt
- sci.electronics
- sci.med
- sci.space
-"
241,12,sci.electronics,8,rec.motorcycles,rec.motorcycles,"Classify the following 20 Newsgroups document.
Choose exactly one label from this list:
- alt.atheism
- comp.graphics
- comp.os.ms-windows.misc
- comp.sys.ibm.pc.hardware
- comp.sys.mac.hardware
- comp.windows.x
- misc.forsale
- rec.autos
- rec.motorcycles
- rec.sport.baseball
- rec.sport.hockey
- sci.crypt
- sci.electronics
- sci.med
- sci.space
-"
242,14,sci.space,14,sci.space,sci.space,"Classify the following 20 Newsgroups document.
Choose exactly one label from this list:
- alt.atheism
- comp.graphics
- comp.os.ms-windows.misc
- comp.sys.ibm.pc.hardware
- comp.sys.mac.hardware
- comp.windows.x
- misc.forsale
- rec.autos
- rec.motorcycles
- rec.sport.baseball
- rec.sport.hockey
- sci.crypt
- sci.electronics
- sci.med
- sci.space
-"
243,12,sci.electronics,1,comp.graphics,comp.graphics,"Classify the following 20 Newsgroups document.
Choose exactly one label from this list:
- alt.atheism
- comp.graphics
- comp.os.ms-windows.misc
- comp.sys.ibm.pc.hardware
- comp.sys.mac.hardware
- comp.windows.x
- misc.forsale
- rec.autos
- rec.motorcycles
- rec.sport.baseball
- rec.sport.hockey
- sci.crypt
- sci.electronics
- sci.med
- sci.space
-"
244,11,sci.crypt,11,sci.crypt,sci.crypt,"Classify the following 20 Newsgroups document.
Choose exactly one label from this list:
- alt.atheism
- comp.graphics
- comp.os.ms-windows.misc
- comp.sys.ibm.pc.hardware
- comp.sys.mac.hardware
- comp.windows.x
- misc.forsale
- rec.autos
- rec.motorcycles
- rec.sport.baseball
- rec.sport.hockey
- sci.crypt
- sci.electronics
- sci.med
- sci.space
-"
245,8,rec.motorcycles,18,talk.politics.misc,talk.politics.misc,"Classify the following 20 Newsgroups document.
Choose exactly one label from this list:
- alt.atheism
- comp.graphics
- comp.os.ms-windows.misc
- comp.sys.ibm.pc.hardware
- comp.sys.mac.hardware
- comp.windows.x
- misc.forsale
- rec.autos
- rec.motorcycles
- rec.sport.baseball
- rec.sport.hockey
- sci.crypt
- sci.electronics
- sci.med
- sci.space
-"
246,15,soc.religion.christian,15,soc.religion.christian,soc.religion.christian,"Classify the following 20 Newsgroups document.
Choose exactly one label from this list:
- alt.atheism
- comp.graphics
- comp.os.ms-windows.misc
- comp.sys.ibm.pc.hardware
- comp.sys.mac.hardware
- comp.windows.x
- misc.forsale
- rec.autos
- rec.motorcycles
- rec.sport.baseball
- rec.sport.hockey
- sci.crypt
- sci.electronics
- sci.med
- sci.space
-"
247,6,misc.forsale,6,misc.forsale,misc.forsale,"Classify the following 20 Newsgroups document.
Choose exactly one label from this list:
- alt.atheism
- comp.graphics
- comp.os.ms-windows.misc
- comp.sys.ibm.pc.hardware
- comp.sys.mac.hardware
- comp.windows.x
- misc.forsale
- rec.autos
- rec.motorcycles
- rec.sport.baseball
- rec.sport.hockey
- sci.crypt
- sci.electronics
- sci.med
- sci.space
-"
248,4,comp.sys.mac.hardware,4,comp.sys.mac.hardware,comp.sys.mac.hardware,"Classify the following 20 Newsgroups document.
Choose exactly one label from this list:
- alt.atheism
- comp.graphics
- comp.os.ms-windows.misc
- comp.sys.ibm.pc.hardware
- comp.sys.mac.hardware
- comp.windows.x
- misc.forsale
- rec.autos
- rec.motorcycles
- rec.sport.baseball
- rec.sport.hockey
- sci.crypt
- sci.electronics
- sci.med
- sci.space
-"
249,11,sci.crypt,11,sci.crypt,sci.crypt,"Classify the following 20 Newsgroups document.
Choose exactly one label from this list:
- alt.atheism
- comp.graphics
- comp.os.ms-windows.misc
- comp.sys.ibm.pc.hardware
- comp.sys.mac.hardware
- comp.windows.x
- misc.forsale
- rec.autos
- rec.motorcycles
- rec.sport.baseball
- rec.sport.hockey
- sci.crypt
- sci.electronics
- sci.med
- sci.space
-"
250,6,misc.forsale,6,misc.forsale,misc.forsale,"Classify the following 20 Newsgroups document.
Choose exactly one label from this list:
- alt.atheism
- comp.graphics
- comp.os.ms-windows.misc
- comp.sys.ibm.pc.hardware
- comp.sys.mac.hardware
- comp.windows.x
- misc.forsale
- rec.autos
- rec.motorcycles
- rec.sport.baseball
- rec.sport.hockey
- sci.crypt
- sci.electronics
- sci.med
- sci.space
-"
251,17,talk.politics.mideast,17,talk.politics.mideast,talk.politics.mideast,"Classify the following 20 Newsgroups document.
Choose exactly one label from this list:
- alt.atheism
- comp.graphics
- comp.os.ms-windows.misc
- comp.sys.ibm.pc.hardware
- comp.sys.mac.hardware
- comp.windows.x
- misc.forsale
- rec.autos
- rec.motorcycles
- rec.sport.baseball
- rec.sport.hockey
- sci.crypt
- sci.electronics
- sci.med
- sci.space
-"
252,7,rec.autos,7,rec.autos,rec.autos,"Classify the following 20 Newsgroups document.
Choose exactly one label from this list:
- alt.atheism
- comp.graphics
- comp.os.ms-windows.misc
- comp.sys.ibm.pc.hardware
- comp.sys.mac.hardware
- comp.windows.x
- misc.forsale
- rec.autos
- rec.motorcycles
- rec.sport.baseball
- rec.sport.hockey
- sci.crypt
- sci.electronics
- sci.med
- sci.space
-"
253,8,rec.motorcycles,8,rec.motorcycles,rec.motorcycles,"Classify the following 20 Newsgroups document.
Choose exactly one label from this list:
- alt.atheism
- comp.graphics
- comp.os.ms-windows.misc
- comp.sys.ibm.pc.hardware
- comp.sys.mac.hardware
- comp.windows.x
- misc.forsale
- rec.autos
- rec.motorcycles
- rec.sport.baseball
- rec.sport.hockey
- sci.crypt
- sci.electronics
- sci.med
- sci.space
-"
254,10,rec.sport.hockey,10,rec.sport.hockey,rec.sport.hockey,"Classify the following 20 Newsgroups document.
Choose exactly one label from this list:
- alt.atheism
- comp.graphics
- comp.os.ms-windows.misc
- comp.sys.ibm.pc.hardware
- comp.sys.mac.hardware
- comp.windows.x
- misc.forsale
- rec.autos
- rec.motorcycles
- rec.sport.baseball
- rec.sport.hockey
- sci.crypt
- sci.electronics
- sci.med
- sci.space
-"
255,4,comp.sys.mac.hardware,4,comp.sys.mac.hardware,comp.sys.mac.hardware,"Classify the following 20 Newsgroups document.
Choose exactly one label from this list:
- alt.atheism
- comp.graphics
- comp.os.ms-windows.misc
- comp.sys.ibm.pc.hardware
- comp.sys.mac.hardware
- comp.windows.x
- misc.forsale
- rec.autos
- rec.motorcycles
- rec.sport.baseball
- rec.sport.hockey
- sci.crypt
- sci.electronics
- sci.med
- sci.space
-"
256,1,comp.graphics,2,comp.os.ms-windows.misc,comp.os.ms-windows.misc,"Classify the following 20 Newsgroups document.
Choose exactly one label from this list:
- alt.atheism
- comp.graphics
- comp.os.ms-windows.misc
- comp.sys.ibm.pc.hardware
- comp.sys.mac.hardware
- comp.windows.x
- misc.forsale
- rec.autos
- rec.motorcycles
- rec.sport.baseball
- rec.sport.hockey
- sci.crypt
- sci.electronics
- sci.med
- sci.space
-"
257,5,comp.windows.x,5,comp.windows.x,comp.windows.x,"Classify the following 20 Newsgroups document.
Choose exactly one label from this list:
- alt.atheism
- comp.graphics
- comp.os.ms-windows.misc
- comp.sys.ibm.pc.hardware
- comp.sys.mac.hardware
- comp.windows.x
- misc.forsale
- rec.autos
- rec.motorcycles
- rec.sport.baseball
- rec.sport.hockey
- sci.crypt
- sci.electronics
- sci.med
- sci.space
-"
258,8,rec.motorcycles,-1,UNPARSED,rec.martial-arts,"Classify the following 20 Newsgroups document.
Choose exactly one label from this list:
- alt.atheism
- comp.graphics
- comp.os.ms-windows.misc
- comp.sys.ibm.pc.hardware
- comp.sys.mac.hardware
- comp.windows.x
- misc.forsale
- rec.autos
- rec.motorcycles
- rec.sport.baseball
- rec.sport.hockey
- sci.crypt
- sci.electronics
- sci.med
- sci.space
-"
259,1,comp.graphics,1,comp.graphics,comp.graphics,"Classify the following 20 Newsgroups document.
Choose exactly one label from this list:
- alt.atheism
- comp.graphics
- comp.os.ms-windows.misc
- comp.sys.ibm.pc.hardware
- comp.sys.mac.hardware
- comp.windows.x
- misc.forsale
- rec.autos
- rec.motorcycles
- rec.sport.baseball
- rec.sport.hockey
- sci.crypt
- sci.electronics
- sci.med
- sci.space
-"
260,12,sci.electronics,12,sci.electronics,sci.electronics,"Classify the following 20 Newsgroups document.
Choose exactly one label from this list:
- alt.atheism
- comp.graphics
- comp.os.ms-windows.misc
- comp.sys.ibm.pc.hardware
- comp.sys.mac.hardware
- comp.windows.x
- misc.forsale
- rec.autos
- rec.motorcycles
- rec.sport.baseball
- rec.sport.hockey
- sci.crypt
- sci.electronics
- sci.med
- sci.space
-"
261,18,talk.politics.misc,18,talk.politics.misc,talk.politics.misc,"Classify the following 20 Newsgroups document.
Choose exactly one label from this list:
- alt.atheism
- comp.graphics
- comp.os.ms-windows.misc
- comp.sys.ibm.pc.hardware
- comp.sys.mac.hardware
- comp.windows.x
- misc.forsale
- rec.autos
- rec.motorcycles
- rec.sport.baseball
- rec.sport.hockey
- sci.crypt
- sci.electronics
- sci.med
- sci.space
-"
262,2,comp.os.ms-windows.misc,-1,UNPARSED,comp.os.ms-windows.programmer.misc,"Classify the following 20 Newsgroups document.
Choose exactly one label from this list:
- alt.atheism
- comp.graphics
- comp.os.ms-windows.misc
- comp.sys.ibm.pc.hardware
- comp.sys.mac.hardware
- comp.windows.x
- misc.forsale
- rec.autos
- rec.motorcycles
- rec.sport.baseball
- rec.sport.hockey
- sci.crypt
- sci.electronics
- sci.med
- sci.space
-"
263,13,sci.med,13,sci.med,sci.med,"Classify the following 20 Newsgroups document.
Choose exactly one label from this list:
- alt.atheism
- comp.graphics
- comp.os.ms-windows.misc
- comp.sys.ibm.pc.hardware
- comp.sys.mac.hardware
- comp.windows.x
- misc.forsale
- rec.autos
- rec.motorcycles
- rec.sport.baseball
- rec.sport.hockey
- sci.crypt
- sci.electronics
- sci.med
- sci.space
-"
264,12,sci.electronics,12,sci.electronics,sci.electronics,"Classify the following 20 Newsgroups document.
Choose exactly one label from this list:
- alt.atheism
- comp.graphics
- comp.os.ms-windows.misc
- comp.sys.ibm.pc.hardware
- comp.sys.mac.hardware
- comp.windows.x
- misc.forsale
- rec.autos
- rec.motorcycles
- rec.sport.baseball
- rec.sport.hockey
- sci.crypt
- sci.electronics
- sci.med
- sci.space
-"
265,8,rec.motorcycles,8,rec.motorcycles,rec.motorcycles,"Classify the following 20 Newsgroups document.
Choose exactly one label from this list:
- alt.atheism
- comp.graphics
- comp.os.ms-windows.misc
- comp.sys.ibm.pc.hardware
- comp.sys.mac.hardware
- comp.windows.x
- misc.forsale
- rec.autos
- rec.motorcycles
- rec.sport.baseball
- rec.sport.hockey
- sci.crypt
- sci.electronics
- sci.med
- sci.space
-"
266,16,talk.politics.guns,17,talk.politics.mideast,talk.politics.mideast,"Classify the following 20 Newsgroups document.
Choose exactly one label from this list:
- alt.atheism
- comp.graphics
- comp.os.ms-windows.misc
- comp.sys.ibm.pc.hardware
- comp.sys.mac.hardware
- comp.windows.x
- misc.forsale
- rec.autos
- rec.motorcycles
- rec.sport.baseball
- rec.sport.hockey
- sci.crypt
- sci.electronics
- sci.med
- sci.space
-"
267,18,talk.politics.misc,16,talk.politics.guns,talk.politics.guns,"Classify the following 20 Newsgroups document.
Choose exactly one label from this list:
- alt.atheism
- comp.graphics
- comp.os.ms-windows.misc
- comp.sys.ibm.pc.hardware
- comp.sys.mac.hardware
- comp.windows.x
- misc.forsale
- rec.autos
- rec.motorcycles
- rec.sport.baseball
- rec.sport.hockey
- sci.crypt
- sci.electronics
- sci.med
- sci.space
-"
268,8,rec.motorcycles,12,sci.electronics,sci.electronics,"Classify the following 20 Newsgroups document.
Choose exactly one label from this list:
- alt.atheism
- comp.graphics
- comp.os.ms-windows.misc
- comp.sys.ibm.pc.hardware
- comp.sys.mac.hardware
- comp.windows.x
- misc.forsale
- rec.autos
- rec.motorcycles
- rec.sport.baseball
- rec.sport.hockey
- sci.crypt
- sci.electronics
- sci.med
- sci.space
-"
269,4,comp.sys.mac.hardware,4,comp.sys.mac.hardware,comp.sys.mac.hardware,"Classify the following 20 Newsgroups document.
Choose exactly one label from this list:
- alt.atheism
- comp.graphics
- comp.os.ms-windows.misc
- comp.sys.ibm.pc.hardware
- comp.sys.mac.hardware
- comp.windows.x
- misc.forsale
- rec.autos
- rec.motorcycles
- rec.sport.baseball
- rec.sport.hockey
- sci.crypt
- sci.electronics
- sci.med
- sci.space
-"
270,15,soc.religion.christian,15,soc.religion.christian,soc.religion.christian,"Classify the following 20 Newsgroups document.
Choose exactly one label from this list:
- alt.atheism
- comp.graphics
- comp.os.ms-windows.misc
- comp.sys.ibm.pc.hardware
- comp.sys.mac.hardware
- comp.windows.x
- misc.forsale
- rec.autos
- rec.motorcycles
- rec.sport.baseball
- rec.sport.hockey
- sci.crypt
- sci.electronics
- sci.med
- sci.space
-"
271,5,comp.windows.x,5,comp.windows.x,comp.windows.x,"Classify the following 20 Newsgroups document.
Choose exactly one label from this list:
- alt.atheism
- comp.graphics
- comp.os.ms-windows.misc
- comp.sys.ibm.pc.hardware
- comp.sys.mac.hardware
- comp.windows.x
- misc.forsale
- rec.autos
- rec.motorcycles
- rec.sport.baseball
- rec.sport.hockey
- sci.crypt
- sci.electronics
- sci.med
- sci.space
-"
272,3,comp.sys.ibm.pc.hardware,3,comp.sys.ibm.pc.hardware,comp.sys.ibm.pc.hardware,"Classify the following 20 Newsgroups document.
Choose exactly one label from this list:
- alt.atheism
- comp.graphics
- comp.os.ms-windows.misc
- comp.sys.ibm.pc.hardware
- comp.sys.mac.hardware
- comp.windows.x
- misc.forsale
- rec.autos
- rec.motorcycles
- rec.sport.baseball
- rec.sport.hockey
- sci.crypt
- sci.electronics
- sci.med
- sci.space
-"
273,11,sci.crypt,2,comp.os.ms-windows.misc,comp.os.ms-windows.misc,"Classify the following 20 Newsgroups document.
Choose exactly one label from this list:
- alt.atheism
- comp.graphics
- comp.os.ms-windows.misc
- comp.sys.ibm.pc.hardware
- comp.sys.mac.hardware
- comp.windows.x
- misc.forsale
- rec.autos
- rec.motorcycles
- rec.sport.baseball
- rec.sport.hockey
- sci.crypt
- sci.electronics
- sci.med
- sci.space
-"
274,3,comp.sys.ibm.pc.hardware,2,comp.os.ms-windows.misc,comp.os.ms-windows.misc,"Classify the following 20 Newsgroups document.
Choose exactly one label from this list:
- alt.atheism
- comp.graphics
- comp.os.ms-windows.misc
- comp.sys.ibm.pc.hardware
- comp.sys.mac.hardware
- comp.windows.x
- misc.forsale
- rec.autos
- rec.motorcycles
- rec.sport.baseball
- rec.sport.hockey
- sci.crypt
- sci.electronics
- sci.med
- sci.space
-"
275,15,soc.religion.christian,15,soc.religion.christian,soc.religion.christian,"Classify the following 20 Newsgroups document.
Choose exactly one label from this list:
- alt.atheism
- comp.graphics
- comp.os.ms-windows.misc
- comp.sys.ibm.pc.hardware
- comp.sys.mac.hardware
- comp.windows.x
- misc.forsale
- rec.autos
- rec.motorcycles
- rec.sport.baseball
- rec.sport.hockey
- sci.crypt
- sci.electronics
- sci.med
- sci.space
-"
276,10,rec.sport.hockey,10,rec.sport.hockey,rec.sport.hockey,"Classify the following 20 Newsgroups document.
Choose exactly one label from this list:
- alt.atheism
- comp.graphics
- comp.os.ms-windows.misc
- comp.sys.ibm.pc.hardware
- comp.sys.mac.hardware
- comp.windows.x
- misc.forsale
- rec.autos
- rec.motorcycles
- rec.sport.baseball
- rec.sport.hockey
- sci.crypt
- sci.electronics
- sci.med
- sci.space
-"
277,3,comp.sys.ibm.pc.hardware,3,comp.sys.ibm.pc.hardware,comp.sys.ibm.pc.hardware,"Classify the following 20 Newsgroups document.
Choose exactly one label from this list:
- alt.atheism
- comp.graphics
- comp.os.ms-windows.misc
- comp.sys.ibm.pc.hardware
- comp.sys.mac.hardware
- comp.windows.x
- misc.forsale
- rec.autos
- rec.motorcycles
- rec.sport.baseball
- rec.sport.hockey
- sci.crypt
- sci.electronics
- sci.med
- sci.space
-"
278,2,comp.os.ms-windows.misc,2,comp.os.ms-windows.misc,comp.os.ms-windows.misc,"Classify the following 20 Newsgroups document.
Choose exactly one label from this list:
- alt.atheism
- comp.graphics
- comp.os.ms-windows.misc
- comp.sys.ibm.pc.hardware
- comp.sys.mac.hardware
- comp.windows.x
- misc.forsale
- rec.autos
- rec.motorcycles
- rec.sport.baseball
- rec.sport.hockey
- sci.crypt
- sci.electronics
- sci.med
- sci.space
-"
279,14,sci.space,14,sci.space,sci.space,"Classify the following 20 Newsgroups document.
Choose exactly one label from this list:
- alt.atheism
- comp.graphics
- comp.os.ms-windows.misc
- comp.sys.ibm.pc.hardware
- comp.sys.mac.hardware
- comp.windows.x
- misc.forsale
- rec.autos
- rec.motorcycles
- rec.sport.baseball
- rec.sport.hockey
- sci.crypt
- sci.electronics
- sci.med
- sci.space
-"
280,13,sci.med,13,sci.med,sci.med,"Classify the following 20 Newsgroups document.
Choose exactly one label from this list:
- alt.atheism
- comp.graphics
- comp.os.ms-windows.misc
- comp.sys.ibm.pc.hardware
- comp.sys.mac.hardware
- comp.windows.x
- misc.forsale
- rec.autos
- rec.motorcycles
- rec.sport.baseball
- rec.sport.hockey
- sci.crypt
- sci.electronics
- sci.med
- sci.space
-"
281,17,talk.politics.mideast,17,talk.politics.mideast,talk.politics.mideast,"Classify the following 20 Newsgroups document.
Choose exactly one label from this list:
- alt.atheism
- comp.graphics
- comp.os.ms-windows.misc
- comp.sys.ibm.pc.hardware
- comp.sys.mac.hardware
- comp.windows.x
- misc.forsale
- rec.autos
- rec.motorcycles
- rec.sport.baseball
- rec.sport.hockey
- sci.crypt
- sci.electronics
- sci.med
- sci.space
-"
282,19,talk.religion.misc,18,talk.politics.misc,talk.politics.misc,"Classify the following 20 Newsgroups document.
Choose exactly one label from this list:
- alt.atheism
- comp.graphics
- comp.os.ms-windows.misc
- comp.sys.ibm.pc.hardware
- comp.sys.mac.hardware
- comp.windows.x
- misc.forsale
- rec.autos
- rec.motorcycles
- rec.sport.baseball
- rec.sport.hockey
- sci.crypt
- sci.electronics
- sci.med
- sci.space
-"
283,6,misc.forsale,6,misc.forsale,misc.forsale,"Classify the following 20 Newsgroups document.
Choose exactly one label from this list:
- alt.atheism
- comp.graphics
- comp.os.ms-windows.misc
- comp.sys.ibm.pc.hardware
- comp.sys.mac.hardware
- comp.windows.x
- misc.forsale
- rec.autos
- rec.motorcycles
- rec.sport.baseball
- rec.sport.hockey
- sci.crypt
- sci.electronics
- sci.med
- sci.space
-"
284,18,talk.politics.misc,18,talk.politics.misc,talk.politics.misc,"Classify the following 20 Newsgroups document.
Choose exactly one label from this list:
- alt.atheism
- comp.graphics
- comp.os.ms-windows.misc
- comp.sys.ibm.pc.hardware
- comp.sys.mac.hardware
- comp.windows.x
- misc.forsale
- rec.autos
- rec.motorcycles
- rec.sport.baseball
- rec.sport.hockey
- sci.crypt
- sci.electronics
- sci.med
- sci.space
-"
285,6,misc.forsale,6,misc.forsale,misc.forsale,"Classify the following 20 Newsgroups document.
Choose exactly one label from this list:
- alt.atheism
- comp.graphics
- comp.os.ms-windows.misc
- comp.sys.ibm.pc.hardware
- comp.sys.mac.hardware
- comp.windows.x
- misc.forsale
- rec.autos
- rec.motorcycles
- rec.sport.baseball
- rec.sport.hockey
- sci.crypt
- sci.electronics
- sci.med
- sci.space
-"
286,3,comp.sys.ibm.pc.hardware,3,comp.sys.ibm.pc.hardware,comp.sys.ibm.pc.hardware,"Classify the following 20 Newsgroups document.
Choose exactly one label from this list:
- alt.atheism
- comp.graphics
- comp.os.ms-windows.misc
- comp.sys.ibm.pc.hardware
- comp.sys.mac.hardware
- comp.windows.x
- misc.forsale
- rec.autos
- rec.motorcycles
- rec.sport.baseball
- rec.sport.hockey
- sci.crypt
- sci.electronics
- sci.med
- sci.space
-"
287,15,soc.religion.christian,15,soc.religion.christian,soc.religion.christian,"Classify the following 20 Newsgroups document.
Choose exactly one label from this list:
- alt.atheism
- comp.graphics
- comp.os.ms-windows.misc
- comp.sys.ibm.pc.hardware
- comp.sys.mac.hardware
- comp.windows.x
- misc.forsale
- rec.autos
- rec.motorcycles
- rec.sport.baseball
- rec.sport.hockey
- sci.crypt
- sci.electronics
- sci.med
- sci.space
-"
288,7,rec.autos,7,rec.autos,rec.autos,"Classify the following 20 Newsgroups document.
Choose exactly one label from this list:
- alt.atheism
- comp.graphics
- comp.os.ms-windows.misc
- comp.sys.ibm.pc.hardware
- comp.sys.mac.hardware
- comp.windows.x
- misc.forsale
- rec.autos
- rec.motorcycles
- rec.sport.baseball
- rec.sport.hockey
- sci.crypt
- sci.electronics
- sci.med
- sci.space
-"
289,15,soc.religion.christian,15,soc.religion.christian,soc.religion.christian,"Classify the following 20 Newsgroups document.
Choose exactly one label from this list:
- alt.atheism
- comp.graphics
- comp.os.ms-windows.misc
- comp.sys.ibm.pc.hardware
- comp.sys.mac.hardware
- comp.windows.x
- misc.forsale
- rec.autos
- rec.motorcycles
- rec.sport.baseball
- rec.sport.hockey
- sci.crypt
- sci.electronics
- sci.med
- sci.space
-"
290,10,rec.sport.hockey,10,rec.sport.hockey,rec.sport.hockey,"Classify the following 20 Newsgroups document.
Choose exactly one label from this list:
- alt.atheism
- comp.graphics
- comp.os.ms-windows.misc
- comp.sys.ibm.pc.hardware
- comp.sys.mac.hardware
- comp.windows.x
- misc.forsale
- rec.autos
- rec.motorcycles
- rec.sport.baseball
- rec.sport.hockey
- sci.crypt
- sci.electronics
- sci.med
- sci.space
-"
291,8,rec.motorcycles,18,talk.politics.misc,talk.politics.misc,"Classify the following 20 Newsgroups document.
Choose exactly one label from this list:
- alt.atheism
- comp.graphics
- comp.os.ms-windows.misc
- comp.sys.ibm.pc.hardware
- comp.sys.mac.hardware
- comp.windows.x
- misc.forsale
- rec.autos
- rec.motorcycles
- rec.sport.baseball
- rec.sport.hockey
- sci.crypt
- sci.electronics
- sci.med
- sci.space
-"
292,4,comp.sys.mac.hardware,4,comp.sys.mac.hardware,comp.sys.mac.hardware,"Classify the following 20 Newsgroups document.
Choose exactly one label from this list:
- alt.atheism
- comp.graphics
- comp.os.ms-windows.misc
- comp.sys.ibm.pc.hardware
- comp.sys.mac.hardware
- comp.windows.x
- misc.forsale
- rec.autos
- rec.motorcycles
- rec.sport.baseball
- rec.sport.hockey
- sci.crypt
- sci.electronics
- sci.med
- sci.space
-"
293,9,rec.sport.baseball,9,rec.sport.baseball,rec.sport.baseball,"Classify the following 20 Newsgroups document.
Choose exactly one label from this list:
- alt.atheism
- comp.graphics
- comp.os.ms-windows.misc
- comp.sys.ibm.pc.hardware
- comp.sys.mac.hardware
- comp.windows.x
- misc.forsale
- rec.autos
- rec.motorcycles
- rec.sport.baseball
- rec.sport.hockey
- sci.crypt
- sci.electronics
- sci.med
- sci.space
-"
294,13,sci.med,13,sci.med,sci.med,"Classify the following 20 Newsgroups document.
Choose exactly one label from this list:
- alt.atheism
- comp.graphics
- comp.os.ms-windows.misc
- comp.sys.ibm.pc.hardware
- comp.sys.mac.hardware
- comp.windows.x
- misc.forsale
- rec.autos
- rec.motorcycles
- rec.sport.baseball
- rec.sport.hockey
- sci.crypt
- sci.electronics
- sci.med
- sci.space
-"
295,10,rec.sport.hockey,10,rec.sport.hockey,rec.sport.hockey,"Classify the following 20 Newsgroups document.
Choose exactly one label from this list:
- alt.atheism
- comp.graphics
- comp.os.ms-windows.misc
- comp.sys.ibm.pc.hardware
- comp.sys.mac.hardware
- comp.windows.x
- misc.forsale
- rec.autos
- rec.motorcycles
- rec.sport.baseball
- rec.sport.hockey
- sci.crypt
- sci.electronics
- sci.med
- sci.space
-"
296,0,alt.atheism,0,alt.atheism,alt.atheism,"Classify the following 20 Newsgroups document.
Choose exactly one label from this list:
- alt.atheism
- comp.graphics
- comp.os.ms-windows.misc
- comp.sys.ibm.pc.hardware
- comp.sys.mac.hardware
- comp.windows.x
- misc.forsale
- rec.autos
- rec.motorcycles
- rec.sport.baseball
- rec.sport.hockey
- sci.crypt
- sci.electronics
- sci.med
- sci.space
-"
297,15,soc.religion.christian,15,soc.religion.christian,soc.religion.christian,"Classify the following 20 Newsgroups document.
Choose exactly one label from this list:
- alt.atheism
- comp.graphics
- comp.os.ms-windows.misc
- comp.sys.ibm.pc.hardware
- comp.sys.mac.hardware
- comp.windows.x
- misc.forsale
- rec.autos
- rec.motorcycles
- rec.sport.baseball
- rec.sport.hockey
- sci.crypt
- sci.electronics
- sci.med
- sci.space
-"
298,6,misc.forsale,6,misc.forsale,misc.forsale,"Classify the following 20 Newsgroups document.
Choose exactly one label from this list:
- alt.atheism
- comp.graphics
- comp.os.ms-windows.misc
- comp.sys.ibm.pc.hardware
- comp.sys.mac.hardware
- comp.windows.x
- misc.forsale
- rec.autos
- rec.motorcycles
- rec.sport.baseball
- rec.sport.hockey
- sci.crypt
- sci.electronics
- sci.med
- sci.space
-"
299,19,talk.religion.misc,0,alt.atheism,alt.atheism,"Classify the following 20 Newsgroups document.
Choose exactly one label from this list:
- alt.atheism
- comp.graphics
- comp.os.ms-windows.misc
- comp.sys.ibm.pc.hardware
- comp.sys.mac.hardware
- comp.windows.x
- misc.forsale
- rec.autos
- rec.motorcycles
- rec.sport.baseball
- rec.sport.hockey
- sci.crypt
- sci.electronics
- sci.med
- sci.space
-"
300,5,comp.windows.x,5,comp.windows.x,comp.windows.x,"Classify the following 20 Newsgroups document.
Choose exactly one label from this list:
- alt.atheism
- comp.graphics
- comp.os.ms-windows.misc
- comp.sys.ibm.pc.hardware
- comp.sys.mac.hardware
- comp.windows.x
- misc.forsale
- rec.autos
- rec.motorcycles
- rec.sport.baseball
- rec.sport.hockey
- sci.crypt
- sci.electronics
- sci.med
- sci.space
-"
301,16,talk.politics.guns,16,talk.politics.guns,talk.politics.guns,"Classify the following 20 Newsgroups document.
Choose exactly one label from this list:
- alt.atheism
- comp.graphics
- comp.os.ms-windows.misc
- comp.sys.ibm.pc.hardware
- comp.sys.mac.hardware
- comp.windows.x
- misc.forsale
- rec.autos
- rec.motorcycles
- rec.sport.baseball
- rec.sport.hockey
- sci.crypt
- sci.electronics
- sci.med
- sci.space
-"
302,7,rec.autos,18,talk.politics.misc,talk.politics.misc,"Classify the following 20 Newsgroups document.
Choose exactly one label from this list:
- alt.atheism
- comp.graphics
- comp.os.ms-windows.misc
- comp.sys.ibm.pc.hardware
- comp.sys.mac.hardware
- comp.windows.x
- misc.forsale
- rec.autos
- rec.motorcycles
- rec.sport.baseball
- rec.sport.hockey
- sci.crypt
- sci.electronics
- sci.med
- sci.space
-"
303,17,talk.politics.mideast,17,talk.politics.mideast,talk.politics.mideast,"Classify the following 20 Newsgroups document.
Choose exactly one label from this list:
- alt.atheism
- comp.graphics
- comp.os.ms-windows.misc
- comp.sys.ibm.pc.hardware
- comp.sys.mac.hardware
- comp.windows.x
- misc.forsale
- rec.autos
- rec.motorcycles
- rec.sport.baseball
- rec.sport.hockey
- sci.crypt
- sci.electronics
- sci.med
- sci.space
-"
304,16,talk.politics.guns,16,talk.politics.guns,talk.politics.guns,"Classify the following 20 Newsgroups document.
Choose exactly one label from this list:
- alt.atheism
- comp.graphics
- comp.os.ms-windows.misc
- comp.sys.ibm.pc.hardware
- comp.sys.mac.hardware
- comp.windows.x
- misc.forsale
- rec.autos
- rec.motorcycles
- rec.sport.baseball
- rec.sport.hockey
- sci.crypt
- sci.electronics
- sci.med
- sci.space
-"
305,10,rec.sport.hockey,10,rec.sport.hockey,rec.sport.hockey,"Classify the following 20 Newsgroups document.
Choose exactly one label from this list:
- alt.atheism
- comp.graphics
- comp.os.ms-windows.misc
- comp.sys.ibm.pc.hardware
- comp.sys.mac.hardware
- comp.windows.x
- misc.forsale
- rec.autos
- rec.motorcycles
- rec.sport.baseball
- rec.sport.hockey
- sci.crypt
- sci.electronics
- sci.med
- sci.space
-"
306,6,misc.forsale,6,misc.forsale,misc.forsale,"Classify the following 20 Newsgroups document.
Choose exactly one label from this list:
- alt.atheism
- comp.graphics
- comp.os.ms-windows.misc
- comp.sys.ibm.pc.hardware
- comp.sys.mac.hardware
- comp.windows.x
- misc.forsale
- rec.autos
- rec.motorcycles
- rec.sport.baseball
- rec.sport.hockey
- sci.crypt
- sci.electronics
- sci.med
- sci.space
-"
307,4,comp.sys.mac.hardware,3,comp.sys.ibm.pc.hardware,comp.sys.ibm.pc.hardware,"Classify the following 20 Newsgroups document.
Choose exactly one label from this list:
- alt.atheism
- comp.graphics
- comp.os.ms-windows.misc
- comp.sys.ibm.pc.hardware
- comp.sys.mac.hardware
- comp.windows.x
- misc.forsale
- rec.autos
- rec.motorcycles
- rec.sport.baseball
- rec.sport.hockey
- sci.crypt
- sci.electronics
- sci.med
- sci.space
-"
308,10,rec.sport.hockey,10,rec.sport.hockey,rec.sport.hockey,"Classify the following 20 Newsgroups document.
Choose exactly one label from this list:
- alt.atheism
- comp.graphics
- comp.os.ms-windows.misc
- comp.sys.ibm.pc.hardware
- comp.sys.mac.hardware
- comp.windows.x
- misc.forsale
- rec.autos
- rec.motorcycles
- rec.sport.baseball
- rec.sport.hockey
- sci.crypt
- sci.electronics
- sci.med
- sci.space
-"
309,5,comp.windows.x,5,comp.windows.x,comp.windows.x,"Classify the following 20 Newsgroups document.
Choose exactly one label from this list:
- alt.atheism
- comp.graphics
- comp.os.ms-windows.misc
- comp.sys.ibm.pc.hardware
- comp.sys.mac.hardware
- comp.windows.x
- misc.forsale
- rec.autos
- rec.motorcycles
- rec.sport.baseball
- rec.sport.hockey
- sci.crypt
- sci.electronics
- sci.med
- sci.space
-"
310,4,comp.sys.mac.hardware,4,comp.sys.mac.hardware,comp.sys.mac.hardware,"Classify the following 20 Newsgroups document.
Choose exactly one label from this list:
- alt.atheism
- comp.graphics
- comp.os.ms-windows.misc
- comp.sys.ibm.pc.hardware
- comp.sys.mac.hardware
- comp.windows.x
- misc.forsale
- rec.autos
- rec.motorcycles
- rec.sport.baseball
- rec.sport.hockey
- sci.crypt
- sci.electronics
- sci.med
- sci.space
-"
311,0,alt.atheism,17,talk.politics.mideast,talk.politics.mideast,"Classify the following 20 Newsgroups document.
Choose exactly one label from this list:
- alt.atheism
- comp.graphics
- comp.os.ms-windows.misc
- comp.sys.ibm.pc.hardware
- comp.sys.mac.hardware
- comp.windows.x
- misc.forsale
- rec.autos
- rec.motorcycles
- rec.sport.baseball
- rec.sport.hockey
- sci.crypt
- sci.electronics
- sci.med
- sci.space
-"
312,8,rec.motorcycles,7,rec.autos,rec.autos,"Classify the following 20 Newsgroups document.
Choose exactly one label from this list:
- alt.atheism
- comp.graphics
- comp.os.ms-windows.misc
- comp.sys.ibm.pc.hardware
- comp.sys.mac.hardware
- comp.windows.x
- misc.forsale
- rec.autos
- rec.motorcycles
- rec.sport.baseball
- rec.sport.hockey
- sci.crypt
- sci.electronics
- sci.med
- sci.space
-"
313,9,rec.sport.baseball,2,comp.os.ms-windows.misc,comp.os.ms-windows.misc,"Classify the following 20 Newsgroups document.
Choose exactly one label from this list:
- alt.atheism
- comp.graphics
- comp.os.ms-windows.misc
- comp.sys.ibm.pc.hardware
- comp.sys.mac.hardware
- comp.windows.x
- misc.forsale
- rec.autos
- rec.motorcycles
- rec.sport.baseball
- rec.sport.hockey
- sci.crypt
- sci.electronics
- sci.med
- sci.space
-"
314,2,comp.os.ms-windows.misc,2,comp.os.ms-windows.misc,comp.os.ms-windows.misc,"Classify the following 20 Newsgroups document.
Choose exactly one label from this list:
- alt.atheism
- comp.graphics
- comp.os.ms-windows.misc
- comp.sys.ibm.pc.hardware
- comp.sys.mac.hardware
- comp.windows.x
- misc.forsale
- rec.autos
- rec.motorcycles
- rec.sport.baseball
- rec.sport.hockey
- sci.crypt
- sci.electronics
- sci.med
- sci.space
-"
315,13,sci.med,8,rec.motorcycles,rec.motorcycles,"Classify the following 20 Newsgroups document.
Choose exactly one label from this list:
- alt.atheism
- comp.graphics
- comp.os.ms-windows.misc
- comp.sys.ibm.pc.hardware
- comp.sys.mac.hardware
- comp.windows.x
- misc.forsale
- rec.autos
- rec.motorcycles
- rec.sport.baseball
- rec.sport.hockey
- sci.crypt
- sci.electronics
- sci.med
- sci.space
-"
316,4,comp.sys.mac.hardware,12,sci.electronics,sci.electronics,"Classify the following 20 Newsgroups document.
Choose exactly one label from this list:
- alt.atheism
- comp.graphics
- comp.os.ms-windows.misc
- comp.sys.ibm.pc.hardware
- comp.sys.mac.hardware
- comp.windows.x
- misc.forsale
- rec.autos
- rec.motorcycles
- rec.sport.baseball
- rec.sport.hockey
- sci.crypt
- sci.electronics
- sci.med
- sci.space
-"
317,8,rec.motorcycles,8,rec.motorcycles,rec.motorcycles,"Classify the following 20 Newsgroups document.
Choose exactly one label from this list:
- alt.atheism
- comp.graphics
- comp.os.ms-windows.misc
- comp.sys.ibm.pc.hardware
- comp.sys.mac.hardware
- comp.windows.x
- misc.forsale
- rec.autos
- rec.motorcycles
- rec.sport.baseball
- rec.sport.hockey
- sci.crypt
- sci.electronics
- sci.med
- sci.space
-"
318,5,comp.windows.x,5,comp.windows.x,comp.windows.x,"Classify the following 20 Newsgroups document.
Choose exactly one label from this list:
- alt.atheism
- comp.graphics
- comp.os.ms-windows.misc
- comp.sys.ibm.pc.hardware
- comp.sys.mac.hardware
- comp.windows.x
- misc.forsale
- rec.autos
- rec.motorcycles
- rec.sport.baseball
- rec.sport.hockey
- sci.crypt
- sci.electronics
- sci.med
- sci.space
-"
319,18,talk.politics.misc,18,talk.politics.misc,talk.politics.misc,"Classify the following 20 Newsgroups document.
Choose exactly one label from this list:
- alt.atheism
- comp.graphics
- comp.os.ms-windows.misc
- comp.sys.ibm.pc.hardware
- comp.sys.mac.hardware
- comp.windows.x
- misc.forsale
- rec.autos
- rec.motorcycles
- rec.sport.baseball
- rec.sport.hockey
- sci.crypt
- sci.electronics
- sci.med
- sci.space
-"
320,18,talk.politics.misc,16,talk.politics.guns,talk.politics.guns,"Classify the following 20 Newsgroups document.
Choose exactly one label from this list:
- alt.atheism
- comp.graphics
- comp.os.ms-windows.misc
- comp.sys.ibm.pc.hardware
- comp.sys.mac.hardware
- comp.windows.x
- misc.forsale
- rec.autos
- rec.motorcycles
- rec.sport.baseball
- rec.sport.hockey
- sci.crypt
- sci.electronics
- sci.med
- sci.space
-"
321,12,sci.electronics,12,sci.electronics,sci.electronics,"Classify the following 20 Newsgroups document.
Choose exactly one label from this list:
- alt.atheism
- comp.graphics
- comp.os.ms-windows.misc
- comp.sys.ibm.pc.hardware
- comp.sys.mac.hardware
- comp.windows.x
- misc.forsale
- rec.autos
- rec.motorcycles
- rec.sport.baseball
- rec.sport.hockey
- sci.crypt
- sci.electronics
- sci.med
- sci.space
-"
322,0,alt.atheism,0,alt.atheism,alt.atheism,"Classify the following 20 Newsgroups document.
Choose exactly one label from this list:
- alt.atheism
- comp.graphics
- comp.os.ms-windows.misc
- comp.sys.ibm.pc.hardware
- comp.sys.mac.hardware
- comp.windows.x
- misc.forsale
- rec.autos
- rec.motorcycles
- rec.sport.baseball
- rec.sport.hockey
- sci.crypt
- sci.electronics
- sci.med
- sci.space
-"
323,14,sci.space,14,sci.space,sci.space,"Classify the following 20 Newsgroups document.
Choose exactly one label from this list:
- alt.atheism
- comp.graphics
- comp.os.ms-windows.misc
- comp.sys.ibm.pc.hardware
- comp.sys.mac.hardware
- comp.windows.x
- misc.forsale
- rec.autos
- rec.motorcycles
- rec.sport.baseball
- rec.sport.hockey
- sci.crypt
- sci.electronics
- sci.med
- sci.space
-"
324,19,talk.religion.misc,16,talk.politics.guns,talk.politics.guns,"Classify the following 20 Newsgroups document.
Choose exactly one label from this list:
- alt.atheism
- comp.graphics
- comp.os.ms-windows.misc
- comp.sys.ibm.pc.hardware
- comp.sys.mac.hardware
- comp.windows.x
- misc.forsale
- rec.autos
- rec.motorcycles
- rec.sport.baseball
- rec.sport.hockey
- sci.crypt
- sci.electronics
- sci.med
- sci.space
-"
325,10,rec.sport.hockey,10,rec.sport.hockey,rec.sport.hockey,"Classify the following 20 Newsgroups document.
Choose exactly one label from this list:
- alt.atheism
- comp.graphics
- comp.os.ms-windows.misc
- comp.sys.ibm.pc.hardware
- comp.sys.mac.hardware
- comp.windows.x
- misc.forsale
- rec.autos
- rec.motorcycles
- rec.sport.baseball
- rec.sport.hockey
- sci.crypt
- sci.electronics
- sci.med
- sci.space
-"
326,4,comp.sys.mac.hardware,4,comp.sys.mac.hardware,comp.sys.mac.hardware,"Classify the following 20 Newsgroups document.
Choose exactly one label from this list:
- alt.atheism
- comp.graphics
- comp.os.ms-windows.misc
- comp.sys.ibm.pc.hardware
- comp.sys.mac.hardware
- comp.windows.x
- misc.forsale
- rec.autos
- rec.motorcycles
- rec.sport.baseball
- rec.sport.hockey
- sci.crypt
- sci.electronics
- sci.med
- sci.space
-"
327,14,sci.space,14,sci.space,sci.space,"Classify the following 20 Newsgroups document.
Choose exactly one label from this list:
- alt.atheism
- comp.graphics
- comp.os.ms-windows.misc
- comp.sys.ibm.pc.hardware
- comp.sys.mac.hardware
- comp.windows.x
- misc.forsale
- rec.autos
- rec.motorcycles
- rec.sport.baseball
- rec.sport.hockey
- sci.crypt
- sci.electronics
- sci.med
- sci.space
-"
328,15,soc.religion.christian,15,soc.religion.christian,soc.religion.christian,"Classify the following 20 Newsgroups document.
Choose exactly one label from this list:
- alt.atheism
- comp.graphics
- comp.os.ms-windows.misc
- comp.sys.ibm.pc.hardware
- comp.sys.mac.hardware
- comp.windows.x
- misc.forsale
- rec.autos
- rec.motorcycles
- rec.sport.baseball
- rec.sport.hockey
- sci.crypt
- sci.electronics
- sci.med
- sci.space
-"
329,3,comp.sys.ibm.pc.hardware,12,sci.electronics,sci.electronics,"Classify the following 20 Newsgroups document.
Choose exactly one label from this list:
- alt.atheism
- comp.graphics
- comp.os.ms-windows.misc
- comp.sys.ibm.pc.hardware
- comp.sys.mac.hardware
- comp.windows.x
- misc.forsale
- rec.autos
- rec.motorcycles
- rec.sport.baseball
- rec.sport.hockey
- sci.crypt
- sci.electronics
- sci.med
- sci.space
-"
330,16,talk.politics.guns,16,talk.politics.guns,talk.politics.guns,"Classify the following 20 Newsgroups document.
Choose exactly one label from this list:
- alt.atheism
- comp.graphics
- comp.os.ms-windows.misc
- comp.sys.ibm.pc.hardware
- comp.sys.mac.hardware
- comp.windows.x
- misc.forsale
- rec.autos
- rec.motorcycles
- rec.sport.baseball
- rec.sport.hockey
- sci.crypt
- sci.electronics
- sci.med
- sci.space
-"
331,11,sci.crypt,11,sci.crypt,sci.crypt,"Classify the following 20 Newsgroups document.
Choose exactly one label from this list:
- alt.atheism
- comp.graphics
- comp.os.ms-windows.misc
- comp.sys.ibm.pc.hardware
- comp.sys.mac.hardware
- comp.windows.x
- misc.forsale
- rec.autos
- rec.motorcycles
- rec.sport.baseball
- rec.sport.hockey
- sci.crypt
- sci.electronics
- sci.med
- sci.space
-"
332,14,sci.space,14,sci.space,sci.space,"Classify the following 20 Newsgroups document.
Choose exactly one label from this list:
- alt.atheism
- comp.graphics
- comp.os.ms-windows.misc
- comp.sys.ibm.pc.hardware
- comp.sys.mac.hardware
- comp.windows.x
- misc.forsale
- rec.autos
- rec.motorcycles
- rec.sport.baseball
- rec.sport.hockey
- sci.crypt
- sci.electronics
- sci.med
- sci.space
-"
333,13,sci.med,13,sci.med,sci.med,"Classify the following 20 Newsgroups document.
Choose exactly one label from this list:
- alt.atheism
- comp.graphics
- comp.os.ms-windows.misc
- comp.sys.ibm.pc.hardware
- comp.sys.mac.hardware
- comp.windows.x
- misc.forsale
- rec.autos
- rec.motorcycles
- rec.sport.baseball
- rec.sport.hockey
- sci.crypt
- sci.electronics
- sci.med
- sci.space
-"
334,3,comp.sys.ibm.pc.hardware,2,comp.os.ms-windows.misc,comp.os.ms-windows.misc,"Classify the following 20 Newsgroups document.
Choose exactly one label from this list:
- alt.atheism
- comp.graphics
- comp.os.ms-windows.misc
- comp.sys.ibm.pc.hardware
- comp.sys.mac.hardware
- comp.windows.x
- misc.forsale
- rec.autos
- rec.motorcycles
- rec.sport.baseball
- rec.sport.hockey
- sci.crypt
- sci.electronics
- sci.med
- sci.space
-"
335,10,rec.sport.hockey,10,rec.sport.hockey,rec.sport.hockey,"Classify the following 20 Newsgroups document.
Choose exactly one label from this list:
- alt.atheism
- comp.graphics
- comp.os.ms-windows.misc
- comp.sys.ibm.pc.hardware
- comp.sys.mac.hardware
- comp.windows.x
- misc.forsale
- rec.autos
- rec.motorcycles
- rec.sport.baseball
- rec.sport.hockey
- sci.crypt
- sci.electronics
- sci.med
- sci.space
-"
336,13,sci.med,13,sci.med,sci.med,"Classify the following 20 Newsgroups document.
Choose exactly one label from this list:
- alt.atheism
- comp.graphics
- comp.os.ms-windows.misc
- comp.sys.ibm.pc.hardware
- comp.sys.mac.hardware
- comp.windows.x
- misc.forsale
- rec.autos
- rec.motorcycles
- rec.sport.baseball
- rec.sport.hockey
- sci.crypt
- sci.electronics
- sci.med
- sci.space
-"
337,7,rec.autos,7,rec.autos,rec.autos,"Classify the following 20 Newsgroups document.
Choose exactly one label from this list:
- alt.atheism
- comp.graphics
- comp.os.ms-windows.misc
- comp.sys.ibm.pc.hardware
- comp.sys.mac.hardware
- comp.windows.x
- misc.forsale
- rec.autos
- rec.motorcycles
- rec.sport.baseball
- rec.sport.hockey
- sci.crypt
- sci.electronics
- sci.med
- sci.space
-"
338,13,sci.med,13,sci.med,sci.med,"Classify the following 20 Newsgroups document.
Choose exactly one label from this list:
- alt.atheism
- comp.graphics
- comp.os.ms-windows.misc
- comp.sys.ibm.pc.hardware
- comp.sys.mac.hardware
- comp.windows.x
- misc.forsale
- rec.autos
- rec.motorcycles
- rec.sport.baseball
- rec.sport.hockey
- sci.crypt
- sci.electronics
- sci.med
- sci.space
-"
339,18,talk.politics.misc,16,talk.politics.guns,talk.politics.guns,"Classify the following 20 Newsgroups document.
Choose exactly one label from this list:
- alt.atheism
- comp.graphics
- comp.os.ms-windows.misc
- comp.sys.ibm.pc.hardware
- comp.sys.mac.hardware
- comp.windows.x
- misc.forsale
- rec.autos
- rec.motorcycles
- rec.sport.baseball
- rec.sport.hockey
- sci.crypt
- sci.electronics
- sci.med
- sci.space
-"
340,6,misc.forsale,6,misc.forsale,misc.forsale,"Classify the following 20 Newsgroups document.
Choose exactly one label from this list:
- alt.atheism
- comp.graphics
- comp.os.ms-windows.misc
- comp.sys.ibm.pc.hardware
- comp.sys.mac.hardware
- comp.windows.x
- misc.forsale
- rec.autos
- rec.motorcycles
- rec.sport.baseball
- rec.sport.hockey
- sci.crypt
- sci.electronics
- sci.med
- sci.space
-"
341,15,soc.religion.christian,15,soc.religion.christian,soc.religion.christian,"Classify the following 20 Newsgroups document.
Choose exactly one label from this list:
- alt.atheism
- comp.graphics
- comp.os.ms-windows.misc
- comp.sys.ibm.pc.hardware
- comp.sys.mac.hardware
- comp.windows.x
- misc.forsale
- rec.autos
- rec.motorcycles
- rec.sport.baseball
- rec.sport.hockey
- sci.crypt
- sci.electronics
- sci.med
- sci.space
-"
342,10,rec.sport.hockey,10,rec.sport.hockey,rec.sport.hockey,"Classify the following 20 Newsgroups document.
Choose exactly one label from this list:
- alt.atheism
- comp.graphics
- comp.os.ms-windows.misc
- comp.sys.ibm.pc.hardware
- comp.sys.mac.hardware
- comp.windows.x
- misc.forsale
- rec.autos
- rec.motorcycles
- rec.sport.baseball
- rec.sport.hockey
- sci.crypt
- sci.electronics
- sci.med
- sci.space
-"
343,4,comp.sys.mac.hardware,4,comp.sys.mac.hardware,comp.sys.mac.hardware,"Classify the following 20 Newsgroups document.
Choose exactly one label from this list:
- alt.atheism
- comp.graphics
- comp.os.ms-windows.misc
- comp.sys.ibm.pc.hardware
- comp.sys.mac.hardware
- comp.windows.x
- misc.forsale
- rec.autos
- rec.motorcycles
- rec.sport.baseball
- rec.sport.hockey
- sci.crypt
- sci.electronics
- sci.med
- sci.space
-"
344,12,sci.electronics,12,sci.electronics,sci.electronics,"Classify the following 20 Newsgroups document.
Choose exactly one label from this list:
- alt.atheism
- comp.graphics
- comp.os.ms-windows.misc
- comp.sys.ibm.pc.hardware
- comp.sys.mac.hardware
- comp.windows.x
- misc.forsale
- rec.autos
- rec.motorcycles
- rec.sport.baseball
- rec.sport.hockey
- sci.crypt
- sci.electronics
- sci.med
- sci.space
-"
345,18,talk.politics.misc,16,talk.politics.guns,talk.politics.guns,"Classify the following 20 Newsgroups document.
Choose exactly one label from this list:
- alt.atheism
- comp.graphics
- comp.os.ms-windows.misc
- comp.sys.ibm.pc.hardware
- comp.sys.mac.hardware
- comp.windows.x
- misc.forsale
- rec.autos
- rec.motorcycles
- rec.sport.baseball
- rec.sport.hockey
- sci.crypt
- sci.electronics
- sci.med
- sci.space
-"
346,5,comp.windows.x,5,comp.windows.x,comp.windows.x,"Classify the following 20 Newsgroups document.
Choose exactly one label from this list:
- alt.atheism
- comp.graphics
- comp.os.ms-windows.misc
- comp.sys.ibm.pc.hardware
- comp.sys.mac.hardware
- comp.windows.x
- misc.forsale
- rec.autos
- rec.motorcycles
- rec.sport.baseball
- rec.sport.hockey
- sci.crypt
- sci.electronics
- sci.med
- sci.space
-"
347,11,sci.crypt,11,sci.crypt,sci.crypt,"Classify the following 20 Newsgroups document.
Choose exactly one label from this list:
- alt.atheism
- comp.graphics
- comp.os.ms-windows.misc
- comp.sys.ibm.pc.hardware
- comp.sys.mac.hardware
- comp.windows.x
- misc.forsale
- rec.autos
- rec.motorcycles
- rec.sport.baseball
- rec.sport.hockey
- sci.crypt
- sci.electronics
- sci.med
- sci.space
-"
348,3,comp.sys.ibm.pc.hardware,3,comp.sys.ibm.pc.hardware,comp.sys.ibm.pc.hardware,"Classify the following 20 Newsgroups document.
Choose exactly one label from this list:
- alt.atheism
- comp.graphics
- comp.os.ms-windows.misc
- comp.sys.ibm.pc.hardware
- comp.sys.mac.hardware
- comp.windows.x
- misc.forsale
- rec.autos
- rec.motorcycles
- rec.sport.baseball
- rec.sport.hockey
- sci.crypt
- sci.electronics
- sci.med
- sci.space
-"
349,7,rec.autos,7,rec.autos,rec.autos,"Classify the following 20 Newsgroups document.
Choose exactly one label from this list:
- alt.atheism
- comp.graphics
- comp.os.ms-windows.misc
- comp.sys.ibm.pc.hardware
- comp.sys.mac.hardware
- comp.windows.x
- misc.forsale
- rec.autos
- rec.motorcycles
- rec.sport.baseball
- rec.sport.hockey
- sci.crypt
- sci.electronics
- sci.med
- sci.space
-"
350,18,talk.politics.misc,18,talk.politics.misc,talk.politics.misc,"Classify the following 20 Newsgroups document.
Choose exactly one label from this list:
- alt.atheism
- comp.graphics
- comp.os.ms-windows.misc
- comp.sys.ibm.pc.hardware
- comp.sys.mac.hardware
- comp.windows.x
- misc.forsale
- rec.autos
- rec.motorcycles
- rec.sport.baseball
- rec.sport.hockey
- sci.crypt
- sci.electronics
- sci.med
- sci.space
-"
351,5,comp.windows.x,5,comp.windows.x,comp.windows.x,"Classify the following 20 Newsgroups document.
Choose exactly one label from this list:
- alt.atheism
- comp.graphics
- comp.os.ms-windows.misc
- comp.sys.ibm.pc.hardware
- comp.sys.mac.hardware
- comp.windows.x
- misc.forsale
- rec.autos
- rec.motorcycles
- rec.sport.baseball
- rec.sport.hockey
- sci.crypt
- sci.electronics
- sci.med
- sci.space
-"
352,15,soc.religion.christian,15,soc.religion.christian,soc.religion.christian,"Classify the following 20 Newsgroups document.
Choose exactly one label from this list:
- alt.atheism
- comp.graphics
- comp.os.ms-windows.misc
- comp.sys.ibm.pc.hardware
- comp.sys.mac.hardware
- comp.windows.x
- misc.forsale
- rec.autos
- rec.motorcycles
- rec.sport.baseball
- rec.sport.hockey
- sci.crypt
- sci.electronics
- sci.med
- sci.space
-"
353,8,rec.motorcycles,8,rec.motorcycles,rec.motorcycles,"Classify the following 20 Newsgroups document.
Choose exactly one label from this list:
- alt.atheism
- comp.graphics
- comp.os.ms-windows.misc
- comp.sys.ibm.pc.hardware
- comp.sys.mac.hardware
- comp.windows.x
- misc.forsale
- rec.autos
- rec.motorcycles
- rec.sport.baseball
- rec.sport.hockey
- sci.crypt
- sci.electronics
- sci.med
- sci.space
-"
354,14,sci.space,14,sci.space,sci.space,"Classify the following 20 Newsgroups document.
Choose exactly one label from this list:
- alt.atheism
- comp.graphics
- comp.os.ms-windows.misc
- comp.sys.ibm.pc.hardware
- comp.sys.mac.hardware
- comp.windows.x
- misc.forsale
- rec.autos
- rec.motorcycles
- rec.sport.baseball
- rec.sport.hockey
- sci.crypt
- sci.electronics
- sci.med
- sci.space
-"
355,7,rec.autos,7,rec.autos,rec.autos,"Classify the following 20 Newsgroups document.
Choose exactly one label from this list:
- alt.atheism
- comp.graphics
- comp.os.ms-windows.misc
- comp.sys.ibm.pc.hardware
- comp.sys.mac.hardware
- comp.windows.x
- misc.forsale
- rec.autos
- rec.motorcycles
- rec.sport.baseball
- rec.sport.hockey
- sci.crypt
- sci.electronics
- sci.med
- sci.space
-"
356,10,rec.sport.hockey,10,rec.sport.hockey,rec.sport.hockey,"Classify the following 20 Newsgroups document.
Choose exactly one label from this list:
- alt.atheism
- comp.graphics
- comp.os.ms-windows.misc
- comp.sys.ibm.pc.hardware
- comp.sys.mac.hardware
- comp.windows.x
- misc.forsale
- rec.autos
- rec.motorcycles
- rec.sport.baseball
- rec.sport.hockey
- sci.crypt
- sci.electronics
- sci.med
- sci.space
-"
357,5,comp.windows.x,5,comp.windows.x,comp.windows.x,"Classify the following 20 Newsgroups document.
Choose exactly one label from this list:
- alt.atheism
- comp.graphics
- comp.os.ms-windows.misc
- comp.sys.ibm.pc.hardware
- comp.sys.mac.hardware
- comp.windows.x
- misc.forsale
- rec.autos
- rec.motorcycles
- rec.sport.baseball
- rec.sport.hockey
- sci.crypt
- sci.electronics
- sci.med
- sci.space
-"
358,0,alt.atheism,0,alt.atheism,alt.atheism,"Classify the following 20 Newsgroups document.
Choose exactly one label from this list:
- alt.atheism
- comp.graphics
- comp.os.ms-windows.misc
- comp.sys.ibm.pc.hardware
- comp.sys.mac.hardware
- comp.windows.x
- misc.forsale
- rec.autos
- rec.motorcycles
- rec.sport.baseball
- rec.sport.hockey
- sci.crypt
- sci.electronics
- sci.med
- sci.space
-"
359,1,comp.graphics,1,comp.graphics,comp.graphics,"Classify the following 20 Newsgroups document.
Choose exactly one label from this list:
- alt.atheism
- comp.graphics
- comp.os.ms-windows.misc
- comp.sys.ibm.pc.hardware
- comp.sys.mac.hardware
- comp.windows.x
- misc.forsale
- rec.autos
- rec.motorcycles
- rec.sport.baseball
- rec.sport.hockey
- sci.crypt
- sci.electronics
- sci.med
- sci.space
-"
360,4,comp.sys.mac.hardware,4,comp.sys.mac.hardware,comp.sys.mac.hardware,"Classify the following 20 Newsgroups document.
Choose exactly one label from this list:
- alt.atheism
- comp.graphics
- comp.os.ms-windows.misc
- comp.sys.ibm.pc.hardware
- comp.sys.mac.hardware
- comp.windows.x
- misc.forsale
- rec.autos
- rec.motorcycles
- rec.sport.baseball
- rec.sport.hockey
- sci.crypt
- sci.electronics
- sci.med
- sci.space
-"
361,0,alt.atheism,0,alt.atheism,alt.atheism,"Classify the following 20 Newsgroups document.
Choose exactly one label from this list:
- alt.atheism
- comp.graphics
- comp.os.ms-windows.misc
- comp.sys.ibm.pc.hardware
- comp.sys.mac.hardware
- comp.windows.x
- misc.forsale
- rec.autos
- rec.motorcycles
- rec.sport.baseball
- rec.sport.hockey
- sci.crypt
- sci.electronics
- sci.med
- sci.space
-"
362,6,misc.forsale,6,misc.forsale,misc.forsale,"Classify the following 20 Newsgroups document.
Choose exactly one label from this list:
- alt.atheism
- comp.graphics
- comp.os.ms-windows.misc
- comp.sys.ibm.pc.hardware
- comp.sys.mac.hardware
- comp.windows.x
- misc.forsale
- rec.autos
- rec.motorcycles
- rec.sport.baseball
- rec.sport.hockey
- sci.crypt
- sci.electronics
- sci.med
- sci.space
-"
363,18,talk.politics.misc,18,talk.politics.misc,talk.politics.misc,"Classify the following 20 Newsgroups document.
Choose exactly one label from this list:
- alt.atheism
- comp.graphics
- comp.os.ms-windows.misc
- comp.sys.ibm.pc.hardware
- comp.sys.mac.hardware
- comp.windows.x
- misc.forsale
- rec.autos
- rec.motorcycles
- rec.sport.baseball
- rec.sport.hockey
- sci.crypt
- sci.electronics
- sci.med
- sci.space
-"
364,8,rec.motorcycles,8,rec.motorcycles,rec.motorcycles,"Classify the following 20 Newsgroups document.
Choose exactly one label from this list:
- alt.atheism
- comp.graphics
- comp.os.ms-windows.misc
- comp.sys.ibm.pc.hardware
- comp.sys.mac.hardware
- comp.windows.x
- misc.forsale
- rec.autos
- rec.motorcycles
- rec.sport.baseball
- rec.sport.hockey
- sci.crypt
- sci.electronics
- sci.med
- sci.space
-"
365,4,comp.sys.mac.hardware,5,comp.windows.x,comp.windows.x,"Classify the following 20 Newsgroups document.
Choose exactly one label from this list:
- alt.atheism
- comp.graphics
- comp.os.ms-windows.misc
- comp.sys.ibm.pc.hardware
- comp.sys.mac.hardware
- comp.windows.x
- misc.forsale
- rec.autos
- rec.motorcycles
- rec.sport.baseball
- rec.sport.hockey
- sci.crypt
- sci.electronics
- sci.med
- sci.space
-"
366,11,sci.crypt,11,sci.crypt,sci.crypt,"Classify the following 20 Newsgroups document.
Choose exactly one label from this list:
- alt.atheism
- comp.graphics
- comp.os.ms-windows.misc
- comp.sys.ibm.pc.hardware
- comp.sys.mac.hardware
- comp.windows.x
- misc.forsale
- rec.autos
- rec.motorcycles
- rec.sport.baseball
- rec.sport.hockey
- sci.crypt
- sci.electronics
- sci.med
- sci.space
-"
367,2,comp.os.ms-windows.misc,2,comp.os.ms-windows.misc,comp.os.ms-windows.misc,"Classify the following 20 Newsgroups document.
Choose exactly one label from this list:
- alt.atheism
- comp.graphics
- comp.os.ms-windows.misc
- comp.sys.ibm.pc.hardware
- comp.sys.mac.hardware
- comp.windows.x
- misc.forsale
- rec.autos
- rec.motorcycles
- rec.sport.baseball
- rec.sport.hockey
- sci.crypt
- sci.electronics
- sci.med
- sci.space
-"
368,14,sci.space,14,sci.space,sci.space,"Classify the following 20 Newsgroups document.
Choose exactly one label from this list:
- alt.atheism
- comp.graphics
- comp.os.ms-windows.misc
- comp.sys.ibm.pc.hardware
- comp.sys.mac.hardware
- comp.windows.x
- misc.forsale
- rec.autos
- rec.motorcycles
- rec.sport.baseball
- rec.sport.hockey
- sci.crypt
- sci.electronics
- sci.med
- sci.space
-"
369,6,misc.forsale,6,misc.forsale,misc.forsale,"Classify the following 20 Newsgroups document.
Choose exactly one label from this list:
- alt.atheism
- comp.graphics
- comp.os.ms-windows.misc
- comp.sys.ibm.pc.hardware
- comp.sys.mac.hardware
- comp.windows.x
- misc.forsale
- rec.autos
- rec.motorcycles
- rec.sport.baseball
- rec.sport.hockey
- sci.crypt
- sci.electronics
- sci.med
- sci.space
-"
370,17,talk.politics.mideast,18,talk.politics.misc,talk.politics.misc,"Classify the following 20 Newsgroups document.
Choose exactly one label from this list:
- alt.atheism
- comp.graphics
- comp.os.ms-windows.misc
- comp.sys.ibm.pc.hardware
- comp.sys.mac.hardware
- comp.windows.x
- misc.forsale
- rec.autos
- rec.motorcycles
- rec.sport.baseball
- rec.sport.hockey
- sci.crypt
- sci.electronics
- sci.med
- sci.space
-"
371,9,rec.sport.baseball,9,rec.sport.baseball,rec.sport.baseball,"Classify the following 20 Newsgroups document.
Choose exactly one label from this list:
- alt.atheism
- comp.graphics
- comp.os.ms-windows.misc
- comp.sys.ibm.pc.hardware
- comp.sys.mac.hardware
- comp.windows.x
- misc.forsale
- rec.autos
- rec.motorcycles
- rec.sport.baseball
- rec.sport.hockey
- sci.crypt
- sci.electronics
- sci.med
- sci.space
-"
372,10,rec.sport.hockey,10,rec.sport.hockey,rec.sport.hockey,"Classify the following 20 Newsgroups document.
Choose exactly one label from this list:
- alt.atheism
- comp.graphics
- comp.os.ms-windows.misc
- comp.sys.ibm.pc.hardware
- comp.sys.mac.hardware
- comp.windows.x
- misc.forsale
- rec.autos
- rec.motorcycles
- rec.sport.baseball
- rec.sport.hockey
- sci.crypt
- sci.electronics
- sci.med
- sci.space
-"
373,12,sci.electronics,12,sci.electronics,sci.electronics,"Classify the following 20 Newsgroups document.
Choose exactly one label from this list:
- alt.atheism
- comp.graphics
- comp.os.ms-windows.misc
- comp.sys.ibm.pc.hardware
- comp.sys.mac.hardware
- comp.windows.x
- misc.forsale
- rec.autos
- rec.motorcycles
- rec.sport.baseball
- rec.sport.hockey
- sci.crypt
- sci.electronics
- sci.med
- sci.space
-"
374,12,sci.electronics,9,rec.sport.baseball,rec.sport.baseball,"Classify the following 20 Newsgroups document.
Choose exactly one label from this list:
- alt.atheism
- comp.graphics
- comp.os.ms-windows.misc
- comp.sys.ibm.pc.hardware
- comp.sys.mac.hardware
- comp.windows.x
- misc.forsale
- rec.autos
- rec.motorcycles
- rec.sport.baseball
- rec.sport.hockey
- sci.crypt
- sci.electronics
- sci.med
- sci.space
-"
375,13,sci.med,13,sci.med,sci.med,"Classify the following 20 Newsgroups document.
Choose exactly one label from this list:
- alt.atheism
- comp.graphics
- comp.os.ms-windows.misc
- comp.sys.ibm.pc.hardware
- comp.sys.mac.hardware
- comp.windows.x
- misc.forsale
- rec.autos
- rec.motorcycles
- rec.sport.baseball
- rec.sport.hockey
- sci.crypt
- sci.electronics
- sci.med
- sci.space
-"
376,7,rec.autos,7,rec.autos,rec.autos,"Classify the following 20 Newsgroups document.
Choose exactly one label from this list:
- alt.atheism
- comp.graphics
- comp.os.ms-windows.misc
- comp.sys.ibm.pc.hardware
- comp.sys.mac.hardware
- comp.windows.x
- misc.forsale
- rec.autos
- rec.motorcycles
- rec.sport.baseball
- rec.sport.hockey
- sci.crypt
- sci.electronics
- sci.med
- sci.space
-"
377,6,misc.forsale,6,misc.forsale,misc.forsale,"Classify the following 20 Newsgroups document.
Choose exactly one label from this list:
- alt.atheism
- comp.graphics
- comp.os.ms-windows.misc
- comp.sys.ibm.pc.hardware
- comp.sys.mac.hardware
- comp.windows.x
- misc.forsale
- rec.autos
- rec.motorcycles
- rec.sport.baseball
- rec.sport.hockey
- sci.crypt
- sci.electronics
- sci.med
- sci.space
-"
378,18,talk.politics.misc,17,talk.politics.mideast,talk.politics.mideast,"Classify the following 20 Newsgroups document.
Choose exactly one label from this list:
- alt.atheism
- comp.graphics
- comp.os.ms-windows.misc
- comp.sys.ibm.pc.hardware
- comp.sys.mac.hardware
- comp.windows.x
- misc.forsale
- rec.autos
- rec.motorcycles
- rec.sport.baseball
- rec.sport.hockey
- sci.crypt
- sci.electronics
- sci.med
- sci.space
-"
379,15,soc.religion.christian,15,soc.religion.christian,soc.religion.christian,"Classify the following 20 Newsgroups document.
Choose exactly one label from this list:
- alt.atheism
- comp.graphics
- comp.os.ms-windows.misc
- comp.sys.ibm.pc.hardware
- comp.sys.mac.hardware
- comp.windows.x
- misc.forsale
- rec.autos
- rec.motorcycles
- rec.sport.baseball
- rec.sport.hockey
- sci.crypt
- sci.electronics
- sci.med
- sci.space
-"
380,4,comp.sys.mac.hardware,3,comp.sys.ibm.pc.hardware,comp.sys.ibm.pc.hardware,"Classify the following 20 Newsgroups document.
Choose exactly one label from this list:
- alt.atheism
- comp.graphics
- comp.os.ms-windows.misc
- comp.sys.ibm.pc.hardware
- comp.sys.mac.hardware
- comp.windows.x
- misc.forsale
- rec.autos
- rec.motorcycles
- rec.sport.baseball
- rec.sport.hockey
- sci.crypt
- sci.electronics
- sci.med
- sci.space
-"
381,11,sci.crypt,11,sci.crypt,sci.crypt,"Classify the following 20 Newsgroups document.
Choose exactly one label from this list:
- alt.atheism
- comp.graphics
- comp.os.ms-windows.misc
- comp.sys.ibm.pc.hardware
- comp.sys.mac.hardware
- comp.windows.x
- misc.forsale
- rec.autos
- rec.motorcycles
- rec.sport.baseball
- rec.sport.hockey
- sci.crypt
- sci.electronics
- sci.med
- sci.space
-"
382,7,rec.autos,7,rec.autos,rec.autos,"Classify the following 20 Newsgroups document.
Choose exactly one label from this list:
- alt.atheism
- comp.graphics
- comp.os.ms-windows.misc
- comp.sys.ibm.pc.hardware
- comp.sys.mac.hardware
- comp.windows.x
- misc.forsale
- rec.autos
- rec.motorcycles
- rec.sport.baseball
- rec.sport.hockey
- sci.crypt
- sci.electronics
- sci.med
- sci.space
-"
383,11,sci.crypt,11,sci.crypt,sci.crypt,"Classify the following 20 Newsgroups document.
Choose exactly one label from this list:
- alt.atheism
- comp.graphics
- comp.os.ms-windows.misc
- comp.sys.ibm.pc.hardware
- comp.sys.mac.hardware
- comp.windows.x
- misc.forsale
- rec.autos
- rec.motorcycles
- rec.sport.baseball
- rec.sport.hockey
- sci.crypt
- sci.electronics
- sci.med
- sci.space
-"
384,4,comp.sys.mac.hardware,4,comp.sys.mac.hardware,comp.sys.mac.hardware,"Classify the following 20 Newsgroups document.
Choose exactly one label from this list:
- alt.atheism
- comp.graphics
- comp.os.ms-windows.misc
- comp.sys.ibm.pc.hardware
- comp.sys.mac.hardware
- comp.windows.x
- misc.forsale
- rec.autos
- rec.motorcycles
- rec.sport.baseball
- rec.sport.hockey
- sci.crypt
- sci.electronics
- sci.med
- sci.space
-"
385,14,sci.space,12,sci.electronics,sci.electronics,"Classify the following 20 Newsgroups document.
Choose exactly one label from this list:
- alt.atheism
- comp.graphics
- comp.os.ms-windows.misc
- comp.sys.ibm.pc.hardware
- comp.sys.mac.hardware
- comp.windows.x
- misc.forsale
- rec.autos
- rec.motorcycles
- rec.sport.baseball
- rec.sport.hockey
- sci.crypt
- sci.electronics
- sci.med
- sci.space
-"
386,9,rec.sport.baseball,9,rec.sport.baseball,rec.sport.baseball,"Classify the following 20 Newsgroups document.
Choose exactly one label from this list:
- alt.atheism
- comp.graphics
- comp.os.ms-windows.misc
- comp.sys.ibm.pc.hardware
- comp.sys.mac.hardware
- comp.windows.x
- misc.forsale
- rec.autos
- rec.motorcycles
- rec.sport.baseball
- rec.sport.hockey
- sci.crypt
- sci.electronics
- sci.med
- sci.space
-"
387,8,rec.motorcycles,8,rec.motorcycles,rec.motorcycles,"Classify the following 20 Newsgroups document.
Choose exactly one label from this list:
- alt.atheism
- comp.graphics
- comp.os.ms-windows.misc
- comp.sys.ibm.pc.hardware
- comp.sys.mac.hardware
- comp.windows.x
- misc.forsale
- rec.autos
- rec.motorcycles
- rec.sport.baseball
- rec.sport.hockey
- sci.crypt
- sci.electronics
- sci.med
- sci.space
-"
388,12,sci.electronics,2,comp.os.ms-windows.misc,comp.os.ms-windows.misc,"Classify the following 20 Newsgroups document.
Choose exactly one label from this list:
- alt.atheism
- comp.graphics
- comp.os.ms-windows.misc
- comp.sys.ibm.pc.hardware
- comp.sys.mac.hardware
- comp.windows.x
- misc.forsale
- rec.autos
- rec.motorcycles
- rec.sport.baseball
- rec.sport.hockey
- sci.crypt
- sci.electronics
- sci.med
- sci.space
-"
389,3,comp.sys.ibm.pc.hardware,3,comp.sys.ibm.pc.hardware,comp.sys.ibm.pc.hardware,"Classify the following 20 Newsgroups document.
Choose exactly one label from this list:
- alt.atheism
- comp.graphics
- comp.os.ms-windows.misc
- comp.sys.ibm.pc.hardware
- comp.sys.mac.hardware
- comp.windows.x
- misc.forsale
- rec.autos
- rec.motorcycles
- rec.sport.baseball
- rec.sport.hockey
- sci.crypt
- sci.electronics
- sci.med
- sci.space
-"
390,12,sci.electronics,12,sci.electronics,sci.electronics,"Classify the following 20 Newsgroups document.
Choose exactly one label from this list:
- alt.atheism
- comp.graphics
- comp.os.ms-windows.misc
- comp.sys.ibm.pc.hardware
- comp.sys.mac.hardware
- comp.windows.x
- misc.forsale
- rec.autos
- rec.motorcycles
- rec.sport.baseball
- rec.sport.hockey
- sci.crypt
- sci.electronics
- sci.med
- sci.space
-"
391,4,comp.sys.mac.hardware,4,comp.sys.mac.hardware,comp.sys.mac.hardware,"Classify the following 20 Newsgroups document.
Choose exactly one label from this list:
- alt.atheism
- comp.graphics
- comp.os.ms-windows.misc
- comp.sys.ibm.pc.hardware
- comp.sys.mac.hardware
- comp.windows.x
- misc.forsale
- rec.autos
- rec.motorcycles
- rec.sport.baseball
- rec.sport.hockey
- sci.crypt
- sci.electronics
- sci.med
- sci.space
-"
392,0,alt.atheism,9,rec.sport.baseball,rec.sport.baseball,"Classify the following 20 Newsgroups document.
Choose exactly one label from this list:
- alt.atheism
- comp.graphics
- comp.os.ms-windows.misc
- comp.sys.ibm.pc.hardware
- comp.sys.mac.hardware
- comp.windows.x
- misc.forsale
- rec.autos
- rec.motorcycles
- rec.sport.baseball
- rec.sport.hockey
- sci.crypt
- sci.electronics
- sci.med
- sci.space
-"
393,18,talk.politics.misc,18,talk.politics.misc,talk.politics.misc,"Classify the following 20 Newsgroups document.
Choose exactly one label from this list:
- alt.atheism
- comp.graphics
- comp.os.ms-windows.misc
- comp.sys.ibm.pc.hardware
- comp.sys.mac.hardware
- comp.windows.x
- misc.forsale
- rec.autos
- rec.motorcycles
- rec.sport.baseball
- rec.sport.hockey
- sci.crypt
- sci.electronics
- sci.med
- sci.space
-"
394,2,comp.os.ms-windows.misc,2,comp.os.ms-windows.misc,comp.os.ms-windows.misc,"Classify the following 20 Newsgroups document.
Choose exactly one label from this list:
- alt.atheism
- comp.graphics
- comp.os.ms-windows.misc
- comp.sys.ibm.pc.hardware
- comp.sys.mac.hardware
- comp.windows.x
- misc.forsale
- rec.autos
- rec.motorcycles
- rec.sport.baseball
- rec.sport.hockey
- sci.crypt
- sci.electronics
- sci.med
- sci.space
-"
395,16,talk.politics.guns,16,talk.politics.guns,talk.politics.guns,"Classify the following 20 Newsgroups document.
Choose exactly one label from this list:
- alt.atheism
- comp.graphics
- comp.os.ms-windows.misc
- comp.sys.ibm.pc.hardware
- comp.sys.mac.hardware
- comp.windows.x
- misc.forsale
- rec.autos
- rec.motorcycles
- rec.sport.baseball
- rec.sport.hockey
- sci.crypt
- sci.electronics
- sci.med
- sci.space
-"
396,3,comp.sys.ibm.pc.hardware,3,comp.sys.ibm.pc.hardware,comp.sys.ibm.pc.hardware,"Classify the following 20 Newsgroups document.
Choose exactly one label from this list:
- alt.atheism
- comp.graphics
- comp.os.ms-windows.misc
- comp.sys.ibm.pc.hardware
- comp.sys.mac.hardware
- comp.windows.x
- misc.forsale
- rec.autos
- rec.motorcycles
- rec.sport.baseball
- rec.sport.hockey
- sci.crypt
- sci.electronics
- sci.med
- sci.space
-"
397,8,rec.motorcycles,8,rec.motorcycles,rec.motorcycles,"Classify the following 20 Newsgroups document.
Choose exactly one label from this list:
- alt.atheism
- comp.graphics
- comp.os.ms-windows.misc
- comp.sys.ibm.pc.hardware
- comp.sys.mac.hardware
- comp.windows.x
- misc.forsale
- rec.autos
- rec.motorcycles
- rec.sport.baseball
- rec.sport.hockey
- sci.crypt
- sci.electronics
- sci.med
- sci.space
-"
398,12,sci.electronics,12,sci.electronics,sci.electronics,"Classify the following 20 Newsgroups document.
Choose exactly one label from this list:
- alt.atheism
- comp.graphics
- comp.os.ms-windows.misc
- comp.sys.ibm.pc.hardware
- comp.sys.mac.hardware
- comp.windows.x
- misc.forsale
- rec.autos
- rec.motorcycles
- rec.sport.baseball
- rec.sport.hockey
- sci.crypt
- sci.electronics
- sci.med
- sci.space
-"
399,2,comp.os.ms-windows.misc,2,comp.os.ms-windows.misc,comp.os.ms-windows.misc,"Classify the following 20 Newsgroups document.
Choose exactly one label from this list:
- alt.atheism
- comp.graphics
- comp.os.ms-windows.misc
- comp.sys.ibm.pc.hardware
- comp.sys.mac.hardware
- comp.windows.x
- misc.forsale
- rec.autos
- rec.motorcycles
- rec.sport.baseball
- rec.sport.hockey
- sci.crypt
- sci.electronics
- sci.med
- sci.space
-"
400,3,comp.sys.ibm.pc.hardware,3,comp.sys.ibm.pc.hardware,comp.sys.ibm.pc.hardware,"Classify the following 20 Newsgroups document.
Choose exactly one label from this list:
- alt.atheism
- comp.graphics
- comp.os.ms-windows.misc
- comp.sys.ibm.pc.hardware
- comp.sys.mac.hardware
- comp.windows.x
- misc.forsale
- rec.autos
- rec.motorcycles
- rec.sport.baseball
- rec.sport.hockey
- sci.crypt
- sci.electronics
- sci.med
- sci.space
-"
401,9,rec.sport.baseball,17,talk.politics.mideast,talk.politics.mideast,"Classify the following 20 Newsgroups document.
Choose exactly one label from this list:
- alt.atheism
- comp.graphics
- comp.os.ms-windows.misc
- comp.sys.ibm.pc.hardware
- comp.sys.mac.hardware
- comp.windows.x
- misc.forsale
- rec.autos
- rec.motorcycles
- rec.sport.baseball
- rec.sport.hockey
- sci.crypt
- sci.electronics
- sci.med
- sci.space
-"
402,5,comp.windows.x,5,comp.windows.x,comp.windows.x,"Classify the following 20 Newsgroups document.
Choose exactly one label from this list:
- alt.atheism
- comp.graphics
- comp.os.ms-windows.misc
- comp.sys.ibm.pc.hardware
- comp.sys.mac.hardware
- comp.windows.x
- misc.forsale
- rec.autos
- rec.motorcycles
- rec.sport.baseball
- rec.sport.hockey
- sci.crypt
- sci.electronics
- sci.med
- sci.space
-"
403,7,rec.autos,7,rec.autos,rec.autos,"Classify the following 20 Newsgroups document.
Choose exactly one label from this list:
- alt.atheism
- comp.graphics
- comp.os.ms-windows.misc
- comp.sys.ibm.pc.hardware
- comp.sys.mac.hardware
- comp.windows.x
- misc.forsale
- rec.autos
- rec.motorcycles
- rec.sport.baseball
- rec.sport.hockey
- sci.crypt
- sci.electronics
- sci.med
- sci.space
-"
404,19,talk.religion.misc,0,alt.atheism,alt.atheism,"Classify the following 20 Newsgroups document.
Choose exactly one label from this list:
- alt.atheism
- comp.graphics
- comp.os.ms-windows.misc
- comp.sys.ibm.pc.hardware
- comp.sys.mac.hardware
- comp.windows.x
- misc.forsale
- rec.autos
- rec.motorcycles
- rec.sport.baseball
- rec.sport.hockey
- sci.crypt
- sci.electronics
- sci.med
- sci.space
-"
405,13,sci.med,13,sci.med,sci.med,"Classify the following 20 Newsgroups document.
Choose exactly one label from this list:
- alt.atheism
- comp.graphics
- comp.os.ms-windows.misc
- comp.sys.ibm.pc.hardware
- comp.sys.mac.hardware
- comp.windows.x
- misc.forsale
- rec.autos
- rec.motorcycles
- rec.sport.baseball
- rec.sport.hockey
- sci.crypt
- sci.electronics
- sci.med
- sci.space
-"
406,12,sci.electronics,12,sci.electronics,sci.electronics,"Classify the following 20 Newsgroups document.
Choose exactly one label from this list:
- alt.atheism
- comp.graphics
- comp.os.ms-windows.misc
- comp.sys.ibm.pc.hardware
- comp.sys.mac.hardware
- comp.windows.x
- misc.forsale
- rec.autos
- rec.motorcycles
- rec.sport.baseball
- rec.sport.hockey
- sci.crypt
- sci.electronics
- sci.med
- sci.space
-"
407,11,sci.crypt,11,sci.crypt,sci.crypt,"Classify the following 20 Newsgroups document.
Choose exactly one label from this list:
- alt.atheism
- comp.graphics
- comp.os.ms-windows.misc
- comp.sys.ibm.pc.hardware
- comp.sys.mac.hardware
- comp.windows.x
- misc.forsale
- rec.autos
- rec.motorcycles
- rec.sport.baseball
- rec.sport.hockey
- sci.crypt
- sci.electronics
- sci.med
- sci.space
-"
408,15,soc.religion.christian,15,soc.religion.christian,soc.religion.christian,"Classify the following 20 Newsgroups document.
Choose exactly one label from this list:
- alt.atheism
- comp.graphics
- comp.os.ms-windows.misc
- comp.sys.ibm.pc.hardware
- comp.sys.mac.hardware
- comp.windows.x
- misc.forsale
- rec.autos
- rec.motorcycles
- rec.sport.baseball
- rec.sport.hockey
- sci.crypt
- sci.electronics
- sci.med
- sci.space
-"
409,6,misc.forsale,6,misc.forsale,misc.forsale,"Classify the following 20 Newsgroups document.
Choose exactly one label from this list:
- alt.atheism
- comp.graphics
- comp.os.ms-windows.misc
- comp.sys.ibm.pc.hardware
- comp.sys.mac.hardware
- comp.windows.x
- misc.forsale
- rec.autos
- rec.motorcycles
- rec.sport.baseball
- rec.sport.hockey
- sci.crypt
- sci.electronics
- sci.med
- sci.space
-"
410,10,rec.sport.hockey,10,rec.sport.hockey,rec.sport.hockey,"Classify the following 20 Newsgroups document.
Choose exactly one label from this list:
- alt.atheism
- comp.graphics
- comp.os.ms-windows.misc
- comp.sys.ibm.pc.hardware
- comp.sys.mac.hardware
- comp.windows.x
- misc.forsale
- rec.autos
- rec.motorcycles
- rec.sport.baseball
- rec.sport.hockey
- sci.crypt
- sci.electronics
- sci.med
- sci.space
-"
411,11,sci.crypt,18,talk.politics.misc,talk.politics.misc,"Classify the following 20 Newsgroups document.
Choose exactly one label from this list:
- alt.atheism
- comp.graphics
- comp.os.ms-windows.misc
- comp.sys.ibm.pc.hardware
- comp.sys.mac.hardware
- comp.windows.x
- misc.forsale
- rec.autos
- rec.motorcycles
- rec.sport.baseball
- rec.sport.hockey
- sci.crypt
- sci.electronics
- sci.med
- sci.space
-"
412,19,talk.religion.misc,15,soc.religion.christian,soc.religion.christian,"Classify the following 20 Newsgroups document.
Choose exactly one label from this list:
- alt.atheism
- comp.graphics
- comp.os.ms-windows.misc
- comp.sys.ibm.pc.hardware
- comp.sys.mac.hardware
- comp.windows.x
- misc.forsale
- rec.autos
- rec.motorcycles
- rec.sport.baseball
- rec.sport.hockey
- sci.crypt
- sci.electronics
- sci.med
- sci.space
-"
413,9,rec.sport.baseball,9,rec.sport.baseball,rec.sport.baseball,"Classify the following 20 Newsgroups document.
Choose exactly one label from this list:
- alt.atheism
- comp.graphics
- comp.os.ms-windows.misc
- comp.sys.ibm.pc.hardware
- comp.sys.mac.hardware
- comp.windows.x
- misc.forsale
- rec.autos
- rec.motorcycles
- rec.sport.baseball
- rec.sport.hockey
- sci.crypt
- sci.electronics
- sci.med
- sci.space
-"
414,3,comp.sys.ibm.pc.hardware,3,comp.sys.ibm.pc.hardware,comp.sys.ibm.pc.hardware,"Classify the following 20 Newsgroups document.
Choose exactly one label from this list:
- alt.atheism
- comp.graphics
- comp.os.ms-windows.misc
- comp.sys.ibm.pc.hardware
- comp.sys.mac.hardware
- comp.windows.x
- misc.forsale
- rec.autos
- rec.motorcycles
- rec.sport.baseball
- rec.sport.hockey
- sci.crypt
- sci.electronics
- sci.med
- sci.space
-"
415,1,comp.graphics,1,comp.graphics,comp.graphics,"Classify the following 20 Newsgroups document.
Choose exactly one label from this list:
- alt.atheism
- comp.graphics
- comp.os.ms-windows.misc
- comp.sys.ibm.pc.hardware
- comp.sys.mac.hardware
- comp.windows.x
- misc.forsale
- rec.autos
- rec.motorcycles
- rec.sport.baseball
- rec.sport.hockey
- sci.crypt
- sci.electronics
- sci.med
- sci.space
-"
416,1,comp.graphics,11,sci.crypt,sci.crypt,"Classify the following 20 Newsgroups document.
Choose exactly one label from this list:
- alt.atheism
- comp.graphics
- comp.os.ms-windows.misc
- comp.sys.ibm.pc.hardware
- comp.sys.mac.hardware
- comp.windows.x
- misc.forsale
- rec.autos
- rec.motorcycles
- rec.sport.baseball
- rec.sport.hockey
- sci.crypt
- sci.electronics
- sci.med
- sci.space
-"
417,0,alt.atheism,17,talk.politics.mideast,talk.politics.mideast,"Classify the following 20 Newsgroups document.
Choose exactly one label from this list:
- alt.atheism
- comp.graphics
- comp.os.ms-windows.misc
- comp.sys.ibm.pc.hardware
- comp.sys.mac.hardware
- comp.windows.x
- misc.forsale
- rec.autos
- rec.motorcycles
- rec.sport.baseball
- rec.sport.hockey
- sci.crypt
- sci.electronics
- sci.med
- sci.space
-"
418,5,comp.windows.x,5,comp.windows.x,comp.windows.x,"Classify the following 20 Newsgroups document.
Choose exactly one label from this list:
- alt.atheism
- comp.graphics
- comp.os.ms-windows.misc
- comp.sys.ibm.pc.hardware
- comp.sys.mac.hardware
- comp.windows.x
- misc.forsale
- rec.autos
- rec.motorcycles
- rec.sport.baseball
- rec.sport.hockey
- sci.crypt
- sci.electronics
- sci.med
- sci.space
-"
419,3,comp.sys.ibm.pc.hardware,3,comp.sys.ibm.pc.hardware,comp.sys.ibm.pc.hardware,"Classify the following 20 Newsgroups document.
Choose exactly one label from this list:
- alt.atheism
- comp.graphics
- comp.os.ms-windows.misc
- comp.sys.ibm.pc.hardware
- comp.sys.mac.hardware
- comp.windows.x
- misc.forsale
- rec.autos
- rec.motorcycles
- rec.sport.baseball
- rec.sport.hockey
- sci.crypt
- sci.electronics
- sci.med
- sci.space
-"
420,8,rec.motorcycles,8,rec.motorcycles,rec.motorcycles,"Classify the following 20 Newsgroups document.
Choose exactly one label from this list:
- alt.atheism
- comp.graphics
- comp.os.ms-windows.misc
- comp.sys.ibm.pc.hardware
- comp.sys.mac.hardware
- comp.windows.x
- misc.forsale
- rec.autos
- rec.motorcycles
- rec.sport.baseball
- rec.sport.hockey
- sci.crypt
- sci.electronics
- sci.med
- sci.space
-"
421,18,talk.politics.misc,16,talk.politics.guns,talk.politics.guns,"Classify the following 20 Newsgroups document.
Choose exactly one label from this list:
- alt.atheism
- comp.graphics
- comp.os.ms-windows.misc
- comp.sys.ibm.pc.hardware
- comp.sys.mac.hardware
- comp.windows.x
- misc.forsale
- rec.autos
- rec.motorcycles
- rec.sport.baseball
- rec.sport.hockey
- sci.crypt
- sci.electronics
- sci.med
- sci.space
-"
422,2,comp.os.ms-windows.misc,2,comp.os.ms-windows.misc,comp.os.ms-windows.misc,"Classify the following 20 Newsgroups document.
Choose exactly one label from this list:
- alt.atheism
- comp.graphics
- comp.os.ms-windows.misc
- comp.sys.ibm.pc.hardware
- comp.sys.mac.hardware
- comp.windows.x
- misc.forsale
- rec.autos
- rec.motorcycles
- rec.sport.baseball
- rec.sport.hockey
- sci.crypt
- sci.electronics
- sci.med
- sci.space
-"
423,8,rec.motorcycles,8,rec.motorcycles,rec.motorcycles,"Classify the following 20 Newsgroups document.
Choose exactly one label from this list:
- alt.atheism
- comp.graphics
- comp.os.ms-windows.misc
- comp.sys.ibm.pc.hardware
- comp.sys.mac.hardware
- comp.windows.x
- misc.forsale
- rec.autos
- rec.motorcycles
- rec.sport.baseball
- rec.sport.hockey
- sci.crypt
- sci.electronics
- sci.med
- sci.space
-"
424,13,sci.med,13,sci.med,sci.med,"Classify the following 20 Newsgroups document.
Choose exactly one label from this list:
- alt.atheism
- comp.graphics
- comp.os.ms-windows.misc
- comp.sys.ibm.pc.hardware
- comp.sys.mac.hardware
- comp.windows.x
- misc.forsale
- rec.autos
- rec.motorcycles
- rec.sport.baseball
- rec.sport.hockey
- sci.crypt
- sci.electronics
- sci.med
- sci.space
-"
425,19,talk.religion.misc,18,talk.politics.misc,talk.politics.misc,"Classify the following 20 Newsgroups document.
Choose exactly one label from this list:
- alt.atheism
- comp.graphics
- comp.os.ms-windows.misc
- comp.sys.ibm.pc.hardware
- comp.sys.mac.hardware
- comp.windows.x
- misc.forsale
- rec.autos
- rec.motorcycles
- rec.sport.baseball
- rec.sport.hockey
- sci.crypt
- sci.electronics
- sci.med
- sci.space
-"
426,3,comp.sys.ibm.pc.hardware,11,sci.crypt,sci.crypt,"Classify the following 20 Newsgroups document.
Choose exactly one label from this list:
- alt.atheism
- comp.graphics
- comp.os.ms-windows.misc
- comp.sys.ibm.pc.hardware
- comp.sys.mac.hardware
- comp.windows.x
- misc.forsale
- rec.autos
- rec.motorcycles
- rec.sport.baseball
- rec.sport.hockey
- sci.crypt
- sci.electronics
- sci.med
- sci.space
-"
427,5,comp.windows.x,5,comp.windows.x,comp.windows.x,"Classify the following 20 Newsgroups document.
Choose exactly one label from this list:
- alt.atheism
- comp.graphics
- comp.os.ms-windows.misc
- comp.sys.ibm.pc.hardware
- comp.sys.mac.hardware
- comp.windows.x
- misc.forsale
- rec.autos
- rec.motorcycles
- rec.sport.baseball
- rec.sport.hockey
- sci.crypt
- sci.electronics
- sci.med
- sci.space
-"
428,3,comp.sys.ibm.pc.hardware,3,comp.sys.ibm.pc.hardware,comp.sys.ibm.pc.hardware,"Classify the following 20 Newsgroups document.
Choose exactly one label from this list:
- alt.atheism
- comp.graphics
- comp.os.ms-windows.misc
- comp.sys.ibm.pc.hardware
- comp.sys.mac.hardware
- comp.windows.x
- misc.forsale
- rec.autos
- rec.motorcycles
- rec.sport.baseball
- rec.sport.hockey
- sci.crypt
- sci.electronics
- sci.med
- sci.space
-"
429,14,sci.space,14,sci.space,sci.space,"Classify the following 20 Newsgroups document.
Choose exactly one label from this list:
- alt.atheism
- comp.graphics
- comp.os.ms-windows.misc
- comp.sys.ibm.pc.hardware
- comp.sys.mac.hardware
- comp.windows.x
- misc.forsale
- rec.autos
- rec.motorcycles
- rec.sport.baseball
- rec.sport.hockey
- sci.crypt
- sci.electronics
- sci.med
- sci.space
-"
430,17,talk.politics.mideast,17,talk.politics.mideast,talk.politics.mideast,"Classify the following 20 Newsgroups document.
Choose exactly one label from this list:
- alt.atheism
- comp.graphics
- comp.os.ms-windows.misc
- comp.sys.ibm.pc.hardware
- comp.sys.mac.hardware
- comp.windows.x
- misc.forsale
- rec.autos
- rec.motorcycles
- rec.sport.baseball
- rec.sport.hockey
- sci.crypt
- sci.electronics
- sci.med
- sci.space
-"
431,9,rec.sport.baseball,9,rec.sport.baseball,rec.sport.baseball,"Classify the following 20 Newsgroups document.
Choose exactly one label from this list:
- alt.atheism
- comp.graphics
- comp.os.ms-windows.misc
- comp.sys.ibm.pc.hardware
- comp.sys.mac.hardware
- comp.windows.x
- misc.forsale
- rec.autos
- rec.motorcycles
- rec.sport.baseball
- rec.sport.hockey
- sci.crypt
- sci.electronics
- sci.med
- sci.space
-"
432,15,soc.religion.christian,15,soc.religion.christian,soc.religion.christian,"Classify the following 20 Newsgroups document.
Choose exactly one label from this list:
- alt.atheism
- comp.graphics
- comp.os.ms-windows.misc
- comp.sys.ibm.pc.hardware
- comp.sys.mac.hardware
- comp.windows.x
- misc.forsale
- rec.autos
- rec.motorcycles
- rec.sport.baseball
- rec.sport.hockey
- sci.crypt
- sci.electronics
- sci.med
- sci.space
-"
433,18,talk.politics.misc,0,alt.atheism,alt.atheism,"Classify the following 20 Newsgroups document.
Choose exactly one label from this list:
- alt.atheism
- comp.graphics
- comp.os.ms-windows.misc
- comp.sys.ibm.pc.hardware
- comp.sys.mac.hardware
- comp.windows.x
- misc.forsale
- rec.autos
- rec.motorcycles
- rec.sport.baseball
- rec.sport.hockey
- sci.crypt
- sci.electronics
- sci.med
- sci.space
-"
434,9,rec.sport.baseball,9,rec.sport.baseball,rec.sport.baseball,"Classify the following 20 Newsgroups document.
Choose exactly one label from this list:
- alt.atheism
- comp.graphics
- comp.os.ms-windows.misc
- comp.sys.ibm.pc.hardware
- comp.sys.mac.hardware
- comp.windows.x
- misc.forsale
- rec.autos
- rec.motorcycles
- rec.sport.baseball
- rec.sport.hockey
- sci.crypt
- sci.electronics
- sci.med
- sci.space
-"
435,4,comp.sys.mac.hardware,4,comp.sys.mac.hardware,comp.sys.mac.hardware,"Classify the following 20 Newsgroups document.
Choose exactly one label from this list:
- alt.atheism
- comp.graphics
- comp.os.ms-windows.misc
- comp.sys.ibm.pc.hardware
- comp.sys.mac.hardware
- comp.windows.x
- misc.forsale
- rec.autos
- rec.motorcycles
- rec.sport.baseball
- rec.sport.hockey
- sci.crypt
- sci.electronics
- sci.med
- sci.space
-"
436,4,comp.sys.mac.hardware,4,comp.sys.mac.hardware,comp.sys.mac.hardware,"Classify the following 20 Newsgroups document.
Choose exactly one label from this list:
- alt.atheism
- comp.graphics
- comp.os.ms-windows.misc
- comp.sys.ibm.pc.hardware
- comp.sys.mac.hardware
- comp.windows.x
- misc.forsale
- rec.autos
- rec.motorcycles
- rec.sport.baseball
- rec.sport.hockey
- sci.crypt
- sci.electronics
- sci.med
- sci.space
-"
437,14,sci.space,14,sci.space,sci.space,"Classify the following 20 Newsgroups document.
Choose exactly one label from this list:
- alt.atheism
- comp.graphics
- comp.os.ms-windows.misc
- comp.sys.ibm.pc.hardware
- comp.sys.mac.hardware
- comp.windows.x
- misc.forsale
- rec.autos
- rec.motorcycles
- rec.sport.baseball
- rec.sport.hockey
- sci.crypt
- sci.electronics
- sci.med
- sci.space
-"
438,1,comp.graphics,5,comp.windows.x,comp.windows.x,"Classify the following 20 Newsgroups document.
Choose exactly one label from this list:
- alt.atheism
- comp.graphics
- comp.os.ms-windows.misc
- comp.sys.ibm.pc.hardware
- comp.sys.mac.hardware
- comp.windows.x
- misc.forsale
- rec.autos
- rec.motorcycles
- rec.sport.baseball
- rec.sport.hockey
- sci.crypt
- sci.electronics
- sci.med
- sci.space
-"
439,18,talk.politics.misc,18,talk.politics.misc,talk.politics.misc,"Classify the following 20 Newsgroups document.
Choose exactly one label from this list:
- alt.atheism
- comp.graphics
- comp.os.ms-windows.misc
- comp.sys.ibm.pc.hardware
- comp.sys.mac.hardware
- comp.windows.x
- misc.forsale
- rec.autos
- rec.motorcycles
- rec.sport.baseball
- rec.sport.hockey
- sci.crypt
- sci.electronics
- sci.med
- sci.space
-"
440,11,sci.crypt,16,talk.politics.guns,talk.politics.guns,"Classify the following 20 Newsgroups document.
Choose exactly one label from this list:
- alt.atheism
- comp.graphics
- comp.os.ms-windows.misc
- comp.sys.ibm.pc.hardware
- comp.sys.mac.hardware
- comp.windows.x
- misc.forsale
- rec.autos
- rec.motorcycles
- rec.sport.baseball
- rec.sport.hockey
- sci.crypt
- sci.electronics
- sci.med
- sci.space
-"
441,7,rec.autos,7,rec.autos,rec.autos,"Classify the following 20 Newsgroups document.
Choose exactly one label from this list:
- alt.atheism
- comp.graphics
- comp.os.ms-windows.misc
- comp.sys.ibm.pc.hardware
- comp.sys.mac.hardware
- comp.windows.x
- misc.forsale
- rec.autos
- rec.motorcycles
- rec.sport.baseball
- rec.sport.hockey
- sci.crypt
- sci.electronics
- sci.med
- sci.space
-"
442,12,sci.electronics,12,sci.electronics,sci.electronics,"Classify the following 20 Newsgroups document.
Choose exactly one label from this list:
- alt.atheism
- comp.graphics
- comp.os.ms-windows.misc
- comp.sys.ibm.pc.hardware
- comp.sys.mac.hardware
- comp.windows.x
- misc.forsale
- rec.autos
- rec.motorcycles
- rec.sport.baseball
- rec.sport.hockey
- sci.crypt
- sci.electronics
- sci.med
- sci.space
-"
443,19,talk.religion.misc,15,soc.religion.christian,soc.religion.christian,"Classify the following 20 Newsgroups document.
Choose exactly one label from this list:
- alt.atheism
- comp.graphics
- comp.os.ms-windows.misc
- comp.sys.ibm.pc.hardware
- comp.sys.mac.hardware
- comp.windows.x
- misc.forsale
- rec.autos
- rec.motorcycles
- rec.sport.baseball
- rec.sport.hockey
- sci.crypt
- sci.electronics
- sci.med
- sci.space
-"
444,2,comp.os.ms-windows.misc,2,comp.os.ms-windows.misc,comp.os.ms-windows.misc,"Classify the following 20 Newsgroups document.
Choose exactly one label from this list:
- alt.atheism
- comp.graphics
- comp.os.ms-windows.misc
- comp.sys.ibm.pc.hardware
- comp.sys.mac.hardware
- comp.windows.x
- misc.forsale
- rec.autos
- rec.motorcycles
- rec.sport.baseball
- rec.sport.hockey
- sci.crypt
- sci.electronics
- sci.med
- sci.space
-"
445,1,comp.graphics,3,comp.sys.ibm.pc.hardware,comp.sys.ibm.pc.hardware,"Classify the following 20 Newsgroups document.
Choose exactly one label from this list:
- alt.atheism
- comp.graphics
- comp.os.ms-windows.misc
- comp.sys.ibm.pc.hardware
- comp.sys.mac.hardware
- comp.windows.x
- misc.forsale
- rec.autos
- rec.motorcycles
- rec.sport.baseball
- rec.sport.hockey
- sci.crypt
- sci.electronics
- sci.med
- sci.space
-"
446,9,rec.sport.baseball,9,rec.sport.baseball,rec.sport.baseball,"Classify the following 20 Newsgroups document.
Choose exactly one label from this list:
- alt.atheism
- comp.graphics
- comp.os.ms-windows.misc
- comp.sys.ibm.pc.hardware
- comp.sys.mac.hardware
- comp.windows.x
- misc.forsale
- rec.autos
- rec.motorcycles
- rec.sport.baseball
- rec.sport.hockey
- sci.crypt
- sci.electronics
- sci.med
- sci.space
-"
447,15,soc.religion.christian,19,talk.religion.misc,talk.religion.misc,"Classify the following 20 Newsgroups document.
Choose exactly one label from this list:
- alt.atheism
- comp.graphics
- comp.os.ms-windows.misc
- comp.sys.ibm.pc.hardware
- comp.sys.mac.hardware
- comp.windows.x
- misc.forsale
- rec.autos
- rec.motorcycles
- rec.sport.baseball
- rec.sport.hockey
- sci.crypt
- sci.electronics
- sci.med
- sci.space
-"
448,3,comp.sys.ibm.pc.hardware,3,comp.sys.ibm.pc.hardware,comp.sys.ibm.pc.hardware,"Classify the following 20 Newsgroups document.
Choose exactly one label from this list:
- alt.atheism
- comp.graphics
- comp.os.ms-windows.misc
- comp.sys.ibm.pc.hardware
- comp.sys.mac.hardware
- comp.windows.x
- misc.forsale
- rec.autos
- rec.motorcycles
- rec.sport.baseball
- rec.sport.hockey
- sci.crypt
- sci.electronics
- sci.med
- sci.space
-"
449,19,talk.religion.misc,19,talk.religion.misc,talk.religion.misc,"Classify the following 20 Newsgroups document.
Choose exactly one label from this list:
- alt.atheism
- comp.graphics
- comp.os.ms-windows.misc
- comp.sys.ibm.pc.hardware
- comp.sys.mac.hardware
- comp.windows.x
- misc.forsale
- rec.autos
- rec.motorcycles
- rec.sport.baseball
- rec.sport.hockey
- sci.crypt
- sci.electronics
- sci.med
- sci.space
-"
450,11,sci.crypt,17,talk.politics.mideast,talk.politics.mideast,"Classify the following 20 Newsgroups document.
Choose exactly one label from this list:
- alt.atheism
- comp.graphics
- comp.os.ms-windows.misc
- comp.sys.ibm.pc.hardware
- comp.sys.mac.hardware
- comp.windows.x
- misc.forsale
- rec.autos
- rec.motorcycles
- rec.sport.baseball
- rec.sport.hockey
- sci.crypt
- sci.electronics
- sci.med
- sci.space
-"
451,8,rec.motorcycles,8,rec.motorcycles,rec.motorcycles,"Classify the following 20 Newsgroups document.
Choose exactly one label from this list:
- alt.atheism
- comp.graphics
- comp.os.ms-windows.misc
- comp.sys.ibm.pc.hardware
- comp.sys.mac.hardware
- comp.windows.x
- misc.forsale
- rec.autos
- rec.motorcycles
- rec.sport.baseball
- rec.sport.hockey
- sci.crypt
- sci.electronics
- sci.med
- sci.space
-"
452,15,soc.religion.christian,15,soc.religion.christian,soc.religion.christian,"Classify the following 20 Newsgroups document.
Choose exactly one label from this list:
- alt.atheism
- comp.graphics
- comp.os.ms-windows.misc
- comp.sys.ibm.pc.hardware
- comp.sys.mac.hardware
- comp.windows.x
- misc.forsale
- rec.autos
- rec.motorcycles
- rec.sport.baseball
- rec.sport.hockey
- sci.crypt
- sci.electronics
- sci.med
- sci.space
-"
453,14,sci.space,14,sci.space,sci.space,"Classify the following 20 Newsgroups document.
Choose exactly one label from this list:
- alt.atheism
- comp.graphics
- comp.os.ms-windows.misc
- comp.sys.ibm.pc.hardware
- comp.sys.mac.hardware
- comp.windows.x
- misc.forsale
- rec.autos
- rec.motorcycles
- rec.sport.baseball
- rec.sport.hockey
- sci.crypt
- sci.electronics
- sci.med
- sci.space
-"
454,11,sci.crypt,11,sci.crypt,sci.crypt,"Classify the following 20 Newsgroups document.
Choose exactly one label from this list:
- alt.atheism
- comp.graphics
- comp.os.ms-windows.misc
- comp.sys.ibm.pc.hardware
- comp.sys.mac.hardware
- comp.windows.x
- misc.forsale
- rec.autos
- rec.motorcycles
- rec.sport.baseball
- rec.sport.hockey
- sci.crypt
- sci.electronics
- sci.med
- sci.space
-"
455,5,comp.windows.x,5,comp.windows.x,comp.windows.x,"Classify the following 20 Newsgroups document.
Choose exactly one label from this list:
- alt.atheism
- comp.graphics
- comp.os.ms-windows.misc
- comp.sys.ibm.pc.hardware
- comp.sys.mac.hardware
- comp.windows.x
- misc.forsale
- rec.autos
- rec.motorcycles
- rec.sport.baseball
- rec.sport.hockey
- sci.crypt
- sci.electronics
- sci.med
- sci.space
-"
456,19,talk.religion.misc,18,talk.politics.misc,talk.politics.misc,"Classify the following 20 Newsgroups document.
Choose exactly one label from this list:
- alt.atheism
- comp.graphics
- comp.os.ms-windows.misc
- comp.sys.ibm.pc.hardware
- comp.sys.mac.hardware
- comp.windows.x
- misc.forsale
- rec.autos
- rec.motorcycles
- rec.sport.baseball
- rec.sport.hockey
- sci.crypt
- sci.electronics
- sci.med
- sci.space
-"
457,16,talk.politics.guns,16,talk.politics.guns,talk.politics.guns,"Classify the following 20 Newsgroups document.
Choose exactly one label from this list:
- alt.atheism
- comp.graphics
- comp.os.ms-windows.misc
- comp.sys.ibm.pc.hardware
- comp.sys.mac.hardware
- comp.windows.x
- misc.forsale
- rec.autos
- rec.motorcycles
- rec.sport.baseball
- rec.sport.hockey
- sci.crypt
- sci.electronics
- sci.med
- sci.space
-"
458,0,alt.atheism,0,alt.atheism,alt.atheism,"Classify the following 20 Newsgroups document.
Choose exactly one label from this list:
- alt.atheism
- comp.graphics
- comp.os.ms-windows.misc
- comp.sys.ibm.pc.hardware
- comp.sys.mac.hardware
- comp.windows.x
- misc.forsale
- rec.autos
- rec.motorcycles
- rec.sport.baseball
- rec.sport.hockey
- sci.crypt
- sci.electronics
- sci.med
- sci.space
-"
459,9,rec.sport.baseball,9,rec.sport.baseball,rec.sport.baseball,"Classify the following 20 Newsgroups document.
Choose exactly one label from this list:
- alt.atheism
- comp.graphics
- comp.os.ms-windows.misc
- comp.sys.ibm.pc.hardware
- comp.sys.mac.hardware
- comp.windows.x
- misc.forsale
- rec.autos
- rec.motorcycles
- rec.sport.baseball
- rec.sport.hockey
- sci.crypt
- sci.electronics
- sci.med
- sci.space
-"
460,14,sci.space,12,sci.electronics,sci.electronics,"Classify the following 20 Newsgroups document.
Choose exactly one label from this list:
- alt.atheism
- comp.graphics
- comp.os.ms-windows.misc
- comp.sys.ibm.pc.hardware
- comp.sys.mac.hardware
- comp.windows.x
- misc.forsale
- rec.autos
- rec.motorcycles
- rec.sport.baseball
- rec.sport.hockey
- sci.crypt
- sci.electronics
- sci.med
- sci.space
-"
461,17,talk.politics.mideast,17,talk.politics.mideast,talk.politics.mideast,"Classify the following 20 Newsgroups document.
Choose exactly one label from this list:
- alt.atheism
- comp.graphics
- comp.os.ms-windows.misc
- comp.sys.ibm.pc.hardware
- comp.sys.mac.hardware
- comp.windows.x
- misc.forsale
- rec.autos
- rec.motorcycles
- rec.sport.baseball
- rec.sport.hockey
- sci.crypt
- sci.electronics
- sci.med
- sci.space
-"
462,0,alt.atheism,16,talk.politics.guns,talk.politics.guns,"Classify the following 20 Newsgroups document.
Choose exactly one label from this list:
- alt.atheism
- comp.graphics
- comp.os.ms-windows.misc
- comp.sys.ibm.pc.hardware
- comp.sys.mac.hardware
- comp.windows.x
- misc.forsale
- rec.autos
- rec.motorcycles
- rec.sport.baseball
- rec.sport.hockey
- sci.crypt
- sci.electronics
- sci.med
- sci.space
-"
463,18,talk.politics.misc,18,talk.politics.misc,talk.politics.misc,"Classify the following 20 Newsgroups document.
Choose exactly one label from this list:
- alt.atheism
- comp.graphics
- comp.os.ms-windows.misc
- comp.sys.ibm.pc.hardware
- comp.sys.mac.hardware
- comp.windows.x
- misc.forsale
- rec.autos
- rec.motorcycles
- rec.sport.baseball
- rec.sport.hockey
- sci.crypt
- sci.electronics
- sci.med
- sci.space
-"
464,8,rec.motorcycles,16,talk.politics.guns,talk.politics.guns,"Classify the following 20 Newsgroups document.
Choose exactly one label from this list:
- alt.atheism
- comp.graphics
- comp.os.ms-windows.misc
- comp.sys.ibm.pc.hardware
- comp.sys.mac.hardware
- comp.windows.x
- misc.forsale
- rec.autos
- rec.motorcycles
- rec.sport.baseball
- rec.sport.hockey
- sci.crypt
- sci.electronics
- sci.med
- sci.space
-"
465,6,misc.forsale,6,misc.forsale,misc.forsale,"Classify the following 20 Newsgroups document.
Choose exactly one label from this list:
- alt.atheism
- comp.graphics
- comp.os.ms-windows.misc
- comp.sys.ibm.pc.hardware
- comp.sys.mac.hardware
- comp.windows.x
- misc.forsale
- rec.autos
- rec.motorcycles
- rec.sport.baseball
- rec.sport.hockey
- sci.crypt
- sci.electronics
- sci.med
- sci.space
-"
466,15,soc.religion.christian,15,soc.religion.christian,soc.religion.christian,"Classify the following 20 Newsgroups document.
Choose exactly one label from this list:
- alt.atheism
- comp.graphics
- comp.os.ms-windows.misc
- comp.sys.ibm.pc.hardware
- comp.sys.mac.hardware
- comp.windows.x
- misc.forsale
- rec.autos
- rec.motorcycles
- rec.sport.baseball
- rec.sport.hockey
- sci.crypt
- sci.electronics
- sci.med
- sci.space
-"
467,13,sci.med,13,sci.med,sci.med,"Classify the following 20 Newsgroups document.
Choose exactly one label from this list:
- alt.atheism
- comp.graphics
- comp.os.ms-windows.misc
- comp.sys.ibm.pc.hardware
- comp.sys.mac.hardware
- comp.windows.x
- misc.forsale
- rec.autos
- rec.motorcycles
- rec.sport.baseball
- rec.sport.hockey
- sci.crypt
- sci.electronics
- sci.med
- sci.space
-"
468,12,sci.electronics,3,comp.sys.ibm.pc.hardware,comp.sys.ibm.pc.hardware,"Classify the following 20 Newsgroups document.
Choose exactly one label from this list:
- alt.atheism
- comp.graphics
- comp.os.ms-windows.misc
- comp.sys.ibm.pc.hardware
- comp.sys.mac.hardware
- comp.windows.x
- misc.forsale
- rec.autos
- rec.motorcycles
- rec.sport.baseball
- rec.sport.hockey
- sci.crypt
- sci.electronics
- sci.med
- sci.space
-"
469,13,sci.med,13,sci.med,sci.med,"Classify the following 20 Newsgroups document.
Choose exactly one label from this list:
- alt.atheism
- comp.graphics
- comp.os.ms-windows.misc
- comp.sys.ibm.pc.hardware
- comp.sys.mac.hardware
- comp.windows.x
- misc.forsale
- rec.autos
- rec.motorcycles
- rec.sport.baseball
- rec.sport.hockey
- sci.crypt
- sci.electronics
- sci.med
- sci.space
-"
470,7,rec.autos,7,rec.autos,rec.autos,"Classify the following 20 Newsgroups document.
Choose exactly one label from this list:
- alt.atheism
- comp.graphics
- comp.os.ms-windows.misc
- comp.sys.ibm.pc.hardware
- comp.sys.mac.hardware
- comp.windows.x
- misc.forsale
- rec.autos
- rec.motorcycles
- rec.sport.baseball
- rec.sport.hockey
- sci.crypt
- sci.electronics
- sci.med
- sci.space
-"
471,9,rec.sport.baseball,9,rec.sport.baseball,rec.sport.baseball,"Classify the following 20 Newsgroups document.
Choose exactly one label from this list:
- alt.atheism
- comp.graphics
- comp.os.ms-windows.misc
- comp.sys.ibm.pc.hardware
- comp.sys.mac.hardware
- comp.windows.x
- misc.forsale
- rec.autos
- rec.motorcycles
- rec.sport.baseball
- rec.sport.hockey
- sci.crypt
- sci.electronics
- sci.med
- sci.space
-"
472,14,sci.space,14,sci.space,sci.space,"Classify the following 20 Newsgroups document.
Choose exactly one label from this list:
- alt.atheism
- comp.graphics
- comp.os.ms-windows.misc
- comp.sys.ibm.pc.hardware
- comp.sys.mac.hardware
- comp.windows.x
- misc.forsale
- rec.autos
- rec.motorcycles
- rec.sport.baseball
- rec.sport.hockey
- sci.crypt
- sci.electronics
- sci.med
- sci.space
-"
473,2,comp.os.ms-windows.misc,2,comp.os.ms-windows.misc,comp.os.ms-windows.misc,"Classify the following 20 Newsgroups document.
Choose exactly one label from this list:
- alt.atheism
- comp.graphics
- comp.os.ms-windows.misc
- comp.sys.ibm.pc.hardware
- comp.sys.mac.hardware
- comp.windows.x
- misc.forsale
- rec.autos
- rec.motorcycles
- rec.sport.baseball
- rec.sport.hockey
- sci.crypt
- sci.electronics
- sci.med
- sci.space
-"
474,16,talk.politics.guns,11,sci.crypt,sci.crypt,"Classify the following 20 Newsgroups document.
Choose exactly one label from this list:
- alt.atheism
- comp.graphics
- comp.os.ms-windows.misc
- comp.sys.ibm.pc.hardware
- comp.sys.mac.hardware
- comp.windows.x
- misc.forsale
- rec.autos
- rec.motorcycles
- rec.sport.baseball
- rec.sport.hockey
- sci.crypt
- sci.electronics
- sci.med
- sci.space
-"
475,6,misc.forsale,6,misc.forsale,misc.forsale,"Classify the following 20 Newsgroups document.
Choose exactly one label from this list:
- alt.atheism
- comp.graphics
- comp.os.ms-windows.misc
- comp.sys.ibm.pc.hardware
- comp.sys.mac.hardware
- comp.windows.x
- misc.forsale
- rec.autos
- rec.motorcycles
- rec.sport.baseball
- rec.sport.hockey
- sci.crypt
- sci.electronics
- sci.med
- sci.space
-"
476,1,comp.graphics,1,comp.graphics,comp.graphics,"Classify the following 20 Newsgroups document.
Choose exactly one label from this list:
- alt.atheism
- comp.graphics
- comp.os.ms-windows.misc
- comp.sys.ibm.pc.hardware
- comp.sys.mac.hardware
- comp.windows.x
- misc.forsale
- rec.autos
- rec.motorcycles
- rec.sport.baseball
- rec.sport.hockey
- sci.crypt
- sci.electronics
- sci.med
- sci.space
-"
477,5,comp.windows.x,5,comp.windows.x,comp.windows.x,"Classify the following 20 Newsgroups document.
Choose exactly one label from this list:
- alt.atheism
- comp.graphics
- comp.os.ms-windows.misc
- comp.sys.ibm.pc.hardware
- comp.sys.mac.hardware
- comp.windows.x
- misc.forsale
- rec.autos
- rec.motorcycles
- rec.sport.baseball
- rec.sport.hockey
- sci.crypt
- sci.electronics
- sci.med
- sci.space
-"
478,2,comp.os.ms-windows.misc,2,comp.os.ms-windows.misc,comp.os.ms-windows.misc,"Classify the following 20 Newsgroups document.
Choose exactly one label from this list:
- alt.atheism
- comp.graphics
- comp.os.ms-windows.misc
- comp.sys.ibm.pc.hardware
- comp.sys.mac.hardware
- comp.windows.x
- misc.forsale
- rec.autos
- rec.motorcycles
- rec.sport.baseball
- rec.sport.hockey
- sci.crypt
- sci.electronics
- sci.med
- sci.space
-"
479,12,sci.electronics,12,sci.electronics,sci.electronics,"Classify the following 20 Newsgroups document.
Choose exactly one label from this list:
- alt.atheism
- comp.graphics
- comp.os.ms-windows.misc
- comp.sys.ibm.pc.hardware
- comp.sys.mac.hardware
- comp.windows.x
- misc.forsale
- rec.autos
- rec.motorcycles
- rec.sport.baseball
- rec.sport.hockey
- sci.crypt
- sci.electronics
- sci.med
- sci.space
-"
480,9,rec.sport.baseball,9,rec.sport.baseball,rec.sport.baseball,"Classify the following 20 Newsgroups document.
Choose exactly one label from this list:
- alt.atheism
- comp.graphics
- comp.os.ms-windows.misc
- comp.sys.ibm.pc.hardware
- comp.sys.mac.hardware
- comp.windows.x
- misc.forsale
- rec.autos
- rec.motorcycles
- rec.sport.baseball
- rec.sport.hockey
- sci.crypt
- sci.electronics
- sci.med
- sci.space
-"
481,3,comp.sys.ibm.pc.hardware,3,comp.sys.ibm.pc.hardware,comp.sys.ibm.pc.hardware,"Classify the following 20 Newsgroups document.
Choose exactly one label from this list:
- alt.atheism
- comp.graphics
- comp.os.ms-windows.misc
- comp.sys.ibm.pc.hardware
- comp.sys.mac.hardware
- comp.windows.x
- misc.forsale
- rec.autos
- rec.motorcycles
- rec.sport.baseball
- rec.sport.hockey
- sci.crypt
- sci.electronics
- sci.med
- sci.space
-"
482,4,comp.sys.mac.hardware,3,comp.sys.ibm.pc.hardware,comp.sys.ibm.pc.hardware,"Classify the following 20 Newsgroups document.
Choose exactly one label from this list:
- alt.atheism
- comp.graphics
- comp.os.ms-windows.misc
- comp.sys.ibm.pc.hardware
- comp.sys.mac.hardware
- comp.windows.x
- misc.forsale
- rec.autos
- rec.motorcycles
- rec.sport.baseball
- rec.sport.hockey
- sci.crypt
- sci.electronics
- sci.med
- sci.space
-"
483,6,misc.forsale,6,misc.forsale,misc.forsale,"Classify the following 20 Newsgroups document.
Choose exactly one label from this list:
- alt.atheism
- comp.graphics
- comp.os.ms-windows.misc
- comp.sys.ibm.pc.hardware
- comp.sys.mac.hardware
- comp.windows.x
- misc.forsale
- rec.autos
- rec.motorcycles
- rec.sport.baseball
- rec.sport.hockey
- sci.crypt
- sci.electronics
- sci.med
- sci.space
-"
484,2,comp.os.ms-windows.misc,3,comp.sys.ibm.pc.hardware,comp.sys.ibm.pc.hardware,"Classify the following 20 Newsgroups document.
Choose exactly one label from this list:
- alt.atheism
- comp.graphics
- comp.os.ms-windows.misc
- comp.sys.ibm.pc.hardware
- comp.sys.mac.hardware
- comp.windows.x
- misc.forsale
- rec.autos
- rec.motorcycles
- rec.sport.baseball
- rec.sport.hockey
- sci.crypt
- sci.electronics
- sci.med
- sci.space
-"
485,8,rec.motorcycles,7,rec.autos,rec.autos,"Classify the following 20 Newsgroups document.
Choose exactly one label from this list:
- alt.atheism
- comp.graphics
- comp.os.ms-windows.misc
- comp.sys.ibm.pc.hardware
- comp.sys.mac.hardware
- comp.windows.x
- misc.forsale
- rec.autos
- rec.motorcycles
- rec.sport.baseball
- rec.sport.hockey
- sci.crypt
- sci.electronics
- sci.med
- sci.space
-"
486,13,sci.med,-1,UNPARSED,sci.skeptic,"Classify the following 20 Newsgroups document.
Choose exactly one label from this list:
- alt.atheism
- comp.graphics
- comp.os.ms-windows.misc
- comp.sys.ibm.pc.hardware
- comp.sys.mac.hardware
- comp.windows.x
- misc.forsale
- rec.autos
- rec.motorcycles
- rec.sport.baseball
- rec.sport.hockey
- sci.crypt
- sci.electronics
- sci.med
- sci.space
-"
487,3,comp.sys.ibm.pc.hardware,4,comp.sys.mac.hardware,comp.sys.mac.hardware,"Classify the following 20 Newsgroups document.
Choose exactly one label from this list:
- alt.atheism
- comp.graphics
- comp.os.ms-windows.misc
- comp.sys.ibm.pc.hardware
- comp.sys.mac.hardware
- comp.windows.x
- misc.forsale
- rec.autos
- rec.motorcycles
- rec.sport.baseball
- rec.sport.hockey
- sci.crypt
- sci.electronics
- sci.med
- sci.space
-"
488,13,sci.med,12,sci.electronics,sci.electronics,"Classify the following 20 Newsgroups document.
Choose exactly one label from this list:
- alt.atheism
- comp.graphics
- comp.os.ms-windows.misc
- comp.sys.ibm.pc.hardware
- comp.sys.mac.hardware
- comp.windows.x
- misc.forsale
- rec.autos
- rec.motorcycles
- rec.sport.baseball
- rec.sport.hockey
- sci.crypt
- sci.electronics
- sci.med
- sci.space
-"
489,19,talk.religion.misc,15,soc.religion.christian,soc.religion.christian,"Classify the following 20 Newsgroups document.
Choose exactly one label from this list:
- alt.atheism
- comp.graphics
- comp.os.ms-windows.misc
- comp.sys.ibm.pc.hardware
- comp.sys.mac.hardware
- comp.windows.x
- misc.forsale
- rec.autos
- rec.motorcycles
- rec.sport.baseball
- rec.sport.hockey
- sci.crypt
- sci.electronics
- sci.med
- sci.space
-"
490,15,soc.religion.christian,15,soc.religion.christian,soc.religion.christian,"Classify the following 20 Newsgroups document.
Choose exactly one label from this list:
- alt.atheism
- comp.graphics
- comp.os.ms-windows.misc
- comp.sys.ibm.pc.hardware
- comp.sys.mac.hardware
- comp.windows.x
- misc.forsale
- rec.autos
- rec.motorcycles
- rec.sport.baseball
- rec.sport.hockey
- sci.crypt
- sci.electronics
- sci.med
- sci.space
-"
491,8,rec.motorcycles,8,rec.motorcycles,rec.motorcycles,"Classify the following 20 Newsgroups document.
Choose exactly one label from this list:
- alt.atheism
- comp.graphics
- comp.os.ms-windows.misc
- comp.sys.ibm.pc.hardware
- comp.sys.mac.hardware
- comp.windows.x
- misc.forsale
- rec.autos
- rec.motorcycles
- rec.sport.baseball
- rec.sport.hockey
- sci.crypt
- sci.electronics
- sci.med
- sci.space
-"
492,9,rec.sport.baseball,9,rec.sport.baseball,rec.sport.baseball,"Classify the following 20 Newsgroups document.
Choose exactly one label from this list:
- alt.atheism
- comp.graphics
- comp.os.ms-windows.misc
- comp.sys.ibm.pc.hardware
- comp.sys.mac.hardware
- comp.windows.x
- misc.forsale
- rec.autos
- rec.motorcycles
- rec.sport.baseball
- rec.sport.hockey
- sci.crypt
- sci.electronics
- sci.med
- sci.space
-"
493,18,talk.politics.misc,16,talk.politics.guns,talk.politics.guns,"Classify the following 20 Newsgroups document.
Choose exactly one label from this list:
- alt.atheism
- comp.graphics
- comp.os.ms-windows.misc
- comp.sys.ibm.pc.hardware
- comp.sys.mac.hardware
- comp.windows.x
- misc.forsale
- rec.autos
- rec.motorcycles
- rec.sport.baseball
- rec.sport.hockey
- sci.crypt
- sci.electronics
- sci.med
- sci.space
-"
494,19,talk.religion.misc,0,alt.atheism,alt.atheism,"Classify the following 20 Newsgroups document.
Choose exactly one label from this list:
- alt.atheism
- comp.graphics
- comp.os.ms-windows.misc
- comp.sys.ibm.pc.hardware
- comp.sys.mac.hardware
- comp.windows.x
- misc.forsale
- rec.autos
- rec.motorcycles
- rec.sport.baseball
- rec.sport.hockey
- sci.crypt
- sci.electronics
- sci.med
- sci.space
-"
495,19,talk.religion.misc,17,talk.politics.mideast,talk.politics.mideast,"Classify the following 20 Newsgroups document.
Choose exactly one label from this list:
- alt.atheism
- comp.graphics
- comp.os.ms-windows.misc
- comp.sys.ibm.pc.hardware
- comp.sys.mac.hardware
- comp.windows.x
- misc.forsale
- rec.autos
- rec.motorcycles
- rec.sport.baseball
- rec.sport.hockey
- sci.crypt
- sci.electronics
- sci.med
- sci.space
-"
496,8,rec.motorcycles,8,rec.motorcycles,rec.motorcycles,"Classify the following 20 Newsgroups document.
Choose exactly one label from this list:
- alt.atheism
- comp.graphics
- comp.os.ms-windows.misc
- comp.sys.ibm.pc.hardware
- comp.sys.mac.hardware
- comp.windows.x
- misc.forsale
- rec.autos
- rec.motorcycles
- rec.sport.baseball
- rec.sport.hockey
- sci.crypt
- sci.electronics
- sci.med
- sci.space
-"
497,7,rec.autos,7,rec.autos,rec.autos,"Classify the following 20 Newsgroups document.
Choose exactly one label from this list:
- alt.atheism
- comp.graphics
- comp.os.ms-windows.misc
- comp.sys.ibm.pc.hardware
- comp.sys.mac.hardware
- comp.windows.x
- misc.forsale
- rec.autos
- rec.motorcycles
- rec.sport.baseball
- rec.sport.hockey
- sci.crypt
- sci.electronics
- sci.med
- sci.space
-"
498,14,sci.space,14,sci.space,sci.space,"Classify the following 20 Newsgroups document.
Choose exactly one label from this list:
- alt.atheism
- comp.graphics
- comp.os.ms-windows.misc
- comp.sys.ibm.pc.hardware
- comp.sys.mac.hardware
- comp.windows.x
- misc.forsale
- rec.autos
- rec.motorcycles
- rec.sport.baseball
- rec.sport.hockey
- sci.crypt
- sci.electronics
- sci.med
- sci.space
-"
499,15,soc.religion.christian,19,talk.religion.misc,talk.religion.misc,"Classify the following 20 Newsgroups document.
Choose exactly one label from this list:
- alt.atheism
- comp.graphics
- comp.os.ms-windows.misc
- comp.sys.ibm.pc.hardware
- comp.sys.mac.hardware
- comp.windows.x
- misc.forsale
- rec.autos
- rec.motorcycles
- rec.sport.baseball
- rec.sport.hockey
- sci.crypt
- sci.electronics
- sci.med
- sci.space
-"
