index,prompt_type,true_label_id,true_label,pred_label_id,pred_label,raw_answer,text_preview
0,zero_shot_full_context,18,talk.politics.misc,16,talk.politics.guns,16,From: V2110A@VM.TEMPLE.EDU (Richard Hoenes) Subject: Waco Organization: Temple University Lines: 7 Nntp-Posting-Host: vm.temple.edu X-Newsreader: NNR/VM S_1.3.2 Do all those who are saying the government is responsible for the death of those in the compound also say that the Isrealis are responsible for the death of the Isreali athletes at the Olym
1,zero_shot_full_context,3,comp.sys.ibm.pc.hardware,3,comp.sys.ibm.pc.hardware,3,"From: Randy Ellingson Subject: SCSI or IDE: The Bottom Line Reply-To: randy@msc.cornell.edu Organization: Cornell University Lines: 26 Which would YOU choose, and why? Like lots of people, I'd really like to increase my data transfer rate from the hard drive. Right now I have a 15ms 210Mb IDE drive (Seagate 1239A), and a standard IDE controller car"
2,zero_shot_full_context,13,sci.med,14,sci.space,14,"From: mcovingt@aisun4.ai.uga.edu (Michael Covington) Subject: Re: HELP for Kidney Stones .............. Nntp-Posting-Host: aisun4.ai.uga.edu Organization: AI Programs, University of Georgia, Athens Lines: 16 In article <C697IJ.IuA@srgenprp.sr.hp.com> jeffs@sr.hp.com (Jeff Silva) writes: >pk115050@wvnvms.wvnet.edu wrote: >move a little, the pain wil"
3,zero_shot_full_context,9,rec.sport.baseball,9,rec.sport.baseball,9,"From: sac@asdi.saic.com (Steve A. Conroy x6172) Subject: Re: Football vs. BaseBall (was Game Length ) Organization: SAIC Lines: 54 In article <1993Apr22.185800.10395@almserv.uucp>, e3ucja@fnma.COM (Chris Allen) writes: > In article 14108@ast.saic.com, sac@asdi.saic.com (Steve A. Conroy x6172) writes: > >Major League Baseball is trying to expand its"
4,zero_shot_full_context,12,sci.electronics,14,sci.space,14,"From: lihan@ccwf.cc.utexas.edu (Bruce G. Bostwick) Subject: Re: subliminal message flashing on TV Organization: The University of Texas at Austin, Austin TX Lines: 25 Distribution: usa NNTP-Posting-Host: doc.cc.utexas.edu In article <293@kc2wz.bubble.org> bob@kc2wz.bubble.org (Bob Billson) writes: >kennehra@logic.camp.clarkson.edu (Rich""TheMan""Kenn"
5,zero_shot_full_context,12,sci.electronics,6,misc.forsale,6,"From: reid@ucs.indiana.edu (Frank Reid) Subject: Re: solvent for duct-tape adhesive? Lines: 17 Nntp-Posting-Host: reid.ucs.indiana.edu Organization: Indiana University In article <1993Apr26.210417.2984@socrates.umd.edu> johng@socrates.umd.edu (John Gustafson) writes: >>I know this is a long shot, but does anyone know what solvent I should >>use to "
6,zero_shot_full_context,9,rec.sport.baseball,9,rec.sport.baseball,9,"From: mikef@bvc.edu Subject: Re: How does a pitcher get a save? Organization: Buena Vista College, Storm Lake, IA Lines: 28 In article <1993Apr23.135139.18749@newshub.ariel.yorku.ca>, cs902060@ariel.yorku.ca (GEOFFREY E DIAS) writes: > > The subject line says it all. What is the rule that qualifies > a pitcher as making a save? IMHO this is the mos"
7,zero_shot_full_context,17,talk.politics.mideast,16,talk.politics.guns,16,"From: cza@troy.cc.bellcore.com (C. Akgun) Subject: Re: Europe vs. Muslim Bosnians Nntp-Posting-Host: troy.cc.bellcore.com Organization: BCR, NJ-USA Lines: 41 In article <1993May12.205519.1480@alchemy.chem.utoronto.ca> golchowy@alchemy.chem.utoronto.ca (Gerald Olchowy) writes: > >It is easy for Sen. Biden to say that when there are no US troops in >"
8,zero_shot_full_context,0,alt.atheism,15,soc.religion.christian,15,From: kmr4@po.CWRU.edu (Keith M. Ryan) Subject: Re: free moral agency Organization: Case Western Reserve University Lines: 21 Distribution: na NNTP-Posting-Host: b64635.student.cwru.edu Keywords: Another thread destined for the kill-file In article <1r98voINNr9q@lynx.unm.edu> cfaehl@vesta.unm.edu (Chris Faehl) writes: >> The myth to which I refer i
9,zero_shot_full_context,13,sci.med,13,sci.med,13,"From: banschbach@vms.ocom.okstate.edu Subject: Re: Candida(yeast) Bloom, Fact or Fiction Organization: OSU College of Osteopathic Medicine Lines: 91 Nntp-Posting-Host: vms.ocom.okstate.edu In article <1rp8p1$2d3@usenet.INS.CWRU.Edu>, esd3@po.CWRU.Edu (Elisabeth S. Davidson) writes: > > In a previous article, banschbach@vms.ocom.okstate.edu () says:"
10,zero_shot_full_context,0,alt.atheism,16,talk.politics.guns,16,"From: edm@twisto.compaq.com (Ed McCreary) Subject: Re: Genocide is Caused by Theism : Evidence? In-Reply-To: bobbe@vice's message of 25 Apr 93 23: 26:20 GMT Organization: Compaq Computer Corp <C60FMr.C3E@rice.edu> <2590@tekgen.bv.tek.com> Lines: 11 >>>>> On 25 Apr 93 23:26:20 GMT, bobbe@vice (Robert Beauchaine;6086;59-323;LP=A;YAyG) said: ...execel"
11,zero_shot_full_context,12,sci.electronics,13,sci.med,13,"From: bsc_graham@vd.seqeb.gov.au Subject: FM Transmitter ICs- Help!!!!! Organization: South East Queensland Electricity Board Lines: 13 I am trying to design a small 90mW 472MHz FM transmitter for remote alarm use. Is there an FM transmitter IC available that can be used for this purpose? Any help, circuits, info etc will be greatfully accepted. Pl"
12,zero_shot_full_context,11,sci.crypt,18,talk.politics.misc,18,"From: tedcrum@garnet.berkeley.edu (Ted Crum) Subject: Re: Trademark violation claimed Organization: University of California, Berkeley Lines: 6 Distribution: inet NNTP-Posting-Host: garnet.berkeley.edu Keywords: Clipper, wiretap The RISC processor made by Fairchild, sold to Intergraph, much the same story as the R4000. Remember how Spielberg lost t"
13,zero_shot_full_context,5,comp.windows.x,2,comp.os.ms-windows.misc,2,"From: beck@irzr17.inf.tu-dresden.de (Andre Beck) Subject: Re: Encapsulated Postscript and X Keywords: eps Reply-To: Andre_Beck@IRS.Inf.TU-Dresden.DE Organization: Dept. of Computer Science, TU Dresden, Germany. Lines: 29 NNTP-Posting-Host: irzr17.inf.tu-dresden.de EPS _IS_ plain postscript. It is only wrapped by some comments and stripped of any du"
14,zero_shot_full_context,3,comp.sys.ibm.pc.hardware,3,comp.sys.ibm.pc.hardware,3,"From: paladin@world.std.com (Thomas G Schlatter) Subject: Re: SCSI/DOS/adding a 3rd drive..?!@#$ Organization: The World Public Access UNIX, Brookline, MA Lines: 35 In article <1993Apr23.070230.9189@physchem.ox.ac.uk> mark@physchem.ox.ac.uk (Mark Jackson) writes: > >In article <1r74fr$d04@jethro.Corp.Sun.COM>, maf@Corp.Sun.COM (Mike Figueroa) write"
15,zero_shot_full_context,2,comp.os.ms-windows.misc,2,comp.os.ms-windows.misc,2,"From: george.marengo@filebank.cts.com (George Marengo) Subject: Re: head-to-head win and Distribution: world Organization: The File Bank BBS - Fallbrook, CA 619-728-4318 Reply-To: george.marengo@filebank.cts.com (George Marengo) Lines: 15 JG> After this fall, I believe IBM no longer has any rights to JG> view Microsoft code. After that, the only wa"
16,zero_shot_full_context,7,rec.autos,7,rec.autos,7,From: singer@ll.mit.edu (Matthew R. Singer) Subject: Opel-GT Article-I.D.: ll.1993Apr21.171023.12936 Reply-To: singer@ll.mit.edu (Matthew R. Singer) Organization: MIT Lincoln Laboratory Lines: 11 -- Are the any Opel GT's out there? I'm wondering if there are enough to starting a mail list... ---------------------------------------------------------
17,zero_shot_full_context,1,comp.graphics,14,sci.space,14,"From: mckinley@fed3005.ne1300.ingr.com (Chuck McKinley) Subject: Ray-Bezier Intersection Problem Keywords: bezier Organization: Intergraph Corp., Reston, VA Lines: 62 If some kind person has access to a mathematical package such as Mathematica, Maple,... I would like to ask you for the solution to the following problem. I sometimes have algebra pro"
18,zero_shot_full_context,16,talk.politics.guns,18,talk.politics.misc,18,"From: mcgoy@unicorn.acs.ttu.edu (David McGaughey) Subject: Re: FBI Director's Statement on Waco Standoff Organization: Texas Tech University Lines: 9 After seeing William Sessions on television, explaining the great lengths to which the FBI went to determine the suicidal tendancies of David Koresh, I got the very unpleasent feeling that Koresh had "
19,zero_shot_full_context,18,talk.politics.misc,16,talk.politics.guns,16,"From: hallam@dscomsa.desy.de (Phill Hallam-Baker) Subject: Re: Welcome to Police State USA Lines: 61 Reply-To: hallam@zeus02.desy.de Organization: DESYDeutsches Elektronen Synchrotron, Experiment ZEUS bei HERA In article <VEAL.755.735336029@utkvm1.utk.edu>, VEAL@utkvm1.utk.edu (David Veal) writes: |>In article <C5sI9G.Hx@dscomsa.desy.de> hallam@dsc"
20,zero_shot_full_context,6,misc.forsale,6,misc.forsale,6,"From: shapiro@sofbas.enet.dec.com (Steve Shapiro) Subject: Borland C++ 3.1 w/App Frmwrks ** FORSALE ** Nntp-Posting-Host: sofba2 Organisation: SKS Computer Consulting, Inc. Organization: Digital Equipment Corporation - Marlboro, MA Lines: 49 Howdy All! I have recently converted to Microsoft Visual C++. I no longer want my Borland C++ 3.1 w/Applicat"
21,zero_shot_full_context,16,talk.politics.guns,18,talk.politics.misc,18,From: roby@chopin.udel.edu (Scott W Roby) Subject: Photographers removed from compound Nntp-Posting-Host: chopin.udel.edu Organization: University of Delaware Distribution: na Lines: 48 Relay of coverage seen: ---------------------- There was a press conference by authorities at the compound on CNN earlier today (Wednesday). It was explained that t
22,zero_shot_full_context,19,talk.religion.misc,15,soc.religion.christian,15,"From: kring@efes.physik.uni-kl.de (Thomas Kettenring) Subject: Re: Branch Athiests Cult (was Rawlins debunks creationism) Organization: FB Physik, Universitaet Kaiserslautern, Germany Lines: 23 In article <1r9dd7INNqfk@ctron-news.ctron.com>, king@ctron.com (John E. King) writes: >scharle@lukasiewicz.cc.nd.edu (scharle) writes: >> For your informati"
23,zero_shot_full_context,10,rec.sport.hockey,9,rec.sport.baseball,9,"From: v057p7nk@ubvmsb.cc.buffalo.edu (Andrew W Korbut) Subject: Re: Ulf crushes Valeri Zelepukin Organization: University at Buffalo Lines: 13 News-Software: VAX/VMS VNEWS 1.41 Nntp-Posting-Host: ubvmsb.cc.buffalo.edu In article <C5xx27.G32@newsserver.pixel.kodak.com>, clare@ssd.kodak.com (Bill Clare 726-9419) writes... >That more or less says it. "
24,zero_shot_full_context,19,talk.religion.misc,15,soc.religion.christian,15,"From: Nanci Ann Miller <nm0w+@andrew.cmu.edu> Subject: Re: Theists And Objectivity Organization: Sponsored account, School of Computer Science, Carnegie Mellon, Pittsburgh, PA Lines: 65 NNTP-Posting-Host: po3.andrew.cmu.edu In-Reply-To: <1993Apr25.185715.1326@news.unomaha.edu> trajan@cwis.unomaha.edu (Stephen McIntyre) writes: > Can a theist be tru"
25,zero_shot_full_context,0,alt.atheism,18,talk.politics.misc,18,"From: cobb@alexia.lis.uiuc.edu (Mike Cobb) Subject: Re: Societally acceptable behavior Organization: University of Illinois at Urbana Lines: 59 In <1qvh8tINNsg6@citation.ksu.ksu.edu> yohan@citation.ksu.ksu.edu (Jonathan W Newton) writes: >In article <C5qGM3.DL8@news.cso.uiuc.edu>, cobb@alexia.lis.uiuc.edu (Mike Cobb) writes: >>Merely a question for"
26,zero_shot_full_context,11,sci.crypt,11,sci.crypt,11,"From: mike@avon.demon.co.uk (""Mike H."") Subject: Re: Clipper Chip and crypto key-esc Distribution: world Organization: boring Reply-To: mike@avon.demon.co.uk X-Newsreader: Simple NEWS 1.90 (ka9q DIS 1.21) Lines: 20 In article <1993Apr21.131510.3215@memex.co.uk> peter@memex.co.uk writes: >I thought it was quite difficult to record a modem session at"
27,zero_shot_full_context,9,rec.sport.baseball,18,talk.politics.misc,18,From: thagerma@magnus.acs.ohio-state.edu (Teresa D Hagerman) Subject: Chicago visit Nntp-Posting-Host: top.magnus.acs.ohio-state.edu Organization: The Ohio State University Lines: 12 I am planning a weekend in Chicago next month for my first live-and-in-person Cubs game (!!!) I would appreciate any advice from locals or used-to-be locals on where t
28,zero_shot_full_context,7,rec.autos,17,talk.politics.mideast,17,From: antkasx@gsusgi2.gsu.edu (K A Sturrock) Subject: Re: Viper Car Alarms Organization: Georgia State University Lines: 26 u1815@cs.uiuc.edu (Ronald E Garnett) writes: Ron> Viper also sells some fancy field disturbance sensor that Ron> supposedly detects people approcahing the car.... Ron If your Viper system were tuned like a neighbor's is you wo
29,zero_shot_full_context,0,alt.atheism,16,talk.politics.guns,16,"From: livesey@solntze.wpd.sgi.com (Jon Livesey) Subject: Re: islamic genocide Organization: sgi Lines: 58 Distribution: world NNTP-Posting-Host: solntze.wpd.sgi.com In article <1qu485$58o@horus.ap.mchp.sni.de>, frank@D012S658.uucp (Frank O'Dwyer) writes: |> In article <1qkovl$k@fido.asd.sgi.com> livesey@solntze.wpd.sgi.com (Jon Livesey) writes: |> "
30,zero_shot_full_context,6,misc.forsale,6,misc.forsale,6,"From: rrmorris@midway.ecn.uoknor.edu (Rodney Raym Morrison) Subject: Amiga 3000 and 14.4 HST For sale CHEAP Distribution: usa Organization: Engineering Computer Network, University of Oklahoma, Norman, OK, USA Lines: 19 Nntp-Posting-Host: midway.ecn.uoknor.edu For Sale: Amiga 3000/16 6 megs RAM 1950 Monitor extra external hard drive Much sotware ga"
31,zero_shot_full_context,9,rec.sport.baseball,9,rec.sport.baseball,9,Subject: Re: MVP '92 Revisited From: grabiner@math.harvard.edu (David Grabiner) <9479@blue.cis.pitt.edu><1993Apr22.020832.11663@island.COM> <9709@blue.cis.pitt.edu><1r6hf4INNc16@gap.caltech.edu> Organization: /etc/organization Nntp-Posting-Host: germain.harvard.edu In-reply-to: shippert@cco.caltech.edu's message of 22 Apr 1993 16:34:44 GMT Lines: 4
32,zero_shot_full_context,5,comp.windows.x,18,talk.politics.misc,18,"From: amir@matis.INgr.COM (Amir J. Katz) Subject: XV 3.0 author is on vacation till May 10 or so Organization: SEE Technologies Ltd. Lines: 9 Reply-To: amir@matis.ingr.com NNTP-Posting-Host: enterpoop.mit.edu To: xpert@expo.lcs.mit.edu (xpert-list) For all those people flaming John Bradley, the author of xv - he's on vacation till May 10 (or 15, I "
33,zero_shot_full_context,9,rec.sport.baseball,18,talk.politics.misc,18,From: kirsch@staff.tc.umn.edu (Dave 'Almost Cursed the Jays' Kirsch) Subject: Re: Harry Caray Nntp-Posting-Host: staff.tc.umn.edu Organization: Li'l Carlos and the Hormones Lines: 22 In article <34592@oasys.dt.navy.mil> odell@oasys.dt.navy.mil (Bernard O'farmer by the'Dell) writes: >Being an old time Cardinal Fan-now relocated to the NVA area-I can
34,zero_shot_full_context,10,rec.sport.hockey,9,rec.sport.baseball,9,"From: dchhabra@stpl.ists.ca (Deepak Chhabra) Subject: Re: Nords 3 - Habs 2 in O.T. We was robbed!! Nntp-Posting-Host: stpl.ists.ca Organization: Solar Terresterial Physics Laboratory, ISTS Lines: 90 In article <1993Apr20.163027.28425@jarvis.csri.toronto.edu> yaska@eecg.toronto.edu (Yaska Sankar) writes: >>>Paul Stewart is the worst and most biased "
35,zero_shot_full_context,4,comp.sys.mac.hardware,4,comp.sys.mac.hardware,4,"From: zeh1@ellis.uchicago.edu (samuel zehr) Subject: Re: Centris 610 flaky? Reply-To: zeh1@midway.uchicago.edu Organization: University of Chicago Lines: 12 In article <C5yDqC.6JK@cs.uiuc.edu> scott@cs.uiuc.edu (Jay Scott) writes: >So, what does the net think? Did the dealer just get one flaky >machine, or did Apple send the C610 out the door too e"
36,zero_shot_full_context,16,talk.politics.guns,18,talk.politics.misc,18,From: dbernard@clesun.Central.Sun.COM (Dave Bernard) Subject: Re: FBI Director's Statement on Waco Standoff Organization: Sun Microsystems Lines: 19 Distribution: world Reply-To: dbernard@clesun.Central.Sun.COM NNTP-Posting-Host: clesun.central.sun.com >>That's The BD side of the story. The other is that D. Koresh met >>agents at the door with a we
37,zero_shot_full_context,12,sci.electronics,14,sci.space,14,"From: stephens@geod.emr.ca (Dave Stephenson) Subject: Re: solvent for duct-tape adhesive? Nntp-Posting-Host: ngis.geod.emr.ca Organization: Dept. of Energy, Mines, and Resources, Ottawa Lines: 23 mcovingt@aisun3.ai.uga.edu (Michael Covington) writes: >>> >>I don't know for sure that this will work, but you might try MEK (methyl >>ethyl keytone?). I"
38,zero_shot_full_context,10,rec.sport.hockey,9,rec.sport.baseball,9,"From: maszakj@pell1l5.alleg.edu (Jonathan Maszak) Subject: Re: Lemieux's Getting the Hart... Jeez I hope not! Organization: Allegheny College In article <22APR93.02956996.0062@UNBVM1.CSD.UNB.CA> Patrick Walker <F1HH@UNB.CA> writes: > Who should get the Hart? > Gretzky, not in a million years. At least not this year. > He hasn't played all year. > Y"
39,zero_shot_full_context,2,comp.os.ms-windows.misc,14,sci.space,14,From: stlombo@eos.acm.rpi.edu (Steve J. Lombardi) Subject: Please help an Amiga user find comfort in Windows Organization: The Voice of Fate Lines: 26 NNTP-Posting-Host: eos.acm.rpi.edu By night I'm an Amiga user. By day I work with windows. I'd be much more comfortable in windows if I had Two things. 1. A good Personal information manager. You kno
40,zero_shot_full_context,1,comp.graphics,2,comp.os.ms-windows.misc,2,"From: lilley@v5.cgu.mcc.ac.uk (Chris Lilley) Subject: Re: CorelDraw Bitmap to SCODAL Lines: 21 Reply-To: C.C.Lilley@mcc.ac.uk Organization: Computer Graphics Unit, MCC In article <1r1rsiINNld@zephyr.grace.cri.nz>, srlnjal@grace.cri.nz writes: >Does anyone know of software that will allow >you to convert CorelDraw (.CDR) files >containing bitmaps to"
41,zero_shot_full_context,19,talk.religion.misc,15,soc.religion.christian,15,"From: brian@lpl.arizona.edu (Brian Ceccarelli 602/621-9615) Subject: Re: Is it good that Jesus died? Organization: Lunar & Planetary Laboratory, Tucson AZ. Lines: 32 In article <C5yMIr.FnE@blaze.cs.jhu.edu> arromdee@jyusenkyou.cs.jhu.edu (Ken Arromdee) writes: >You said everyone in the world. That means *everyone* in the world, including >children "
42,zero_shot_full_context,2,comp.os.ms-windows.misc,5,comp.windows.x,5,"From: hbae@cwis.unomaha.edu (Hansang Bae) Subject: Using Mouse in Dos window Organization: University of Nebraska at Omaha Lines: 8 Is there a way to use the mouse when running a DOS app (windowed) in win 3.1? When you window a dos apps (in enhanced mode), I can see where the mouse cursor was, but it doesn't work! Any help would be greatly apprecia"
43,zero_shot_full_context,5,comp.windows.x,5,comp.windows.x,5,"From: smn@netcom.com (Subodh Nijsure) Subject: Scaling fonts in X Article-I.D.: netcom.smnC6wE51.3oJ Organization: NETCOM On-line Communication Services (408 241-9760 guest) Lines: 13 X/Motif Gurus, How do you handling scaling of X text while performing zooming operations on figures? Is restricting user to select scalable fonts too restrictive and "
44,zero_shot_full_context,15,soc.religion.christian,15,soc.religion.christian,15,"From: fsela1@acad3.alaska.edu Subject: Re: Why do people become atheists? Organization: University of Alaska Fairbanks Lines: 21 In article <May.5.02.50.42.1993.28665@athos.rutgers.edu>, Fil.Sapienza@med.umich.edu (Fil Sapienza) writes: > I am interested in finding out why people become > atheists after having believed in some god/God. > In convers"
45,zero_shot_full_context,8,rec.motorcycles,16,talk.politics.guns,16,"From: ray@unisql.UUCP (Ray Shea) Subject: Re: Ok, So I was a little hasty... Organization: UniSQL, Inc., Austin, Texas, USA Lines: 22 In article <speedy.173@engr.latech.edu> speedy@engr.latech.edu (Speedy Mercer) writes: >In article <5295@unisql.UUCP> ray@unisql.UUCP (Ray Shea) writes: >>*Everything* in Louisiana is related to liquor: eating, sleep"
46,zero_shot_full_context,5,comp.windows.x,14,sci.space,14,"From: p7003ag@sun1.LRZ-Muenchen.DE Subject: German keyboard ALT-GR ? Keywords: ALT-GR german keyboard Organization: Leibniz-Rechenzentrum, Muenchen (Germany) Lines: 25 Hi ppl, I am running XFree386 under Linux SLS1.0 and am trying to get the german keyboard working. I have already recompiled my kernel and the german keyboard in the textmode works j"
47,zero_shot_full_context,8,rec.motorcycles,17,talk.politics.mideast,17,"From: paulb@harley.tti.com (Paul Blumstein) Subject: Re: The best of times, the worst of times Nntp-Posting-Host: harley.tti.com Organization: Black Belt Motorcyclists Association Lines: 20 In article <1r1nujINNcti@gap.caltech.edu> ridgway@cco.caltech.edu (Alex Ridgway) writes: +paulb@harley.tti.com (Paul Blumstein) writes: +>[My problem] turned ou"
48,zero_shot_full_context,0,alt.atheism,15,soc.religion.christian,15,"From: acooper@mac.cc.macalstr.edu (Turin Turambar, ME Department of Utter Misery) Subject: From soc.religion.christian Organization: Macalester College Lines: 41 I found this little gem, I don't know if anyone has any interest/comments... -------------------------------------------------------------------------------- Hi everyone, I'm a commited Ch"
49,zero_shot_full_context,16,talk.politics.guns,16,talk.politics.guns,16,"From: lairdb@crash.cts.com (Laird P. Broadfield) Subject: Re: CNN for sale; Influencing the coverage Organization: ""Well, a head on top, an arm on each side, two legs...."" Distribution: usa Lines: 25 In <1993Apr19.171602.27135@guinness.idbsu.edu> betz@gozer.idbsu.edu (Andrew Betz) writes: >In article <1993Apr19.153444.28112@ucsu.Colorado.EDU> fcrar"
50,zero_shot_full_context,15,soc.religion.christian,15,soc.religion.christian,15,"From: tony@scotty.dccs.upenn.edu (Anthony Olejnik) Subject: How to dispose of old blessed palms? Organization: University of Pennsylvania Lines: 10 What is the proper way to dispose of old blessed palms? I`ve have a bunch that I`ve been holding onto. In addition, my mom has been giving me her's. I used to give them to my uncle who would burn them ("
51,zero_shot_full_context,2,comp.os.ms-windows.misc,2,comp.os.ms-windows.misc,2,"From: gtj@goanna.cs.rmit.oz.au (Glenn T Jayaputera) Subject: Telemate + Windows 3.1 ....Help! Organization: RMIT Department of Computer Science Lines: 11 I have a very funny yet confusing problem. I am using Telemate within Win 3.1. Everytime I close dos box, my Telemate operation get affected (Normally I am doing file transfer). However, if I open"
52,zero_shot_full_context,14,sci.space,14,sci.space,14,From: howard@sharps.astro.wisc.edu (Greg Howard) Subject: Re: Gamma Ray Bursters How energetic could they be? Organization: University of Wisconsin - Astronomy Department Lines: 40 NNTP-Posting-Host: uwast.astro.wisc.edu In article <1993Apr26.200406.1@vax1.mankato.msus.edu> belgarath@vax1.mankato.msus.edu writes: >In article <1rgvjsINNbhq@senator-b
53,zero_shot_full_context,2,comp.os.ms-windows.misc,5,comp.windows.x,5,"Organization: Penn State University From: Christopher Sacksteder <CJS@psuvm.psu.edu> Subject: Re: Windows NT und X-Windows? <1993Apr29.220709.7347@mksol.dseg.ti.com> <C69yBv.8wI@acsu.buffalo.edu> Lines: 19 In article <C69yBv.8wI@acsu.buffalo.edu>, mongwa@acsu.buffalo.edu (Kan Mongwa) says: > >>>does anybody here know whether Windows NT does/will in"
54,zero_shot_full_context,9,rec.sport.baseball,9,rec.sport.baseball,9,"From: steven@advtech.uswest.com ( Steve Novak) Subject: Re: Re:ALL-TIME BEST PLAYERS Organization: U S WEST Advanced Technologies Lines: 11 Nntp-Posting-Host: jaynes.advtech.uswest.com > = drm6640@tesla.njit.edu writes: >1B Career: DON MATTINGLY!!!!!!!! Lou Gehrig, IRONMAN -- +-+-+-+-+-+-+-+ | Steve Novak | |""Ban the Bomb!"" ""Ban the POPE!!""| +-+-+-"
55,zero_shot_full_context,17,talk.politics.mideast,16,talk.politics.guns,16,"From: sera@zuma.UUCP (Serdar Argic) Subject: Re: The Responsibles of the Armenian genocide of 2.5 million Muslims. Reply-To: sera@zuma.UUCP (Serdar Argic) Distribution: world Lines: 60 In article <30962@galaxy.ucr.edu> raffi@watnxt08.ucr.edu (Raffi R Kojian) writes: >> during the period of 1914 to 1920, the Armenian Government >> ordered, incited, "
56,zero_shot_full_context,12,sci.electronics,14,sci.space,14,"From: tsar.Princeton.EDU!fuchs (Ira H. Fuchs) Subject: Re: Removing battery corrosion Originator: news@nimaster Nntp-Posting-Host: tsar.princeton.edu Organization: Princeton University Lines: 17 In article <1993Apr26.165902.239@uvm.edu> me170pjd@emba-news.uvm.edu.UUCP (Peter J Demko) writes: > From article <1993Apr25.201129.1239@Princeton.EDU>, by "
57,zero_shot_full_context,16,talk.politics.guns,18,talk.politics.misc,18,"From: nagle@netcom.com (John Nagle) Subject: Re: FBI Director's Statement on Waco Standoff Organization: NETCOM On-line Communication Services (408 241-9760 guest) Lines: 34 ndallen@r-node.hub.org (Nigel Allen) writes: > FBI Director's Statement On Waco Standoff > ""I had hoped to be making a very different statement this evening. >After very carefu"
58,zero_shot_full_context,11,sci.crypt,16,talk.politics.guns,16,From: pmetzger@snark.shearson.com (Perry E. Metzger) Subject: Re: Clipper considered harmful Article-I.D.: lehman.1993Apr22.222016.25628 Organization: Partnership for an America Free Drug Lines: 22 brad@optilink.COM (Brad Yearwood) writes: >If Clipper comes to cellular phones along with legal proscriptions against >using other cipher systems on the
59,zero_shot_full_context,3,comp.sys.ibm.pc.hardware,16,talk.politics.guns,16,From: apapouts@lotds.uucp (Anestis Papoutsis) Subject: Canon Canada Organization: The Land of The Darkside BBS * (519)/888-9869 Lines: 6 Would someone please leave me the full address for Canon in Canada. thank you. --- Via UCI v1.21 (C-Net Amiga) UUCP: apapouts@lotds.uucp.
60,zero_shot_full_context,14,sci.space,14,sci.space,14,"From: pgf@srl03.cacs.usl.edu (Phil G. Fraering) Subject: Re: Gamma Ray Bursters. positional stuff. Organization: Univ. of Southwestern Louisiana Lines: 24 belgarath@vax1.mankato.msus.edu writes: > Actually, my advisor, another classmate of mine, and me were >talking the other day about putting just one detector on one of the >Pluto satellites. THen"
61,zero_shot_full_context,6,misc.forsale,6,misc.forsale,6,"From: rsutton@magnus.acs.ohio-state.edu (Roy A Sutton) Subject: FORSALE: Fast Star LV2010 9PIN Printer with Extras $55 Nntp-Posting-Host: magnusug.magnus.acs.ohio-state.edu Organization: The Ohio State University Distribution: usa Lines: 11 As the title says. I would like to sell my Star LV2010 9 pin printer. Its a narrow colum dot matrix, supports"
62,zero_shot_full_context,16,talk.politics.guns,16,talk.politics.guns,16,"From: dhartung@chinet.chi.il.us (Dan Hartung) Subject: Re: Feds Caught in Another Lie Organization: Chinet - Public Access UNIX Lines: 28 kdw@icd.ab.com (Kenneth D. Whitehead) writes: >Well, after 2 days of hearing that 3 of the BD bodies had >been shot in the head (Horrors! Another Jonestown! Crazed >Cultists! Child Abusers! WHACKOS in Waco!), las"
63,zero_shot_full_context,10,rec.sport.hockey,9,rec.sport.baseball,9,"From: John Michael Santore <jsbh+@andrew.cmu.edu> Subject: Re: Goalie mask poll update 4/22/93 Organization: Sophomore, Mathematics, Carnegie Mellon, Pittsburgh, PA Lines: 28 <2431@niktow.canisius.edu> NNTP-Posting-Host: po2.andrew.cmu.edu In-Reply-To: <2431@niktow.canisius.edu> > Now here this: Anyone voting for John Blue for best goalie mask poll"
64,zero_shot_full_context,19,talk.religion.misc,16,talk.politics.guns,16,From: salem@pangea.Stanford.EDU (Bruce Salem) Subject: Re: Ancient references to Christianity (was: Albert Sabin) Organization: Stanford Univ. Earth Sciences Lines: 7 NNTP-Posting-Host: pangea.stanford.edu In article <C5ztJu.FKx@news.cso.uiuc.edu> cobb@alexia.lis.uiuc.edu (Mike Cobb) writes: >Why is the NT tossed out as info on Jesus. I realize it 
65,zero_shot_full_context,18,talk.politics.misc,18,talk.politics.misc,18,"From: borden@head-cfa.harvard.edu (Dave Borden) Subject: Drug Use and Policy in Japan Organization: Smithsonian Astrophysical Observatory, Cambridge, MA, USA Lines: 13 Is anyone out there knowledgeable on drug issues in Japan? I'm interested in knowing if Japan has or has ever had a problem with drugs, and how they dealt with it. I've heard, undocu"
66,zero_shot_full_context,9,rec.sport.baseball,9,rec.sport.baseball,9,"From: ec003b@uhura.cc.rochester.edu (Wizard) Subject: Mike Greenwell and Mo Vaughn: Stat help! Nntp-Posting-Host: uhura.cc.rochester.edu Organization: University of Rochester - Rochester, New York Lines: 12 Dear Anybody, I am in Rochester, NY, where people can look at a Rangers-Penguins playoff game and say, no joke I heard it, ""Hey whats this, OH,"
67,zero_shot_full_context,15,soc.religion.christian,15,soc.religion.christian,15,"From: nichael@bbn.com (Nichael Cramer) Subject: Re: Deuterocanonicals, esp. Sirach Reply-To: ncramer@bbn.com Organization: BBN, Interzone Office Lines: 35 poram@ihlpb.att.com writes: On these counts, the apocrapha falls short of the glory of God. To quote Unger's Bible Dictionary on the Apocrapha: 1. They abound in historical and geographical inacc"
68,zero_shot_full_context,1,comp.graphics,2,comp.os.ms-windows.misc,2,"From: jorna@kub.nl (AEGEE-Tilburg, Remco Jorna) Subject: CGM garphics viewer wanted Organization: Tilburg University, Tilburg, The Netherlands Nntp-Posting-Host: kubvx1 Reply-To: jorna@kub.nl News-Software: VAX/VMS VNEWS 1.41 Lines: 7 I'm currently looking for a viewer for Computer Graphics Metafile (CGM) pictures. Please inform me about a SHAREWAR"
69,zero_shot_full_context,14,sci.space,14,sci.space,14,"From: vamwendt@atlas.cs.upei.ca (Michael Wendt) Subject: Historic shuttle flights Organization: University of Prince Edward Island Lines: 7 Would someone please send me a list of the historic space flights? I am not looking for a list of all flights, just the ones in which something monumental happened. Or better yet, is there an ftp site with the "
70,zero_shot_full_context,14,sci.space,14,sci.space,14,"From: thomsonal@cpva.saic.com Subject: Space surveillance: what I really meant Organization: Science Applications Int'l Corp./San Diego Lines: 33 Thanks to the people who have answered here and in email to my question about which countries engage in space surveillance. Unfortunately, I apparently didn't make the meaning of the message clear, since "
71,zero_shot_full_context,3,comp.sys.ibm.pc.hardware,4,comp.sys.mac.hardware,4,"From: m88max@tdb.uu.se (Max Brante) Subject: Pinout for standard (MONO)VGA monitor? Organization: Department of Scientific Computing, Uppsala University Lines: 12 The subject line says it all. /Thanks __ __ _ _ l \ / l ___ ( \/ ) Max Brante m88max@tdb.uu.se l l l l l / _ \ \ / l l\_/l l( (_) l / \ Institutionen f|r teknisk databehandling l_l l_l \_"
72,zero_shot_full_context,13,sci.med,16,talk.politics.guns,16,From: badboy@netcom.com (Jay Keller) Subject: Re: Can men get yeast infections? Organization: Netcom - Online Communication Services (408 241-9760 guest) Distribution: na Lines: 12 >>>Can men get yeast infections? Spread them? What kind of symptoms? My ENT doctor told me that it is not uncommon for the wife to get a vaginal yeast infection after th
73,zero_shot_full_context,10,rec.sport.hockey,9,rec.sport.baseball,9,"From: gwittt@alleg.edu (Tom Gwitt) Subject: Re: #77's? Organization: Allegheny College Lines: 15 In article <1r23on$4p6@bigboote.WPI.EDU> ching@bigwpi.WPI.EDU (""The Logistician"") writes: > > I am in need of all of the players wearing #77 in the NHL. I know now only > of one, Ray Borque for the Bruins. Any help would be greatly appreciated. > > Than"
74,zero_shot_full_context,7,rec.autos,7,rec.autos,7,From: bense@oasys.dt.navy.mil (Ron Bense) Subject: Re: It's a rush... (was Re: Too fast) Distribution: usa Organization: Dis claim is mine Lines: 12 In article <21APR199314371355@stdvax> oaddab@stdvax (DIRK BROER) writes: >Still its amazing in Germany you can have cars traveling 155 mph and 65 mph >on the same 3 to 4 lane road. Around Washington DC
75,zero_shot_full_context,3,comp.sys.ibm.pc.hardware,2,comp.os.ms-windows.misc,2,"From: chris.crayton@ozonehole.com (Chris Crayton) Subject: Com ports 5-8. Distribution: world Organization: Ozone Online Operations, Inc. - New Orleans, LA Reply-To: chris.crayton@ozonehole.com (Chris Crayton) Lines: 17 *** On 04-21-93 04:54, Mark had the unmitigated gall to say this: Ma> Does anyone know what the standard port addresses are for CO"
76,zero_shot_full_context,16,talk.politics.guns,16,talk.politics.guns,16,"From: aj359@cleveland.Freenet.Edu (Christopher C. Morton) Subject: Re: ATF BURNS DIVIDIAN RANCH! NO SURVIVORS!!! Organization: Case Western Reserve University, Cleveland, OH (USA) Lines: 29 Reply-To: aj359@cleveland.Freenet.Edu (Christopher C. Morton) NNTP-Posting-Host: slc4.ins.cwru.edu In a previous article, jdurbin@nl.oracle.com (Jason Durbin) s"
77,zero_shot_full_context,7,rec.autos,7,rec.autos,7,"From: jp@vllyoak.resun.com (Jeff Perry) Subject: Re: The 1994 Mustang Organization: Private site in San Marcos, California Lines: 26 jmh@hopper.Virginia.EDU (Jeffrey Hoffmeister) writes: > In article <1993Apr22.192652.3032@virginia.edu> jmm4h@Virginia.EDU (""The Blad > >I just have got to remind all of you that this is it! Yes, > >that's right, somt"
78,zero_shot_full_context,3,comp.sys.ibm.pc.hardware,13,sci.med,13,"From: guyd@austin.ibm.com (Guy Dawson) Subject: Re: IDE vs SCSI, DMA and detach Originator: guyd@pal500.austin.ibm.com Organization: IBM Austin Lines: 60 In article <1993Apr19.034517.12820@julian.uwo.ca>, wlsmith@valve.heart.rri.uwo.ca (Wayne Smith) writes: > In article <RICHK.93Apr15075248@gozer.grebyn.com> richk@grebyn.com (Richard Krehbiel) writ"
79,zero_shot_full_context,18,talk.politics.misc,17,talk.politics.mideast,17,"From: PA146008@utkvm1.utk.edu (David Veal) Subject: Re: Motor-Voter Lines: 54 Organization: University of Tennessee Division of Continuing Education In article <1r7tjnINNgcu@bigbird.williams.edu> 96csw@williams.edu (Walter ""Gib"" Gibson) writes: [Motor-Voter stuff] > > My friend, after the election, brought up the point that it >would enable more pe"
80,zero_shot_full_context,0,alt.atheism,0,alt.atheism,0,"From: I3150101@dbstu1.rz.tu-bs.de (Benedikt Rosenau) Subject: Re: Amusing atheists and agnostics Organization: Technical University Braunschweig, Germany Lines: 10 In article <1r10jcINNt1g@lynx.unm.edu> cfaehl@vesta.unm.edu (Chris Faehl) writes: >> Correction: _hard_ atheism is a faith. > >Yes. > Can be a faith. Like weak atheism. We had that befor"
81,zero_shot_full_context,8,rec.motorcycles,17,talk.politics.mideast,17,From: bgardner@pebbles.es.com (Blaine Gardner) Subject: Re: Zipper repairs (Was: ...Tankbag...) Nntp-Posting-Host: 130.187.85.70 Reply-To: bgardner@dsd.es.com Organization: Evans & Sutherland Computer Corporation Lines: 44 In article <carlp.735709605@frigg> carlp@frigg.isc-br.com (Carl Paukstis) writes: >bgardner@pebbles.es.com (Blaine Gardner) wri
82,zero_shot_full_context,14,sci.space,14,sci.space,14,"From: nsmca@aurora.alaska.edu Subject: Human Habitale Planets? Lines: 24 Nntp-Posting-Host: acad3.alaska.edu Organization: University of Alaska Fairbanks Habital planets are also dependent on what kind of plant life can be grown.. and such.. Length of growing season (that is if you want something more than VAT food, argh, Id ratehr eat an MRE for a"
83,zero_shot_full_context,15,soc.religion.christian,15,soc.religion.christian,15,"From: poram@ihlpb.att.com Subject: Re: Deuterocanonicals, esp. Sirach Organization: AT&T Lines: 86 In article <May.7.01.09.00.1993.14498@athos.rutgers.edu> revdak@netcom.com (D. Andrew Kille) writes: >Dave Davis (ddavis@cass.ma02.bull.com) wrote: > >[lots deleted, with which I generally agree; there is no inherently >defensible argument for the inc"
84,zero_shot_full_context,16,talk.politics.guns,16,talk.politics.guns,16,From: gdnikoli@undergrad.math.uwaterloo.ca (Greg Nikolic) Subject: Re: Who's next? Mormons and Jews? Organization: University of Waterloo Lines: 17 In article <C5s5n0.DyJ@world.std.com> rjk@world.std.com (Robert J. Kolker) writes: >take their oath at the fortress. Lo Tepol Shaynit Matzadah. Matzadah will >not fall again! These zealots. Holy fuck. I
85,zero_shot_full_context,14,sci.space,14,sci.space,14,"Subject: Re: Gamma Ray Bursters. positional stuff. From: belgarath@vax1.mankato.msus.edu <1993Apr26.141114.19777@midway.uchicago.edu> <27APR199320210230@stdvax.gsfc.nasa.gov> <1rmh4eINN95h@gap.caltech.edu> Organization: Mankato State University Nntp-Posting-Host: vax1.mankato.msus.edu Lines: 52 In article <1rmh4eINN95h@gap.caltech.edu>, kwp@wag.cal"
86,zero_shot_full_context,17,talk.politics.mideast,16,talk.politics.guns,16,"From: aa824@cleveland.Freenet.Edu (Mark Ira Kaufman) Subject: Re: Zionist leaders' frank statements Organization: Case Western Reserve University, Cleveland, Ohio (USA) Lines: 60 NNTP-Posting-Host: thor.ins.cwru.edu Elias Davidsson writes... ED> dear pete, ED> ED> for one who is so zionist as you, you should at least know your ED> hebrew, young man"
87,zero_shot_full_context,4,comp.sys.mac.hardware,4,comp.sys.mac.hardware,4,"From: bm074@cleveland.Freenet.Edu (David S Fung) Subject: Re: I want MacWeek Organization: Case Western Reserve University, Cleveland, Ohio (USA) Lines: 2 NNTP-Posting-Host: hela.ins.cwru.edu You can call MacUser magazine number, i guess they will give you the info!"
88,zero_shot_full_context,2,comp.os.ms-windows.misc,2,comp.os.ms-windows.misc,2,From: akm@getafix.cs.uoregon.edu (Anant Kartik Mithal) Subject: Re: 'Info' menu choice in File Manager Organization: University of Oregon Computer and Information Sciences Dept. Lines: 21 In article <shenoy.737772666@pv025f.vincent.iastate.edu> shenoy@iastate.edu (Shiva Shenoy) writes: >In <1993May18.141451.3443@trintex.uucp> charles@tinman.dev.pro
89,zero_shot_full_context,16,talk.politics.guns,16,talk.politics.guns,16,"From: johnm@karnak.lonestar.org (John Meaders) Subject: Re: ATF BURNS DIVIDIAN RANCH! NO SURVIVORS!!! Organization: Capitalist Warmongers, Inc. Lines: 23 NNTP-Posting-Host: karnak.cox.smu.edu Keywords: Nata thing !! mhamilto@Nimitz.mcs.kent.edu (The Lawnmowerman) writes: >In article <93109.13404334AEJ7D@CMUVM.BITNET>, <34AEJ7D@CMUVM.BITNET> writes:"
90,zero_shot_full_context,15,soc.religion.christian,15,soc.religion.christian,15,"From: bruce@liv.ac.uk (Bruce Stephens) Subject: Re: Why do people become atheists? Organization: Centre for Mathematical Software Research, Univ. Liverpool Lines: 31 >>>>> On 11 May 93 06:38:48 GMT, Fil.Sapienza@med.umich.edu (Fil Sapienza) said: > In article <May.7.01.09.44.1993.14556@athos.rutgers.edu> maxwell c muir, > muirm@argon.gas.organpipe."
91,zero_shot_full_context,17,talk.politics.mideast,16,talk.politics.guns,16,"From: ab4z@Virginia.EDU (""Andi Beyer"") Subject: Re: Freedom In U.S.A. Organization: University of Virginia Lines: 23 astein@nysernet.org writes: > Freedom of speech does not mean that others are compelled to give one > the means to speak publicly. Some systems have regulations > prohibiting the dissemination of racist and bigoted messages from > ac"
92,zero_shot_full_context,2,comp.os.ms-windows.misc,5,comp.windows.x,5,From: bkv@donald.cc.utexas.edu Subject: Suggestions for WinForWG COM redirection needed! Organization: The University of Texas - Austin Lines: 11 Distribution: usa NNTP-Posting-Host: donald.cc.utexas.edu Summary: Help with WFWG HELP! I am trying to find software that will allow COM port redirection under Windows for Workgroups. Can anyone out there
93,zero_shot_full_context,2,comp.os.ms-windows.misc,4,comp.sys.mac.hardware,4,"From: tomh@metrics.com (Tom Haapanen) Subject: Can OS/2 talk to Windows for Workgroups? Organization: Software Metrics Inc. Lines: 14 I'd like to get a system running OS/2 2.0 GA talking to a network of PCs running Windows for Workgroups. Acting as a server would be wonderful, but client access would be enough. Can I run WFW 's NET utilities in a D"
94,zero_shot_full_context,18,talk.politics.misc,18,talk.politics.misc,18,From: Roland Siebelink <rcsiebel@vnet3.vub.ac.be> Subject: Voting system/regulations for the European Parliament Distribution: world Organization: CSNMIT/Brussels Free University VUB Lines: 64 Keywords: proportional representation majority europe european parliament election voting ballots Britain Italy Holland Belgium Luxemburg Germany Spain Franc
95,zero_shot_full_context,18,talk.politics.misc,16,talk.politics.guns,16,"From: pyotr@halcyon.com (Peter D. Hampe) Subject: Suffer the little Children, was Welcome to Police State USA Organization: Northwest Nexus Inc. Lines: 38 NNTP-Posting-Host: nwfocus.wa.com azoghlin@uxa.cso.uiuc.edu (Very Old Freshman (VOF)) writes: >Critisism is too easy. What solutions do people have that would have been >better than what the FBI "
96,zero_shot_full_context,6,misc.forsale,6,misc.forsale,6,"From: Spencer@world.std.com (Spencer Marks) Subject: Two America West Tickets for Sale Organization: The World Public Access UNIX, Brookline, MA Distribution: na Lines: 11 America West Airline Tickets for Sale Two $300 vouchers on America West Airlines, which can be used toward the purchase of tickets to wherever that airline goes. There are no res"
97,zero_shot_full_context,12,sci.electronics,3,comp.sys.ibm.pc.hardware,3,"From: kpjone01@ulkyvx.louisville.edu Subject: What type of IC is this??? Lines: 20 Nntp-Posting-Host: ulkyvx.louisville.edu Organization: University of Louisville Greets, I have an IC I need help in identifying. It is an 8-pin IC with the following label: W03563 9144w4 ANY help would be greatly appreciated in identifying this chip. Kevin ~~~~~~~~~~"
98,zero_shot_full_context,15,soc.religion.christian,13,sci.med,13,"From: REXLEX@fnal.gov Subject: ARSENOKOITAI: Scroggs (#3) Organization: FNAL/AD/Net Lines: 199 [cont. Dr. James DeYoung; #3] R. Scroggs Robin Scroggs has built upon the discussion of his predecessors and suggested a new twist to the word. Scroggs believes that arsenokoitai is a ""Hellenistic Jewish coinage, perhaps influenced by awareness of rabbini"
99,zero_shot_full_context,19,talk.religion.misc,18,talk.politics.misc,18,"From: wmoore@ADS.COM (William Moore) Subject: on-line Book of Mormon Organization: Advanced Decision Systems, Mtn. View, CA (415) 960-7300 Distribution: usa Lines: 15 Newsgroups: talk.religion.misc Subject: On-line copy of Book of Mormon Summary: Distribution: usa Organization: Advanced Decision Systems, Mtn. View, CA (415) 960-7300 Keywords: BOM, "
100,zero_shot_full_context,9,rec.sport.baseball,9,rec.sport.baseball,9,"From: wall@cc.swarthmore.edu (Matthew Wall) Subject: Rules on-line? Organization: Hi, I'm Matt, and I'm a...a...Boston Red Sox fan Lines: 17 Nntp-Posting-Host: elvis.swarthmore.edu Well, I'm finally about to key in the official rules for the archives, but before I do, I will ask again... does anybody have the official MLB rules in electronic format"
101,zero_shot_full_context,9,rec.sport.baseball,9,rec.sport.baseball,9,"From: 00pmlemen@leo.bsuvc.bsu.edu Subject: Two-sport star trivia! Organization: Ball State University, Muncie, In - Univ. Computing Svc's Lines: 20 Here's a few two-sport star trivia questions. I'll admit they're not too difficult, but a bit challenging nevertheless. Mail me your answers please; or post them. 1. Which pitcher played for the Harlem "
102,zero_shot_full_context,4,comp.sys.mac.hardware,17,talk.politics.mideast,17,"From: hades@coos.dartmouth.edu (Brian V. Hughes) Subject: Re: C610 ugradable to Tempest? Reply-To: hades@Dartmouth.Edu Organization: Dartmouth College, Hanover, NH Disclaimer: Personally, I really don't care who you think I speak for. Moderator: Rec.Arts.Comics.Info Lines: 16 David Tsai <dt1n+@andrew.cmu.edu> writes: >Is it going to be possible to "
103,zero_shot_full_context,13,sci.med,18,talk.politics.misc,18,"Organization: Penn State University From: <RFM@psuvm.psu.edu> Subject: Sleep in hospitals (WAS Re: EUse of haldol in elderly Lines: 14 In article <YfqmleK00iV185Co5L@andrew.cmu.edu>, you say: > I've seen people in their forties and fifties become disoriented and >demented during hospital stays. In the examples I've seen, drugs were >definitely invo"
104,zero_shot_full_context,2,comp.os.ms-windows.misc,3,comp.sys.ibm.pc.hardware,3,"From: yon@world.std.com (David A Yon) Subject: Lockups in 386 enh mode w/floppy? Organization: The World Public Access UNIX, Brookline, MA Distribution: usa Lines: 15 Hi, I've got an older 386/25 motherboard (old as in, uses a 1988 keyboard controller, and uses memory interleaving rather than caching). It has developed a problem where trying to cop"
105,zero_shot_full_context,8,rec.motorcycles,8,rec.motorcycles,8,"From: npet@bnr.ca (Nick Pettefar) Subject: Re: Type spesifications (CB, VFR, GT, etc.) Nntp-Posting-Host: bmdhh299 Organization: BNR Europe Ltd, Maidenhead, UK X-Newsreader: TIN [version 1.1 PL8] Lines: 33 Victor Johnson, on the Thu, 22 Apr 1993 00:01:10 GMT wibbled: : In rec.motorcycles, cjackson@adobe.com (Curtis Jackson) writes: : > In article <"
106,zero_shot_full_context,6,misc.forsale,14,sci.space,14,"From: Mike Diack <mike-d@staff.tc.umn.edu> Subject: Re: Electronic Components etc X-Xxmessage-Id: <A7FD05D0F6016515@dialup-slip-1-21.gw.umn.edu> X-Xxdate: Fri, 23 Apr 93 02:32:48 GMT Nntp-Posting-Host: dialup-slip-1-21.gw.umn.edu Organization: persian cat & carpet co. X-Useragent: Nuntius v1.1.1d7 Lines: 19 I said >Cipher tape drives $10.00 what a "
107,zero_shot_full_context,2,comp.os.ms-windows.misc,4,comp.sys.mac.hardware,4,"From: ddennis@nyx.cs.du.edu (Dave Dennis) Subject: Re: Drivers for Stealth 24 Organization: University of Denver, Dept. of Math & Comp. Sci. Lines: 30 debrown@hubcap.clemson.edu (David E. Brown) writes: >Doug Ward writes: >>I recently purchased a Diamond Stealth 24 Video card and received >>the wrong drivers. Does anyone know where I can ftp the pr"
108,zero_shot_full_context,6,misc.forsale,16,talk.politics.guns,16,"From: jrm@elm.circa.ufl.edu (Jeff Mason) Subject: COMICS: Jeff's Strange Comics -- Dozens of new titles! Organization: University of Florida, Gainesville Lines: 279 NNTP-Posting-Host: elm.circa.ufl.edu Tuesday April 27, 1993 UPDATE This is my latest updated list of strange/bizzare/odd/independent comics that I have for sale. As always, most are cov"
109,zero_shot_full_context,5,comp.windows.x,13,sci.med,13,From: morris@sg25.npt.nuwc.navy.MIL (morris hirsch) Subject: (none) Organization: The Internet Lines: 30 NNTP-Posting-Host: enterpoop.mit.edu We are adding a Motif wrapper to a family of data display programs. These programs are each written as a 'main loop' with these steps: - use semop to check a semaphore and if true access new data otherwise bl
110,zero_shot_full_context,7,rec.autos,18,talk.politics.misc,18,"From: wlsmith@valve.heart.rri.uwo.ca (Wayne Smith) Subject: Re: Questions about insurance companies (esp. Geico) Organization: The John P. Robarts Research Institute, London, Ontario Distribution: usa Nntp-Posting-Host: valve.heart.rri.uwo.ca Lines: 8 In article <66758@mimsy.umd.edu> davew@cs.umd.edu (David G. Wonnacott) writes: >I'm considering sw"
111,zero_shot_full_context,14,sci.space,14,sci.space,14,From: shoran@NMSU.Edu (Stephen Horan) Subject: White Sands & DC-X X-Added: Forwarded by Space Digest Organization: [via International Space University] Original-Sender: isu@VACATION.VENARI.CS.CMU.EDU Distribution: sci Lines: 20 It is interesting to note in the past few days' correspondance that some believe that poor old New Mexico is not capable o
112,zero_shot_full_context,10,rec.sport.hockey,9,rec.sport.baseball,9,"From: sclark@epas.utoronto.ca (Susan Clark) Subject: Re: If You Were Pat Burns ... Organization: University of Toronto - EPAS Keywords: Leaf Wings Nntp-Posting-Host: epas.utoronto.ca Lines: 6 Borchevsky is 5'9"" and Gilmour is 5'11""...I think Gilmour slightly outweighs Borchevsky. Andreychuk is also about 5'11"", I think. Susan teeheehee...oops!"
113,zero_shot_full_context,17,talk.politics.mideast,16,talk.politics.guns,16,"From: melabdel@cobra.cs.unm.edu (Mohammed Elabdellaoui) Subject: Re: Europe vs. Muslim Bosnians Organization: Computer Science Department, University of New Mexico Lines: 75 In article <C6yt9o.Ftt@world.std.com> tti@world.std.com (Joachim Martillo) writes: >In article <C6yAoD.4C7@cobra.cs.unm.edu> melabdel@cobra.cs.unm.edu (Mohammed Elabdellaoui) w"
114,zero_shot_full_context,7,rec.autos,17,talk.politics.mideast,17,"From: brian@gothamcity.jsc.nasa.gov (Brian Donnell) Subject: Re: Dealer cheated me with wrong odometer reading. Need help! Nntp-Posting-Host: hotspare.arc.nasa.gov Organization: NASA/ARC Information Sciences Division Distribution: usa Lines: 9 I don't know about where you are, but here in California false representation of odometer readings is a cr"
115,zero_shot_full_context,3,comp.sys.ibm.pc.hardware,3,comp.sys.ibm.pc.hardware,3,"From: iisakkil@beta.hut.fi (Mika Iisakkila) Subject: Re: DX50 vs DX266 In-Reply-To: arnolm2@aix.rpi.edu's message of Wed, 21 Apr 1993 23:55:12 GMT Nntp-Posting-Host: beta.hut.fi Organization: Helsinki University of Technology, Finland Lines: 11 arnolm2@aix.rpi.edu (Matthew Richard Arnold) writes: >chip in the future. I must be missing something, si"
116,zero_shot_full_context,11,sci.crypt,18,talk.politics.misc,18,"From: tedwards@eng.umd.edu (Thomas Grant Edwards) Subject: Re: Clipper considered harmful Organization: Project GLUE, University of Maryland, College Park Lines: 16 NNTP-Posting-Host: kolo.src.umd.edu >Sternlight) writes: >>>(Gideon Yuval) writes: >>>>If these personal attacks are what stopped Prof. Denning from >>>>replying on issues of substance,"
117,zero_shot_full_context,9,rec.sport.baseball,9,rec.sport.baseball,9,"From: dmoney@magnus.acs.ohio-state.edu (Dean R Money) Subject: The Braves will come around... Nntp-Posting-Host: bottom.magnus.acs.ohio-state.edu Organization: The Ohio State University Lines: 28 To all the Braves doubters: Don't worry. The bats will come alive, and the Braves will come around. The pitching is solid, and as long the Braves don't ha"
118,zero_shot_full_context,3,comp.sys.ibm.pc.hardware,17,talk.politics.mideast,17,"From: ab245@cleveland.Freenet.Edu (Sam Latonia) Subject: Re: *** CONSUMER WARNING *** MidWest Micro (Ohio) Organization: Case Western Reserve University, Cleveland, Ohio (USA) Lines: 17 NNTP-Posting-Host: slc10.ins.cwru.edu I must say that I have been a customer of Midwest Micro for over 4 years now, and have been well taken care of on each purchas"
119,zero_shot_full_context,16,talk.politics.guns,16,talk.politics.guns,16,"From: crphilli@hound.dazixca.ingr.com (Ron Phillips) Subject: Waco Questions Nntp-Posting-Host: hound Reply-To: crphilli@hound.dazixca.ingr.com Organization: ""Intergraph Electronics, Mountain View, CA"" Distribution: usa Lines: 137 Folks, It's time to start building some precise questions to send to our federal elected officials and to investigative"
120,zero_shot_full_context,18,talk.politics.misc,18,talk.politics.misc,18,"From: russotto@eng.umd.edu (Matthew T. Russotto) Subject: Re: Welcome to Police State USA Organization: Project GLUE, University of Maryland, College Park Lines: 27 NNTP-Posting-Host: tea.eng.umd.edu In article <C5sI9G.Hx@dscomsa.desy.de> hallam@zeus02.desy.de writes: > >The above conveniently ignores the murder of four BATF agents by the >Branch D"
121,zero_shot_full_context,10,rec.sport.hockey,9,rec.sport.baseball,9,"From: jsmilla@emory.edu (Joshua S. Millard) Subject: Islanders win Third in OT Organization: Emory University, Atlanta, GA Lines: 10 X-Newsreader: Tin 1.1 PL3 Don't know who scored, but the Isles (28-7 franchise record in playoff OT games) took game four by a score of 4-3 for their third consecutive OT win over the Capitals tonight at Uniondale. If"
122,zero_shot_full_context,11,sci.crypt,18,talk.politics.misc,18,"From: kadie@cs.uiuc.edu (Carl M Kadie) Subject: Re: political point of attack: Clipper infrastructure Organization: University of Illinois, Dept. of Comp. Sci., Urbana, IL Lines: 14 strnlght@netcom.com (David Sternlight) writes: [...] >The Attorney General publishes the number of court-ordered taps each year. [...] I believe you are mistaken. I don"
123,zero_shot_full_context,4,comp.sys.mac.hardware,5,comp.windows.x,5,From: todd@carson.u.washington.edu (Todd L. Brooks) Subject: laserwriter ls driver Article-I.D.: shelley.1r6k3hINNq5t Organization: University of Washington Lines: 6 NNTP-Posting-Host: carson.u.washington.edu I have heard that the version 7.2 printer driver is out for the apple laserwriter ls. Has ayone heard of how or where to get this driver. Ple
124,zero_shot_full_context,3,comp.sys.ibm.pc.hardware,13,sci.med,13,"From: jliukkon@klaava.Helsinki.FI (Juha-Matti Liukkonen) Subject: Re: Soundblaster IRQ and Port settings Organization: University of Helsinki Lines: 52 pdb059@ipl.jpl.nasa.gov (Paul Bartholomew) writes: <clip clip> >Interesting. Would you care to explain to me then, how my SoundBlaster >Pro card and my printer card are sharing IRQ 7 successfully? I"
125,zero_shot_full_context,15,soc.religion.christian,15,soc.religion.christian,15,"From: alisonjw@spider.co.uk (Alison J Wyld) Subject: Re: Dreams and out of body incidents Organization: Spider Systems Limited, Edinburgh, UK. Lines: 40 In article <May.11.02.37.40.1993.28185@athos.rutgers.edu> dt4%cs@hub.ucsb.edu (David E. Goggin) writes: >I'd like to get your comments on a question that has been on my mind a >lot: What morals/eth"
126,zero_shot_full_context,4,comp.sys.mac.hardware,13,sci.med,13,"From: qman@casbah.acns.nwu.edu (Charlie Kuehmann) Subject: Re: Monitors - should they be kept on 24 hours a day??? Nntp-Posting-Host: ironman.ms.nwu.edu Organization: Northwestern University Lines: 37 In article <C5uHHI.2HDG@austin.ibm.com>, kelleyb@austin.ibm.com (Kelley Boylan) wrote: > > > > Yes, I know computers and harddisk drives should be AL"
127,zero_shot_full_context,8,rec.motorcycles,11,sci.crypt,11,From: bgardner@pebbles.es.com (Blaine Gardner) Subject: Re: Shaft-drives and Wheelies Nntp-Posting-Host: 130.187.85.70 Organization: Evans & Sutherland Computer Corporation Lines: 18 In article <735660736snz@morgan.demon.co.uk> tony@morgan.demon.co.uk writes: >In article <1993Apr23.164901.13892@megatek.com> randy@megatek.com writes: > >> When did *
128,zero_shot_full_context,11,sci.crypt,18,talk.politics.misc,18,"From: strnlght@netcom.com (David Sternlight) Subject: Back doors in Clipper? Organization: DSI/USCRPAC Lines: 20 I think it very unlikely there are back doors in clipper, for two reasons: 1. The government doesn't need them if it can get the key (and yes, I assume that the ""official"" government obeys court orders, etc.--and that the design of the c"
129,zero_shot_full_context,3,comp.sys.ibm.pc.hardware,4,comp.sys.mac.hardware,4: comp.sys,"From: goyal@utdallas.edu (MOHIT K GOYAL) Subject: Info. on the POWER PC by IBM, Apple, & Motorola! Nntp-Posting-Host: apache.utdallas.edu Organization: Univ. of Texas at Dallas Lines: 34 ==== BEGIN REPOST ==== IBM, Apple, Motorola Ready to Unwrap PowerPC 601 Processor The wraps will come off the PowerPC 601 processor this week, as Motorola Corp., I"
130,zero_shot_full_context,18,talk.politics.misc,14,sci.space,14,"Subject: Re: The earth also pollutes...... From: rodger-scoggin@ksc.nasa.gov (Rodger C. Scoggin) Nntp-Posting-Host: 128.159.2.197 Lines: 24 In article <DZVB3B6w164w@cellar.org>, techie@cellar.org (William A Bacon) says: > >FURY OF MOTHER NATURE > >Man's contribution to environmental ""pollution"" are paltry compared to those >of nature. In her except"
131,zero_shot_full_context,18,talk.politics.misc,18,talk.politics.misc,18,"From: goykhman@apollo.hp.com (Red Herring) Subject: Re: Welcome to Police State USA Nntp-Posting-Host: dzoo.ch.apollo.hp.com Organization: Hewlett-Packard Company, Chelmsford, MA Lines: 26 In article <rlglendeC5tBuF.2oC@netcom.com> rlglende@netcom.com (Robert Lewis Glendenning) writes: >Has anybody heard an explanation of why the FBI was using tear"
132,zero_shot_full_context,7,rec.autos,14,sci.space,14,From: eliot@lanmola.engr.washington.edu (eliot) Subject: Re: V4 V6 V8 V12 Vx? Organization: skulls 'r us Lines: 13 NNTP-Posting-Host: lanmola.engr.washington.edu In article <1993Apr24.150653.8115@magnus.acs.ohio-state.edu> bqueiser@magnus.acs.ohio-state.edu (Brian J Queiser) writes: >Examples: > >Ferrari's 512TR is a flat 12 boxer. >Porsche's 911 i
133,zero_shot_full_context,5,comp.windows.x,14,sci.space,14,"From: vinod@sommerfeld.WPI.EDU (Vinod K Nair) Subject: using XTERM to display output {?} Organization: Worcester Polytechnic Institute, Worcester, MA Lines: 46 Distribution: world NNTP-Posting-Host: sommerfeld.wpi.edu Hello, I am writing a program which forks of a number of child processes and each of the children printing things on the screen (qui"
134,zero_shot_full_context,8,rec.motorcycles,17,talk.politics.mideast,17,"From: klinger@ccu.umanitoba.ca (Jorg Klinger) Subject: Re: Daytona Nntp-Posting-Host: ccu.umanitoba.ca Organization: University of Manitoba, Winnipeg, Canada Lines: 25 In <RTARAZ.93Apr22104337@bigwpi.WPI.EDU> rtaraz@bigwpi.WPI.EDU (Ramin Taraz) writes: >Well, I watched the Daytona race on TNN. Boy for the people who saw >it: >Was the Yamaha a lot f"
135,zero_shot_full_context,12,sci.electronics,12,sci.electronics,12,"From: seema@madvlsi.columbia.edu (Seema Varma) Subject: Luser! Organization: Columbia University X-Posted-From: china.madvlsi.columbia.edu NNTP-Posting-Host: sol.ctr.columbia.edu Lines: 13 Hi, I am looking for a very high speed D/A converter (at least 8bits and 150MHz) for a research application. A paper in the January issue of IEEE Solid-State Cir"
136,zero_shot_full_context,19,talk.religion.misc,15,soc.religion.christian,15,"From: mlee@post.RoyalRoads.ca (Malcolm Lee) Subject: Re: A KIND and LOVING God!! Organization: Royal Roads Military College, Victoria, B.C. Lines: 11 In article <f2jjowk@quack.kfu.com>, pharvey@quack.kfu.com (Paul Harvey) writes: |> |> So, do you adhere to the Ten Commandments? |> Jesus did and so do I. Peace be with you, Malcolm Lee :)"
137,zero_shot_full_context,19,talk.religion.misc,16,talk.politics.guns,16,"From: watson@sce.carleton.ca (Stephen Watson) Subject: Re: Koresh Doctrine -- 4 of 4 Organization: Carleton University Lines: 26 Question for those of you who seem to be fundamentalists (Stephen Tice, the Cotera, Joe Gaut, et al)(apologies if I've mislabelled any of you, I've only started reading t.r.m since the BD disaster. But I know the Cotera i"
138,zero_shot_full_context,16,talk.politics.guns,15,soc.religion.christian,15,"From: awe@pimms.mit.edu (Ari Epstein) Subject: Re: Who's next? Mormons and Jews? Organization: CMPO at MIT Lines: 32 Distribution: world NNTP-Posting-Host: pimms.mit.edu In article <viking.735373292@ponderous.cc.iastate.edu>, viking@iastate.edu (Dan Sorenson) writes: > In <mcclaryC5snpq.KB1@netcom.com> mcclary@netcom.com (Michael McClary) writes: >"
139,zero_shot_full_context,15,soc.religion.christian,15,soc.religion.christian,15,"From: agr00@ccc.amdahl.com (Anthony G Rose) Subject: Re: _Christianity In Crisis_ by Hank Hanegraaff Reply-To: agr00@juts.ccc.amdahl.com (Anthony G Rose) Organization: Amdahl Corporation, Sunnyvale CA Lines: 22 In article <May.12.04.27.23.1993.9926@athos.rutgers.edu> af664@yfn.ysu.edu (Frank DeCenso, Jr.) writes: >Has anyone read this important boo"
140,zero_shot_full_context,13,sci.med,18,talk.politics.misc,18,From: rhca80@melton.sps.mot.com (Henry Melton) Subject: Chromium as dietary suppliment for weight loss Summary: Wife needs Net.Wisdom Organization: SPS Lines: 12 Nntp-Posting-Host: 222.1.248.94 My wife has requested that I poll the Sages of Usenet to see what is known about the use of chromium in weight-control diet suppliments. She has seen multip
141,zero_shot_full_context,3,comp.sys.ibm.pc.hardware,3,comp.sys.ibm.pc.hardware,3,From: obl@gabi.ap.mchp.sni.de (Oliver Blankenheim) Subject: Subject: Re: 16550 v. 16550A ??? Organization: Siemens Nixdorf Informationssysteme AG Lines: 16 Distribution: world Reply-To: obl@gabi.ap.mchp.sni.de () NNTP-Posting-Host: 139.21.18.129 In article <1993Apr22.042310.39296@ns1.cc.lehigh.edu> you write: > What's the difference between a 16550
142,zero_shot_full_context,16,talk.politics.guns,16,talk.politics.guns,16,"From: djh4484@zeus.tamu.edu (HARTY, DANIEL JOSEPH) Subject: Re: Some more about gun control... Organization: Texas A&M University, Academic Computing Services Lines: 53 Distribution: world NNTP-Posting-Host: zeus.tamu.edu News-Software: VAX/VMS VNEWS 1.41 In article <1993Apr16.010235.14225@mtu.edu>, cescript@mtu.edu (Charles Scripter) writes... >In"
143,zero_shot_full_context,8,rec.motorcycles,17,talk.politics.mideast,17,"From: randy@megatek.com (Randy Davis) Subject: Re: Shaft-drives and Wheelies Reply-To: randy@megatek.com Organization: Megatek Corporation, San Diego, California Lines: 19 In article <1993Apr22.204012.29920@asl.dl.nec.com> drinckes@tssc.wlg.nec.co.jp writes: |Course, the only people who seem to be acting smug now probably have chain |final drive (w"
144,zero_shot_full_context,15,soc.religion.christian,15,soc.religion.christian,15,"From: todd@nickel.laurentian.ca Subject: Re: Homosexuality issues in Christiani Organization: Laurentian University Lines: 13 whitsebd@nextwork.rose-hulman.edu (Bryan Whitsell) writes, > I see no other way of interpreting them other than homosexuyality > being wrong. Please tell me how these verses can be interpreted in > any other way. I read them"
145,zero_shot_full_context,5,comp.windows.x,5,comp.windows.x,5,"From: tommc@hpcvusj.cv.hp.com (Tom McFarland) Subject: Re: XmTextField truncation with LANG bug(???) Nntp-Posting-Host: hpcvusj.cv.hp.com Reply-To: tommc@cv.hp.com Organization: Hewlett Packard UTD-Corvallis Lines: 40 In article <lttm1lINNrli@news.bbn.com>, swalker@bbn.com (Susan Walker) writes: |> I have found a situation which I think is a bug in"
146,zero_shot_full_context,6,misc.forsale,4,comp.sys.mac.hardware,4,From: atg@holmes.acc.Virginia.EDU (Adrian T. Gibson) Subject: Dayna Etherprint Adapters Originator: atg@holmes.acc.Virginia.EDU Organization: University of Virginia Distribution: usa Lines: 11 I have two brand new Dayna Etherprint Adapters (10baset) for sale. They convert ethertalk to localtalk. This is useful when wanting to hook up a localtalk ne
147,zero_shot_full_context,12,sci.electronics,12,sci.electronics,12,From: u009@csx.cciw.ca (G. Stewart Beal) Subject: Re: Can Radio Freq. Be Used To Measure Distance? Organization: Canada Centre for Inland Waters Lines: 27 In article <C5v13M.C37@bcstec.ca.boeing.com> rgc3679@bcstec.ca.boeing.com (Robert G. Carpenter) writes: >I'm wondering if it's possible to use radio waves to measure the >distance between a trans
148,zero_shot_full_context,2,comp.os.ms-windows.misc,5,comp.windows.x,5,"From: jhardy@alfred.carleton.ca (Jim Hardy) Subject: Re: Where to get ATI card video drivers/fonts? Keywords: ati,windows Organization: Carleton University Distribution: usa Lines: 15 In <1rju4p$hah@access.digex.net> farley@access.digex.com (Charles U. Farley) writes: >Does anyone know where I can ftp or somehow else acquire the latest >video drive"
149,zero_shot_full_context,1,comp.graphics,14,sci.space,14,"From: kintur@scorch.apana.org.au (Kingsley Turner) Subject: Universal VESA Driver Organization: Craggenmoore public Unix system , Newcastle , Oz Summary: Want to know about universal VESA driver Keywords: VESA Lines: 12 Some time ago (about 1 month) there was a bit of discussion about a universal VESA driver for > 8bit cards. It was in the file uve"
150,zero_shot_full_context,16,talk.politics.guns,16,talk.politics.guns,16,"From: an030@cleveland.Freenet.Edu (Broward Horne) Subject: Re: BD's did themselves--you're all paranoid freaks Organization: Case Western Reserve University, Cleveland, OH (USA) Lines: 64 Reply-To: an030@cleveland.Freenet.Edu (Broward Horne) NNTP-Posting-Host: hela.ins.cwru.edu In a previous article, () says: >""Freed om of Religion"" has absolutely "
151,zero_shot_full_context,9,rec.sport.baseball,18,talk.politics.misc,18,From: behrens@cc.swarthmore.edu (Eric Behrens) Subject: The Babe v. The Pride of the Yankees Nntp-Posting-Host: mac11.beardsley.swarthmore.edu Organization: Swarthmore College Lines: 23 The Babe and The Pride of the Yankees offer very different renditions of the sotry about Ruth and Gherig hitting home runs for the boy in the hospital. Can some his
152,zero_shot_full_context,6,misc.forsale,16,talk.politics.guns,16,"From: smj@sdf.lonestar.org (Stephen M. Jones) Subject: <FS>Drum acc., AnAlog Synth, COmputer things.. CHEAP! Organization: Super Dimension Fortress - Public Access Unix - Dallas, Tx.. Lines: 82 ********** Hitachi CD player (needs cd spin motor) $30 shipped JoYSTICKS.. an IBM/apple joystick three fire buttons apple joy stick (//c //e) kraft track ba"
153,zero_shot_full_context,11,sci.crypt,18,talk.politics.misc,18,From: pat@rwing.UUCP (Pat Myrto) Subject: Re: Clipper considered harmful Organization: Totally Unorganized Lines: 25 In article <strnlghtC64Dx1.1zn@netcom.com> strnlght@netcom.com (David Sternlight) writes: >In article <1993Apr25.193300.1707@microsoft.com> gideony@microsoft.com >(Gideon Yuval) writes: > >>If these personal attacks are what stopped 
154,zero_shot_full_context,3,comp.sys.ibm.pc.hardware,14,sci.space,14,"From: tp923021@fir.canberra.edu.au (ben elliston) Subject: Disk caching Lines: 25 Organization: Compact Solutions, Canberra ACT Australia Has anybody every come across a problem whereby a hard disk locks up (ie. crashes the system) when attempting to load disk caching? I think the logic board may have been buggered, but the drive works PERFECTLY wi"
155,zero_shot_full_context,1,comp.graphics,2,comp.os.ms-windows.misc,2,"From: jk87377@lehtori.cc.tut.fi (Kouhia Juhana) Subject: comp.graphics.research?? Organization: Tampere University of Technology Lines: 13 Distribution: inet NNTP-Posting-Host: cc.tut.fi I have not seen articles in comp.graphics.research for a long time. Does it/he work anymore? I have seen many conference related postings in comp.graphics, and it "
156,zero_shot_full_context,5,comp.windows.x,12,sci.electronics,12,"From: pb@idca.tds.philips.nl (Peter Brouwer) Subject: Re: mysterious xdm files Reply-To: pb@idca.tds.philips.nl (Peter Brouwer) Organization: Digital Equipment Enterprise B.V.,Apeldoorn,The Netherlands. Lines: 25 X-Disclaimer: All views are my own unless expicitly stated otherwise. In <1993May18.235641.10747@csi.jpl.nasa.gov> mwette@csi.jpl.nasa.go"
157,zero_shot_full_context,16,talk.politics.guns,18,talk.politics.misc,18,"From: meyers@leonardo.rtp.dg.com (Bill Meyers) Subject: Re: H.R. 711 Distribution: usa Organization: N/I Lines: 17 In article <C5qEpL.1nu@cbnews.cb.att.com> lvc@cbnews.cb.att.com (Larry Cipriani) writes: [Posting the text of H.R. 711 ...] [ ... ] >To amend title 18, United States Code, to ensure that handguns are available >only to persons with dem"
158,zero_shot_full_context,5,comp.windows.x,5,comp.windows.x,5,"From: kbw@helios.ath.epa.gov (Kevin B. Weinrich) Subject: SUMMARY: How to make a window's input be ALL CAPS Organization: Computer Sciences Corp. Lines: 30 Distribution: world NNTP-Posting-Host: helios.ath.epa.gov Thanks to Bruce Barnett, who recommended xvttool, and Bernward Averwald and Liam Quin, who recommended modifying .Xdefaults to get the d"
159,zero_shot_full_context,16,talk.politics.guns,18,talk.politics.misc,18,"From: PA146008@UTKVM1.UTK.EDU (David Veal) Subject: Re: newbie Organization: The University of Tennessee, Knoxville X-Newsreader: NNR/VM S_1.3.2 Lines: 16 In article <0096B9BF.EB6A4220@Msu.oscs.montana.edu> icsgh339@Msu.oscs.montana.edu writes: >This is my first time on the network, but I am very concerned with this >incident in Waco. I will refrai"
160,zero_shot_full_context,6,misc.forsale,5,comp.windows.x,5,"From: pwr@physics.ucf.edu (Patrick W. Ryan ) Subject: Receiver/amp Originator: pwr@phys Organization: University of Central Florida - Physics Lines: 16 I have a Sherwood stereo receiver which I received as a gift, and would like to sell, as I already own a system. It is the Sherwood model RX-4010R It is brand new, still factory sealed. This is a hi"
161,zero_shot_full_context,8,rec.motorcycles,9,rec.sport.baseball,9,Subject: Re: Need advice for riding with someone on pillion From: Stafford@Vax2.Winona.MSUS.Edu (John Stafford) Distribution: na Organization: Winona State University Nntp-Posting-Host: stafford.winona.msus.edu Lines: 15 In article <MELLON.93Apr21145149@pepper.ncd.com> mellon@ncd.com (Ted Lemon) writes: > > On a long ride with my ex-girlfriend Nanc
162,zero_shot_full_context,1,comp.graphics,6,misc.forsale,6,"From: prxfalken@email.teaser.com ( Pascal Guillaumet) Subject: Re: OAK VGA 1Mb. Please, I needd VESA TSR!!! 8^) Nntp-Posting-Host: teaser.com Organization: Guest of France-Teaser, (3617 EMAIL) Lines: 13 Simple !! Look for VESA drivers in VPIC 6.0e package !! Many SVGA card supported. Look for it on your favorite BBS. -- ----------------------------"
163,zero_shot_full_context,11,sci.crypt,12,sci.electronics,12,"From: steve-b@access.digex.com (Steve Brinich) Subject: Re: Tempest Organization: Express Access Online Communications, Greenbelt, MD USA Lines: 6 Distribution: na NNTP-Posting-Host: access.digex.net The ""low radiation"" claims one sees on monitors these days pertain to allegedly harmful electromagnetic emissions, which does not necessarily have any"
164,zero_shot_full_context,19,talk.religion.misc,15,soc.religion.christian,15,"From: carl@SOL1.GPS.CALTECH.EDU (Carl J Lydick) Subject: Re: Who's next? Mormons and Jews? Organization: HST Wide Field/Planetary Camera Lines: 18 Distribution: world Reply-To: carl@SOL1.GPS.CALTECH.EDU NNTP-Posting-Host: sol1.gps.caltech.edu In article <204l02tO40sf01@JUTS.ccc.amdahl.com>, agr00@ccc.amdahl.com (Anthony G Rose) writes: =>I don't ne"
165,zero_shot_full_context,14,sci.space,14,sci.space,14,"From: nsmca@aurora.alaska.edu Subject: Deployable Space Dock.. Lines: 22 Nntp-Posting-Host: acad3.alaska.edu Organization: University of Alaska Fairbanks Idea for repair of satellites: Warning I am getting creative again: Why not build a inflatable space dock. Basically deploy one side of the space dock (using a scissor shaped structure, saw it on "
166,zero_shot_full_context,17,talk.politics.mideast,16,talk.politics.guns,16,"From: tti@world.std.com (Joachim Martillo) Subject: Re: Europe vs. Muslim Bosnians Summary: Mohammed Elabdellaoui is a Moron. Organization: The World Public Access UNIX, Brookline, MA Lines: 44 In article <C6yAoD.4C7@cobra.cs.unm.edu> melabdel@cobra.cs.unm.edu (Mohammed Elabdellaoui) writes: >Muslims helping the Nazis??? Where on earth do you come "
167,zero_shot_full_context,12,sci.electronics,15,soc.religion.christian,15,"From: nelson@sun.soe.clarkson.edu (Russ Nelson) Subject: Proposal: alt.fan.tesla Organization: Clarkson University, Potsdam NY Lines: 4 Nntp-Posting-Host: cheetah.ece.clarkson.edu For discussion of Nikolai Tesla (who else??) -- --russ <nelson@sun.soe.clarkson.edu> Businesses persuade; Governments force."
168,zero_shot_full_context,2,comp.os.ms-windows.misc,3,comp.sys.ibm.pc.hardware,3,"From: wild@access.digex.net (wildstrom) Subject: Re: Standard and Enhanced question Organization: Express Access Online Communications, Greenbelt, MD USA Lines: 27 NNTP-Posting-Host: access.digex.net ak333@cleveland.Freenet.Edu (Martin Linsenbigler) writes: >Why is Win 3.1 sometimes so finicky? >I have a new DELL 486DX2/66mhz 8 megs RAM. >Windows w"
169,zero_shot_full_context,17,talk.politics.mideast,16,talk.politics.guns,16,From: sera@zuma.UUCP (Serdar Argic) Subject: 2.5 million Muslims perished of butchery at the hands of Armenians. Reply-To: sera@zuma.UUCP (Serdar Argic) Distribution: world Lines: 63 In article <C751nD.L92@inviso.com> robbiew@inviso.com (Robbie Westmoreland) writes: >Answer: Don't ask. Don't even think about it. Just put this line into your >global
170,zero_shot_full_context,11,sci.crypt,11,sci.crypt,11,From: dave@tygra.Michigan.COM (David Conrad) Subject: Re: Let's build software cryptophones for over the internet... Organization: CAT-TALK Conferencing System Lines: 17 In article <1993Apr27.075011.12624@wuecl.wustl.edu> eah1@gauguin.wustl.edu (Edward Anthony Hutchins) writes: >[modify] pgp to allow it to compress/decompress 144 bit frames >every 
171,zero_shot_full_context,6,misc.forsale,6,misc.forsale,6,From: Hans Meyer <hmmeyer@silver.ucs.indiana.edu> Subject: Panasonic Palmcorder Organization: Indiana University Lines: 33 I would like to sell my camcorder. I havent used it much and I need the money. Panasonic PV-17 VHS-C Palmcorder -High Speed Shutter -Flying Erasr Head -8:1 Power Zoom -Digital Autp Tracking -Audio/Video Dubbing -Auto Tracking -
172,zero_shot_full_context,19,talk.religion.misc,16,talk.politics.guns,16,"From: bgarwood@heineken.tuc.nrao.edu (Bob Garwood) Subject: Re: Who's next? Mormons and Jews? Organization: nrao Lines: 110 In article <1r7os6$hil@agate.berkeley.edu>, isaackuo@spam.berkeley.edu (Isaac Kuo) writes: |> In article <C5wIA1.4Hr@apollo.hp.com> goykhman@apollo.hp.com (Red Herring) writes: |> > The FBI claims, on the basis of their intell"
173,zero_shot_full_context,18,talk.politics.misc,16,talk.politics.guns,16,"From: mst4298@rigel.tamu.edu (Mitchell S Todd) Subject: Re: WACO burning Organization: GrinchCo Lines: 34 Distribution: world NNTP-Posting-Host: rigel.tamu.edu News-Software: VAX/VMS VNEWS 1.41 garrod@dynamo.ecn.purdue.edu (David Garrod) writes... >It is interesting, sometimes, to listen to U.S. news as seen through >the eyes of another country...."
174,zero_shot_full_context,4,comp.sys.mac.hardware,17,talk.politics.mideast,17,"From: pw4963@eve.albany.edu (Peter G. White) Subject: Re: Monitors - should they be kept on 24 hours a day??? Organization: State University of New York at Albany Lines: 14 In article <1r3jl5$igh@function.mps.ohio-state.edu> pali+@osu.edu writes: >Yes, I know computers and harddisk drives should be ALWAYS on. Is this true? I thought that this was d"
175,zero_shot_full_context,13,sci.med,14,sci.space,14,"From: plebrun@minf.vub.ac.be (Philippe Lebrun) Subject: Re: Frozen shoulder and lawn mowing Distribution: eunet Lines: 15 In article <1993Apr23.213823.11738@ux1.cts.eiu.edu>, cfaks@ux1.cts.eiu.edu (Alice Sanders) writes: |> Ihave had a frozen shoulder for over a year or about a year. It is still |> partially frozen, and I am still in physical thera"
176,zero_shot_full_context,7,rec.autos,18,talk.politics.misc,18,"From: rfelix@netcom.com (Robbie Felix) Subject: Re: WARNING.....(please read)... Keywords: brick, rock, danger, gun, violent, teenagers Organization: Netcom Online Communications Services (408-241-9760 login: guest) Lines: 49 In article <1993Apr23.144326.9535@ctp.com> bpita@ctp.com (Bob Pitas) writes: >In article <1r1d62$d6s@agate.berkeley.edu> bh@"
177,zero_shot_full_context,13,sci.med,13,sci.med,13,"From: ame_0123@bigdog.engr.arizona.edu (Terrance J. Dishongh) Subject: Strain Gage Applications in vivo Organization: University of Arizona Lines: 14 Greeting I am starting work on a project where I am trying to make strain gages bond to bone in vivo or a period of several months. I am currently using hydroxyapaptite back gages, and I have tried M-"
178,zero_shot_full_context,8,rec.motorcycles,8,rec.motorcycles,8,"From: sturges@oasys.dt.navy.mil (Richard Sturges) Subject: Re: Help me adjust my tappits Reply-To: sturges@oasys.dt.navy.mil (Richard Sturges) Organization: Carderock Division, NSWC, Bethesda, MD Lines: 16 In rec.motorcycles, sheppamj@sun.soe.clarkson.edu (Matthew Sheppard) writes: >All our local 'experts' say it's the tappits that need some adjust"
179,zero_shot_full_context,16,talk.politics.guns,16,talk.politics.guns,16,"From: ez012344@hamlet.ucdavis.edu (Dan Herrin) Subject: Re: Your Evil Tax Dollars at Work, was RE: ATF BURNS RANCH ETC ETC... Organization: Computing Services, UC Davis Lines: 3 Lord, I hope you don't Hoover was a pro! He was monstrous. Dan"
180,zero_shot_full_context,12,sci.electronics,3,comp.sys.ibm.pc.hardware,3,"From: hubich@mercury.cs.uregina.ca (Chad D. Hubich) Subject: Asynchronous Receiver Recommendations? Organization: University of Regina, SK, Canada Lines: 9 I am looking for a suitable UART for a project. What I require is a stand alone device (i.e. not cpu controlled) which will receive 1200 baud RS232. Also a nice extra would be a received data bu"
181,zero_shot_full_context,7,rec.autos,17,talk.politics.mideast,17,"From: kinter@girtab.usc.edu (Fireball) Subject: Any opinions on early 80's Toronado?? Organization: University of Southern California, Los Angeles, CA Lines: 22 Distribution: usa NNTP-Posting-Host: girtab.usc.edu Summary: Considering buying Having had my car die on me(engine fire, insurance agent said it was probably totaled), I am in the market fo"
182,zero_shot_full_context,18,talk.politics.misc,16,talk.politics.guns,16,"From: cramer@optilink.COM (Clayton Cramer) Subject: Re: Age of Consent == Child Molestation Organization: Optilink Corporation, Petaluma, CA Lines: 15 In article <115993@bu.edu>, kane@buast7.bu.edu (Hot Young Star) writes: > Clayton Cramer, did you read this carefully? : > > In article <C4tz28.Cpp@panix.com> roy@panix.com (Roy Radow) writes: > > >i"
183,zero_shot_full_context,11,sci.crypt,11,sci.crypt,11,"From: Peter.Bruells@arbi.informatik.uni-oldenburg.de (Peter Bruells) Subject: Re: Clipper Crap Organization: University of Oldenburg, Germany Lines: 22 In-Reply-To: kckluge@eecs.umich.edu's message of Wed, 28 Apr 1993 04:30:27 GMT >>>>> On Wed, 28 Apr 1993 04:30:27 GMT, kckluge@eecs.umich.edu (Karl Kluge) said: KK> (Shaun P. Hughes) writes: KK> New"
184,zero_shot_full_context,8,rec.motorcycles,7,rec.autos,7,"Subject: ZX-11 jetting From: manolo@bloqueo (Manuel.Arrevola) Nntp-Posting-Host: taf.fundesco.es X-Newsreader: Tin 1.1 PL4Lines: 10 Lines: 10 What jetting do you recommend for a ZX-11 (with standard mufflers) instead of the standard one (idle-38, main-155). Cheers. -- Manuel Arrevola Velasco ||| e-mail: manolo@taf.fundesco.es ||| Fundesco ZX-11 Cal"
185,zero_shot_full_context,7,rec.autos,7,rec.autos,7,"From: qazi@csd4.csd.uwm.edu (Aamir Hafeez Qazi) Subject: Re: Mercury Villager Minivan -- good buy? Organization: University of Wisconsin - Milwaukee Lines: 22 Reply-To: qazi@csd4.csd.uwm.edu NNTP-Posting-Host: 129.89.7.4 Originator: qazi@csd4.csd.uwm.edu From article <1r8uckINNcmf@gap.caltech.edu>, by wen-king@cs.caltech.edu (Wen-King Su): > In art"
186,zero_shot_full_context,19,talk.religion.misc,16,talk.politics.guns,16,"From: pharvey@quack.kfu.com (Paul Harvey) Subject: Re: I'll see your demand and raise you... (was Re: After 2000 years etc) Organization: The Duck Pond public unix: +1 408 249 9630, log in as 'guest'. <C64H4w.BFH@darkside.osrhe.uoknor.edu> Lines: 16 In article <C64H4w.BFH@darkside.osrhe.uoknor.edu> bil@okcforum.osrhe.edu (Bill Conner) writes: >Keit"
187,zero_shot_full_context,16,talk.politics.guns,18,talk.politics.misc,18,"From: eesnyder@boulder.Colorado.EDU (Eric E. Snyder) Subject: Denver Post Classifieds: No assault weapons Nntp-Posting-Host: beagle.colorado.edu Organization: University of Colorado, Boulder Lines: 29 I came across the following notice in the Denver Post classified secction this morning (April 26, 1993): \begin{quote} NOTICE: The Denver Post will n"
188,zero_shot_full_context,11,sci.crypt,14,sci.space,14,"From: spp@zabriskie.berkeley.edu (Steve Pope) Subject: Re: What is going on?... Organization: U.C. Berkeley -- ERL Lines: 10 Distribution: inet NNTP-Posting-Host: zion.berkeley.edu sdoty@odie.santarosa.edu (Scott Doty) writes: > But it does look like csrc.ncsl.nist.gov has become an > un-machine. If someone would try ftp'ing to it, or knows what's "
189,zero_shot_full_context,12,sci.electronics,14,sci.space,14,"From: katop@astro.ocis.temple.edu (Chris Katopis) Subject: Phantoms in my Sony STRVX550 Receiver Organization: Temple University Lines: 32 Nntp-Posting-Host: astro.ocis.temple.edu X-Newsreader: TIN [version 1.1 PL8] While I have gotten 8-9 years out of this digital receiver, it has been acting VERRY strange of late. I hope that the following sympto"
190,zero_shot_full_context,6,misc.forsale,16,talk.politics.guns,16,"From: duane@tamsun.tamu.edu (Duane K Fields) Subject: Sharp Wizard OZ8000 for sale Organization: Texas A&M University, College Station, TX Lines: 34 Distribution: world NNTP-Posting-Host: tamsun.tamu.edu Sharp Wizard: OZ-8000 electronic organizer w/ 64k RAM * Home and World clocks * Calendar * Schedular * Anniversary and periodic dates * 3 Telephon"
191,zero_shot_full_context,2,comp.os.ms-windows.misc,14,sci.space,14,From: tom@vpnet.chi.il.us (Tom Hansen) Subject: Re: Replacement for Program M Organization: Vpnet Public Access Lines: 27 In article <5798.1004.uupcb@idcbbs.com> les.tom@idcbbs.com (Les Tom) writes: > Maw Ying yuan wrote > ................................. >...From: yuan@wiliki.eng.hawaii.edu (Maw Ying Yuan) >...Subject: Replacement for Program Man
192,zero_shot_full_context,13,sci.med,13,sci.med,13,"From: ipj@unix.brighton.ac.uk ((( Fleg Software ))) Subject: Artificial Intelligence in Medicine Organization: University of Brighton, UK Lines: 10 If you have any information on artificial intelligence in medicine, then I would appreciate it if you could mail me with whatever it is. The informations is needed for a project. Thank you, Ian. -- .___"
193,zero_shot_full_context,2,comp.os.ms-windows.misc,5,comp.windows.x,5,"From: martijn@cs.vu.nl (Lemmens ML) Subject: Workgroups for Windows Organization: Fac. Wiskunde & Informatica, VU, Amsterdam Lines: 22 Hello, I want a little network for 3 users. All users want to run Windows. The most important things I want for the network are: file-sharing, mail utility, two printers on one of the computers and a fax/modem card "
194,zero_shot_full_context,0,alt.atheism,16,talk.politics.guns,16,"From: (Rashid) Subject: Re: Yet more Rushdie [Re: ISLAMIC LAW] Nntp-Posting-Host: 47.252.4.186 Organization: NH Lines: 126 In article <1993Apr22.132909.5001@nic.csu.net>, davec@silicon.csci.csusb.edu (Dave Choweller) wrote: > > In article <1993Apr22.004405.28052@bnr.ca> (Rashid) writes: > [stuff deleted...] > >The point of my post was that Rushdie "
195,zero_shot_full_context,4,comp.sys.mac.hardware,4,comp.sys.mac.hardware,4,"From: et7jp@tuhhco.rz.tu-harburg.de (Joerg Pillath) Subject: Ouadra Cache Problems Summary: system crash caused by programs if 040Cache is active Keywords: Ouadra cache Lines: 9 Hi Mac fans, I have some problems with my new Quadra 700. Several programs (Mathematica 2.1, AfterDark-Mandelbrot module) causes a systemcrash if the 040Cache is active. Do"
196,zero_shot_full_context,11,sci.crypt,16,talk.politics.guns,16,"From: george@tessi.com (George Mitchell) Subject: Re: Organized Lobbying for Cryptography Organization: Test Systems Strategies, Inc., Beaverton, Oregon Distribution: na Lines: 25 marc@tanda.isis.org (Marc Thibault) writes: > Looking at it from up here in the Frozen North, it looks like > you could do worse than get the NRA involved. They have a > "
197,zero_shot_full_context,8,rec.motorcycles,7,rec.autos,7,"From: wallich@NCD.COM (Ken Wallich) Subject: Re: BMW heated grips Organization: If I were organized, why would I be reading News? Lines: 26 Nntp-Posting-Host: verbosa Orating with wild abandon, prange@nickel.ucs.indiana.edu (Henry Prange) offers: %The grips on my GS are a wonderful thing in the winter and no problem %in the summer. Vibration? BMW's"
198,zero_shot_full_context,6,misc.forsale,6,misc.forsale,6,"From: tlod_ss@uhura.cc.rochester.edu (Thede Loder) Subject: CD's for Sale Nntp-Posting-Host: uhura.cc.rochester.edu Organization: University of Rochester - Rochester, New York Distribution: usa Lines: 21 I have the following CD's that I'd like to sell: M.O.D. Gross Misconduct Metal Giants (at early metal compilation including Aerosmith, Mountain, B"
199,zero_shot_full_context,15,soc.religion.christian,15,soc.religion.christian,15,"From: gt7122b@prism.gatech.edu (Randal Lee Nicholas Mandock) Subject: Hail Mary, Full of Grace Organization: Georgia Institute of Technology Lines: 62 In article <May.14.02.11.19.1993.25177@athos.rutgers.edu> seanna@bnr.ca (Seanna (S.M.) Watson) writes: >In article <May.9.05.39.52.1993.27456@athos.rutgers.edu> jhpb@sarto.budd-lake.nj.us (Joseph H. "
200,zero_shot_full_context,18,talk.politics.misc,14,sci.space,14,"From: weverett@jarthur.claremont.edu (William M. Everett) Subject: Re: The earth also pollutes...... Organization: Harvey Mudd College, Claremont, CA 91711 Lines: 34 In article <1993Apr21.090638.6253@titan.ksc.nasa.gov> rodger-scoggin@ksc.nasa.gov (Rodger C. Scoggin) writes: >In article <DZVB3B6w164w@cellar.org>, techie@cellar.org (William A Bacon)"
201,zero_shot_full_context,5,comp.windows.x,5,comp.windows.x,5,"From: hou@siemens.com. (Tai-Yuan Hou) Subject: How to iconize a window? Keywords: icon, window Nntp-Posting-Host: orion.siemens.com Organization: Siemens Corporate Research, Princeton (Plainsboro), NJ Lines: 7 I have an application running in one window. In this application, I'd like to iconize this window, and later deiconize back to window. How c"
202,zero_shot_full_context,1,comp.graphics,5,comp.windows.x,5,From: s8719667@cse.unsw.edu.au (D W Austin) Subject: Re: Anti-aliasing & Raytracing Question: Nntp-Posting-Host: rouge.spectrum.cs.unsw.oz.au Reply-To: s8719667@cse.unsw.edu.au (D W Austin) Organization: none Lines: 20 In article <1slb46$lbu@mserv1.dl.ac.uk> g.coulter@daresbury.ac.uk writes: >Hi Everyone :- > >I was woundering if someone could answ
203,zero_shot_full_context,7,rec.autos,7,rec.autos,7,"From: walkerr@aspen.WPI.EDU (Robert A Walker) Subject: Re: BRONCOS Organization: Worcester Polytechnic Institute Lines: 34 Distribution: world NNTP-Posting-Host: aspen.wpi.edu >Does anybody have any information on the second generation Broncos? (I'm >not talking about Bronco II's, I'm referring to the Broncos that began >production in 1978 based on"
204,zero_shot_full_context,4,comp.sys.mac.hardware,3,comp.sys.ibm.pc.hardware,3,From: djr48312@uxa.cso.uiuc.edu (Dennis Robinson) Subject: Re: x86 ~= 680x0 ?? (How do they compare?) Distribution: usa Organization: University of Illinois at Urbana Lines: 5 The 486 at the same CLOCK is NOT as fast as the 040 at the same clock speed. The '040 also has much better floating point unit. Now the DX2-66 is faster than the '040 at 33Mh
205,zero_shot_full_context,2,comp.os.ms-windows.misc,2,comp.os.ms-windows.misc,2,From: ntaib@silver.ucs.indiana.edu (Iskandar Taib) Subject: Re: Challenge to Microsoft supporters. Nntp-Posting-Host: silver.ucs.indiana.edu Reply-To: comp.os.ms-windows.advocacy Organization: Indiana University Lines: 24 In article <MEKENKAMP.6.737653432@STPC.WI.LeidenUniv.NL> MEKENKAMP@STPC.WI.LeidenUniv.NL (Leo Mekenkamp) writes: >Excuse me? Are
206,zero_shot_full_context,14,sci.space,18,talk.politics.misc,18,"From: mccall@mksol.dseg.ti.com (fred j mccall 575-3539) Subject: Re: Vandalizing the sky. Organization: Texas Instruments Inc Lines: 18 In <C5y4t7.9w3@news.cso.uiuc.edu> gfk39017@uxa.cso.uiuc.edu (George F. Krumins) writes: >It is so typical that the rights of the minority are extinguished by the >wants of the majority, no matter how ridiculous tho"
207,zero_shot_full_context,13,sci.med,14,sci.space,14,From: tysoem@facman.ohsu.edu (Marie E Tysoe) Subject: Natural Alternatives to Estrogen Organization: Oregon Health Sciences University Lines: 2 Nntp-Posting-Host: facman Need Diet for Diverticular Disease and ideas for gastrointestinal distress
208,zero_shot_full_context,10,rec.sport.hockey,9,rec.sport.baseball,9,"From: gjd4n@Virginia.EDU (""Gregory J. Demme"") Subject: Re: Trivia question Organization: University of Virginia Lines: 4 The goalie to whom you refer is Clint Malarchuk. He was at that time playing with the Sabres. His team immediately prior to that was the Washington Capitals. While he did recover and continue to play, I do not know his present wh"
209,zero_shot_full_context,0,alt.atheism,15,soc.religion.christian,15,"From: mathew <mathew@mantis.co.uk> Subject: Re: Who has read Rushdie's _The Satanic Verses_? Organization: Mantis Consultants, Cambridge. UK. X-Newsreader: rusnews v1.02 Lines: 20 perry@dsinc.com (Jim Perry) writes: > Anyway, since I seem to be the only one following this particular line > of discussion, I wonder how many of the rest of the readers"
210,zero_shot_full_context,17,talk.politics.mideast,16,talk.politics.guns,16,"From: jake@bony1.bony.com (Jake Livni) Subject: Re: Israel's Expansion II Organization: The Department of Redundancy Department Lines: 63 In article <1993Apr27.023914.9453@Virginia.EDU> ab4z@Virginia.EDU (""Andi Beyer"") writes: >jake@bony1.bony.com writes: >> In article <1993Apr25.222120.3411@Virginia.EDU> ab4z@Virginia.EDU (""Andi Beyer"") writes: >>"
211,zero_shot_full_context,0,alt.atheism,15,soc.religion.christian,15,"From: kempmp@phoenix.oulu.fi (Petri Pihko) Subject: Re: Christian Morality is Organization: University of Oulu, Finland X-Newsreader: TIN [version 1.1 PL6] Lines: 79 Dan Schaertel,,, (dps@nasa.kodak.com) wrote: Since this is alt.atheism, I hope you don't mind if we strongly disagree... : The fact is God could cause you to believe anything He wants "
212,zero_shot_full_context,2,comp.os.ms-windows.misc,2,comp.os.ms-windows.misc,2,"From: louray@seas.gwu.edu (Michael Panayiotakis) Subject: Re: Please DO NOT post bitmaps! Organization: George Washington University Lines: 13 Though I downloaded some of the posted bitmaps myself, the original poster is quite right... As an alternative, try posting them at comp.binaries.ms-windows, and just letting us know. A good idea is to post "
213,zero_shot_full_context,1,comp.graphics,14,sci.space,14,From: nagle@netcom.com (John Nagle) Subject: Oriented bounding box generation? Summary: Want bounding box generator Keywords: bounding box oriented 3D Organization: NETCOM On-line Communication Services (408 241-9760 guest) Lines: 12 I'm looking for code that will generate a minimum-volume oriented bounding box for an arbitrary polyhedron. Anyone k
214,zero_shot_full_context,7,rec.autos,17,talk.politics.mideast,17,"From: reilly@admail.fnal.gov (Rob Reilly) Subject: Re: Changing brake fluid..is it necessary.. Organization: Fermilab Lines: 23 Distribution: world NNTP-Posting-Host: rreilly.fnal.gov In article <1993Apr23.163129.53125@gmuvax.gmu.edu>, lcarr@gmuvax.gmu.edu wrote: > > Hi. > I've been seeing all these articles about changing > brake fluid and I am wo"
215,zero_shot_full_context,18,talk.politics.misc,16,talk.politics.guns,16,"From: starowl@rahul.net (Michael D. Adams) Subject: Re: New Study Out On Gay Percentage Nntp-Posting-Host: bolero Reply-To: starowl@rahul.net Organization: D Service Actuarial Consulting X-Newsreader: TIN [version 1.1 PL8] Lines: 19 On 23 Apr 93 00:18:59 GMT, Clayton Cramer observed: : alyoung@kiwi.ucs.indiana.edu (amy lynn young-leith) writes: : #"
216,zero_shot_full_context,11,sci.crypt,16,talk.politics.guns,16,"From: zrepachol@cc.curtin.edu.au (Paul Repacholi) Subject: Re: I have seen the lobby, and it is us Lines: 20 Organization: Curtin University of Technology In article <1993Apr22.194121.25386@nynexst.com>, rsilvers@nynexst.com (Robert Silvers) writes: ... > Send something to Rush Linbaugh about Clinton taking away our right > to privacy and how if th"
217,zero_shot_full_context,3,comp.sys.ibm.pc.hardware,4,comp.sys.mac.hardware,4,"From: gene@jackatak.raider.net (Gene Wright) Subject: Where's the best place to find used PC's (USENET or otherwise)? Organization: Jack's Amazing CockRoach Capitalist Ventures Lines: 8 Where is the best place to find classified type ads for used PC's? Several other computer makes have their own "".wanted"" sections on the Usenet. What about PC's and"
218,zero_shot_full_context,4,comp.sys.mac.hardware,4,comp.sys.mac.hardware,4,"Distribution: world From: Thomas_n.a._Krebs@mcontent.apana.org.au Organization: MacContent BBS, Doncaster, Victoria, Australia Return-Receipt-To: Thomas_n.a._Krebs@mcontent.apana.org.au Subject: Re: Why the drive speeds differ?? Lines: 11 The most likely explanation may have something to do with the fact that a greater density of information exists"
219,zero_shot_full_context,12,sci.electronics,17,talk.politics.mideast,17,"From: wb9omc@dynamo.ecn.purdue.edu (Duane P Mantick) Subject: Re: IR detector 'cards'??? Keywords: IR card Organization: Purdue University Engineering Computer Network Lines: 26 craw@yoyo.cc.monash.edu.au (Sebastian Filzek) writes: >I think that they are avaliable in the states and even in England, but >alas I live in Australia. Could someone pleas"
220,zero_shot_full_context,9,rec.sport.baseball,9,rec.sport.baseball,9,"From: icop@csa.bu.edu (Antonio Pera) Subject: baseball in Spanish Organization: Computer Science Department, Boston University, Boston, MA, USA Lines: 6 Originator: icop@csa Recently, I heard the Red Sox on WROL a Spanish-speaking radio station. I thought it was so unreal. The Red Sox in Spanish? Anyway, I want to find out how widespread this is? B"
221,zero_shot_full_context,1,comp.graphics,2,comp.os.ms-windows.misc,2,"From: finn@bsc.no (Finn Chr. Lundbo) Subject: Re: Help needed: DXF ---> IFF Organization: Bergen Scientific Centre, Bergen, NORWAY Lines: 30 In article <1993Apr30.011157.12995@news.columbia.edu> ph14@cunixb.cc.columbia.edu (Pei Hsieh) writes: >Hi -- sorry if this is a FAQ, but are there any conversion utilities >available for Autodesk *.DXF to Amig"
222,zero_shot_full_context,5,comp.windows.x,5,comp.windows.x,5,"From: mcgary@intellection.com (Mike McGary) Subject: Re: Keyboard mapping and window placement questions In-Reply-To: darcym@fpddet4.mentorg.com's message of Tue, 27 Apr 1993 18:29:12 GMT Organization: Intellection, Inc. Lines: 51 In article <1993Apr27.182912.3388@news.mentorg.com> darcym@fpddet4.mentorg.com (Darcy McCallum) writes: > These are two"
223,zero_shot_full_context,11,sci.crypt,16,talk.politics.guns,16,From: merlin@lerami.lerctr.org (David Hayes) Subject: Re: The [secret] source of that announcement Distribution: inet Organization: Not Bloody Likely! Lines: 51 In article <1r3vjhINN5iq@dns1.NMSU.Edu> amolitor@nmsu.edu (Andrew Molitor) writes: >In article <gradyC5uAMw.BnG@netcom.com> grady@netcom.com (1016/2EF221) writes: >If you can get it for a b
224,zero_shot_full_context,18,talk.politics.misc,16,talk.politics.guns,16,"From: techie@cellar.org (William A Bacon) Subject: some scientists do not believe in the green house effect Organization: The Cellar BBS and public access system Lines: 93 The following statement was released on February 27,1992 by the Science & Environmental Policy Project As independent scientists researching atmosphere and climate problems, we a"
225,zero_shot_full_context,19,talk.religion.misc,15,soc.religion.christian,15,"From: Lynn Anderson <dba+lynn@cs.cmu.edu> Subject: Revised Easy-to-Read BoM available! X-Sender: lma@rimu.mach.cs.cmu.edu (Unverified) Originator: mnr@GS80.SP.CS.CMU.EDU Nntp-Posting-Host: gs80.sp.cs.cmu.edu Organization: School of Computer Science, Carnegie Mellon Lines: 51 I am pleased to announce that a *revised version* of _The Easy-to-Read Boo"
226,zero_shot_full_context,4,comp.sys.mac.hardware,4,comp.sys.mac.hardware,4,"From: jerry@slack.med.upenn.edu (Jerry Salem) Subject: extra monitors Organization: University of Pennsylvania Lines: 20 Nntp-Posting-Host: microlab11.med.upenn.edu Hi Netters. For my home computer I have a humble MacLC with a 12"" color monitor. The majority of my work is writing, therefore I would love to have a b&w portrait monotor conected to th"
227,zero_shot_full_context,1,comp.graphics,4,comp.sys.mac.hardware,4,"From: deb47099@uxa.cso.uiuc.edu (Daniel E. Bradley) Subject: Help! Quicktime 1.5/System 7.1 Problem Keywords: quicktime mac Organization: University of Illinois at Urbana Lines: 14 I am unable to run Quicktime 1.5 on my IIvx running System 7.1, and I don't know why. (If there is a better group to post this to, please let me know.) Quicktime 1.0 wor"
228,zero_shot_full_context,16,talk.politics.guns,16,talk.politics.guns,16,"From: dbernard@clesun.Central.Sun.COM (Dave Bernard) Subject: Re: WACO: Clinton press conference, part 1 Organization: Sun Microsystems Lines: 46 Distribution: world Reply-To: dbernard@clesun.Central.Sun.COM NNTP-Posting-Host: clesun.central.sun.com In article 3890@rpp386, jfh@rpp386 (John F. Haugh II) writes: >In article <blake.70.735413837@nevada"
229,zero_shot_full_context,3,comp.sys.ibm.pc.hardware,4,comp.sys.mac.hardware,4,"From: linda@cs.su.oz.au (Linda Distributed Language) Subject: help with et4000 hicolor modes Organization: Basser Dept of Computer Science, University of Sydney, Australia Keywords: video, et4000 Lines: 21 Can any body tell me where the most significant bit of the total horizontal width hides out on the Tseng Labs ET4000 with a 15/16/24 bit dac? I "
230,zero_shot_full_context,19,talk.religion.misc,15,soc.religion.christian,15,"From: dpw@sei.cmu.edu (David Wood) Subject: Re: Laws of God (was Re: A KIND and LOVING God!!) In-Reply-To: mlee@post.RoyalRoads.ca's message of Sat, 24 Apr 1993 18:09:51 GMT Organization: Software Engineering Institute Lines: 155 mlee@post.RoyalRoads.ca (Malcolm.Lee) writes: >dpw@sei.cmu.edu (David Wood) writes: >|> >|> mlee@ra.royalroads.ca (Malco"
231,zero_shot_full_context,2,comp.os.ms-windows.misc,2,comp.os.ms-windows.misc,2,"From: yuki@is.s.u-tokyo.ac.jp (ITO Takayuki) Subject: Re: What does the .bmp format mean? Organization: Department of Infomation Science, Faculty of Science, University of Tokyo, JAPAN Lines: 508 In-Reply-To: robertsa@unix2.tcd.ie's message of Tue, 27 Apr 1993 14: 48:04 GMT Nntp-Posting-Host: tje12.is.s.u-tokyo.ac.jp In article <robertsa.735922084@"
232,zero_shot_full_context,16,talk.politics.guns,16,talk.politics.guns,16,"From: PA146008@UTKVM1.UTK.EDU (David Veal) Subject: Re: BATF & FBI Do Right Thing in Waco Organization: The University of Tennessee, Knoxville X-Newsreader: NNR/VM S_1.3.2 Lines: 78 In article <1993Apr21.223541.2353@gnv.ifas.ufl.edu> jrm@gnv.ifas.ufl.edu writes: >Everyone is complaining about the debacle in Waco. It is hard to >understand all this "
233,zero_shot_full_context,14,sci.space,12,sci.electronics,12,"From: prb@access.digex.net (Pat) Subject: Re: Near Miss Asteroids (Q) Organization: Express Access Online Communications, Greenbelt, MD USA Lines: 4 Distribution: sci NNTP-Posting-Host: access.digex.net TRry the SKywatch project in Arizona. pat"
234,zero_shot_full_context,17,talk.politics.mideast,16,talk.politics.guns,16,"From: dbd@urartu.sdpa.org (David Davidian) Subject: Accounts of Anti-Armenian Human Rights Violations in Azerbaijan #024 Summary: ""When we finish with the Armenians, we'll go after the Russians!"" Organization: S.D.P.A. Center for Regional Studies Lines: 316 +-----------------------------------------------------------+ | | | ""There's no room for Chr"
235,zero_shot_full_context,3,comp.sys.ibm.pc.hardware,3,comp.sys.ibm.pc.hardware,3,"From: marka@hcx1.ssd.csd.harris.com (Mark Ashley) Subject: Re: 66DX2 ISA,VLB xor 50DX EISA ?? Advice wanted... Organization: Harris Lines: 16 NNTP-Posting-Host: hcx1.ssd.csd.harris.com >In article <1993Apr22.002231.13716@julian.uwo.ca> rmitch@irus.rri.uwo.ca (Ross Mitchell) writes: >>I have a choice now between basically the above system but with a"
236,zero_shot_full_context,10,rec.sport.hockey,9,rec.sport.baseball,9,"From: b_hart@odin.dev.macsch.com (Bill Hart) Subject: Re: If Oilers go to Hamilton Lines: 15 Reply-To: b_hart@macsch.com Organization: MacNeal-Schwendler Corporation In article <1993Apr26.023650.16749@spang.Camosun.BC.CA>, ua256@freenet.Victoria.BC.CA (Tom Moffat) writes: |> |> |>If the Oilers move to Hamilton what division will they play in . |>--"
237,zero_shot_full_context,8,rec.motorcycles,17,talk.politics.mideast,17,"From: ray@unisql.UUCP (Ray Shea) Subject: Re: So, do any XXXX, I mean police officers read this stuff? Organization: UniSQL, Inc., Austin, Texas, USA Lines: 24 In article <1r6ob9$oav@vtserf.cc.vt.edu> ranck@joesbar.cc.vt.edu (Wm. L. Ranck) writes: >And of course, you will get a moderate amount of flamage >just for expressing an opinion, no matter w"
238,zero_shot_full_context,13,sci.med,14,sci.space,14,"From: houle@nmt.edu (Paul Houle) Subject: Antihistamine for sleep aid Article-I.D.: nmt.1993Apr29.052044.23918 Organization: Electrical Eng. Dept. - New Mexico Tech Lines: 46 Nntp-Posting-Host: baltic For a very long time I've had a problem with feeling really awful when I try to get up in the morning. My sleep latency at night is also pretty long,"
239,zero_shot_full_context,5,comp.windows.x,14,sci.space,14,"From: hoswell@alumni.cs.colorado.edu (Mike Hoswell) Subject: Any way to *STOP* and application from re-titling? Nntp-Posting-Host: alumni.cs.colorado.edu Organization: Climate and Global Dynamics/NCAR, Boulder CO Lines: 17 I'm quite familiar with a variety of window title *setting* methods. My question is... Is there any way (via Resources, etc) to"
240,zero_shot_full_context,7,rec.autos,17,talk.politics.mideast,17,"From: bpita@ctp.com (Bob Pitas) Subject: Re: WARNING.....(please read)... Keywords: brick, rock, danger, gun, violent, teenagers Organization: Cambridge Technology Partners Lines: 43 In article <1r1d62$d6s@agate.berkeley.edu> bh@anarres.CS.Berkeley.EDU (Brian Harvey) writes: >rfelix@netcom.com (Robbie Felix) writes: >>How about the thousands of kin"
241,zero_shot_full_context,15,soc.religion.christian,15,soc.religion.christian,15,"From: JEK@cu.nih.gov Subject: two nits picked Lines: 35 Gerry Palo writes: > Between Adam and Eve and Golgotha the whole process of the fall > of man occurred. This involved a gradual dimming of > consciousness of the spiritual world. This is discernable in > the world outlooks of different peoples through history. The > Greek, for example, could s"
242,zero_shot_full_context,5,comp.windows.x,2,comp.os.ms-windows.misc,2,"From: Peter_Imants_Buttuls@mts.ucs.ualberta.CA Subject: Any free X-servers for PCs Organization: The Internet Lines: 5 To: expert@expo.lcs.mit.edu Does anyone know of any free X-servers for PCs, preferably that run under MS Windows? THANKS. Peter Buttuls, University of Alberta, Edmonton, Canada e-mail:(userpib@mts.ucs.ualberta.ca)"
243,zero_shot_full_context,9,rec.sport.baseball,9,rec.sport.baseball,9,"From: gspira@nyx.cs.du.edu (Greg Spira) Subject: Re: Jack Morris Organization: University of Denver, Dept. of Math & Comp. Sci. Lines: 77 maynard@ramsey.cs.laurentian.ca (Roger Maynard) writes: >We have no way of knowing because we cannot separate Morris' contribu- >tion from the rest of the team's. There is only one way of determin- >ing ""best"" in"
244,zero_shot_full_context,13,sci.med,13,sci.med,13,"From: meg_arnold@qm.sri.com (Meg Arnold) Subject: Botulinum Toxin, type A Organization: SRI International Lines: 24 Distribution: world NNTP-Posting-Host: 128.18.35.50 I am looking for statistics on the prevalence of disorders that are treatable with Botulinum Type A. These disorders include: facial dyskinesia, meige syndrome, hemifacial spasm, apr"
245,zero_shot_full_context,1,comp.graphics,2,comp.os.ms-windows.misc,2,"From: daruwala@slinky.ims (Raoul-Sam Daruwala) Subject: VRrend386, where is it kept? Keywords: VRrend386 Reply-To: daruwala@cs.nyu.edu Organization: Sun Microsystems Lines: 8 I'm told that VRrend386 is available on the internet. I wanted to know where it is. Thanks in advance. Raoul daruwala@cs.nyu.edu"
246,zero_shot_full_context,8,rec.motorcycles,8,rec.motorcycles,8,"From: ahatcher@athena.cs.uga.edu (Allan Hatcher) Subject: Re: So, do any XXXX, I mean police officers read this stuff? Organization: University of Georgia, Athens Lines: 28 In article <1993Apr20.163629.29153@iscnvx.lmsc.lockheed.com> jrlaf@sgi502.msd.lmsc.lockheed.com (J. R. Laferriere) writes: >I was just wondering if there were any law officers t"
247,zero_shot_full_context,19,talk.religion.misc,15,soc.religion.christian,15,"From: sandvik@newton.apple.com (Kent Sandvik) Subject: Re: Is it good that Jesus died? Organization: Cookamunga Tourist Bureau Lines: 21 In article <C62Ar1.LDt@blaze.cs.jhu.edu>, arromdee@jyusenkyou.cs.jhu.edu (Ken Arromdee) wrote: > > In article <1993Apr25.194144.8358@organpipe.uug.arizona.edu> brian@lpl.arizona.edu (Brian Ceccarelli 602/621-9615)"
248,zero_shot_full_context,8,rec.motorcycles,8,rec.motorcycles,8,"From: infante@acpub.duke.edu (Andrew Infante) Subject: Re: New to Motorcycles... Organization: Duke University; Durham, N.C. Lines: 11 Nntp-Posting-Host: north1.acpub.duke.edu Apparently, the only place to take the MSF course around here in NC is at a community college. That woudl preclude some sort of state subsidation, then, no? -- Andy Infante |"
249,zero_shot_full_context,13,sci.med,13,sci.med,13,"From: rind@enterprise.bih.harvard.edu (David Rind) Subject: Re: Quack-Quack (was Re: Candida(yeast) Bloom, Fact or Fiction) Organization: Beth Israel Hospital, Harvard Medical School, Boston Mass., USA Lines: 23 NNTP-Posting-Host: enterprise.bih.harvard.edu In article <1ravpeINNah4@gap.caltech.edu> ken@isis.cns.caltech.edu (Ken Miller) writes: >So,"
250,zero_shot_full_context,10,rec.sport.hockey,17,talk.politics.mideast,17,From: farenebt@craft.camp.clarkson.edu (Droopy) Subject: Calder Cup schedule Organization: Clarkson University Lines: 67 Nntp-Posting-Host: craft.clarkson.edu X-Newsreader: TIN [version 1.1 PL8] FULL 1993 CALDER CUP PLAYOFF SCHEDULE AND RESULTS home team in CAPS *=if necesary FIRST ROUND Springfield Indians vs Providence Bruins Gm 1: Springfield 3 
251,zero_shot_full_context,3,comp.sys.ibm.pc.hardware,13,sci.med,13,"From: edm@wrs.com (Ed McClanahan) Subject: Re: CPU Fans33 Nntp-Posting-Host: chaos Organization: Wind River Systems, Inc. Lines: 17 Jim_Johnson@abcd.houghton.mi.us (Jim Johnson) writes: <speaking of CPU fans> > Many use clips - make sure you use heat sink >grease, or heat transfering tape, or you will have wasted your money. Do these CPU Fans also "
252,zero_shot_full_context,11,sci.crypt,18,talk.politics.misc,18,"From: gardner@convex.com (Steve Gardner) Subject: Re: The Escrow Database. Nntp-Posting-Host: imagine.convex.com Organization: Engineering, CONVEX Computer Corp., Richardson, Tx., USA X-Disclaimer: This message was written by a user at CONVEX Computer Corp. The opinions expressed are those of the user and not necessarily those of CONVEX. Lines: 12 "
253,zero_shot_full_context,4,comp.sys.mac.hardware,4,comp.sys.mac.hardware,4,"From: arun@ac.dal.ca Subject: Help with Duo 230 4/80 !!! Organization: Dalhousie University, Halifax, Nova Scotia, Canada Lines: 9 Does anyone know how to zap the PRAM on the Duo 230. Inaddition I have recently noticed that checking the ram left in the finder on the duo 230 4/80 reveals the normal 1800K for the system file but only about 1/10 to 1/"
254,zero_shot_full_context,14,sci.space,14,sci.space,14,"From: prb@access.digex.net (Pat) Subject: Re: HST Servicing Mission Scheduled for 11 Days Organization: Express Access Online Communications USA Lines: 14 NNTP-Posting-Host: access.digex.net In article <C6A2At.E9z@zoo.toronto.edu> henry@zoo.toronto.edu (Henry Spencer) writes: > >No, the thing is designed to be retrievable, in a pinch. Indeed, this "
255,zero_shot_full_context,10,rec.sport.hockey,17,talk.politics.mideast,17,"From: hammerl@acsu.buffalo.edu (Valerie S. Hammerl) Subject: Re: Octopus in Detroit? Organization: UB Lines: 14 Nntp-Posting-Host: lictor.acsu.buffalo.edu Just a side note, squid/octopi made their way to the ice in Buffalo. I still don't understand why Buffalo, but maybe it's lucky. :-) btw, they shovel them up from the ice here, using the shovel u"
256,zero_shot_full_context,5,comp.windows.x,14,sci.space,14,"From: spang@nbivax.nbi.dk (Karsten Spang) Subject: Re: Cannot create 24 plane window (summary) Organization: Niels Bohr Institute and Nordita, Copenhagen Lines: 51 In article <1993Apr28.100545.1217@nbivax.nbi.dk>, spang@nbivax.nbi.dk (Karsten Spang) writes: > I have a problem: I am not able to create a window with 24 bit planes. > ... gave BadMatch"
257,zero_shot_full_context,6,misc.forsale,6,misc.forsale,6,"From: antonio@arezzo.oas.olivetti.com (Antonio Maiuolo) Subject: HONDA ACCORD (82) FOR SALE Organization: Olivetti Research California Lines: 27 Distribution: world Reply-To: antonio@arezzo.oas.olivetti.com (Antonio Maiuolo) NNTP-Posting-Host: arezzo.oas.olivetti.com Keywords: honda, sale, 82 Honda Accord_4_Cyl. LX Hatchback 3D 5 Speed '82 126,000 "
258,zero_shot_full_context,18,talk.politics.misc,16,talk.politics.guns,16,"From: pyotr@halcyon.com (Peter D. Hampe) Subject: Phill says Koresh == Hitler, was Welcome to Police State USA Organization: Northwest Nexus Inc. Lines: 90 NNTP-Posting-Host: nwfocus.wa.com hallam@dscomsa.desy.de (Phill Hallam-Baker) writes: >|>>the murderes of four police officers to justice perhaps we could >|>>hear it. >|> >|>They _had_ a sure-f"
259,zero_shot_full_context,12,sci.electronics,14,sci.space,14,From: kschang@sfsuvax1.sfsu.edu (Kuo-Sheng (Kasey) Chang) Subject: Re: How to the disks copy protected. Organization: San Francisco State University Lines: 31 In article <rcstage1.128.735548462@urc.tue.nl> rcstage1@urc.tue.nl (Guido Klemans) writes: >In article <1993Apr22.163605.24784@csus.edu> kschang@sfsuvax1.sfsu.edu (Kuo-Sheng (Kasey) Chang) wr
260,zero_shot_full_context,0,alt.atheism,18,talk.politics.misc,18,"From: mathew <mathew@mantis.co.uk> Subject: Re: Gulf War and Peace-niks Organization: Mantis Consultants, Cambridge. UK. X-Newsreader: rusnews v1.02 Lines: 21 jbrown@batman.bmd.trw.com writes: > The problem with most peace-niks it they consider those of us who are > not like them to be ""bad"" and ""unconscionable"". I would not have any > argument or "
261,zero_shot_full_context,19,talk.religion.misc,15,soc.religion.christian,15,"From: lwb@cs.utexas.edu (Lance W. Bledsoe) Subject: Re: On-line copy of Book of Mormon Organization: CS Dept, University of Texas at Austin Lines: 13 Distribution: usa NNTP-Posting-Host: im4u.cs.utexas.edu Keywords: BOM, Book of Mormon, Mormon In article <1993Apr23.163823.24226@ads.com> wmoore@ADS.COM (William Moore) writes: >Can anyone provide me "
262,zero_shot_full_context,0,alt.atheism,15,soc.religion.christian,15,"From: halat@pooh.bears (Jim Halat) Subject: Re: free moral agency Keywords: Another thread destined for the kill-file Reply-To: halat@pooh.bears (Jim Halat) Distribution: na Lines: 19 In article <kmr4.1696.735588167@po.CWRU.edu>, kmr4@po.CWRU.edu (Keith M. Ryan) writes: >In article <1r98voINNr9q@lynx.unm.edu> cfaehl@vesta.unm.edu (Chris Faehl) writ"
263,zero_shot_full_context,15,soc.religion.christian,15,soc.religion.christian,15,"From: db7n+@andrew.cmu.edu (D. Andrew Byler) Subject: Re: Serbian genocide Work of God? Organization: Freshman, Civil Engineering, Carnegie Mellon, Pittsburgh, PA Lines: 91 Vera Shanti Noyes writes: >really? you may be right, but i'd like proof. as far as i know (and ""We however, shall be innocent of this sin, and will pray with earnest entreaty an"
264,zero_shot_full_context,10,rec.sport.hockey,9,rec.sport.baseball,9,From: gld@cunixb.cc.columbia.edu (Gary L Dare) Subject: Re: ESPN's (lack of) coverage Nntp-Posting-Host: cunixb.cc.columbia.edu Reply-To: gld@cunixb.cc.columbia.edu (Gary L Dare) Organization: PhDs In The Hall Distribution: na Lines: 23 pkester@hooville.mitre.org (Peter Kester) writes: >jpc@philabs.philips.com (John P. Curcio) writes: >>The worst t
265,zero_shot_full_context,15,soc.religion.christian,15,soc.religion.christian,15,From: pages!bwebster@uunet.uu.net (Bruce F. Webster) Subject: Re: Mormon beliefs about bastards Reply-To: pages!bwebster@uunet.uu.net Organization: Pages Software Inc. Lines: 63 In article <May.9.05.41.46.1993.27571@athos.rutgers.edu> erh0362@tesla.njit.edu writes: > > Could anyone enlighten me on how the Mormon church views > children born out of 
266,zero_shot_full_context,3,comp.sys.ibm.pc.hardware,13,sci.med,13,"From: ballou@martigny.ai.mit.edu (Kenneth Robert Ballou) Subject: Re: Soundblaster IRQ and Port settings Organization: Oberon Software, Inc. Lines: 55 Distribution: world NNTP-Posting-Host: altdorf.ai.mit.edu In article <pdb059-210493145738@kilimanjaro.jpl.nasa.gov> pdb059@ipl.jpl.nasa.gov (Paul Bartholomew) writes: >In article <3130@shaman.wv.tek."
267,zero_shot_full_context,1,comp.graphics,12,sci.electronics,12,"From: spl@pitstop.ucsd.edu (Steve Lamont) Subject: Re: RGB to HVS, and back Organization: University of Calif., San Diego/Microscopy and Imaging Resource Lines: 21 NNTP-Posting-Host: pitstop.ucsd.edu In article <1993Apr28.094739.25200@htsa.aha.nl> remcoha@htsa.aha.nl (Remco Hartog) writes: >I have a little question: > >I need to convert RGB-coded ("
268,zero_shot_full_context,2,comp.os.ms-windows.misc,2,comp.os.ms-windows.misc,2,From: gt2617c@prism.gatech.EDU (Brad Smalling) Subject: Re: Challenge to Microsoft supporters. Organization: Georgia Institute of Technology Lines: 30 In article <1993May1.211741.25086@wam.umd.edu> rsrodger@wam.umd.edu (Yamanari) writes: >In article <C6D616.25M@uceng.uc.edu> bferrell@ant.occ.uc.edu (Brett Ferrell) writes: >>In article <1993May1.154
269,zero_shot_full_context,10,rec.sport.hockey,17,talk.politics.mideast,17,From: joe13+@pitt.edu (Joseph B Stiehm) Subject: Re: Ranger Fans????? Organization: University of Pittsburgh Lines: 16 In article <1993Apr22.101356.1@eagle.wesleyan.edu> kwolfer@eagle.wesleyan.edu writes: ... > >As far as the Stanley Cup goes I think there's only one team that can test >Pittsburgh and that's Detroit. This would be the most entertai
270,zero_shot_full_context,13,sci.med,14,sci.space,14,"From: klier@iscsvax.uni.edu Subject: Re: allergic reactions against laser printers?? Organization: University of Northern Iowa Lines: 10 In article <1993Apr29.124806.4599@Informatik.TU-Muenchen.DE>, rdd@uts.ipp-garching.mpg.de (Reinhard Drube) writes: > does anyone know about allergic reactions caused by the developer/toner > of laser printers? Wha"
271,zero_shot_full_context,19,talk.religion.misc,16,talk.politics.guns,16,"From: cayley@plains.NoDak.edu (Michele Cayley) Subject: Re: New Religion Forming -- Sign Up Nntp-Posting-Host: plains.nodak.edu Organization: North Dakota Higher Education Computing Network Lines: 10 refrettably you are mistaken. alt.drugs was used to recruit people for the worldwide pot religion. I, however hve no problem being in both of them Dea"
272,zero_shot_full_context,4,comp.sys.mac.hardware,4,comp.sys.mac.hardware,4,From: mstov@cbnewsb.cb.att.com (michael.p.stovsky) Subject: Looking for Mac II Batteries Organization: AT&T Distribution: usa Lines: 17 Hi! I am looking for a source of lithium batteries for an original Mac II. The number on the battery is ER 1/2 AA. Local electronic shops & computer stores freak when inquire. The fastest any of them can get a batt
273,zero_shot_full_context,16,talk.politics.guns,16,talk.politics.guns,16,"From: nomad@ecst.csuchico.edu (Michael Larish) Subject: Re: ATF BURNS DIVIDIAN RANCH! NO SURVIVORS!!! Article-I.D.: charnel.1r5a7jINN83g Organization: California State University, Chico Lines: 48 NNTP-Posting-Host: hairball.ecst.csuchico.edu In article <C5tEnu.112F@ns1.nodak.edu> green@plains.NoDak.edu (Bill Green) writes: >What I would like to see"
274,zero_shot_full_context,19,talk.religion.misc,15,soc.religion.christian,15,"From: markk@cypress.West.Sun.COM (Mark Kampe) Subject: Re: Cybele and Transgender/sexualism Organization: SunSoft South Lines: 29 Distribution: world Reply-To: markk@cypress.West.Sun.COM NNTP-Posting-Host: sagredo In article 260493115730@raven.aims.unc.edu, fhunt@med.unc.edu (Freb Hunt) writes: > > Is there some relation between the name 'Cybele' a"
275,zero_shot_full_context,19,talk.religion.misc,18,talk.politics.misc,18,"From: clavazzi@nyx.cs.du.edu (The_Doge) Subject: Re: Koresh Doctrine -- 4 of 4 X-Disclaimer: Nyx is a public access Unix system run by the University of Denver for the Denver community. The University has neither control over nor responsibility for the opinions of users. Organization: Nyx, Public Access Unix at U. of Denver Math/CS dept. Lines: 34 "
276,zero_shot_full_context,6,misc.forsale,6,misc.forsale,6,"From: jching@watnow.uwaterloo.ca (John Y. Ching) Subject: WANTED: Tandem Bicycle Keywords: Tandem Bicycle Distribution: na Organization: University of Waterloo Lines: 12 I am looking for a tandem bicycle, any make, any model, and any condition. I would prefer a complete bike, but just a tandem frameset is OK, too. Please email me if you have one fo"
277,zero_shot_full_context,4,comp.sys.mac.hardware,2,comp.os.ms-windows.misc,2,"From: jcs@sage.cc.purdue.edu (Stalnaker) Subject: System 6.0.8L Organization: Purdue University Computing Center Lines: 5 -- ____ Y_,_|[]| Ernest Stalnaker {|_|_|__| jcs@sage.cc.purdue.edu //oo--OO ...!pur-ee!sage.cc!jcs"
278,zero_shot_full_context,14,sci.space,14,sci.space,14,"From: Cohen@ssdgwy.mdc.com (Andy Cohen) Subject: Report on redesign team Organization: MDA-W Lines: 172 Distribution: world NNTP-Posting-Host: q5022531.mdc.com The following is what they feed to us..... most has been posted already, but there are a number of items not seen here yet..... Redesign Activities Update -- Following is the weekly status o"
279,zero_shot_full_context,2,comp.os.ms-windows.misc,2,comp.os.ms-windows.misc,2,"From: e92_tbo@elixir.e.kth.se (Tage Borg) Subject: Re: Need longer filenames Lines: 32 Nntp-Posting-Host: ohm.e.kth.se Reply-To: e92_tbo@elixir.e.kth.se (Tage Borg) Organization: School of EE, Royal Institute of Technology, Sweden In article <1rfdkqINN8s2@zephyr.grace.cri.nz>, maystonr@grace.cri.nz (Richard Mayston) writes: > Path: kth.se!sunic!pip"
280,zero_shot_full_context,19,talk.religion.misc,14,sci.space,14,"From: mcelwre@cnsvax.uwec.edu Subject: LARSONIAN Astronomy, Physics, CREATION Organization: University of Wisconsin Eau Claire Lines: 556 The following partial summary of a Theory of the Universe includes a little-known description of the CREATION of our Solar System: LARSONIAN Astronomy and Physics Orthodox physicists, astronomers, and astrophysic"
281,zero_shot_full_context,14,sci.space,17,talk.politics.mideast,17,"From: prb@access.digex.net (Pat) Subject: Re: Why we like DC-X (was Re: Shuttle 0-Defects & Bizarre? DC-X?) Organization: Express Access Online Communications USA Lines: 11 NNTP-Posting-Host: access.digex.net In article <C6zyuE.CGC@zoo.toronto.edu> henry@zoo.toronto.edu (Henry Spencer) writes: >(However, I do agree with Richard that if you're plann"
282,zero_shot_full_context,6,misc.forsale,4,comp.sys.mac.hardware,4,"From: ST702459@brownvm.brown.edu () Subject: Mac Modem Wanted Organization: Brown University Lines: 5 NNTP-Posting-Host: brownvm.brown.edu X-News-Software: BNN via BNN_POST v1.0 beta I would like to buy a cheap modem for my Mac. Did I mention that I would prefer it to be cheap? 2400 baud preferred, but when you're looking for cheap (and I do mean c"
283,zero_shot_full_context,13,sci.med,13,sci.med,13,"From: rind@enterprise.bih.harvard.edu (David Rind) Subject: Re: Persistent vs Chronic Organization: Beth Israel Hospital, Harvard Medical School, Boston Mass., USA Lines: 17 NNTP-Posting-Host: enterprise.bih.harvard.edu In article <enea1-270493135255@enea.apple.com> enea1@applelink.apple.com (Horace Enea) writes: >Can anyone out there tell me the d"
284,zero_shot_full_context,13,sci.med,16,talk.politics.guns,16,"From: mou@nova1.stanford.edu (Alex Mou) Subject: cure for dry skin? Organization: Stanford University Lines: 17 Distribution: world NNTP-Posting-Host: nova1.stanford.edu Hi all, My skin is very dry in general. But the most serious part is located from knees down. The skin there looks like segmented. The segmentation actually happens beneath the ski"
285,zero_shot_full_context,0,alt.atheism,18,talk.politics.misc,18,"From: aaron@minster.york.ac.uk Subject: Re: Death Penalty / Gulf War (long) Distribution: world Organization: Department of Computer Science, University of York, England Lines: 17 Mark McCullough (mccullou@snake2.cs.wisc.edu) wrote: : This figure, is far below all the other figures I have seen. If it : is indeed accurate, then how do you explain th"
286,zero_shot_full_context,2,comp.os.ms-windows.misc,5,comp.windows.x,5,"From: marlow@world.std.com (Mark J Marlow) Subject: Re: Video cards with BNC connectors? Organization: The World Public Access UNIX, Brookline, MA Lines: 25 sam@ms.uky.edu (Mike Mills) writes: >Hello, >I just recently bought a NEC 6FG. In order to get the highest possible quality >and refresh rates, I'd like to know if there are any accelerator car"
287,zero_shot_full_context,17,talk.politics.mideast,18,talk.politics.misc,18,"From: sadek@cbnewsg.cb.att.com (mohamed.s.sadek) Subject: Europe vs. Muslim Bosnians Organization: AT&T Lines: 10 I like what Mr. Joseph Biden had to say yesterday 5/11/93 in the senate. Condemening the european lack of action and lack of support to us plans and calling that ""moral rape"". He went on to say that the reason for that is ""out right rel"
288,zero_shot_full_context,0,alt.atheism,15,soc.religion.christian,15,"From: tgk@cs.toronto.edu (Todd Kelley) Subject: Re: Faith and Dogma Organization: Department of Computer Science, University of Toronto Lines: 56 >In <1r1mr8$eov@aurora.engr.LaTech.edu> ray@engr.LaTech.edu (Bill Ray) >wrote: > >Faith and dogma are inevitable. Christians merely understand and admit >to the fact. Give me your proof that no God exists"
289,zero_shot_full_context,1,comp.graphics,2,comp.os.ms-windows.misc,2,"From: tpehrson@slack.sim.es.com (tim clinkenpeel) Subject: [PC] oak77 vga driver available via ftp? Organization: Evans & Sutherland Computer Corporation Lines: 9 Reply-To: tpehrson@slack.sim.es.com NNTP-Posting-Host: slack a user on my bbs ""accidentally"" deleted his vga driver for his oak77 card and has no backup. i was wondering if someone knew o"
290,zero_shot_full_context,12,sci.electronics,13,sci.med,13,"From: clarke@acme.ucf.edu (Thomas Clarke) Subject: Re: How do you build neural networks? Organization: University of Central Florida Lines: 15 In article <1rbs1e$m6s@insti.physics.sunysb.edu> mmoss@ic.sunysb.edu (Matthew D Moss) writes: > > Subject says it all, though I should specify that I'm looking for solutions > that DON'T require me purchasin"
291,zero_shot_full_context,15,soc.religion.christian,15,soc.religion.christian,15,From: jenk@microsoft.com (Jen Kilmer) Subject: Re: If There Were No Hell Organization: Microsoft Corporation Lines: 40 In article <May.7.01.07.10.1993.13776@athos.rutgers.edu> mdw@cbnewsg.cb.att.com (mark.d.wuest) writes: >In article <May.5.02.51.25.1993.28737@athos.rutgers.edu> shellgate!llo@uu4.psi.com (Larry L. Overacker) writes: >>Q: If you kne
292,zero_shot_full_context,14,sci.space,14,sci.space,14,"From: mt90dac@brunel.ac.uk (Del Cotter) Subject: Re: What planets are habitable Organization: Brunel University, West London, UK Lines: 37 <C659w7.IyD@fs7.ece.cmu.edu>, loss@fs7.ECE.CMU.EDU (Doug Loss) writes: ><JPG.93Apr27135219@holly.bnr.co.uk> jpg@bnr.co.uk (Jonathan P. Gibbons) writes: > >>I would appreciate any thoughts on what makes a planet "
293,zero_shot_full_context,16,talk.politics.guns,18,talk.politics.misc,18,"From: jpsb@NeoSoft.com (Jim Shirreffs) Subject: Re: ATF BURNS DIVIDIAN RANCH! NO SURVIVORS!!! Organization: NeoSoft Communications Services -- (713) 684-5900 Lines: 7 speaking of the sick bastard, i noticed he attends Kent State University. i guess we have come full circle here. Someone from Kent favoring excessive force by the govenment to subdue "
294,zero_shot_full_context,5,comp.windows.x,12,sci.electronics,12,"From: dealy@narya.gsfc.nasa.gov (Brian Dealy - CSC) Subject: Re: How XCreateRegion works ?? Organization: NASA/Goddard Space Flight Center Lines: 87 Distribution: world NNTP-Posting-Host: narya.gsfc.nasa.gov Keywords: Xlib, XRegion Originator: dealy@narya.gsfc.nasa.gov In article <1td5inINNl7m@finch.doc.ic.ac.uk>, ln@doc.ic.ac.uk (Leonidas Nikidis)"
295,zero_shot_full_context,3,comp.sys.ibm.pc.hardware,14,sci.space,14,"From: rmitch@irus.rri.uwo.ca (Ross Mitchell) Subject: 66DX2 ISA,VLB xor 50DX EISA ?? Advice wanted... Organization: University of Western Ontario, London Nntp-Posting-Host: vega.irus.rri.uwo.ca Lines: 81 Hi: I need some advice (opinions?) regarding which PC would best suit my needs! I want to use this (proposed) beast for basically four things: - E"
296,zero_shot_full_context,0,alt.atheism,16,talk.politics.guns,16,"From: livesey@solntze.wpd.sgi.com (Jon Livesey) Subject: Re: FAKE GOD, HOLY LIES Organization: sgi Lines: 10 Distribution: world NNTP-Posting-Host: solntze.wpd.sgi.com In article <1993Apr22.130421.113279@zeus.calpoly.edu>, dmcaloon@tuba.calpoly.edu (David McAloon) writes: > > REMEMBER: Einstien said Imagination is greater than knowledge!! Then Eins"
297,zero_shot_full_context,17,talk.politics.mideast,16,talk.politics.guns,16,From: dbd@urartu.sdpa.org (David Davidian) Subject: Turkish Genocide Apology Grants Time Travel to the Dead! Summary: beyond the call of lunacy Organization: S.D.P.A. Center for Regional Studies Lines: 29 In Turkish Genocide Apology <9304261739@zuma.UUCP> as scribed by its servile dolt sera@zuma.UUCP (Serdar Argic) we read a response to article <19
298,zero_shot_full_context,18,talk.politics.misc,16,talk.politics.guns,16,"From: nelson_p@apollo.hp.com (Peter Nelson) Subject: Re: Welcome to Police State USA Nntp-Posting-Host: c.ch.apollo.hp.com Organization: Hewlett-Packard Corporation, Chelmsford, MA Lines: 35 In article <1r0tvhINNh3s@ctron-news.ctron.com> smith@ctron.com writes: >In article <C5rusq.M6M@news.cso.uiuc.edu>, azoghlin@uxa.cso.uiuc.edu (Very Old Freshman"
299,zero_shot_full_context,4,comp.sys.mac.hardware,4,comp.sys.mac.hardware,4,"From: mem@world.std.com (Roy Eassa) Subject: Re: LCIII or used IIci - which should I get? Organization: The World Public Access UNIX, Brookline, MA Lines: 32 erik@cheshire.oxy.edu (Erik Adams) writes: >I am, at long last, going to replace my beloved 512ke. >I am looking at a new LC III and a used IIci. Prices >have yet to be worked out, so I'm just"
300,zero_shot_full_context,5,comp.windows.x,14,sci.space,14,"From: fwr8bv@fin.af.MIL Subject: xdm and env. vars Organization: The Internet Lines: 27 NNTP-Posting-Host: enterpoop.mit.edu To: xpert%expo.lcs.mit.edu@fin.lcs.mit.edu Hi, I am using xdm on X11R5 with OW3 and Xview3 on Sun3s and SPARCs running SunOS 4.1.1. Prior to using xdm, I used to set PATH and other environment variables (like MANPATH, HELPPAT"
301,zero_shot_full_context,0,alt.atheism,15,soc.religion.christian,15,"From: mam@mouse.cmhnet.org (Mike McAngus) Subject: Re: thoughts on christians Organization: The cat is on the mat X-Newsreader: TIN [version 1.1 PL9] Lines: 19 On Wed, 21 Apr 1993 08:16:14 GMT sandvik@newton.apple.com (Kent Sandvik) wrote: >In article <C5rGKB.4Fs@darkside.osrhe.uoknor.edu>, bil@okcforum.osrhe.edu [re. Conner's questioning of the bl"
302,zero_shot_full_context,19,talk.religion.misc,15,soc.religion.christian,15,"From: mathew <mathew@mantis.co.uk> Subject: Re: After 2000 years, can we say that Christian Morality is Organization: Mantis Consultants, Cambridge. UK. X-Newsreader: rusnews v1.02 Lines: 60 markp@avignon (Mark Pundurs) writes: >mathew <mathew@mantis.co.uk> writes: >>markp@elvis.wri.com (Mark Pundurs) writes: >>> In <930415.112243.8v6.rusnews.w165w"
303,zero_shot_full_context,14,sci.space,13,sci.med,13,From: prb@access.digex.net (Pat) Subject: Re: U.S. Government and Technolgy Investment Organization: Express Access Online Communications USA Lines: 34 NNTP-Posting-Host: access.digex.net In article <1993Apr30.151033.13776@aio.jsc.nasa.gov> kjenks@gothamcity.jsc.nasa.gov writes: >It's interesting to note that some of our best tools for cost control
304,zero_shot_full_context,7,rec.autos,7,rec.autos,7,"From: jmh@hopper.Virginia.EDU (Jeffrey Hoffmeister) Subject: Re: The 1994 Mustang Organization: ITC/UVA Community Access UNIX/Internet Project Lines: 21 In article <1993Apr22.192652.3032@virginia.edu> jmm4h@Virginia.EDU (""The Blade Runner"") writes: >I just have got to remind all of you that this is it! Yes, >that's right, somtime this fall, Ford (t"
305,zero_shot_full_context,19,talk.religion.misc,16,talk.politics.guns,16,"From: pgf@srl03.cacs.usl.edu (Phil G. Fraering) Subject: Re: Who's next? Mormons and Jews? Organization: Univ. of Southwestern Louisiana Lines: 23 hallam@dscomsa.desy.de (Phill Hallam-Baker) writes: >In article <wcscps.735321331@cunews>, wcscps@superior.carleton.ca (Mike Richardson) writes: >[Lots of good points re Mormons in the US] >The founding "
306,zero_shot_full_context,11,sci.crypt,16,talk.politics.guns,16,"From: jamesl@galaxy.nsc.com (James Lu x3702) Subject: How to make this illuminating thing? Nntp-Posting-Host: gallium.nsc.com Organization: National Semiconductor, Santa Clara Distribution: usa Lines: 14 In some hobby shop, they sell a flexible tube (1/4-inch diameter, 18-inch ling) that will illuminate if you bend or shake it (it is also sold in a"
307,zero_shot_full_context,13,sci.med,18,talk.politics.misc,18,"From: backon@vms.huji.ac.il Subject: Re: net address for WHO Distribution: world Organization: The Hebrew University of Jerusalem Lines: 32 In article <1993Apr24.162351.4408@mintaka.lcs.mit.edu>, elg@silver.lcs.mit.edu (Elizabeth Glaser) writes: > I am looking for the email address of the World Health Organization, > in particular the address for t"
308,zero_shot_full_context,9,rec.sport.baseball,9,rec.sport.baseball,9,"From: mjones@fenway.aix.kingston.ibm.com (Mike Jones) Subject: Re: Yankee Thoughts Reply-To: mjones@donald.aix.kingston.ibm.com Disclaimer: This posting represents the poster's views, not necessarily those of IBM. Nntp-Posting-Host: fenway.aix.kingston.ibm.com Organization: IBM AIX/ESA Development, Kingston NY Lines: 45 scott@asd.com (Scott Barman)"
309,zero_shot_full_context,0,alt.atheism,15,soc.religion.christian,15,"From: frank@D012S658.uucp (Frank O'Dwyer) Subject: Re: Bayesian Statistics, theism and atheism Organization: Siemens-Nixdorf AG Lines: 192 NNTP-Posting-Host: d012s658.ap.mchp.sni.de In article <1993Apr24.165301.8321@dcs.warwick.ac.uk> simon@dcs.warwick.ac.uk (Simon Clippingdale) writes: #In article <1quei1$8mb@horus.ap.mchp.sni.de> frank@D012S658.u"
310,zero_shot_full_context,10,rec.sport.hockey,17,talk.politics.mideast,17,"From: golf@phoenix.oulu.fi (Jouko Kylmaoja) Subject: WC, pool A Organization: University of Oulu, Finland X-Newsreader: TIN [version 1.1 PL9] Lines: 10 210493 Italy-Sweden 2-6 (0-1,1-2,1-3) W D L Canada 2 2 0 0 6-1 4 Sweden 3 2 0 1 8-6 4 Russia 2 1 1 0 6-4 3 Italy 3 1 1 1 5-8 3 ---------------------------- Austria 2 0 0 2 2-5 0 Switzerland 2 0 0 2 "
311,zero_shot_full_context,16,talk.politics.guns,16,talk.politics.guns,16,From: bob@hobbes.dtcc.edu (Bob Rahe) Subject: Re: ATF BURNS DIVIDIAN RANCH! NO SURVIVORS!!! Organization: Delaware Technical & Community College Lines: 37 NNTP-Posting-Host: hobbes.dtcc.edu In article <C5tEnu.112F@ns1.nodak.edu> green@plains.NoDak.edu (Bill Green) writes: >What I would like to see is some serious discussion of this incident. I >bel
312,zero_shot_full_context,12,sci.electronics,2,comp.os.ms-windows.misc,2,"From: wwerner@thor.mlb.semi.harris.com (William S. Werner) Subject: Correction to Harris's AnswerFAX Phone Number Nntp-Posting-Host: thor.mlb.semi.harris.com Organization: Harris Semiconductor, Melbourne FL Lines: 84 ==================================================== H H A RRRRR RRRRR IIIII SSSS H H A A R R R R I S HHHHHH AAAAA RRRRR RRRRR I SSSS"
313,zero_shot_full_context,9,rec.sport.baseball,9,rec.sport.baseball,9,"From: kubey@sgi.com (Ken Kubey) Subject: Re: HBP? BB? BIG-CAT? Nntp-Posting-Host: summit.wpd.sgi.com Organization: Silicon Graphics, Inc., Mountain View, CA Distribution: na Lines: 10 In article <mjones.735411536@fenway> mjones@donald.aix.kingston.ibm.com writes: > >It would help if his OBP were higher than his batting average. Yes, the >April 12 U"
314,zero_shot_full_context,10,rec.sport.hockey,17,talk.politics.mideast,17,"From: kerryy@bnr.ca (Kerry Yackoboski) Subject: Re: Don Cherry - help me out, here Reply-To: kerryy@bnr.ca Organization: BNR Ottawa Lines: 19 In article <MfpIRbO00WBLI1ispC@andrew.cmu.edu>, ""William K. Willis"" <ww1a+@andrew.cmu.edu> writes: |> |> As a person who has rarely even SEEN Don Cherry and doesn't know |> anything about him, I don't know wh"
315,zero_shot_full_context,5,comp.windows.x,4,comp.sys.mac.hardware,4,"From: Sean Michael Goller <wipeout+@CMU.EDU> Subject: Porting Athena Widgets to Xview? Organization: Senior, Electrical and Computer Engineering, Carnegie Mellon, Pittsburgh, PA Lines: 12 NNTP-Posting-Host: andrew.cmu.edu I checked the FAQ on this first, and no luck.. I need to convert the R5 Tree widget for use with xview v3.0. The problem is the "
316,zero_shot_full_context,15,soc.religion.christian,15,soc.religion.christian,15,"From: aidler@sol.uvic.ca (E Alan Idler) Subject: Re: Mormon beliefs about children born out of wedlock Organization: University of Victoria Lines: 62 aaronc@athena.mit.edu (Aaron Bryce Cardenas) writes: >Bruce Webster writes: >>Indeed, LDS doctrine goes one step further and in some cases >>holds parents responsible for their children's sins if they"
317,zero_shot_full_context,15,soc.religion.christian,15,soc.religion.christian,15,"From: smayo@world.std.com (Scott A Mayo) Subject: Re: Dreams and out of body incidents Organization: The World Public Access UNIX, Brookline, MA Lines: 66 dt4%cs@hub.ucsb.edu (David E. Goggin) writes: >I'm fairly new to these groups, tho' some have heard from me before. Welcome. >I'd like to get your comments on a question that has been on my mind "
318,zero_shot_full_context,18,talk.politics.misc,16,talk.politics.guns,16,"From: mst4298@rigel.tamu.edu (Mitchell S Todd) Subject: Re: WACO burning Organization: GrinchCo Lines: 45 Distribution: world NNTP-Posting-Host: rigel.tamu.edu News-Software: VAX/VMS VNEWS 1.41 In article <1r72jjINNnmm@ctron-news.ctron.com>, smith@ctron.com writes... >mst4298@zeus.tamu.edu (Mitchell S Todd) writes: >> Why is an accidental fire more"
319,zero_shot_full_context,15,soc.religion.christian,15,soc.religion.christian,15,"From: mls@panix.com (Michael Siemon) Subject: Re: Deuterocanonicals, esp. Sirach Organization: PANIX Public Access Unix, NYC Lines: 56 In <May.10.05.07.27.1993.3488@athos.rutgers.edu> mdw33310@uxa.cso.uiuc.edu (Michael D. Walker) writes: > That last paragraph just about killed me. The Deuterocanonicals have > ALWAYS been accepted as inspired script"
320,zero_shot_full_context,0,alt.atheism,15,soc.religion.christian,15,"From: conor@owlnet.rice.edu (Conor Frederick Prischmann) Subject: Re: Genocide is Caused by Theism : Evidence? Organization: Rice University Lines: 23 In article <C60A0s.DvI@mailer.cc.fsu.edu> dekorte@dirac.scri.fsu.edu (Stephen L. DeKorte) writes: > >I saw a 3 hour show on PBS the other day about the history of the >Jews. Appearently, the Cursades"
321,zero_shot_full_context,16,talk.politics.guns,16,talk.politics.guns,16,"From: andy@SAIL.Stanford.EDU (Andy Freeman) Subject: Re: Gun Buy Back Organization: Computer Science Department, Stanford University. Lines: 77 In article <16BB8E4C0.R1328@vmcms.csuohio.edu> R1328@vmcms.csuohio.edu writes: >In article <1r6qqcINN8j4@clem.handheld.com> jmd@cube.handheld.com (Jim De Arras) writes: >>Any death is serious. Wanna discuss"
322,zero_shot_full_context,1,comp.graphics,5,comp.windows.x,5,"From: zyeh@caspian.usc.edu (zhenghao yeh) Subject: Definition of Occlusion Organization: University of Southern California, Los Angeles, CA Lines: 14 Distribution: world NNTP-Posting-Host: caspian.usc.edu Keywords: occlusion Hi! Everyone, I don't clearly understand 'occlusion' in computer graphics. Would you please give me an explanation? BTW, what"
323,zero_shot_full_context,3,comp.sys.ibm.pc.hardware,2,comp.os.ms-windows.misc,2,"From: chris.crayton@ozonehole.com (Chris Crayton) Subject: How is a null modem c Distribution: world Organization: Ozone Online Operations, Inc. - New Orleans, LA Reply-To: chris.crayton@ozonehole.com (Chris Crayton) Lines: 22 --> A humble response to a letter by Gordon Lang written 04-21-93 22:09. GL> : I am interrested in the extrodinarily simple"
324,zero_shot_full_context,9,rec.sport.baseball,9,rec.sport.baseball,9,"From: Patrick Pearse Gallagher <pg23+@andrew.cmu.edu> Subject: Re: Ray Lankford question... Organization: Freshman, Mathematics, Carnegie Mellon, Pittsburgh, PA Lines: 13 NNTP-Posting-Host: po3.andrew.cmu.edu In-Reply-To: <1993Apr20.165918.16574@mnemosyne.cs.du.edu> >Does anybody know what is going on with Lankford? I know he was >out for a few gam"
325,zero_shot_full_context,5,comp.windows.x,14,sci.space,14,"From: J.K.Wight@newcastle.ac.uk (Jim Wight) Subject: Re: Athena Tookkit HELP !!! Nntp-Posting-Host: blagdon Organization: University of Newcastle upon Tyne, UK, NE1 7RU Lines: 15 vck0479@cs.rit.edu (Vidya C Kayar) writes: >I am currently programming on Athena Toolkit. I am having problems >creating a Text Widget. Any guidence or help will be greatl"
326,zero_shot_full_context,19,talk.religion.misc,15,soc.religion.christian,15,"From: agr00@ccc.amdahl.com (Anthony G Rose) Subject: Re: [rw] Is Robert Weiss the only orthodox Christian? Reply-To: agr00@JUTS.ccc.amdahl.com (Anthony G Rose) Organization: Amdahl Corporation, Sunnyvale CA Lines: 30 In article <93111.074840LIBRBA@BYUVM.BITNET> LIBRBA@BYUVM.BITNET writes: > > Robert, you keep making references to ""orthodox"" belief,"
327,zero_shot_full_context,6,misc.forsale,3,comp.sys.ibm.pc.hardware,3,"From: mzhao@magnus.acs.ohio-state.edu (Min Zhao) Subject: Cheap harddisk for your PC/XT Nntp-Posting-Host: bottom.magnus.acs.ohio-state.edu Organization: The Ohio State University Distribution: na Lines: 16 I have a few the original IBM 10Mb harddisks for sale. They are actually Seagate's ST412, MFM, full height, has the IBM logo and black face pla"
328,zero_shot_full_context,16,talk.politics.guns,16,talk.politics.guns,16,"From: mst4298@zeus.tamu.edu (Mitchell S Todd) Subject: Re: ATF BURNS DIVIDIAN RANCH! NO SURVIVORS!!! Organization: GrinchCo Lines: 42 Distribution: world NNTP-Posting-Host: zeus.tamu.edu News-Software: VAX/VMS VNEWS 1.41 In article <1993Apr23.194834.24072@synapse.bms.com>, hambidge@bms.com writes... >mst4298@rigel.tamu.edu (Mitchell S Todd) writes:"
329,zero_shot_full_context,7,rec.autos,7,rec.autos,7,From: rjwade@rainbow.ecn.purdue.edu (Robert J. Wade) Subject: Re: Thoughts on the VW Corrado VR6 Keywords: VW Corrado Organization: Purdue University Engineering Computer Network Lines: 18 In article <1993Apr22.052857.9758@galileo.cc.rochester.edu> jg003b@uhura.cc.rochester.edu (Outatime) writes: > > I was curious as to what people thought of the V
330,zero_shot_full_context,4,comp.sys.mac.hardware,4,comp.sys.mac.hardware,4,"From: rhn@netcom.com (Ron Nicholson) Subject: Re: Can Mac Superdrives read Unix disks? Organization: Netcom - Online Communication Services (408 241-9760 guest) Lines: 8 There are several programs on sumex that allow Macs with superdrives to read and write unix tar diskettes. --- -- --- Ronald H. Nicholson, Jr. rhn@netcom.com, rhn@sigm.com, N6YWU, "
331,zero_shot_full_context,5,comp.windows.x,13,sci.med,13,"From: steve@ecf.toronto.edu (Steve Kotsopoulos) Subject: X on Intel-based Unix Frequently Asked Questions [FAQ] Summary: X options for Intel-based Unix (SYSV/386, 386BSD, Linux, Mach) Reply-To: steve@ecf.toronto.edu Organization: University of Toronto, Engineering Computing Facility Expires: Tue, 1 Jun 1993 04:00:00 GMT Lines: 530 Archive-name: Int"
332,zero_shot_full_context,15,soc.religion.christian,15,soc.religion.christian,15,"From: dps@nasa.kodak.com (Dan Schaertel,,,) Subject: Re: Homosexuality issues in Christianity Reply-To: dps@nasa.kodak.com Organization: Eastman Kodak Company Lines: 30 In article 15441@geneva.rutgers.edu, loisc@microsoft.com (Lois Christiansen) writes: |>You might visit some congregations of Christians, who happen to be homosexuals, |>that are spi"
333,zero_shot_full_context,5,comp.windows.x,2,comp.os.ms-windows.misc,2,"From: pjs@euclid.JPL.NASA.GOV (Peter J. Scott) Subject: Re: XV 3.00 has escaped! Reply-To: pjs@euclid.jpl.nasa.gov Organization: Jet Propulsion Laboratory, NASA/Caltech Lines: 10 NNTP-Posting-Host: euclid.jpl.nasa.gov I've found that I have to add the ""-8"" option for displaying JPEGs with the new version. For some reason, if I don't, it goes into 2"
334,zero_shot_full_context,3,comp.sys.ibm.pc.hardware,2,comp.os.ms-windows.misc,2,"From: lance@hartmann.austin.ibm.com (Lance Hartmann) Subject: Re: Diamond Products Boycot? Reply-To: lance%hartmann.austin.ibm.com@ibmpa.awdpa.ibm.com Organization: IBM, Austin Lines: 26 In article <1993Apr23.070117.22214@monu6.cc.monash.edu.au> ins413j@mdw056.cc.monash.edu.au (Markfried Fellensiek) writes: > >Diamond Video cards (stealth, viper, s"
335,zero_shot_full_context,17,talk.politics.mideast,16,talk.politics.guns,16,"Reply-To: dcs@witsend.tnet.com From: ""D. C. Sessions"" <dcs@witsend.tnet.com> Organization: Nobody but me -- really X-Newsposter: TMail version 1.20R Subject: Re: Question about last thoughts of Israeli pilots when they kill. Distribution: world Lines: 16 In <1sk2d4$12j6@hal.gnu.ai.mit.edu>, steel@hal.gnu.ai.mit.edu (Nick Steel) wrote: # # Q: When a"
336,zero_shot_full_context,3,comp.sys.ibm.pc.hardware,3,comp.sys.ibm.pc.hardware,3,"From: Mark_Tomlinson@equinox.gen.nz (Mark) Subject: COM ports 5-8. Summary: Keywords: X-Newsreader: TIN [version 1.1 PL9] Organization: Equinox Networks Lines: 8 Does anyone know what the standard port addresses are for COM ports 5 through 8? (If there is a standard of any sort!) Please e-mail, as I don't read this group very often. - Mark Tomlinso"
337,zero_shot_full_context,1,comp.graphics,4,comp.sys.mac.hardware,4,"From: lilley@v5.cgu.mcc.ac.uk (Chris Lilley) Subject: Re: HELP: Need 24 bits viewer Keywords: 24 bit Lines: 24 Reply-To: C.C.Lilley@mcc.ac.uk Organization: Computer Graphics Unit, MCC In article <5713@seti.inria.fr>, deniaud@cartoon.inria.fr (Gilles Deniaud) writes: >I'm looking for a program which is able to display 24 bits >images. We are using a"
338,zero_shot_full_context,11,sci.crypt,14,sci.space,14,"From: olson@umbc.edu (Bryan Olson; CMSC (G)) Subject: Advanced one time pad (was: Re: more one time pad stuff) Organization: University of Maryland, Baltimore County Campus Lines: 35 Distribution: world NNTP-Posting-Host: elang05.acslab.umbc.edu O.K.- if you've read this group for a while, you know all about the one-time-pad, but here's a question "
339,zero_shot_full_context,17,talk.politics.mideast,16,talk.politics.guns,16,"From: eggertj@moses.atc.ll.mit.edu (Jim Eggert x6127 g41) Subject: Re: Israel's Expansion II In-Reply-To: jake@bony1.bony.com's message of Tue, 27 Apr 1993 20:48:23 GMT Lines: 34 Reply-To: eggertj@atc.ll.mit.edu Organization: MIT Lincoln Lab - Group 41 <C65tso.4zA@bony1.bony.com> In article <C65tso.4zA@bony1.bony.com> jake@bony1.bony.com (Jake Livn"
340,zero_shot_full_context,14,sci.space,14,sci.space,14,"From: mrowley@pebbles.es.com (Michael Rowley) Subject: Re: Command Loss Timer (Re: Galileo Update - 04/22/93) Keywords: Galileo, JPL Nntp-Posting-Host: 130.187.85.70 Organization: Design Systems Division, Evans & Sutherland, SLC, UT Lines: 27 In article <1993Apr26.193924.1189@bnr.ca> jcobban@bnr.ca (Jim Cobban) writes: >Having read in the past abou"
341,zero_shot_full_context,3,comp.sys.ibm.pc.hardware,4,comp.sys.mac.hardware,4,"From: EEY9JJT@MVS.OAC.UCLA.EDU (John Talbert) Subject: HP LaserJet FAX - opinions needed Nntp-Posting-Host: mvs.oac.ucla.edu Lines: 5 Has anyone tried this HP LaserJet FAX. It receives faxes and prints them on your HP III. Also, from your word processor, you can print straight to the fax. Has anyone had any problems? fonts not working?"
342,zero_shot_full_context,19,talk.religion.misc,15,soc.religion.christian,15,"From: sandvik@newton.apple.com (Kent Sandvik) Subject: Re: [rw] Is Robert Weiss the only orthodox Christian? Organization: Cookamunga Tourist Bureau Lines: 20 In article <1993Apr23.170101.19708@organpipe.uug.arizona.edu>, brian@lpl.arizona.edu (Brian Ceccarelli 602/621-9615) wrote: > No. I also understand it. I have read the Bible from cover to cov"
343,zero_shot_full_context,8,rec.motorcycles,7,rec.autos,7,"From: kharma@csuohio.edu (Carl J. Santora) Subject: BMW /2 frame set-up for sale... Organization: Cleveland State University X-Newsreader: Tin 1.1 PL5 Lines: 26 FOR SALE OR TRADE!!! BMW R60US frame and misc.,converted to Earles fork. The package includes: Frame, swingarm and Earles fork Final drive(27/8) Rear fender, front fender, large tank Steel "
344,zero_shot_full_context,5,comp.windows.x,14,sci.space,14,"From: meunier@inf.enst.fr (Sylvain Meunier) Subject: Re: XV 3.00 has escaped! Reply-To: meunier@inf.enst.fr Organization: Telecom Paris (ENST), France Lines: 16 In article <BGLENDEN.93Apr29182711@colobus.cv.nrao.edu>, bglenden@colobus.cv.nrao.edu (Brian Glendenning) writes: |> |> Alas, we too will have to stop using it. |> |> Brian We where followi"
345,zero_shot_full_context,16,talk.politics.guns,16,talk.politics.guns,16,"From: jmd@cube.handheld.com (Jim De Arras) Subject: Re: ATF BURNS DIVIDIAN RANCH! NO SURVIVORS!!! Organization: Hand Held Products, Inc. Lines: 38 Distribution: world NNTP-Posting-Host: dale.handheld.com In article <94102@hydra.gatech.EDU> gt5311b@prism.gatech.EDU (BHATTACHARYA,ABHIJIT) writes: > In article <1r4ef7$408@transfer.stratus.com> cdt@sw."
346,zero_shot_full_context,3,comp.sys.ibm.pc.hardware,3,comp.sys.ibm.pc.hardware,3,"From: chris.crayton@ozonehole.com (Chris Crayton) Subject: Netware server 286a and s Distribution: world Organization: Ozone Online Operations, Inc. - New Orleans, LA Reply-To: chris.crayton@ozonehole.com (Chris Crayton) Lines: 58 *** On 04-19-93 03:53, Wayne Mcdougall had the unmitigated gall to say this: WM> The software is Netware 286 Level II a"
347,zero_shot_full_context,19,talk.religion.misc,15,soc.religion.christian,15,"From: dlecoint@garnet.acns.fsu.edu (Darius_Lecointe) Subject: Re: What RIGHT ? Organization: Florida State University Lines: 31 joakimr@ifi.uio.no (Joakim Ruud) writes: > > Recently, I've asked myself a rather interesting question: What RIGHT does > god have on our lives (always assuming there is a god, of course...!) ?? > > In his infinite wisdom,"
348,zero_shot_full_context,15,soc.religion.christian,15,soc.religion.christian,15,"From: PETCH@gvg47.gvg.tek.com (Chuck) Subject: Daily Verse--King James. Compare this with previous version from NIV. Lines: 4 But whoso hearkeneth unto me shall dwell safely, and shall be quiet from fear of evil. Proverbs 1:33"
349,zero_shot_full_context,9,rec.sport.baseball,9,rec.sport.baseball,9,"From: steph@pegasus.cs.uiuc.edu (Dale Stephenson) Subject: Re: Neon Deon Sanders (Braves & Giants) Organization: University of Illinois, Dept. of Comp. Sci., Urbana, IL Lines: 22 In <1r28f6$79f@zippy.telcom.arizona.edu> r4938585@joplin.biosci.arizona.edu (Doug Roberts) writes: [...] > Does anyone else out there not like Deon? I think he's all hype."
350,zero_shot_full_context,1,comp.graphics,4,comp.sys.mac.hardware,4,"From: matess@gsusgi1.gsu.edu (Eliza Strickler) Subject: I donwloaded a .bin file from a unix machine - now what? Organization: Georgia State University Lines: 17 I just donwloaded a *.bin file from a unix machine which is supposed to be converted to a MAC format. Does anyone know what I need to do to this file to get it into any Dos, Mac or Unix re"
351,zero_shot_full_context,4,comp.sys.mac.hardware,14,sci.space,14,"From: clavazzi@nyx.cs.du.edu (The_Doge) Subject: Re: Educational Pricing X-Disclaimer: Nyx is a public access Unix system run by the University of Denver for the Denver community. The University has neither control over nor responsibility for the opinions of users. Organization: Nyx, Public Access Unix at U. of Denver Math/CS dept. Distribution: us"
352,zero_shot_full_context,14,sci.space,18,talk.politics.misc,18,"From: u1452@penelope.sdsc.edu (Jeff Bytof - SIO) Subject: Political banner in space Organization: San Diego Supercomputer Center @ UCSD Lines: 8 Distribution: world NNTP-Posting-Host: penelope.sdsc.edu I propose that PepsiCo, Mcdonalds and other companies could put into orbit banners that have timely political messages, such as, ""Stop the slaughter"
353,zero_shot_full_context,16,talk.politics.guns,16,talk.politics.guns,16,"From: tip@lead.tmc.edu (Tom Perigrin) Subject: Slick Rushie tries to have it both ways, again Organization: University of Arizona UNIX Users Group Lines: 19 Today Rush was criticizing Clinton for not claiming responsibility for the actions and decisions of Janet Reno and the FBI early enough to suit Rush. About 2 months ago Rush was chortling over "
354,zero_shot_full_context,1,comp.graphics,14,sci.space,14,"From: roy@mchip00.med.nyu.edu (Roy Smith) Subject: Re: Why does Illustrator AutoTrace so poorly? Organization: New York University, School of Medicine Lines: 47 NNTP-Posting-Host: mchip00.med.nyu.edu mac@utkvx.bitnet (Richard J. McDougald) writes: > Since there's no (not really) such thing as a decent raster to vector > conversion program, this ""tr"
355,zero_shot_full_context,5,comp.windows.x,4,comp.sys.mac.hardware,4,From: sgreene@nimbus.com (Spencer Greene) Subject: How can I change sun/cgthree fb writes to dword? Organization: Nimbus Technology Inc. (formerly C2 Technology) Distribution: comp Lines: 14 Hello Xperts out there. I've just built X11R5 for SunOS 4.1.1/SPARC. I have gcc-2.2 and I'd like to use its 64-bit capability to generate an X11 release which 
356,zero_shot_full_context,17,talk.politics.mideast,18,talk.politics.misc,18,"From: ab4z@Virginia.EDU (""Andi Beyer"") Subject: Re: Israel's Expansion II Organization: University of Virginia Lines: 12 It is all so changed by now. but in case any of you is interested in what I actually said, I never compared the Israeli treatment of the palestinians with the Holocaust. Anyway that is the truth if it matters. I was about to forg"
357,zero_shot_full_context,17,talk.politics.mideast,16,talk.politics.guns,16,"From: enis@cbnewsg.cb.att.com (enis.surensoy) Subject: Re: Europe vs. Muslim Bosnians Organization: AT&T Lines: 39 From article <1993May12.111030@IASTATE.EDU>, by jakhan@IASTATE.EDU (Javed Ahmed Khan): >> >> Actually, this strife in Yugoslavia goes back a long way. Bosinan Muslims, > ^^^^^^^^^^^^^^^ >> in collaboration with the Nazis, did to Serbia"
358,zero_shot_full_context,13,sci.med,13,sci.med,13,From: kxgst1+@pitt.edu (Kenneth Gilbert) Subject: Re: Persistent vs Chronic Organization: University of Pittsburgh Lines: 29 In article <10600@blue.cis.pitt.edu> doyle+@pitt.edu (Howard R Doyle) writes: :Chronic persistent hepatitis is usually diagnosed when someone does a liver :biopsy on a patient that has persistently elevated serum transaminase
359,zero_shot_full_context,11,sci.crypt,11,sci.crypt,11,"From: hamrick@convex.com (Ed Hamrick) Subject: Re: PD code for crypt(1) like encryption Nntp-Posting-Host: convex1.convex.com Organization: CONVEX Computer Corporation, Richardson, Tx., USA Distribution: usa X-Disclaimer: This message was written by a user at CONVEX Computer Corp. The opinions expressed are those of the user and not necessarily tho"
360,zero_shot_full_context,4,comp.sys.mac.hardware,14,sci.space,14,"From: cassidy@elan.rowan.edu (Kyle Cassidy) Subject: Re: Monitors - but when i'm not using it, i'm using it! Lines: 18 Nntp-Posting-Host: bizlab3.rowan.edu Organization: Rowan College of New Jersey In article <C5x1x4.8vp@usenet.ucs.indiana.edu> cliu@silver.ucs.indiana.edu (chang hsu liu) writes: >> >> The U.S. Environmental Protection Agency has fo"
361,zero_shot_full_context,3,comp.sys.ibm.pc.hardware,3,comp.sys.ibm.pc.hardware,3,"From: glang@slee01.srl.ford.com (Gordon Lang) Subject: Re: Laplink serial & parallel cables Organization: Ford Motor Company Research Laboratory Lines: 24 Distribution: world NNTP-Posting-Host: slee01.srl.ford.com X-Newsreader: Tin 1.1 PL5 Serial cables: There are only three output signals: TD, DTR, and RTS. There are five inputs signals: RD, DSR, "
362,zero_shot_full_context,7,rec.autos,7,rec.autos,7,"From: george.howell%goucher@wb3ffv.ampr.org (George Howell) Subject: RE: IMPALA SS GOING INTO Distribution: world Organization: Goucher College, Towson, MD Reply-To: george.howell%goucher@wb3ffv.ampr.org (George Howell) Lines: 23 GM has always screwed the rest of the divisions in favor of the Corvette. The current platform is no exception. The ""det"
363,zero_shot_full_context,1,comp.graphics,2,comp.os.ms-windows.misc,2,"From: wpwood@darkwing.austin.ibm.com Subject: Re: HPGL viewer and utilities In-Reply-To: ""Gaetan Lord, Ecole Polytechnique de Montreal""'s message of Wed, 28 Apr 1993 03:11:06 GMT Reply-To: wpwood@austin.ibm.com (Bill Woodward) Organization: The Institute of Knowledge on Jinx Lines: 20 In article <27APR93.23959946.0053@music.mus.polymtl.ca> ""Gaetan "
364,zero_shot_full_context,6,misc.forsale,6,misc.forsale,6,"From: belvilad@dunx1.ocs.drexel.edu (A. Belville) Subject: Re: waterbed for sale Organization: Drexel University, Philadelphia Lines: 12 In article <1993Apr25.135853.5725@magnus.acs.ohio-state.edu> kwmiller@magnus.acs.ohio-state.edu (Kenneth W Miller) writes: >Ken Again, tell us about it Ken! -=- Andy -=- ___________________________________________"
365,zero_shot_full_context,4,comp.sys.mac.hardware,14,sci.space,14,"From: kwun@css.itd.umich.edu (Michael Kwun) Subject: Re: Duo price reduction? Organization: University of Michigan - ITD Consulting and Support Lines: 26 NNTP-Posting-Host: stimpy.css.itd.umich.edu X-Newsreader: TIN [version 1.1 PL8] Joel Siegel (jdsiegel@garnet.berkeley.edu) wrote: : Yes, Duo prices have dropped. I don't have the MSRP reductions, "
366,zero_shot_full_context,17,talk.politics.mideast,15,soc.religion.christian,15,"From: eshneken@ux4.cso.uiuc.edu (Edward A Shnekendorf) Subject: Re: Israel: An Apartheid state. Organization: University of Illinois at Urbana Lines: 32 Center for Policy Research <cpr@igc.apc.org> writes: >2. Sabri Jiryis: The Arabs in Israel, Monthly Review Press, >New York, 1976 >3. Ed. A.W. Kayyali: Zionism, Imperialism and Racism, Croom >Helm,"
367,zero_shot_full_context,3,comp.sys.ibm.pc.hardware,13,sci.med,13,"From: ins413j@mdw056.cc.monash.edu.au (Markfried Fellensiek) Subject: Re: Which high-performance VLB video card? Organization: Monash University X-Newsreader: TIN [version 1.1 PL6] Lines: 14 2-The-Max VESA VL video controller/ Cirus Logic chipset (2Mb ram, 24-bit color, 1280x1024 NI) Does XFree1.2 (or 2.0) support this card? Markfried (please post&"
368,zero_shot_full_context,11,sci.crypt,11,sci.crypt,11,"From: jim@rand.org (Jim Gillogly) Subject: Re: New Encryption Algorithm Organization: Banzai Institute Lines: 42 Nntp-Posting-Host: mycroft.rand.org In article <C61rDq.5v5@chinet.chi.il.us> schneier@chinet.chi.il.us (Bruce Schneier) writes: >In article <1raeir$be1@access.digex.net> steve-b@access.digex.com (Steve Brinich) writes: >> Ah, but develop"
369,zero_shot_full_context,2,comp.os.ms-windows.misc,18,talk.politics.misc,18,"From: paladin@world.std.com (Thomas G Schlatter) Subject: Newsgroup archive Organization: The World Public Access UNIX, Brookline, MA Lines: 7 Is this newsgroup archived anywhere beyond the normal expiration dates, say for the last 6 months or more? Thanks, Tom paladin@world.std.com"
370,zero_shot_full_context,15,soc.religion.christian,15,soc.religion.christian,15,From: gt7122b@prism.gatech.edu (Randal Lee Nicholas Mandock) Subject: On Capital Punishment Organization: Georgia Institute of Technology Lines: 51 In article <May.11.02.37.49.1993.28198@athos.rutgers.edu> mmh@dcs.qmw.ac.uk (Matthew Huntbach) writes: >I would say only to the extent that the Roman Catholic Church >neither approves nor disapproves of
371,zero_shot_full_context,18,talk.politics.misc,18,talk.politics.misc,18,"From: Clinton-HQ@Campaign92.Org (The White House) Subject: CLINTON: Fact Sheet on Russian Statement 4.23.93 Organization: MIT Artificial Intelligence Lab Lines: 167 NNTP-Posting-Host: life.ai.mit.edu The White House Office of the Press Secretary --------------------------------------------------------------- For Immediate Release April 23, 1993 Bac"
372,zero_shot_full_context,0,alt.atheism,18,talk.politics.misc,18,"From: mccullou@snake10.cs.wisc.edu (Mark McCullough) Subject: Re: Gulf War (was Re: Death Penalty was Re: Political Atheists?) Organization: University of Wisconsin, Madison -- Computer Sciences Dept. Lines: 46 In article <930421.120012.2o5.rusnews.w165w@mantis.co.uk> mathew <mathew@mantis.co.uk> writes: >mccullou@snake2.cs.wisc.edu (Mark McCulloug"
373,zero_shot_full_context,17,talk.politics.mideast,18,talk.politics.misc,18,"From: steven@surya.cs.ucla.edu (Steven Berson) Subject: Re: Freedom In U.S.A. Nntp-Posting-Host: surya.cs.ucla.edu Organization: UCLA, Computer Science Department Lines: 15 hm@cs.brown.edu (Harry Mamaysky) writes: [ ... Mr. Mamaysky's proposal to forbid ""any action which serves to promote a morally incorrect action"" omitted for brevity ...] I prefe"
374,zero_shot_full_context,15,soc.religion.christian,15,soc.religion.christian,15,"From: revdak@netcom.com (D. Andrew Kille) Subject: Re: Is this ethical? Organization: NETCOM On-line Communication Services (408 241-9760 guest) Lines: 19 Just a quick comment. As a baptist clergyperson, I find the idea of such a ""baptism"" (if the news report is in fact accurate, and they seldom are regarding religion) offensive. The pastor here se"
375,zero_shot_full_context,15,soc.religion.christian,15,soc.religion.christian,15,From: noye@midway.uchicago.edu (vera shanti noyes) Subject: Re: Serbian genocide Work of God? Reply-To: noye@midway.uchicago.edu Organization: University of Chicago Lines: 114 In article <May.10.05.08.05.1993.3614@athos.rutgers.edu> db7n+@andrew.cmu.edu (D. Andrew Byler) writes: [does he believe in predestination] >Of course I believe in Predestina
376,zero_shot_full_context,4,comp.sys.mac.hardware,14,sci.space,14,From: jmilhoan@magnus.acs.ohio-state.edu (JT) Subject: Re: Duo price reduction? Nntp-Posting-Host: bottom.magnus.acs.ohio-state.edu Organization: The Ohio State University Lines: 16 In article <1r1a5vINNt3d@senator-bedfellow.MIT.EDU> cam@athena.mit.edu (Daniel Cameron Daly) writes: >Someone mentioned a while ago that the Duos were scheduled for a >
377,zero_shot_full_context,17,talk.politics.mideast,14,sci.space,14,"From: dbd@urartu.sdpa.org (David Davidian) Subject: Five Russian soldiers sentenced to death in Azerbaijan Organization: S.D.P.A. Center for Regional Studies Lines: 53 May 13, 1993 _Five Russian soldiers sentenced to death in Azerbaijan_ MOSCOW (UPI) -- Five soldiers who served in Russia's 7th army stationed in Armenia were sentenced to death in th"
378,zero_shot_full_context,19,talk.religion.misc,15,soc.religion.christian,15,"From: bevan@cs.man.ac.uk (Stephen J Bevan) Subject: Re: [rw] Is Robert Weiss the only orthodox Christian? <1993Apr23.170101.19708@organpipe.uug.arizona.edu> Organization: Department of Computer Science, University of Manchester Lines: 9 In-reply-to: brian@lpl.arizona.edu's message of 23 Apr 93 17:01:01 GMT In article <1993Apr23.170101.19708@organpi"
379,zero_shot_full_context,14,sci.space,14,sci.space,14,"From: vis@world.std.com (Tom R Courtney) Subject: Re: Space Marketing would be wonderfull. Organization: The World Public Access UNIX, Brookline, MA Lines: 17 In some sense, I think that the folks who think the idea is wonderful, and the folks who want to boycott anyone who has anything to do with this project are both right. That is, I think that "
380,zero_shot_full_context,14,sci.space,14,sci.space,14,"From: khayash@hsc.usc.edu (Ken Hayashida) Subject: Re: Long Term Space Voyanges and Effect NEwsgroup? Organization: University of Southern California, Los Angeles, CA Lines: 40 NNTP-Posting-Host: hsc.usc.edu tstroup@force.ssd.lmsc.lockheed.com writes in response to my original post: >First you need to do the literature search. There is a lot of inf"
381,zero_shot_full_context,8,rec.motorcycles,17,talk.politics.mideast,17,"From: cdw2t@dayhoff.med.Virginia.EDU (Dances With Federal Rangers) Subject: Re: IT AIN'T FOR ME! Organization: University of Virginia Lines: 20 In article <speedy.156@engr.latech.edu> speedy@engr.latech.edu (Speedy Mercer) writes: >I am confused (like THAT'S a surprise!), someone asked ME for a copy of the >FAQ via E-Mail. As I am not the KotFAQ, I"
382,zero_shot_full_context,4,comp.sys.mac.hardware,4,comp.sys.mac.hardware,4,"From: nyp00@cd.amdahl.com (Nicholas Y. Pang) Subject: Re: SVGA Monitors and Centris (the real story) Distribution: usa Organization: Amdahl Corporation, Sunnyvale CA Lines: 28 In article <ofpiuYK00WC=A3AW9g@andrew.cmu.edu>, am2o+@andrew.cmu.edu (Alexander Samuel McDiarmid) writes: |> having been discusse essentially adnausium the answer is yes. |> "
383,zero_shot_full_context,16,talk.politics.guns,16,talk.politics.guns,16,"From: cdt@sw.stratus.com (C. D. Tavares) Subject: Re: Street stories Organization: Stratus Computer, Inc. Lines: 30 Distribution: world NNTP-Posting-Host: rocket.sw.stratus.com In article <1993Apr23.050442.149681@zeus.calpoly.edu>, sparker@tuba.calpoly.edu (Sean Lawrence Parker) writes: > > I just caught the last bit of the street stories segment o"
384,zero_shot_full_context,14,sci.space,14,sci.space,14,"From: nsmca@aurora.alaska.edu Subject: Long Term Space Voyanges and Effect NEwsgroup? Lines: 12 Nntp-Posting-Host: acad3.alaska.edu Organization: University of Alaska Fairbanks I know that alot of how people think and act in a long distance space project would be much like old tiem explorers, sailors, hunters and such who spent alot of time alone, "
385,zero_shot_full_context,7,rec.autos,17,talk.politics.mideast,17,"From: al@qiclab.scn.rain.com (Alan Peterman) Subject: Re: Auto air conditioning without Freon Article-I.D.: qiclab.1993Apr24.211155.28719 Distribution: usa Organization: SCN Research/Qic Laboratories of Tigard, Oregon. Lines: 21 In article <1993Apr22.195519.11104@convex.com> tobias@convex.com (Allen Tobias) writes: > >Better still, years ago they d"
386,zero_shot_full_context,5,comp.windows.x,14,sci.space,14,"From: lee@sq.sq.com (Liam R. E. Quin) Subject: List of programs with OPEN LOOK User Interface Organization: SoftQuad Inc., Toronto, Canada Expires: 2 Jun 1993 04:00:04 GMT Lines: 576 $Id: open-look-programs.faq,v 1.17 93/03/21 17:17:55 lee Exp Locker: lee $ Contents: Subject: Applications: Application Builders Subject: Applications: Graphing Tools "
387,zero_shot_full_context,14,sci.space,13,sci.med,13,"From: prb@access.digex.com (Pat) Subject: Re: Gamma Ray Bursters. WHere are they. Organization: Express Access Online Communications USA Lines: 36 NNTP-Posting-Host: access.digex.net Well, I seem to have struck an interesting discussion off. Given that I am not an astrophysicist or nuclear physicist, i'll have to boil it down a bit. 1) ALl the data"
388,zero_shot_full_context,6,misc.forsale,6,misc.forsale,6,"From: michaelq@tlaloc.sw.stratus.com (Michael Quicquaro) Subject: FOR SALE: 1990 Pontiac Grand Prix SE Organization: Stratus Computer, Software Engineering Lines: 48 Distribution: usa NNTP-Posting-Host: tlaloc.sw.stratus.com FOR SALE: 1990 Pontiac Grand Prix SE 2-Door Coupe, White, White rims, Gray interior. 58K miles (mostly highway), 3.1 Litre V6"
389,zero_shot_full_context,15,soc.religion.christian,15,soc.religion.christian,15,From: dlhanson@amoco.com (David L. Hanson) Subject: Re: SJ Mercury's reference to Fundamentalist Christian parents Organization: These are my opinions. Lines: 66 In article <May.14.02.10.09.1993.25137@athos.rutgers.edu> David.Bernard@central.sun.com (Dave Bernard) writes: >From: David.Bernard@central.sun.com (Dave Bernard) >Subject: Re: SJ Mercury'
390,zero_shot_full_context,17,talk.politics.mideast,16,talk.politics.guns,16,"Reply-To: dcs@witsend.tnet.com From: ""D. C. Sessions"" <dcs@witsend.tnet.com> Organization: Nobody but me -- really X-Newsposter: TMail version 1.20R Subject: Re: Final Solution for Gaza ? Distribution: world Lines: 78 In <1483500354@igc.apc.org>, cpr@igc.apc.org (Center for Political Reflux) wrote: [pseudo-letterhead deleted -- dcs] # While Israeli"
391,zero_shot_full_context,16,talk.politics.guns,16,talk.politics.guns,16,"From: andy@SAIL.Stanford.EDU (Andy Freeman) Subject: Re: Gun Talk -- State legislative update Keywords: Gun Talk Organization: Computer Science Department, Stanford University. Distribution: usa Lines: 17 In article <lairdb.735523285@crash.cts.com> lairdb@crash.cts.com (Laird P. Broadfield) writes: >In <C5sGG3.Bnv@cbnews.cb.att.com> lvc@cbnews.cb.a"
392,zero_shot_full_context,4,comp.sys.mac.hardware,5,comp.windows.x,5,"From: cf947@cleveland.Freenet.Edu (Chun-Hung Wan) Subject: Price drops Organization: Case Western Reserve University, Cleveland, OH (USA) Lines: 8 Reply-To: cf947@cleveland.Freenet.Edu (Chun-Hung Wan) NNTP-Posting-Host: hela.ins.cwru.edu I heard that there will be an Apple price drop coming June 30th. Can anyone second this rumour? -- A motion pict"
393,zero_shot_full_context,7,rec.autos,7,rec.autos,7,"From: cka52397@uxa.cso.uiuc.edu (OrioleFan@uiuc) Subject: Re: what is the deal with ""blue-book"" value of an auto? Organization: University of Illinois at Urbana Lines: 38 newton@convex.com (Vicki Newton) writes: >i am in the process of buying a new auto. i haven't decided yet whether >i should sell my current car myself or trade it in as part of th"
394,zero_shot_full_context,5,comp.windows.x,2,comp.os.ms-windows.misc,2,"From: hannguye@nosc.mil (Han N. Nguyen) Subject: Action Translation Table implementation Organization: Naval Ocean Systems Center, San Diego, CA Distribution: usa Lines: 51 Hello, Our application requires us to capture keypad presses for all windows in a number of applications. We are trying to use action translation tables to implement this. We ha"
395,zero_shot_full_context,9,rec.sport.baseball,9,rec.sport.baseball,9,"From: lbr@holos0.uucp (Len Reed) Subject: Re: Rule Book Trivia 2 Organization: Holos Software, Inc. Lines: 45 In article <93109.145942IO20456@MAINE.MAINE.EDU> Ryan Robbins <IO20456@MAINE.MAINE.EDU> writes: >Rule 7.09(k) states: ""It is interference by a batter or runner when - >in running the last half of the distance from home base to first base >."
396,zero_shot_full_context,12,sci.electronics,13,sci.med,13,"From: swanee@megadata.mega.oz.au (Geoff Swan) Subject: Re: Why circuit boards are green? Organization: Megadata P/L, North Ryde, Sydney, Aust. Lines: 35 In article <1993Apr23.102039.1720@mala.bc.ca>, wagner@mala.bc.ca (TOM WAGNER, Wizzard of old Audio/Visual Equipment........Nanaimo Campus) writes: > > The color of the board shows the composition o"
397,zero_shot_full_context,17,talk.politics.mideast,16,talk.politics.guns,16,"From: dzk@cs.brown.edu (Danny Keren) Subject: Re: Israel's Expansion II Organization: Brown University Department of Computer Science Lines: 17 NNTP-Posting-Host: cslab6e.cs.brown.edu Can someone elaborate a little on what this ""Libertarian"" movement is? I am not going to draw conclusions from a small sample, but so far I recall two self-described "
398,zero_shot_full_context,2,comp.os.ms-windows.misc,4,comp.sys.mac.hardware,4,From: grier@bnr.ca (Brian Grier) Subject: Re: Challenge to Microsoft supporters. Nntp-Posting-Host: 131.253.206.80 Organization: Bell Northern Research Lines: 67 Since I started this twist of this thread... kdb@teer13.acpub.duke.edu (Kurt Bollacker) writes: >: |> I believe that enough is inferior to make it overall as a product >: |> inferior to it
399,zero_shot_full_context,5,comp.windows.x,14,sci.space,14,"From: rainer@sun3.eeam.elin.co.at (Rainer Hochreiter) Subject: GC Plane mask Organization: ELIN Energeanwendung Ges.m.b.H Lines: 14 NNTP-Posting-Host: sun3.eeam.elin.co.at X-Newsreader: TIN [version 1.1 PL9] Hi Xperts! Where can I get a good example in which XGCValues.plane_mask is used, or who can explain how is it for and how to use it. Any hints"
400,zero_shot_full_context,9,rec.sport.baseball,9,rec.sport.baseball,9,From: mss@netcom.com (Mark Singer) Subject: Re: The *real* way to speed up ballgames... Organization: Netcom Online Communications Services (408-241-9760 login: guest) Lines: 32 In article <TOM.93Apr20125808@amber.ssd.csd.harris.com> tom@ssd.csd.harris.com (Tom Horsley) writes: >The *real* way to speed up ballgames is for each home park owner to of
401,zero_shot_full_context,2,comp.os.ms-windows.misc,3,comp.sys.ibm.pc.hardware,3,From: kepley@photon.phys.unca.edu (Brad Kepley) Subject: Re: head-to-head win and os/2 Organization: University of North Carolina at Asheville Lines: 22 NNTP-Posting-Host: photon.phys.unca.edu In article <1993May17.165456.12652@mtu.edu> msbendts@mtu.edu (MICHAEL SCOTT BENDTSEN) writes: >I'm waiting for June first to roll around when I can then get 
402,zero_shot_full_context,8,rec.motorcycles,7,rec.autos,7,"From: infante@acpub.duke.edu (Andrew Infante) Subject: Re: Shaft-drives and Wheelies Organization: Duke University; Durham, N.C. Lines: 24 Nntp-Posting-Host: north1.acpub.duke.edu In article <Stafford-210493125617@stafford.winona.msus.edu> Stafford@Vax2.Winona.MSUS.Edu (John Stafford) writes: >In article <wrs.4180@wslack.UUCP>, wrs@wslack.UUCP (Bil"
403,zero_shot_full_context,6,misc.forsale,6,misc.forsale,6,"Organization: University of Maine System From: Erik Sette <IO00139@MAINE.MAINE.EDU> Subject: 486 SLC notebook deal Lines: 21 I have forsale a 486 25 slc notebook very small INCLUDES THE FOLLOWING: CYRIX 486 25MHZ PROC. ( FAST ) MIDWEST MICRO ELITE SERIES 60 MEG HARD DRIVE (120 W/ STACKER) 1 3.5INCH DRIVE 1 SERIAL, 1 PARALLEL 2 MEGS OF RAM ( UPGRADA"
404,zero_shot_full_context,4,comp.sys.mac.hardware,14,sci.space,14,From: ejhupper@rs6000.cmp.ilstu.edu (Eric Huppertz) Subject: Re: What's that chime? Distribution: usa Organization: Illinois State University Lines: 17 In article <1r9dcm$nac@fnnews.fnal.gov> b91926@fnclub.fnal.gov (David Sachs) writes: > >Those chimes indicate a hardware failure of some type during System startup. > >One thing that can cause the c
405,zero_shot_full_context,10,rec.sport.hockey,9,rec.sport.baseball,9,"From: umturne4@ccu.umanitoba.ca (Daryl Turner) Subject: Jets/Canucks - Jets hold on, win 5-4 Nntp-Posting-Host: ccu.umanitoba.ca Organization: University of Manitoba, Winnipeg, Manitoba, Canada Lines: 19 Teemu Selanne had 3 goals, Keith Tkachuk had one, and Luciano Borsato scored a rare Jets shorthanded goal as the Jets held on to beat the Canucks "
406,zero_shot_full_context,19,talk.religion.misc,16,talk.politics.guns,16,Subject: Re: A Message for you Mr. President: How do you know what happened? From: medkeffjs@hirama.hiram.edu (Jeff Medkeff) Organization: Hiram College Nntp-Posting-Host: hirama.hiram.edu Lines: 43 > keng@den.mmc.com (Ken Garrido) writes: >> royc@rbdc.wsnc.org (Roy Crabtree) writes: >> >In article <keng.735334134@tunfaire> keng@den.mmc.com (Ken Ga
407,zero_shot_full_context,3,comp.sys.ibm.pc.hardware,14,sci.space,14,From: ITBIJV@puknet.puk.ac.za (Isak Venter) Subject: Bios passwords Lines: 13 Organization: PU vir CHO I hope that there's somebody out there that can help us. Some of our students change the AMI bios passwords on a few of our computers and set it for always. What we'd like to know is if there is a way to bypass or remove the password. We have trie
408,zero_shot_full_context,10,rec.sport.hockey,18,talk.politics.misc,18,"From: etxmarr@eos.ericsson.se (Marek Repinski) Subject: Re: Ettans nya indelning Nntp-Posting-Host: eos10c01.ericsson.se Reply-To: Marek.Repinski@eos.ericsson.se Organization: Ericsson Telecom AB Distribution: swnet Lines: 72 In article <1993Apr22.134632.23686@eua.ericsson.se>, euaaen@eua.ericsson.se (Anders Engwall) writes: (...) |> Om jag f|rst}t"
409,zero_shot_full_context,12,sci.electronics,12,sci.electronics,12,"From: schuster@panix.com (Michael Schuster) Subject: Re: Radio Electronics Free information card Organization: Panix Public Access Internet & Unix, NYC Lines: 14 In article <C5uLqG.I5@acsu.buffalo.edu> v064mb9k@ubvmsb.cc.buffalo.edu (NEIL B. GANDLER) writes: > > How does the radio Electronics free information cards work. >Do they just send you some"
410,zero_shot_full_context,5,comp.windows.x,3,comp.sys.ibm.pc.hardware,3,"From: schase@xodus.MITRE.org (Steven Chase) Subject: Re: UIMX - A Motif Application Generator In-Reply-To: ptm@xact.demon.co.uk's message of Tue, 11 May 1993 15:28:07 GMT Lines: 29 Nntp-Posting-Host: xodus.mitre.org Organization: MITRE Corp. McLean Va. Lines: 29 In article <1993May11.152807.21386@xact.demon.co.uk> ptm@xact.demon.co.uk (Paul Thomas "
411,zero_shot_full_context,7,rec.autos,7,rec.autos,7,"From: newton@convex.com (Vicki Newton) Subject: seeking recommendations for new car purchase Nntp-Posting-Host: concave.convex.com Organization: Engineering, CONVEX Computer Corp., Richardson, Tx., USA X-Disclaimer: This message was written by a user at CONVEX Computer Corp. The opinions expressed are those of the user and not necessarily those of "
412,zero_shot_full_context,17,talk.politics.mideast,16,talk.politics.guns,16,"From: aa824@cleveland.Freenet.Edu (Mark Ira Kaufman) Subject: Synagogues, Mosques, and Double Standards Organization: Case Western Reserve University, Cleveland, Ohio (USA) Lines: 64 NNTP-Posting-Host: slc5.ins.cwru.edu Bill Coleman writes... (responding to a discussion about a mosque in Jerusalem allegedly having been destroyed by Israel) BC> In t"
413,zero_shot_full_context,9,rec.sport.baseball,9,rec.sport.baseball,9,"From: scott@asd.com (Scott Barman) Subject: Re: Box score abbrev woes Organization: American Software Development Corp., West Babylon, NY Lines: 29 In article <1993Apr15.195452.14672@scott.skidmore.edu> jrogoff@scott.skidmore.edu (jay rogoff) writes: >Can anybody figure out why some box score abbreviations make >absolutely no sense? (At least in th"
414,zero_shot_full_context,0,alt.atheism,16,talk.politics.guns,16,"From: livesey@solntze.wpd.sgi.com (Jon Livesey) Subject: Re: ""Cruel"" (was Re: <Political Atheists?) Organization: sgi Lines: 30 Distribution: world NNTP-Posting-Host: solntze.wpd.sgi.com In article <1qnpe2INN8b0@gap.caltech.edu>, keith@cco.caltech.edu (Keith Allan Schneider) writes: |> livesey@solntze.wpd.sgi.com (Jon Livesey) writes: |> |> >>They "
415,zero_shot_full_context,14,sci.space,14,sci.space,14,"From: gene@jackatak.raider.net (Gene Wright) Subject: Will NASA's Mars Observer Image the Face on Mars? Organization: Jack's Amazing CockRoach Capitalist Ventures Lines: 12 All consipiracy theories aside, (they are watching though :-)), will NASA try to image the Cydonia region of Mars where the ""Face "" is? If they can image it with the High resolu"
416,zero_shot_full_context,2,comp.os.ms-windows.misc,5,comp.windows.x,5,From: Mike Tancsa <mdtancsa@watarts.uwaterloo.ca> Subject: Windows and ATI Ultra (mach8 chip)sizing question Content-Type: text/plain; charset=US-ASCII Originator: mdtancsa@watarts.uwaterloo.ca Content-Transfer-Encoding: 7bit Organization: University of Waterloo Mime-Version: 1.0 X-Mailer: ELM [version 2.4 PL21] Content-Length: 489 Lines: 15 I have
417,zero_shot_full_context,0,alt.atheism,16,talk.politics.guns,16,"From: livesey@solntze.wpd.sgi.com (Jon Livesey) Subject: Re: free moral agency Organization: sgi Lines: 19 Distribution: world NNTP-Posting-Host: solntze.wpd.sgi.com In article <16BB9DBA8.I3150101@dbstu1.rz.tu-bs.de>, I3150101@dbstu1.rz.tu-bs.de (Benedikt Rosenau) writes: |> In article <1r79j3$ak2@fido.asd.sgi.com> |> livesey@solntze.wpd.sgi.com (J"
418,zero_shot_full_context,1,comp.graphics,18,talk.politics.misc,18,"From: ""kwansik kim"" <kkim@cs.indiana.edu> Subject: Where is FAQ ? Organization: Indiana University Computer Science, Bloomington Distribution: usa Lines: 4 Where can I find it ? Thanks, Kwansik"
419,zero_shot_full_context,17,talk.politics.mideast,15,soc.religion.christian,15,"From: CVRKATZ@TECHNION.BITNET (Eran Katz) Subject: Re: Zionism is Racism Organization: TECHNION - Israel Institute of Technology. Lines: 1 Yes, I want to read such a article."
420,zero_shot_full_context,6,misc.forsale,6,misc.forsale,6,"From: bitzm@columbia.dsu.edu (MICHAEL BITZ) Subject: /\/\ All kinds of computer items for sale!!! /\/\ Lines: 27 Organization: Dakota State University Lines: 27 For Sale: ********* * (1) CGA card * Road & Track's Grand Prix (3.5"" disks) * DOS 4.01 * Packard Bell .39 dot pitch VGA color monitor * 256K 2-the-max VGA card Please make offers for the ab"
421,zero_shot_full_context,3,comp.sys.ibm.pc.hardware,5,comp.windows.x,5,"From: idler@cs.tu-berlin.de (Andreas Kuehnel) Subject: Windows Virtual Memory Organization: Technical University of Berlin, Germany Lines: 9 Distribution: world NNTP-Posting-Host: bohus.cs.tu-berlin.de Mime-Version: 1.0 Content-Type: text/plain; charset=iso-8859-1 Content-Transfer-Encoding: 8bit I've got a 386DX-40, 4MB and I'm using Windows 3.1. S"
422,zero_shot_full_context,13,sci.med,14,sci.space,14,"Organization: Arizona State University From: <ICBAL@ASUACAD.BITNET> Subject: Re: Depression Lines: 9 >I do believe that depression can have a dietary component. Depression can also have various chemical (environmental) components. I noticed that I became depressed in various buildings, and at home when the air conditioning was on. Subsequent testin"
423,zero_shot_full_context,5,comp.windows.x,18,talk.politics.misc,18,From: rpicas@porto.INescn.PT (Rui Picas) Subject: subscrive Organization: The Internet Lines: 3 NNTP-Posting-Host: enterpoop.mit.edu To: <xpert@export.lcs.mit.edu> please subscribe me. e-mail: rpicas@porto.inescn.pt
424,zero_shot_full_context,13,sci.med,13,sci.med,13,"From: barkdoll@lepomis.psych.upenn.edu (Edwin Barkdoll) Subject: Re: thermogenics Organization: University of Pennsylvania Lines: 14 Nntp-Posting-Host: lepomis.psych.upenn.edu In article <80389@cup.portal.com> mmm@cup.portal.com (Mark Robert Thorson) writes: >First off, if I'm not mistaken, only hibernating animals have brown fat, >not humans. Huma"
425,zero_shot_full_context,18,talk.politics.misc,18,talk.politics.misc,18,"From: ""nigel allen"" <nigel.allen@canrem.com> Subject: HHS Secretary Shalala to Address AFT's Paraprofessional and School-Related Personnel Conference Reply-To: ""nigel allen"" <nigel.allen@canrem.com> Organization: Canada Remote Systems Distribution: talk Lines: 42 Here is a press release from the American Federation of Teachers. HHS Secretary Shalal"
426,zero_shot_full_context,13,sci.med,13,sci.med,13,"From: picl25@fsphy1.physics.fsu.edu (PICL account_25) Subject: re:use of haldol and the elderly Organization: Florida State University ACNS Reply-To: picl25@fsphy1.physics.fsu.edu Lines: 37 I'm a nursing student, and I would like to respond to #66966 on haldol and the elderly. Message-ID: <25APR199316225142@fsphy1.physics.fsu.edu> Organization: Flo"
427,zero_shot_full_context,11,sci.crypt,16,talk.politics.guns,16,"From: pmetzger@snark.shearson.com (Perry E. Metzger) Subject: Re: Clipper considered harmful [Restated and amplified] Organization: Partnership for an America Free Drug Lines: 37 brad@optilink.COM (Brad Yearwood) writes: >In article <1993Apr22.222016.25628@lehman.com>, pmetzger@snark.shearson.com (Perry E. Metzger) writes: >> You obviously haven't "
428,zero_shot_full_context,10,rec.sport.hockey,9,rec.sport.baseball,9,Organization: University of Maine System From: The Always Fanatical: Patrick Ellis <IO11330@MAINE.MAINE.EDU> Subject: Re: 1993 NHL Draft <1993Apr20.184627.4585@newshub.ariel.yorku.ca> <1993Apr21.064605.24531@CSD-NewsHost.Stanford.EDU> Lines: 19 >San Jose will then get Kariya ya know that kind of funny cause I've seen Kariya on Campus with a Sharks 
429,zero_shot_full_context,13,sci.med,14,sci.space,14,"From: mcovingt@aisun3.ai.uga.edu (Michael Covington) Subject: Re: Antihistamine for sleep aid Nntp-Posting-Host: aisun3.ai.uga.edu Organization: AI Programs, University of Georgia, Athens Lines: 13 I'm interested in this from the other angle: what antihistamine can I take at bedtime for relief of allergies, with the assurance that its sedative effe"
430,zero_shot_full_context,4,comp.sys.mac.hardware,3,comp.sys.ibm.pc.hardware,3,"From: Stephen Tseng <st14@cornell.edu> Subject: Can the IIsi Do-It-Yourself Acceleration be done on a IIci? Organization: Cornell University Lines: 6 Distribution: world NNTP-Posting-Host: cu-dialup-0112.cit.cornell.edu X-UserAgent: Nuntius v1.1.1d20 X-XXMessage-ID: <A7FF90291A01EC16@cu-dialup-0112.cit.cornell.edu> X-XXDate: Sun, 25 Apr 93 05:47:37"
431,zero_shot_full_context,15,soc.religion.christian,15,soc.religion.christian,15,"From: benha@castle.ed.ac.uk (Ben Hambidge) Subject: Committing my life to God? Organization: Edinburgh University Lines: 42 Hi everyone, I'm trying to find my way to God, but find it difficult as I can't hear God talking to me, letting me know that he exists and is with me and that he knows me, and I feel that I can't possibly get to know him until"
432,zero_shot_full_context,12,sci.electronics,17,talk.politics.mideast,17,"From: me170pjd@emba-news.uvm.edu.UUCP (Peter J Demko) Subject: Re: Removing battery corrosion Originator: me170pjd@morris.emba.uvm.edu Organization: University of Vermont -- Division of EMBA Computer Facility Lines: 8 From article <1993Apr25.201129.1239@Princeton.EDU>, by fuchs@tsar.princeton.edu (Ira H. Fuchs): > Is there a readily available solve"
433,zero_shot_full_context,5,comp.windows.x,14,sci.space,14,"From: mahan@TGV.COM (Patrick L. Mahan) Subject: Re: Remote X across TCPIP & Decnet Organization: The Internet Lines: 23 NNTP-Posting-Host: enterpoop.mit.edu To: xpert@expo.lcs.mit.edu, parmalee001@wcsub.ctstateu.edu # # Does anyone know if the following is possible, and if so how do I go about # doing it. # # I want to be able to display remote X11"
434,zero_shot_full_context,19,talk.religion.misc,18,talk.politics.misc,18,"From: mprc@troi.cc.rochester.edu (M. Price) Subject: Re: What part of ""No"" don't you understand? Organization: University of Rochester - Rochester, New York Lines: 36 Nntp-Posting-Host: troi.cc.rochester.edu In <C60y12.E9J@panix.com> mls@panix.com (Michael Siemon) writes: >In <1993Apr24.214843.10940@midway.uchicago.edu> eeb1@quads.uchicago.edu >(E."
435,zero_shot_full_context,19,talk.religion.misc,15,soc.religion.christian,15,"From: bskendig@netcom.com (Brian Kendig) Subject: Re: To Rob Lanphier Organization: Starfleet Headquarters: San Francisco Lines: 41 brian@lpl.arizona.edu (Brian Ceccarelli 602/621-9615) writes: > >Kent, with regards to the information contained in the Bible (which >is the original context of this thread), Brian Kendig is inside a huge >wall. Brian "
436,zero_shot_full_context,11,sci.crypt,16,talk.politics.guns,16,"From: cme@ellisun.sw.stratus.com (Carl Ellison) Subject: Re: I have seen the lobby, and it is us Organization: Stratus Computer, Software Engineering Lines: 18 Distribution: inet NNTP-Posting-Host: ellisun.sw.stratus.com In article <1993Apr21.163929.21149@eff.org> A. Charles Gross <acg@eff.org> writes: >The NRA is successful because (among a number"
437,zero_shot_full_context,9,rec.sport.baseball,17,talk.politics.mideast,17,"From: hhenderson@vax.clarku.edu Subject: RE: Game Length (was Re: Braves Update!! Organization: Clark University Lines: 51 ecaxron@ariel.lerc.nasa.gov (Ron Graham) writes: >I hesitate to make assumptions about other people when they write, but >neither of you two *sound* as though you have kids, and you may not have >spouses either. I wonder why yo"
438,zero_shot_full_context,3,comp.sys.ibm.pc.hardware,2,comp.os.ms-windows.misc,2,"From: anderson@dseg.ti.com (John Anderson) Subject: Re: WinCIM at 9600 baud Organization: TI-DSEG Spring Creek Nntp-Posting-Host: mcs-jha.dseg.ti.com Reply-To: anderson@dseg.ti.com Lines: 13 In article <477@slc1.UUCP> kaw@slc1.UUCP (KA Workman) writes: >I've had similar problems downloading using WinCIM, I discovered that if I >disabled data compre"
439,zero_shot_full_context,15,soc.religion.christian,15,soc.religion.christian,15,From: jrmo@volta.att.com Subject: Re: What WAS the immaculate conception Organization: AT&T Lines: 40 In article <May.14.02.11.19.1993.25177@athos.rutgers.edu> seanna@bnr.ca (Seanna (S.M.) Watson) writes: >In article <May.9.05.39.52.1993.27456@athos.rutgers.edu> jhpb@sarto.budd-lake.nj.us (Joseph H. Buehler) writes: >[referring to Mary] >>She was i
440,zero_shot_full_context,4,comp.sys.mac.hardware,4,comp.sys.mac.hardware,4,"Distribution: world From: Mario_Murphy@bmug.org Organization: BMUG, Inc. Subject: Re: SAD MAC CODE 0F0064 ??? Lines: 12 I believe that that would be the same as a system error #64. Since there is no error #64, then I would guess that it would be a -64 error. Which is a font manager error of ""error during font declairation"". I would assume that the "
441,zero_shot_full_context,1,comp.graphics,4,comp.sys.mac.hardware,4,"From: R5321GAB@vm.univie.ac.at Subject: Tel.# for 3D scanners needed! Organization: University of Vienna Lines: 13 NNTP-Posting-Host: helios.edvz.univie.ac.at Hello all, I need to make some torso 3D scans and would like the phone numbers of companies in the midwest that make scans, and the numbers of companies that make the sanners (ie Cyberware). "
442,zero_shot_full_context,14,sci.space,14,sci.space,14,From: ethanb@ptolemy.astro.washington.edu (Ethan Bradford) Subject: Re: Gamma Ray Bursters. WHere are they. Article-I.D.: ptolemy.ETHANB.93Apr27222548 <1rgvjsINNbhq@senator-bedfellow.MIT.EDU> <1993Apr26.155915.8998@desire.wright.edu> Organization: U. of Washington Lines: 13 NNTP-Posting-Host: ptolemy.astro.washington.edu To: jbatka@desire.wright.ed
443,zero_shot_full_context,6,misc.forsale,6,misc.forsale,6,"From: oplinger@meson.crd.ge.com (Brian Oplinger) Subject: TG-16 Games for sale/trade Nntp-Posting-Host: meson.crd.ge.com Organization: GE Corp. Research & Development, Schenectady, NY Distribution: na Lines: 22 I have the following games for sale/trade. Make an offer. Hu-Cards: R-Type Sidearms Alien Crush Neutopia Tricky Kick Ninja Spirit Somer Ass"
444,zero_shot_full_context,14,sci.space,14,sci.space,14,"From: richard@cs.arizona.edu (Richard J Shank) Subject: Re: Space Marketing would be wonderfull. Organization: U of Arizona CS Dept, Tucson Lines: 6 I can see it now emblazened across the evening sky -- THIS SPACE FOR RENT"
445,zero_shot_full_context,5,comp.windows.x,14,sci.space,14,"From: doug@foxtrot.ccmrc.ucsb.edu (Douglas Scott) Subject: Help with porting screensaver function Organization: Center for Computer Music Research and Composition, U.C.S.B. Lines: 49 This is a question aimed at those who have done some server code hacking: I am attempting to add a working SaveScreen function to a new server. I have been able to get"
446,zero_shot_full_context,9,rec.sport.baseball,9,rec.sport.baseball,9,"From: jle@world.std.com (Joe M Leonard) Subject: Are the Orioles/Phillies at home on Mem Day Wkend Organization: The World Public Access UNIX, Brookline, MA Lines: 13 Subject sez it... Wondering if either team are in town that weekend (5-30/5-31). I can probably get Phillies tix, as the Vet can hold a bunch (and I hope they're still in 1st but it's"
447,zero_shot_full_context,14,sci.space,14,sci.space,14,"From: steve@bcsfse.ca.boeing.com (Steve LeCompte) Subject: Re: Boeing TSTO (Was: Words from Chairman of Boeing) Reply-To: steve@bcsfse.ca.boeing.com Organization: BOECOM System Tools Lines: 12 In article <schumach.736269085@convex.convex.com>, schumach@convex.com (Richard A. Schumacher) writes: |> [Description of Boeing study of two-staged spacepla"
448,zero_shot_full_context,7,rec.autos,7,rec.autos,7,"From: daveb@Ingres.COM (Dave Brower, DBMS hack, [510] 748-3418) Subject: Re: Manual Shift Bigots Originator: daveb@lotus In-reply-to: kissane@black.Berkeley.EDU (John G. Kissane) Reply-To: daveb@lotus (Dave Brower, DBMS hack, [510] 748-3418) Organization: The ASK Group Lines: 24 In article <1993Apr21.100149.1501@rtsg.mot.com>, kissane@black (John G"
449,zero_shot_full_context,12,sci.electronics,3,comp.sys.ibm.pc.hardware,3,"From: pierson@cimill.enet.dec.com (Dave Pierson) Subject: Re: PCMCIA Nntp-Posting-Host: cimill Organization: Digital Equipment Corporation Lines: 19 In article <1d.11083.3287.0NAC6CC5@synapse.org>, martin.vuille@synapse.org (Martin Vuille) writes... >Does anyone know who to contact to obtain a copy of the PCMCIA standard? PCMCIA 1030G East Duane St"
450,zero_shot_full_context,1,comp.graphics,4,comp.sys.mac.hardware,4,"From: graeme@labtam.labtam.oz.au (Graeme Gill) Subject: Re: HELP: Need 24 bits viewer Keywords: 24 bit Organization: Labtam Australia Pty. Ltd., Melbourne, Australia Lines: 10 In article <5713@seti.inria.fr>, deniaud@cartoon.inria.fr (Gilles Deniaud) writes: > Hi, > > I'm looking for a program which is able to display 24 bits > images. We are using"
451,zero_shot_full_context,13,sci.med,14,sci.space,14,"From: banschbach@vms.ocom.okstate.edu Subject: Re: Kidney Stones Lines: 68 Nntp-Posting-Host: vms.ocom.okstate.edu Organization: OSU College of Osteopathic Medicine In article <1993Apr28.095305.3587@rose.com>, ron.roth@rose.com (ron roth) writes: > banschbach@vms.ocom.okstate.edu (Marty Banschbach) writes: > [...] > B > Medicine has not, and probal"
452,zero_shot_full_context,0,alt.atheism,15,soc.religion.christian,15,"From: hyder@cs.utexas.edu (Syed Irfan Hyder) Subject: Re: The Qur'an and atheists (was Re: Jewish Settlers Demolish a Mosque in Gaza) Organization: CS Dept, University of Texas at Austin Lines: 20 NNTP-Posting-Host: pageboy.cs.utexas.edu In article <2944846190.2.p00261@psilink.com> ""Robert Knowles"" <p00261@psilink.com> writes: ::DATE: Sun, 25 Apr 1"
453,zero_shot_full_context,12,sci.electronics,12,sci.electronics,12,From: shorty@nevada.edu (DAVID HAAG) Subject: Re: Pink Noise Nntp-Posting-Host: helios.nevada.edu Organization: University of Nevada System Computing Services Distribution: sci.electronics Lines: 31 In article <34T302tW40N601@JUTS.ccc.amdahl.com> dws30@p1hdb01cd.amdahl.com (David Sharpe) writes: > > Pink Noise and White Noise are equal amounts of a
454,zero_shot_full_context,18,talk.politics.misc,16,talk.politics.guns,16,"From: koresh@dead.davidian Subject: Gun Control kills over 80 Organization: Project GLUE, University of Maryland, College Park, MD Lines: 10 NNTP-Posting-Host: bagend.eng.umd.edu Rejoice! The Streets of Amerika are much safer now that the Branch Davidians no longer have those nasty assault weapons. Your children will no longer lie awake at night wo"
455,zero_shot_full_context,16,talk.politics.guns,16,talk.politics.guns,16,"Subject: Re: ATF BURNS DIVIDIAN RANCH - UPDATE Supersedes: <93112.10100634AEJ7D@CMUVM.BITNET> From: <34AEJ7D@CMUVM.BITNET> Lines: 8 In article <1r2d2rINNa7e@hp-col.col.hp.com>, dduff@col.hp.com (Dave Duff) says: > >NUT CASE PANICS!!!!REALIZES HE'S MADE A COMPLETE FOOL OF HIMSELF IN FRONT OF >THOUSANDS OF NETTERS!!!!BACKS AWAY FROM EARLIER RASH STAT"
456,zero_shot_full_context,3,comp.sys.ibm.pc.hardware,2,comp.os.ms-windows.misc,2,"From: dieter@dischw.toppoint.de (Dieter Fritzsche) Subject: Re: VL-bus HDD/FDD controller or IDE HDD/FDD controller? Organization: Private Waffle Site Lines: 24 In <62890018@hpsgm2.sgp.hp.com> taybh@hpsgm2.sgp.hp.com (Beng Hang TAY) writes: >Hi, > I am buying a Quantum LPS240AT 245 MB hardisk and is deciding a > HDD/FDD controller. Is 32-bit VL-bus"
457,zero_shot_full_context,17,talk.politics.mideast,16,talk.politics.guns,16,"From: sera@zuma.UUCP (Serdar Argic) Subject: Re: Europe vs. Muslim Bosnians Reply-To: sera@zuma.UUCP (Serdar Argic) Distribution: world Lines: 91 In article <C6xFrs.n1@apollo.hp.com> goykhman@apollo.hp.com (Red Herring) writes: >13th SS Divison, made primerily of Bosnian Muslim _volunteers_, did >quite a job in the former Yugoslavia during WWII. Th"
458,zero_shot_full_context,15,soc.religion.christian,15,soc.religion.christian,15,"From: Eugene.Bigelow@ebay.sun.com (Geno ) Subject: Re: The doctrine of Original Sin Reply-To: Eugene.Bigelow@ebay.sun.com Organization: Sun Microsystems, Inc. Lines: 10 Joseph H. Buehler writes: >This all obviously applies equally well to infants or adults, since >both have souls. Infants must be baptized, therefore, or they cannot >enter into Heav"
459,zero_shot_full_context,4,comp.sys.mac.hardware,14,sci.space,14,"From: rherzog@rc1.vub.ac.be (Herzog Robert (DBM)) Subject: Moniterm VCX on mac? Which card to use? Distribution: world Organization: Brussels Free Universities (VUB/ULB), Belgium Lines: 6 Keywords: moniterm VCX I have a nice VXC Moniterm 19 in B/W monitor, formerly used on an ATARI ST. I think such monitors are / have been used on macs. Can someone"
460,zero_shot_full_context,2,comp.os.ms-windows.misc,2,comp.os.ms-windows.misc,2,"From: pk64380@kaarne.cs.tut.fi (Kuusisto Pasi Petri,,,SIG,64380) Subject: Re: Hot-key for switching to the Program Manager? Originator: pk64380@kaarne.cs.tut.fi Nntp-Posting-Host: kaarne.cs.tut.fi Reply-To: pk64380@kaarne.cs.tut.fi Organization: Tampere University of Technology, Dep. of Computer Science Lines: 9 From article <1993May15.091822.14174"
461,zero_shot_full_context,3,comp.sys.ibm.pc.hardware,3,comp.sys.ibm.pc.hardware,3,"From: arnolm2@aix.rpi.edu (Matthew Richard Arnold) Subject: DX50 vs DX266 Nntp-Posting-Host: aix.rpi.edu Organization: Rensselaer Polytechnic Institute, Troy, NY Lines: 11 Would someone be willing to explain to me the 486DX 50MHz is not more popular than it is? I would think it would be just as fast, if not faster than the 486DX 66MHz for certian a"
462,zero_shot_full_context,7,rec.autos,6,misc.forsale,6,"From: etxmst@sta.ericsson.se (Markus Strobl 98121) Subject: Re: ***** LICENSE PLATES ***** Nntp-Posting-Host: st83.ericsson.se Reply-To: etxmst@sta.ericsson.se Organization: Ericsson Telecom AB Lines: 14 In article anl@ollie.solbourne.com, guerra@solbourne.com (Edi Guerra) writes: >I would like to know if anyone still has a copy of the list of Lice"
463,zero_shot_full_context,10,rec.sport.hockey,9,rec.sport.baseball,9,"From: allan@cs.UAlberta.CA (Allan Sullivan) Subject: Don Cherry - Coach's Corner summary - April 21, 1993 Nntp-Posting-Host: swanlake.cs.ualberta.ca Organization: University of Alberta, Edmonton, Canada Lines: 83 Here's a summary of Don Cherry's Coach's Corner from April 21, 1993. The game being broadcast in my region was LA and Calgary, although I"
464,zero_shot_full_context,4,comp.sys.mac.hardware,14,sci.space,14,"From: squish@endor.uucp (Shishin Yamada) Subject: Re: Sony reliability (was Re: Musings on PB100 durability) Organization: Aiken Computation Lab, Harvard University Lines: 46 In article <1993Apr15.175427.15489@waikato.ac.nz> ldo@waikato.ac.nz (Lawrence D'Oliveiro, Waikato University) writes: >In article <1993Apr13.165114.1097@csus.edu>, altheimm@ne"
465,zero_shot_full_context,2,comp.os.ms-windows.misc,3,comp.sys.ibm.pc.hardware,3,From: hstarke@europa.eng.gtefsd.com (Hal Starke) Subject: 386 Enchaced Mode with SCSI disk Organization: GTE FSD Lines: 9 Reply-To: hstarke@europa.eng.gtefsd.com (Hal Starke) NNTP-Posting-Host: hstarke.eng.gtefsd.com I just removed an IDE drive and reformated two SCSI disk to use as boot disk in a system that did run Windows fine in 386 Enhanced Mo
466,zero_shot_full_context,1,comp.graphics,11,sci.crypt,11,"From: zstern@adobe.com (Zalman Stern) Subject: Re: Adobe Photo Shop type software for Unix/X/Motif platforms? Organization: Adobe Systems Incorporated Lines: 24 Charles Boesel writes > > In article <C5w8xB.Iv6@world.std.com> (sci.image.processing,comp.graphics), wdm@world.std.com (Wayne Michael) writes: > > I have been searching for a quality image"
467,zero_shot_full_context,9,rec.sport.baseball,9,rec.sport.baseball,9,"From: steph@perseus.cs.uiuc.edu (Dale Stephenson) Subject: Re: Ron Gant, Stalling, and Hirschbeck. Organization: University of Illinois, Dept. of Comp. Sci., Urbana, IL Lines: 20 In <1993Apr21.020426.3316@adobe.com> snichols@adobe.com (Sherri Nichols) writes: >In article <steph.735343286@pegasus.cs.uiuc.edu> steph@pegasus.cs.uiuc.edu (Dale Stephens"
468,zero_shot_full_context,2,comp.os.ms-windows.misc,2,comp.os.ms-windows.misc,2,"From: csympc@scs.leeds.ac.uk (M P Conmy) Subject: Re: RE: re: Challenge to Microsoft supporters. Organization: The University of Leeds, School of Computer Studies Lines: 17 Originator: csympc@csgi45 In article <C716uq.II3@feenix.metronet.com> jack@feenix.metronet.com (Jack Hudler) writes: >In article <twalls.02vo@ncc1701d.demon.co.uk> twalls@ncc170"
469,zero_shot_full_context,9,rec.sport.baseball,18,talk.politics.misc,18,Organization: University of Notre Dame - Office of Univ. Computing From: <RVESTERM@vma.cc.nd.edu> Subject: Re: Jack Morris <1993Apr18.032345.5178@cs.cornell.edu> <1993Apr19.024222.11181@newshub.ariel.yorku.ca> <1993Apr19.053221.11240@cs.cornell.edu> <1993Apr19.212428.7530@ramsey.cs.laurentian.ca> <48178@sdcc12.ucsd.edu> <1993Apr20.004746.13007@rams
470,zero_shot_full_context,4,comp.sys.mac.hardware,4,comp.sys.mac.hardware,4: comp.sys,"From: Thomas.Tornblom@Nexus.Comm.SE (Thomas Tornblom) Subject: Re: Asante Ethernet Adapter for LCIII Math Chip In-Reply-To: andy@ie.utoronto.ca's message of Tue, 20 Apr 1993 22: 02:25 GMT Organization: Communicator Nexus AB Lines: 24 In article <C5syK2.Js2@ie.utoronto.ca> andy@ie.utoronto.ca (Andy Sun) writes: Hi, I have been told by a local sales "
471,zero_shot_full_context,5,comp.windows.x,2,comp.os.ms-windows.misc,2,"From: anigbogu@poinsignon.loria.fr (Julian Anigbogu) Subject: X11R5 on Solbourne Organization: Crin-Inria-Lorraine Lines: 14 Hi Netters, Having inherited a Solbourne (S-4000 : Sun 4 Compatible), I was wondering if somebody has ported X11R5 to this beast. Since Solbournce Computer Inc. folded up I don't know where I can get the kernel to move from R"
472,zero_shot_full_context,8,rec.motorcycles,7,rec.autos,7,"From: car377@cbnewsj.cb.att.com (charles.a.rogers) Subject: Re: The best of times, the worst of times Organization: AT&T Summary: Missing screw Lines: 22 In article <txd.735344033@Able.MKT.3Com.Com>, txd@ESD.3Com.COM (Tom Dietrich) writes: > mtrost@convex.com (Matthew Trost) writes: > > >In <1993Apr20.161357.20354@ttinews.tti.com> paulb@harley.tti."
473,zero_shot_full_context,12,sci.electronics,14,sci.space,14,"From: kniha@carson.u.washington.edu (Dagmar Amtmann) Subject: Re: How universal are phones these days? Organization: University of Washington, Seattle Lines: 7 Distribution: world NNTP-Posting-Host: carson.u.washington.edu I don't know much about phones in Germany, but this is what I know: I bought a phone in the U.S. for my mother who lives in Bra"
474,zero_shot_full_context,16,talk.politics.guns,18,talk.politics.misc,18,"From: mac@cis.ksu.edu (Myron A. Calhoun) Subject: Re: Medical Examiner Says No Evidence for Bullet Wounds EITHER WAY Organization: Kansas State University Lines: 20 NNTP-Posting-Host: depot.cis.ksu.edu dhartung@chinet.chi.il.us (Dan Hartung) writes: >Apparently needing to clarify his comments from Thursday, Dr. Nizam >Plawaby (spelling?), the Medic"
475,zero_shot_full_context,4,comp.sys.mac.hardware,4,comp.sys.mac.hardware,4,"From: albert@tornado.seas.ucla.edu (Albert E. Chou) Subject: Re: Good APS experience Organization: School of Engineering and Applied Sciences, UCLA Lines: 31 I thought I'd share a good experience, too. I bought the APS Quantum 240 zero footprint drive in May '92 (back when they still used two separate LEDs on the front panel and the case was metal)"
476,zero_shot_full_context,6,misc.forsale,16,talk.politics.guns,16,"Reply-To: rlevey@pacenet.win.net (Richard S. Levey) From: rlevey@pacenet.win.net (Richard S. Levey) Subject: PSYCHICS Lines: 14 LOOK INTO THE FUTURE Discover what lies ahead in Love, Health and Finance Speak LIVE with a Psychic of your choice 900-446-6995 Extension 107 YOU MUST BE 18 OR OVER TO CALL. Calls cost $2.95 per minute AFTER introduction"
477,zero_shot_full_context,4,comp.sys.mac.hardware,14,sci.space,14,"From: chock@lclark.edu (Jonathan Chock) Subject: Re: Cache card for IIsi Article-I.D.: lclark.1993Apr21.163020.18806 Organization: Lewis & Clark College, Portland OR Lines: 36 In article <C5u25L.M5I@netnews.jhuapl.edu> richs@aplcomm.jhuapl.edu (Rich Spiegel) writes: >In article <1r2nb4$h42@usenet.INS.CWRU.Edu>, da228@cleveland.Freenet.Edu >(Charles"
478,zero_shot_full_context,2,comp.os.ms-windows.misc,5,comp.windows.x,5,"From: Dan Anderson Subject: re: MS Mouse Driver 8.2 Reply-To: dca@roadnet.ups.com Organization: Roadnet Technologies, Inc. Lines: 20 In article <1993Apr27.210719.19146@Princeton.EDU> phoenix.Princeton.EDU!carlosn (Carlos G. Niederstrasser) writes: >Does anyone have the documentation for the MS Mouse Driver 8.2? I got it when >I got Windows 3.1, but"
479,zero_shot_full_context,14,sci.space,14,sci.space,14,"From: atae@spva.ph.ic.ac.uk (Ata Etemadi) Subject: Re: Abyss-breathing fluids Nntp-Posting-Host: prawn.sp.ph Organization: Imperial College of Science, Technology, and Medicine, London, England Distribution: usa Lines: 8 ""The Forever War"", one of my favorite SciFi books, had a passage devoted to breathing fluids. The idea was to protect people from"
480,zero_shot_full_context,18,talk.politics.misc,18,talk.politics.misc,18,From: rlglende@netcom.com (Robert Lewis Glendenning) Subject: Re: Welcome to Police State USA Organization: Netcom - Online Communication Services (408 241-9760 guest) Lines: 11 Has anybody heard an explanation of why the FBI was using tear gas in a 35 mph wind? Doesn't seem like vry good tactics to me ... Any other explanations? Lew -- Lew Glenden
481,zero_shot_full_context,14,sci.space,18,talk.politics.misc,18,"From: tfv0@ns1.cc.lehigh.edu (Theodore F. Vaida ][) Subject: Re: Space Marketing would be wonderfull. Organization: Lehigh University Lines: 37 In article <C74rGL.4u7@ucdavis.edu>, ez012344@hamlet.ucdavis.edu (Dan Herrin) writes: [deleted] >Is it not also an abomination that somebody would spend money on ""space >advertising"" when those children are"
482,zero_shot_full_context,2,comp.os.ms-windows.misc,16,talk.politics.guns,16,"From: Kenton Shaver <ks3l+@andrew.cmu.edu> Subject: Re: Challenge to Microsoft supporters. Organization: Sponsored account, Systems Group 82, Carnegie Mellon, Pittsburgh, PA Lines: 47 <C6B79G.28y@noose.ecn.purdue.edu> NNTP-Posting-Host: andrew.cmu.edu In-Reply-To: <C6B79G.28y@noose.ecn.purdue.edu> > >> [..has MS innovated ANYTHING? ..] > > > Really"
483,zero_shot_full_context,4,comp.sys.mac.hardware,4,comp.sys.mac.hardware,4,From: johnston@me.udel.edu (Bill Johnston) Subject: Re: IIci ROM Offers 32-bit Clean ROM for IIx Nntp-Posting-Host: me.udel.edu Organization: University of Delaware Lines: 45 In article <mdavis.735319596@crash.cts.com> mdavis@crash.cts.com (Morgan Davis) writes: >Last week's MacWEEK article by Ric Ford indicated that David Ramsey's >Mac IIx has bee
484,zero_shot_full_context,13,sci.med,12,sci.electronics,12,"From: theisen@uni-duesseldorf.de (Herr Theisen) Subject: Re: Krillean Photography Organization: Universitaetsrechenzentrum, Heinrich-Heine-Universitaet Duesseldorf Lines: 47 NNTP-Posting-Host: butzmuehlen.rz.uni-duesseldorf.de In article <1993Apr27.233234.2929@magnus.acs.ohio-state.edu> wvhorn@magnus.acs.ohio-state.edu (William VanHorne) writes: >N"
485,zero_shot_full_context,13,sci.med,14,sci.space,14,"From: lipofsky@zach.fit.edu (Judy Lipofsky (ACS)) Subject: Re: Krillean Photography Nntp-Posting-Host: zach.fit.edu Organization: Florida Institute of Technology, Melbourne, FL USA Lines: 33 In article <1993Apr26.120417.22328@linus.mitre.org> gpivar@mitre.org(The Pancake Emporium) writes: >In article <1993Apr22.211005.21578@scorch.apana.org.au>, bi"
486,zero_shot_full_context,7,rec.autos,7,rec.autos,7,"From: klf@druwa.ATT.COM (FranklinKL) Subject: Re: V4 V6 V8 V12 Vx? Summary: How about a Beamer? Lines: 33 In article <1993Apr24.150653.8115@magnus.acs.ohio-state.edu>, bqueiser@magnus.acs.ohio-state.edu (Brian J Queiser) writes: | cka52397@uxa.cso.uiuc.edu (OrioleFan@uiuc) writes: | >aas7@po.CWRU.Edu (Andrew A. Spencer) writes: | | >>i think that i"
487,zero_shot_full_context,3,comp.sys.ibm.pc.hardware,17,talk.politics.mideast,17,"From: vixie@pa.dec.com (Paul A Vixie) Subject: Re: 17"" monitor with RGB/sync to VGA ?? Organization: DEC Network Systems Lab Lines: 15 Distribution: usa NNTP-Posting-Host: cognition.pa.dec.com In-reply-to: rash@access.digex.com's message of 18 Apr 1993 18:46:08 -0400 Yes, but what if my monitor only has 3 BNC's on it, and is expecting to get a comp"
488,zero_shot_full_context,9,rec.sport.baseball,9,rec.sport.baseball,9,"From: tac@world.std.com (Tackey Chan) Subject: Re: ugliest swing Organization: The World Public Access UNIX, Brookline, MA Lines: 5 Ugliest swing..I am not sure. I think the ugliset stance is Jolio Franco of the Ranger. I wonder how that bat comes around in time to hit the ball. It looks bad but hey.it get the job done. ------TAC"
489,zero_shot_full_context,3,comp.sys.ibm.pc.hardware,13,sci.med,13,"From: jcmorris@mbunix.mitre.org (Morris) Subject: Re: Soundblaster IRQ and Port settings Nntp-Posting-Host: mbunix.mitre.org Organization: The MITRE Corporation, Bedford, MA Lines: 42 [discussing the use of IRQ 7] In recent article msprague@superior.mcwbst311b (Mike Sprague) writes: >I as a number of poeple in this thread have already written >(I c"
490,zero_shot_full_context,15,soc.religion.christian,15,soc.religion.christian,15,"From: scott@prism.gatech.edu (Scott Holt) Subject: hate the sin... Organization: Georgia Institute of Technology Lines: 33 ""Hate the sin but love the sinner""...I've heard that quite a bit recently, often in the context of discussions about Christianity and homosexuality... but the context really isn't that important. My question is whether that sta"
491,zero_shot_full_context,4,comp.sys.mac.hardware,3,comp.sys.ibm.pc.hardware,3,"From: oueichek@imag.fr (Ibaa Oueichek) Subject: SIMMs prices Nntp-Posting-Host: gram2 Organization: IMAG Institute, University of Grenoble, France X-Newsreader: Tin 1.1 PL5 Lines: 17 I'm looking for the best source for SIMMs in the USA. I'm not looking for the lowest prices, but rather for the best quality SIMMs and the one with the lowest rate of "
492,zero_shot_full_context,18,talk.politics.misc,18,talk.politics.misc,18,From: golchowy@alchemy.chem.utoronto.ca (Gerald Olchowy) Subject: Re: CLINTON: Remarks by the President on Waco w/ Q&A 4.20.93 Organization: University of Toronto Chemistry Department Lines: 37 In article <1r2g4oINNqa7@life.ai.mit.edu> Clinton-HQ@Campaign92.Org (The White House) writes: > > THE WHITE HOUSE > > Office of the Press Secretary >_______
493,zero_shot_full_context,5,comp.windows.x,14,sci.space,14,"From: thewalt@canuck.ce.berkeley.edu (C. Thewalt) Subject: Re: XV 3.00 has escaped! Organization: Dept. of Civil Engineering, University of California, Berkeley Lines: 41 <1993Apr29.102341.13820@comp.lancs.ac.uk> <1rovufINNd4v@denali.cs.purdue.edu> NNTP-Posting-Host: canuck.ce.berkeley.edu In-reply-to: bingle@cs.purdue.edu's message of 29 Apr 1993 "
494,zero_shot_full_context,7,rec.autos,7,rec.autos,7,"From: pv9955@albnyvms.bitnet Subject: VW Jetta GLI help Reply-To: pv9955@albnyvms.bitnet Organization: University of Albany, SUNY Lines: 17 I am considering the purchse of a 1987 VW Jetta GLI with 87k miles on it. I recently found out that there are two versions of the GLI -- 8v and 16v. I know of three differences between the two cars that both ca"
495,zero_shot_full_context,7,rec.autos,17,talk.politics.mideast,17,"Subject: buy back From: <LIBEMC@BYUVM.BITNET> Organization: Brigham Young University Lines: 9 We were at a dealership today looking at buying a car and the salesman was showing us something he was calling a ""buy back"". Is that a car that was fleeted and then given back for the new model the next year? If that is so, how many miles is a good number "
496,zero_shot_full_context,13,sci.med,14,sci.space,14,From: mcg2@Lehigh.EDU (Marc Gabriel) Subject: LymeNet Newsletter vol#1 #09 Lines: 344 ***************************************************************************** * Lyme Disease Electronic Mail Network * * LymeNet Newsletter * ***************************************************************************** Volume 1 - Number 09 - 4/26/93 I. Introducti
497,zero_shot_full_context,4,comp.sys.mac.hardware,4,comp.sys.mac.hardware,4,"From: mdavis@crash.cts.com (Morgan Davis) Subject: IIci ROM Offers 32-bit Clean ROM for IIx Organization: CTS Network Services (crash, ctsnet), El Cajon, CA Lines: 17 Last week's MacWEEK article by Ric Ford indicated that David Ramsey's Mac IIx has been running nicely with a Mac IIci ROM in it, offering clean 32-bit ROM code (liberating his IIx fro"
498,zero_shot_full_context,16,talk.politics.guns,18,talk.politics.misc,18,"From: SBANKA@VM.TEMPLE.EDU Subject: Two Questions Organization: Temple University Lines: 10 Nntp-Posting-Host: vm.temple.edu X-Newsreader: NNR/VM S_1.3.2 I'd appreciate any help anyone could give me on these two questions: The Brady Bill was in the news throughout 1992 but what actually happened to it in Congress? Did Bush veto it? If so, when? Als"
499,zero_shot_full_context,6,misc.forsale,16,talk.politics.guns,16,"From: rinehart@aramis.rutgers.edu (Mark J. Rinehart) Subject: Re: CD's For Sale Distribution: usa Organization: Rutgers Univ., New Brunswick, N.J. Lines: 15 In article <1993Apr22.055744.24066@en.ecn.purdue.edu> davisonj@en.ecn.purdue.edu (John M Davison) writes: > In article <1993Apr21.232428.21442@leland.Stanford.EDU> ryner@leland.Stanford.EDU (Ry"
500,zero_shot_full_context,17,talk.politics.mideast,18,talk.politics.misc,18,"From: jake@bony1.bony.com (Jake Livni) Subject: Re: Final Solution for Gaza ? Organization: The Department of Redundancy Department Lines: 18 In article <1483500364@igc.apc.org> Center for Policy Research <cpr@igc.apc.org> writes: > >Dear folks, > >I am still awaiting for some sensible answer and comment. Dear Elias, I counted at least 4 such answe"
501,zero_shot_full_context,5,comp.windows.x,4,comp.sys.mac.hardware,4,"From: 9130037@golum.riv.csu.edu.au (CHAN Yin Mei) Subject: Help! Anything about X. Originator: 9130037@golum.riv.csu.edu.au Organization: Charles Sturt University - Riverina, Wagga Wagga, NSW, Australia Lines: 24 From 9150618 Thu Apr 29 16:36:43 1993 Date: Thu, 29 Apr 1993 16:36:42 +1000 From: 9150618 (Gavin Fairlamb) To: 9130037 Status: R Hello, f"
502,zero_shot_full_context,9,rec.sport.baseball,9,rec.sport.baseball,9,From: drm6640@tesla.njit.edu Subject: Apology for Article Organization: New Jersey Institute of Technology Lines: 6 Nntp-Posting-Host: tesla It's me again! I apologize to everyone out there whom I might have pissed off with that one article about Don Mattingly. When I said he was the best first basemam in history I meant FIELDING first baseman. Whi
503,zero_shot_full_context,13,sci.med,13,sci.med,13,"From: dsew@troi.cc.rochester.edu (David Sewell) Subject: Theophylline/ephedrine and water bio-availability Organization: University of Rochester - Rochester, New York Lines: 19 Nntp-Posting-Host: troi.cc.rochester.edu Does anyone know if either theophylline or ephedrine, or the two in combination, can reduce the body's ability to make use of availa"
504,zero_shot_full_context,16,talk.politics.guns,16,talk.politics.guns,16,"From: lilak@peaks.enet.dec.com (Rod Lilak) Subject: Re: Should Anybody be Permitted to Own a .50 BMG rifle? Lines: 55 Reply-To: lilak@dec.com Organization: Digital Equipment Corporation A is NOT A Engineering In article <93111.141747JCEHC@CUNYVM.BITNET>, <JCEHC@CUNYVM.BITNET> writes: Path: nntpd2.cxo.dec.com!pa.dec.com!decwrl!ames!saimiri.primate.w"
505,zero_shot_full_context,19,talk.religion.misc,16,talk.politics.guns,16,"From: rcanders@nyx.cs.du.edu (Mr. Nice Guy) Subject: No-knock, was Re: Who's next? Mormons and Jews? X-Disclaimer: Nyx is a public access Unix system run by the University of Denver for the Denver community. The University has neither control over nor responsibility for the opinions of users. Organization: Nyx, Public Access Unix at U. of Denver Ma"
506,zero_shot_full_context,14,sci.space,14,sci.space,14,"From: willner@head-cfa.harvard.edu (Steve Willner) Subject: Re: temperature of the dark sky Organization: Smithsonian Astrophysical Observatory, Cambridge, MA, USA Lines: 71 In article <1993Apr28.002214.16544@Princeton.EDU>, richmond@spiff.Princeton.EDU (Stupendous Man) writes: > If that's the case, let me point out that interstellar dust and > mol"
507,zero_shot_full_context,1,comp.graphics,5,comp.windows.x,5,"From: zyeh@caspian.usc.edu (zhenghao yeh) Subject: Re: RGB to HVS, and back Organization: University of Southern California, Los Angeles, CA Lines: 15 Distribution: world NNTP-Posting-Host: caspian.usc.edu |> |> I have a little answer: |> |> See Foley, van Dam, Feiner, and Hughes, _Computer Graphics: Principles |> and Practice, Second Edition_. |> "
508,zero_shot_full_context,19,talk.religion.misc,15,soc.religion.christian,15,"From: sbuckley@fraser.sfu.ca (Stephen Buckley) Subject: Re: cults (who keeps them going ?) Organization: Simon Fraser University, Burnaby, B.C., Canada Lines: 21 muttiah@thistle.ecn.purdue.edu (Ranjan S Muttiah) writes: >In article <sbuckley.735337212@sfu.ca> sbuckley@fraser.sfu.ca (Stephen Buckley) writes: >>>... bad thoughts these. >> >> well it "
509,zero_shot_full_context,11,sci.crypt,13,sci.med,13,From: jbs@watson.ibm.com Subject: Re: Clipper chip Lines: 6 Is it realistic for the government to try to keep the details of the encrytion algorithm secret if it intends to use evidence from wiretaps in court? Won't defense attorneys attempt to obtain the details of the method if the prosecution attempts to present evidence from wiretaps in court? 
510,zero_shot_full_context,1,comp.graphics,12,sci.electronics,12,From: edwest@gpu.utcc.utoronto.ca (Dr. Edmund West) Subject: AVS presentation Organization: UTCC Public Access Distribution: tor Lines: 46 University of Toronto Instructional and Research Computing is sponsoring a technical presentation on Visualization Software _A_d_v_a_n_c_e_d _V_i_s_u_a_l _S_y_s_t_e_m_s (_A_V_S) _S_o_f
511,zero_shot_full_context,2,comp.os.ms-windows.misc,2,comp.os.ms-windows.misc,2,"From: gmichael@vmd.cso.uiuc.edu (Gary R. Michael) Subject: VESA Driver for IBM XGA Organization: Office for Information Management, University of Illinois Lines: 13 Can anyone tell me where to find a standard VESA display driver that will support the on-the-motherboard XGA video of a 486 50Mz DX2 IBM Model 95 (8595-0LF)? I need to use 640 x 480 and"
512,zero_shot_full_context,5,comp.windows.x,2,comp.os.ms-windows.misc,2,"From: sandiway@research.nj.nec.com (Sandiway Fong) Subject: Sun 4.1.3, OpenWindows 3.0 problem: static linking and X libraries Originator: sandiway@ecp Reply-To: sandiway@research.nj.nec.com Organization: NEC Research Institute Lines: 66 I build two executables for the same application. Let's call them Papp (uses shared libs) and SPapp (statically "
513,zero_shot_full_context,14,sci.space,14,sci.space,14,"From: max@west.darkside.com (Erik Max Francis) Subject: Re: temperature of the dark sky Organization: The Dark Side of the Moon +1 408 245 SPAM Lines: 18 henry@zoo.toronto.edu (Henry Spencer) writes: > Does anyone have a reference (something I can look up, not just your own > recollections -- I have a few of those myself) on the temperature of the "
514,zero_shot_full_context,18,talk.politics.misc,18,talk.politics.misc,18,"From: jmk@cbnews.cb.att.com (joseph.m.knapp) Subject: Re: Waco Investigation Paranoia Organization: AT&T Lines: 10 V2110A@VM.TEMPLE.EDU (Richard Hoenes) writes: >And with Republicans like Arlen Spector calling for investigations, >this isn't going to be handled with kid gloves. It will be ironic in the extreme if Spector manages to uncover a govern"
515,zero_shot_full_context,16,talk.politics.guns,18,talk.politics.misc,18,"From: viking@iastate.edu (Dan Sorenson) Subject: Re: The Holocaust Revisited Organization: Iowa State University, Ames IA Lines: 41 In <1993Apr21.175443.5338@dct.ac.uk> mcsdc1jpb@dct.ac.uk (John Bell) dribbles in his nappies and manages to splutter: You know, John, if you had kept the follow-up to line here on talk politics guns, we might have take"
516,zero_shot_full_context,8,rec.motorcycles,18,talk.politics.misc,18,"From: vech@Ra.MsState.Edu (Craig A. Vechorik) Subject: MOA members, another letter to read! Nntp-Posting-Host: ra.msstate.edu Organization: Mississippi State University Lines: 45 In light of the last letter I posted from Jeff Brody concering the crap that is going on in the MOA, (which some folks took not as dissemination of information that I rece"
517,zero_shot_full_context,2,comp.os.ms-windows.misc,16,talk.politics.guns,16,"From: bferrell@cicada.occ.uc.edu (Brett Ferrell) Subject: Re: re: Challenge to Microsoft supporters. Nntp-Posting-Host: cicada.occ.uc.edu Organization: University of Cincinnati Lines: 11 In article <C716rA.IGC@feenix.metronet.com> jack@feenix.metronet.com (Jack Hudler) writes: >Still after the impact of all the ITO's at IBM, all that's left of its "
518,zero_shot_full_context,15,soc.religion.christian,15,soc.religion.christian,15,"From: hudson@athena.cs.uga.edu (Paul Hudson Jr) Subject: Contradiction in Mormonism Organization: University of Georgia, Athens Lines: 9 There is a contradiction related to the moral issue of polygamy in the Mormon writings. In the book in the book of Mormon called the book of Jacob, Joseph Smith wrote that it was an abomination to God for David an"
519,zero_shot_full_context,10,rec.sport.hockey,9,rec.sport.baseball,9,From: slutsky@tesla.njit.edu Subject: Sports broadcasting on FM Organization: New Jersey Institute of Technology Lines: 8 Nntp-Posting-Host: tesla I am curious to known if there are any professional sports teams whose games are regularly broadcast on an FM station. The only one I am aware of is WYSP in Philadelphia who carries the Eagles' games. If
520,zero_shot_full_context,17,talk.politics.mideast,16,talk.politics.guns,16,"From: Michael Sells <m_sells@haverford.edu> Subject: Re: PLEASE! SHOW UP IN WASHINGTON DC FOR BOSNIA (MAY 15th) Organization: Haverford College Lines: 49 Distribution: world NNTP-Posting-Host: 130.58.172.17 X-UserAgent: Nuntius v1.1.1d20 X-XXDate: Thu, 13 May 93 12:09:32 GMT Subject: Re: PLEASE! SHOW UP IN WASHINGTON DC FOR BOSNIA (MAY 15th) From: "
521,zero_shot_full_context,3,comp.sys.ibm.pc.hardware,4,comp.sys.mac.hardware,4,"From: chris.crayton@ozonehole.com (Chris Crayton) Subject: Ibm link to imagewriter - Distribution: world Organization: Ozone Online Operations, Inc. - New Orleans, LA Reply-To: chris.crayton@ozonehole.com (Chris Crayton) Lines: 29 *** On 04-20-93 21:25, Larry Henson had the unmitigated gall to say this: LH> Hello, I am trying to hook an Apple Image"
522,zero_shot_full_context,16,talk.politics.guns,16,talk.politics.guns,16,"From: fiddler@concertina.Eng.Sun.COM (steve hix) Subject: Re: Who's next? Mormons and Jews? Organization: Sun Lines: 42 NNTP-Posting-Host: concertina In article <1993Apr21.045548.17418@news.cs.brandeis.edu> st922957@pip.cc.brandeis.edu writes: > >Y'know, when the right to bear arms was ""invented"", It wasn't ""invented"", but was supposed by the write"
523,zero_shot_full_context,7,rec.autos,17,talk.politics.mideast,17,"From: bob@ncube.com (Bob Kehoe) Subject: Re: Mercury Villager Minivan -- good buy? Nntp-Posting-Host: db1 Organization: nCUBE Computers, Beaverton, Oregon, U.S.A. Distribution: usa Lines: 18 I have tested both vehicles (identically equipped), both for week-long periods. Curiously (and consider these are test vehicles), I found the Mercury higher in"
524,zero_shot_full_context,7,rec.autos,17,talk.politics.mideast,17,"From: wen-king@cs.caltech.edu (Wen-King Su) Subject: Re: Mercury Villager Minivan -- good buy? Organization: California Institute of Technology Lines: 9 NNTP-Posting-Host: neptune.cs.caltech.edu Keywords: Mercury, Villager, minivan, van, cars, Jittlov In article <1r7cr2INNvar@sumax.seattleu.edu> smorris@sumax.seattleu.edu (Steven A. Morris) writes:"
525,zero_shot_full_context,7,rec.autos,5,comp.windows.x,5,"From: smorris@sumax.seattleu.edu (Steven A. Morris) Subject: Re: Lexus and Infiniti Organization: Addiction Studies Program, Seattle University Lines: 20 NNTP-Posting-Host: sumax.seattleu.edu In article <AfqzkhS00iV1E2YIss@andrew.cmu.edu> ""Joseph D. Mazza"" <mazz+@andrew.cmu.edu> writes: >BTW, I just saw the new Q45 on TV this weekend. The big chang"
526,zero_shot_full_context,5,comp.windows.x,14,sci.space,14,"From: bingle@cs.purdue.edu (Richard Bingle) Subject: Re: XV 3.00 has escaped! <1993Apr29.102341.13820@comp.lancs.ac.uk> Organization: Purdue University Lines: 89 NNTP-Posting-Host: denali.cs.purdue.edu In-reply-to: julian@comp.lancs.ac.uk's message of Thu, 29 Apr 1993 10:23:41 GMT In article <1993Apr29.102341.13820@comp.lancs.ac.uk> julian@comp.lan"
527,zero_shot_full_context,3,comp.sys.ibm.pc.hardware,2,comp.os.ms-windows.misc,2,"From: evw2@po.CWRU.Edu (Eric V. Wong) Subject: Plus Hardcard owners help! Organization: Case Western Reserve University, Cleveland, OH (USA) Lines: 12 Reply-To: evw2@po.CWRU.Edu (Eric V. Wong) NNTP-Posting-Host: slc12.ins.cwru.edu Hi there, I have a problem here, I've lost the software drivers and setup programs for my Hardcard. Can someone email m"
528,zero_shot_full_context,8,rec.motorcycles,8,rec.motorcycles,8,"From: chrispi@microsoft.com (Chris Pirih) Subject: Re: First Bike?? Organization: Microsoft Corporation Lines: 39 In rec.motorcycles James Leo Belliveau <jbc9+@andrew.cmu.edu> writes: ; I am a serious motorcycle enthusiast without a motorcycle, and to ;put it bluntly, it sucks. I really would like some advice on what would ;be a good starter bike f"
529,zero_shot_full_context,12,sci.electronics,9,rec.sport.baseball,9,"From: djbarnes@eos.ncsu.edu (DONALD JAMES BARNES) Subject: Re: arcade style buttons and joysticks Originator: djbarnes@c00477-224wi.eos.ncsu.edu Reply-To: djbarnes@eos.ncsu.edu (DONALD JAMES BARNES) Organization: North Carolina State University, Project Eos Lines: 32 In article <1r53r8INNq0i@gap.caltech.edu>, franko@cco.caltech.edu (Frank Filipanit"
530,zero_shot_full_context,10,rec.sport.hockey,10,rec.sport.hockey,10,From: golchowy@alchemy.chem.utoronto.ca (Gerald Olchowy) Subject: Re: Hockey guest spots... Organization: University of Toronto Chemistry Department Lines: 10 In article <22APR93.25499311.0068@VM1.MCGILL.CA> JBE5 <JBE5@MUSICB.MCGILL.CA> writes: >Manon Rheaume was on with Letterman in Sept. 1992. Her English was >so terrible that Letterman took chea
531,zero_shot_full_context,19,talk.religion.misc,15,soc.religion.christian,15,"From: sandvik@newton.apple.com (Kent Sandvik) Subject: Re: Is it good that Jesus died? Organization: Cookamunga Tourist Bureau Lines: 30 In article <1993Apr23.210109.21120@organpipe.uug.arizona.edu>, brian@lpl.arizona.edu (Brian Ceccarelli 602/621-9615) wrote: > > Hmm, it seems that this is the core of Christianity then, you > > have to feel guilty"
532,zero_shot_full_context,0,alt.atheism,16,talk.politics.guns,16,From: frank@D012S658.uucp (Frank O'Dwyer) Subject: Re: Theism and Fanatism (was: Islamic Genocide) Organization: Siemens-Nixdorf AG Lines: 323 NNTP-Posting-Host: d012s658.ap.mchp.sni.de In article <16BB8D25C.I3150101@dbstu1.rz.tu-bs.de> I3150101@dbstu1.rz.tu-bs.de (Benedikt Rosenau) writes: #In article <1r3tqo$ook@horus.ap.mchp.sni.de> #frank@D012S
533,zero_shot_full_context,7,rec.autos,7,rec.autos,7,"From: amiller@almaden.ibm.com (Alex Miller) Subject: Re: Choice of gauges Reply-To: amiller@almaden.ibm.com (Alex Miller) Organization: IBM Almaden Research Center Lines: 53 Nntp-Posting-Host: allez.almaden.ibm.com If I'm going to drive on a public road then I need a speedometer, and an odometer helps for navigation. My 1965 Chevy has a bare minimu"
534,zero_shot_full_context,9,rec.sport.baseball,17,talk.politics.mideast,17,"From: doctor8@jhuvms.hcf.jhu.edu (Jason Abner Miller) Subject: Re: And America's Team is....But Why? Organization: The Johns Hopkins University - HCF Lines: 50 Distribution: na NNTP-Posting-Host: jhuvms.hcf.jhu.edu News-Software: VAX/VMS VNEWS 1.41 In article <1993Apr20.182807.18366@bsu-ucs>, 00cgbabbitt@leo.bsuvc.bsu.edu writes... > You are absolu"
535,zero_shot_full_context,19,talk.religion.misc,16,talk.politics.guns,16,"From: ""David R. Sacco"" <dsav+@andrew.cmu.edu> Subject: Re: What part of ""No"" don't you understand? Organization: Misc. student, Carnegie Mellon, Pittsburgh, PA Lines: 27 <1993Apr26.150845.28537@advtech.uswest.com> NNTP-Posting-Host: po5.andrew.cmu.edu In-Reply-To: <1993Apr26.150845.28537@advtech.uswest.com> On 26-Apr-93 in Re: What part of ""No"" don"
536,zero_shot_full_context,15,soc.religion.christian,15,soc.religion.christian,15,"From: koberg@spot.Colorado.EDU (Allen Koberg) Subject: Re: Satan kicked out of heaven: Biblical? Organization: University of Colorado, Boulder Lines: 18 In article <May.9.05.42.00.1993.27592@athos.rutgers.edu> mdw33310@uxa.cso.uiuc.edu (Michael D. Walker) writes: >easteee@wkuvx1.bitnet writes: >> I have a question about Satan. I was taught a long t"
537,zero_shot_full_context,9,rec.sport.baseball,9,rec.sport.baseball,9,"From: mjones@watson.ibm.com (Mike Jones) Subject: Re: MLB = NBA? Reply-To: mjones@donald.aix.kingston.ibm.com Disclaimer: This posting represents the poster's views, not necessarily those of IBM. Nntp-Posting-Host: fenway.aix.kingston.ibm.com Organization: IBM AIX/ESA Development, Kingston NY Lines: 25 mss@netcom.com (Mark Singer) writes: >In artic"
538,zero_shot_full_context,4,comp.sys.mac.hardware,13,sci.med,13,From: fredm@media.mit.edu (Fred G Martin) Subject: Re: Adapter for IIsi and a vga monitor Organization: MIT Media Laboratory Lines: 60 In article <1993Apr24.055158.11640@midway.uchicago.edu> choi@gsbsrc.uchicago.edu (Dongseok Choi) writes: > I understand that if I have a correct adapter then I can >use a vga monitor with my IIsi. > Are those adapte
539,zero_shot_full_context,19,talk.religion.misc,15,soc.religion.christian,15,"From: mlee@post.RoyalRoads.ca (Malcolm Lee) Subject: Re: Who's next? Mormons and Jews? Organization: Royal Roads Military College, Victoria, B.C. Lines: 20 In article <2855@tredysvr.Tredydev.Unisys.COM>, tom@tredysvr.Tredydev.Unisys.COM (Tom Albrecht) writes: |> In article <1993Apr20.220340.2585@ra.royalroads.ca> mlee@post.RoyalRoads.ca (Malcolm Le"
540,zero_shot_full_context,1,comp.graphics,4,comp.sys.mac.hardware,4,"From: hotopp@ami1.bwi.wec.com (Daniel T. Hotopp) Subject: Drivers for Diamond Viper Card Organization: Westinghouse Electronic Systems Group, Baltimore, MD. Lines: 13 I've been away for a couple of weeks and have become out of touch with the latest information on the Diamond Viper Card. Does anyone know if Diamond has come out with any Vesa Driver "
541,zero_shot_full_context,12,sci.electronics,14,sci.space,14,"From: mpoly@panix.com (Michael S. Polymenakos) Subject: Re: How universal are phones these days? Organization: Macedonia: 3,000 years of Greek Heritage Lines: 19 In <LHE.93Apr26131014@yang.sics.se> lhe@sics.se (Lars-Henrik Eriksson) writes: >Most (if not virtually all) swedish exchanges can handle tone >dialling. Many older electromechanical exchan"
542,zero_shot_full_context,10,rec.sport.hockey,9,rec.sport.baseball,9,"From: tmavor@earthview.cms.udel.edu (Tim ""Gun for Hire"" Mavor) Subject: Re: ESPN UP YOURS ......... Nntp-Posting-Host: pandora.cms.udel.edu Reply-To: tmavor@earthview.cms.udel.edu Organization: Marine Studies, University of Delaware Lines: 24 > >[Various justifiable rantings on ESPN coverage by several deleted] > The only way to change ESPN's think"
543,zero_shot_full_context,11,sci.crypt,13,sci.med,13,"From: jac55@cas.org () Subject: Re: Why the clipper algorithm is secret Organization: Chemical Abstracts Service, Columbus, Ohio Lines: 24 In article <1993Apr20.014135.24134@fsl.noaa.gov> bear@kestrel.fsl.noaa.gov (Bear Giles) writes: >In article <C5pstr.Lu2@panix.com> dfl@panix.com (Danny O'Bedlam) writes: >> The algorithm is classified because a "
544,zero_shot_full_context,13,sci.med,18,talk.politics.misc,18,"From: jge@cs.unc.edu (John Eyles) Subject: insensitive technicians Distribution: usa Organization: The University of North Carolina at Chapel Hill Lines: 37 NNTP-Posting-Host: ceti.cs.unc.edu A friend was recently admitted to North Carolina Memorial Hospital because of suspected meningitis. Serious business. They wanted to do a lumbar puncture, for"
545,zero_shot_full_context,9,rec.sport.baseball,9,rec.sport.baseball,9,"From: woods@ncar.ucar.edu (Greg Woods) Subject: Re: HBP? BB? BIG-CAT? Organization: Scientific Computing Division/NCAR Boulder, CO Distribution: na Lines: 21 In article <9460@blue.cis.pitt.edu> dtate+@pitt.edu (David M. Tate) writes: > >Of course, this is *not* the same as claiming (as some do) that Galarraga's >inability to defer gratification isn"
546,zero_shot_full_context,7,rec.autos,7,rec.autos,7,From: v064mb9k@ubvmsb.cc.buffalo.edu (NEIL B. GANDLER) Subject: Opinions on 88-89 Pontiac Bonneville Organization: University at Buffalo Lines: 10 News-Software: VAX/VMS VNEWS 1.41 Nntp-Posting-Host: ubvmsb.cc.buffalo.edu I am in the market to buy a used car. I am particularly interested in the Pontiac Bonneville. My budget is between 7- 8 thousand
547,zero_shot_full_context,17,talk.politics.mideast,18,talk.politics.misc,18,"From: jar2e@faraday.clas.Virginia.EDU (Virginia's Gentleman) Subject: Re: UVA Organization: University of Virginia Lines: 9 Pete-- That was uncalled for. I'm sure Andi Beyer or whatever his name is was a product of his environment before he came to school, and is enjoying the mantle of THE UNIVERSITY to make his viewpoint seem legitimate (well-reas"
548,zero_shot_full_context,19,talk.religion.misc,15,soc.religion.christian,15,"From: ""Robert Knowles"" <p00261@psilink.com> Subject: Re: History & texts (was: Ancient references to Christianity) In-Reply-To: <ltis4sINNk22@saltillo.cs.utexas.edu> Nntp-Posting-Host: 127.0.0.1 Organization: Performance Systems Int'l X-Mailer: PSILink-DOS (3.3) Lines: 15 >DATE: 24 Apr 1993 11:53:48 -0500 >FROM: Russell Turpin <turpin@cs.utexas.edu"
549,zero_shot_full_context,18,talk.politics.misc,16,talk.politics.guns,16,"From: cramer@optilink.COM (Clayton Cramer) Subject: Re: New Study Out On Gay Percentage Organization: Optilink Corporation, Petaluma, CA Lines: 76 In article <1993Apr22.165002.18208@galileo.cc.rochester.edu>, as010b@uhura.cc.rochester.edu (Tree of Schnopia) writes: > In <15501@optilink.COM> cramer@optilink.COM (Clayton Cramer) writes: # #I used to "
550,zero_shot_full_context,5,comp.windows.x,4,comp.sys.mac.hardware,4,"From: adrian@ora.COM (Adrian Nye) Subject: Re: Keyboard mapping and window placement questions Reply-To: adrian@ora.com Organization: O'Reilly and Associates, Inc. Lines: 18 NNTP-Posting-Host: enterpoop.mit.edu To: xpert@expo.lcs.mit.edu > If I use Xt, all > O'Reilly has to say is '...is automatically handled by Xt...'. If I use Xlib, ala XNextEven"
551,zero_shot_full_context,0,alt.atheism,15,soc.religion.christian,15,"From: cfaehl@vesta.unm.edu (Chris Faehl) Subject: Re: Amusing atheists and agnostics Organization: University of New Mexico, Albuquerque Lines: 88 Distribution: world NNTP-Posting-Host: vesta.unm.edu In article <timmbake.735265296@mcl>, timmbake@mcl.ucsb.edu (""Clam"" Bake Timmons) writes: > > >Fallacy #1: Atheism is a faith. Lo! I hear the FAQ becko"
552,zero_shot_full_context,2,comp.os.ms-windows.misc,2,comp.os.ms-windows.misc,2,"From: frank@mikrosys.no (Frank Mikalsen) Subject: Re: Hot-key for Screen Saver? Organization: Mikrosys AS Posting-Front-End: Winix Conference v 92.07.22 1.50 (running under MS-Windows) Lines: 13 In article <1993May15.042551.17892@seas.gwu.edu>, louray@seas.gwu.edu (Michael Panayiotakis) writes: > >Well, renaming screensavers (.scr) to .exe, and run"
553,zero_shot_full_context,10,rec.sport.hockey,9,rec.sport.baseball,9,"From: lor@cbnewsk.cb.att.com (edward.lor) Subject: Re: Caps postseason fortunes Organization: AT&T Lines: 66 In article <1rhddoINN4l9@jhunix.hcf.jhu.edu> admiral@jhunix.hcf.jhu.edu (Steve C Liu) writes: >Okay, the Caps AGAIN are about to break out the golf clubs but before they >do, does anyone have the history of the Washington Capitals' futility "
554,zero_shot_full_context,1,comp.graphics,4,comp.sys.mac.hardware,4,"From: menchett@dws015.unr.edu (Peter J Menchetti) Subject: Adobe Type Manager - what good is it?? Organization: University of Nevada, Reno Department of Computer Science Lines: 9 The subject says it all. I bought Adobe Type Manager and find it completely useless. I ftped some atm fonts and couldn't install them. What's the use? Are you supposed to "
555,zero_shot_full_context,12,sci.electronics,14,sci.space,14,"From: kludge@grissom.larc.nasa.gov (Scott Dorsey) Subject: Re: Pressure Zone Microphones Organization: NASA Langley Research Center and Reptile Farm Lines: 43 Distribution: world NNTP-Posting-Host: grissom.larc.nasa.gov In article <1rjobdINNk1s@crcnis1.unl.edu> mpaul@unl.edu (marxhausen paul) writes: >I remember, back before commercial mikes with t"
556,zero_shot_full_context,17,talk.politics.mideast,15,soc.religion.christian,15,From: dbd@urartu.sdpa.org (David Davidian) Subject: Accounts of Anti-Armenian Human Right Violations in Azerbaijan #015 Summary: Prelude to Current Events in Nagorno-Karabakh Organization: S.D.P.A. Center for Regional Studies Lines: 854 Accounts of Anti-Armenian Human Right Violations in Azerbaijan #015 Prelude to Current Events in Nagorno-Karabakh
557,zero_shot_full_context,18,talk.politics.misc,16,talk.politics.guns,16,"From: VEAL@utkvm1.utk.edu (David Veal) Subject: Re: My Gun is like my American Express Car Lines: 87 Organization: University of Tennessee Division of Continuing Education In article <1993Apr20.001815.14049@grace.rt.cs.boeing.com> rwojcik@atc.boeing.com (Richard Wojcik) writes: >In article 735071359@utkvm1.utk.edu, VEAL@utkvm1.utk.edu (David Veal) "
558,zero_shot_full_context,1,comp.graphics,14,sci.space,14,From: etllnfr@magrathea.ericsson.se (Lyndon Fletcher) Subject: Polaroid Palette system????????????????????? Nntp-Posting-Host: magrathea.ericsson.se Organization: Ericsson Cellular Division Lines: 15 Does anyone have any information on the Polaroid Palette system. It appears to be a gadget for transfering graphics images to film. Does anyone have a
559,zero_shot_full_context,16,talk.politics.guns,16,talk.politics.guns,16,"From: f_gautjw@ccsvax.sfasu.edu Subject: Re: BD's did themselves--you're all paranoid freaks Organization: Stephen F. Austin State University Lines: 29 In article <1993Apr23.143857.5484@oneb.almanac.bc.ca>, kmcvay@oneb.almanac.bc.ca (Ken Mcvay) writes: [...deleted...] > > Hear, hear! I'd also like to see the autopsy reports confirm news reports > t"
560,zero_shot_full_context,4,comp.sys.mac.hardware,4,comp.sys.mac.hardware,4,"From: avery@gestalt.Stanford.EDU (Avery Wang) Subject: Re: Powerbook Duo Memory system -- SLOW Organization: DSO, Stanford University Lines: 54 In article <C5yJ3L.3LC@dartvax.dartmouth.edu> Espen.H.Koht@dartmouth.edu (Espen H. Koht) writes: > In article <1993Apr23.060059.7894@leland.Stanford.EDU> > avery@gestalt.Stanford.EDU (Avery Wang) writes: > "
561,zero_shot_full_context,19,talk.religion.misc,15,soc.religion.christian,15,"From: sandvik@newton.apple.com (Kent Sandvik) Subject: Re: To Rob Lanphier Organization: Cookamunga Tourist Bureau Lines: 43 In article <1993Apr23.181843.20224@organpipe.uug.arizona.edu>, brian@lpl.arizona.edu (Brian Ceccarelli 602/621-9615) wrote: > Kent, with regards to the information contained in the Bible (which > is the original context of th"
562,zero_shot_full_context,8,rec.motorcycles,9,rec.sport.baseball,9,"From: mjs@sys.uea.ac.uk (Mike Sixsmith) Subject: Re: dogs Organization: University of East Anglia Lines: 13 howland@noc.arc.nasa.gov (Curt Howland) writes: >In article <MS-C.735160298.1147902781.mrc@Ikkoku-Kan.Panda.COM>, >mrc@Ikkoku-Kan.Panda.COM (Mark Crispin) writes: >|> I'm a biker and a dog-lover. >No wonder bikers have such a horrid reputatio"
563,zero_shot_full_context,7,rec.autos,7,rec.autos,7,"From: chan@ee.rochester.edu (Chan) Subject: BFGoodrich Radial T/A & Touring T/A tires Summary: Comments on BF Goodrich Radial T/A Tires Keywords: tire Organization: Univ of Rochester, College of Engineering and Applied Science Distribution: na Hi: I am looking for tires. I would like to hear your experience on the BF Goodrich Radial T/A tires and/o"
564,zero_shot_full_context,6,misc.forsale,6,misc.forsale,6,"From: scherf@netcom.com (Steve Scherf) Subject: FOR SALE: Altos 2000 Unix machine Organization: Moondog Software, Sunnyvale, CA. Lines: 273 I have an Altos 2000 System V.3 Unix system for sale (I actually have two, but one's for me). Several years ago these well-known machines sold for $30,000 for the base configuration. This particular one has muc"
565,zero_shot_full_context,11,sci.crypt,3,comp.sys.ibm.pc.hardware,3,From: uskmg@emoryu1.cc.emory.edu (Ken Guyton) Subject: Amiga RIPEM? Reply-To: uskmg@unix.cc.emory.edu Organization: Emory University Information Technology Division Lines: 9 Nntp-Posting-Host: monolith.cc.emory.edu X-Newsreader: TIN [version 1.1 PL9] Has anyone ported RIPEM to the Amiga yet or is anyone working on it? Emailed responses are fine. --
566,zero_shot_full_context,19,talk.religion.misc,15,soc.religion.christian,15,"From: sandvik@newton.apple.com (Kent Sandvik) Subject: Re: Davidians and compassion Organization: Cookamunga Tourist Bureau Lines: 17 In article <1e9e02bm40FM01@JUTS.ccc.amdahl.com>, agr00@ccc.amdahl.com (Anthony G Rose) wrote: > >I have a hard time just now understanding that Christianity > >knows about the word compassion. Christians, do you thin"
567,zero_shot_full_context,8,rec.motorcycles,8,rec.motorcycles,8,"From: db10@bih.no (Karstein Holen) Subject: Bike Vacation in the States?? Organization: Bergen College of Engineering, Bergen, Norway X-Newsreader: TIN [version 1.1 PL8] Lines: 25 This Summer I'm going to use my vacation drivin (riding) through the States. And I do Have some questions that I would like to post here:: Since I'm from Norway I was won"
568,zero_shot_full_context,10,rec.sport.hockey,18,talk.politics.misc,18,"From: sad@sei.cmu.edu (Susan Dart) Subject: Re: ESPN In-Reply-To: Chad Nicholas Hunter's message of Fri, 23 Apr 1993 11:16:36 -0400 Organization: Software Engineering Institute Lines: 9 If ESPN pisses you off, call them - they do respond to calls. Last night I called when they said they were cutting to baseball and we couldn't see the sudden-death "
569,zero_shot_full_context,0,alt.atheism,16,talk.politics.guns,16,"From: madhaus@netcom.com (Maddi Hausmann) Subject: Re: Nicknames Organization: Society for Putting Things on Top of Other Things Lines: 18 cmtan@iss.nus.sg (Tan Chade Meng - dan) writes: > >Somebody forgotten me................ > >""No Nickname"" Tan Chade Meng >(Chinese have nicknames in the front) > >-- > >The UnEnlightened One I thought your nickn"
570,zero_shot_full_context,12,sci.electronics,14,sci.space,14,"Subject: Re: WD-40 as moisture repellant (was Lead Acid batteries & C From: MATGBB@LURE.LATROBE.EDU.AU (BYRNES,Graham) <1993Apr22.220549.26828@dmu.ac.uk> <1993Apr23.115031.6151@titan.inmos.co.uk> <sasrer.735576383@cinnamon> Organization: La Trobe University In-Reply-To: sasrer@unx.sas.com's message of Fri, 23 Apr 1993 14:46:23 GMT X-News-Reader: VM"
571,zero_shot_full_context,12,sci.electronics,4,comp.sys.mac.hardware,4,"From: yxy4145@ucs.usl.edu (Yu Yingbin) Subject: Does any one know what is biggest ROM for present ? Organization: Univ. of Southwestern La., Lafayette Lines: 3 Please replay yxy4145@usl.edu Thanks a lot"
572,zero_shot_full_context,13,sci.med,18,talk.politics.misc,18,"From: sutton@vxcrna.cern.ch (SUTTON,BERN./SL) Subject: Hip replacement News-Software: VAX/VMS VNEWS 1.41 Organization: European Organization for Nuclear Research, CERN Lines: 0"
573,zero_shot_full_context,14,sci.space,12,sci.electronics,12,"From: isaackuo@skippy.berkeley.edu (Isaac Kuo) Subject: Re: Electrical Spacecraft via Magnetic field of earth? Organization: U.C. Berkeley Math. Department. Lines: 41 NNTP-Posting-Host: skippy.berkeley.edu In article <1993May1.044441.1@aurora.alaska.edu> nsmca@aurora.alaska.edu writes: >Okay, the earth has a magnetic field (unless someone missed so"
574,zero_shot_full_context,4,comp.sys.mac.hardware,4,comp.sys.mac.hardware,4,"From: eaou083@orion.oac.uci.edu (Eric Htain) Subject: Re: Apple 8*24 GC Video Card Nntp-Posting-Host: orion.oac.uci.edu Organization: University of California, Irvine Lines: 17 In article <1993Apr22.052020.57482@tcs.las-vegas.nv.us> elenay_creations@tcs.las-vegas.nv.us (Anthony D. Saxton) writes: > A friend of mine recently acquired an 8!24 GC card"
575,zero_shot_full_context,10,rec.sport.hockey,9,rec.sport.baseball,9,"Subject: Another travesty at the Joe Louis From: caldwell8102@mtroyal.ab.ca Organization: Mount Royal College, Calgary, Alberta Lines: 13 (Detroit, April 21) Most knowledgable observers once again watched in shock as the Detroit Red Wings again beat the best goaltender in the world six times en route to another easy victory over the best team in th"
576,zero_shot_full_context,5,comp.windows.x,14,sci.space,14,"From: pmartz@dsd.es.com (Paul Martz) Subject: Re: Seeking a simple wm Nntp-Posting-Host: 130.187.85.113 Reply-To: pmartz@dsd.es.com (Paul Martz) Organization: Evans & Sutherland Computer Corp., Salt Lake City, UT Lines: 10 In article <1993May07.160443.6208@nenuphar.saclay.cea.fr>, basile@soleil.serma.cea.fr (Basile STARYNKEVITCH) writes: > I'm seek"
577,zero_shot_full_context,12,sci.electronics,14,sci.space,14,"From: ez019654@othello.ucdavis.edu (Victoria Milliron) Subject: Re: How to the disks copy protected. Organization: University of California, Davis X-Newsreader: Tin 1.1 PL3 Lines: 29 Hmmm... A possibility for the software registration conondrum would be to have the distributor register the copy when the software was sold. The clerk sticks it in the"
578,zero_shot_full_context,18,talk.politics.misc,18,talk.politics.misc,18,"From: ingria@bbn.com (Bob Ingria) Subject: Re: A Message for you Mr. President: How do you know what happened? Organization: BBN, Cambridge MA Lines: 38 Reply-To: ingria@BBN.COM NNTP-Posting-Host: snoopy.bbn.com In-reply-to: goykhman@apollo.hp.com's message of 20 Apr 93 14:11:06 GMT In article <C5sCqI.4By@apollo.hp.com> goykhman@apollo.hp.com (Red "
579,zero_shot_full_context,19,talk.religion.misc,15,soc.religion.christian,15,"From: brian@lpl.arizona.edu (Brian Ceccarelli 602/621-9615) Subject: Re: Is it good that Jesus died? Organization: Lunar & Planetary Laboratory, Tucson AZ. Lines: 192 Brian Kendig first states: > I am my own master. I ask: > Are you truly the master of yourself? Brian Kendig states: > Not yet . . . Make up your mind. > . . . but my life is the grou"
580,zero_shot_full_context,14,sci.space,11,sci.crypt,11,"From: nicho@vnet.IBM.COM (Greg Stewart-Nicholls) Subject: Re: Vandalizing the sky. Reply-To: nicho@vnet.ibm.com Disclaimer: This posting represents the poster's views, not those of IBM News-Software: UReply 3.1 X-X-From: nicho@vnet.ibm.com <C63nA8.4C1@news.cso.uiuc.edu> Lines: 14 In <C63nA8.4C1@news.cso.uiuc.edu> George F. Krumins writes: >I was su"
581,zero_shot_full_context,18,talk.politics.misc,18,talk.politics.misc,18,"From: rbeckham@bnr.ca (Rick Beckham) Subject: Re: ABOLISH SELECTIVE SERVICE Nntp-Posting-Host: crchh8aa Organization: Bell-Northern Research, Richardson, Tx. Lines: 56 In article <visser.735172473@convex.convex.com> visser@convex.com (Lance Visser) writes: > >Dave Borden (borden@head-cfa.harvard.edu) wrote: >: The Selective Service Registration sho"
582,zero_shot_full_context,14,sci.space,14,sci.space,14,From: wb8foz@skybridge.SCL.CWRU.Edu (David Lesher) Subject: Re: No. Re: Space Marketing would be wonderfull. Organization: NRK Clinic for habitual NetNews abusers - Beltway Annex Lines: 11 Reply-To: wb8foz@skybridge.scl.cwru.edu (David Lesher) NNTP-Posting-Host: skybridge.scl.cwru.edu Others said: # >Coca Cola company will want to paint the moon re
583,zero_shot_full_context,3,comp.sys.ibm.pc.hardware,3,comp.sys.ibm.pc.hardware,3,From: ebraeden@magnus.acs.ohio-state.edu (Eric W Braeden) Subject: ** What exactly is the IBM made 486SLC or SLC2 Processor? ** Nntp-Posting-Host: top.magnus.acs.ohio-state.edu Organization: The Ohio State University Distribution: na Lines: 11 Could someone please tell me if the 486SLC and 486SLC2 processors IBM is putting in their Thinkpad 700's a
584,zero_shot_full_context,9,rec.sport.baseball,9,rec.sport.baseball,9,"From: poiriera@woods.ulowell.edu Subject: Re: How does a pitcher get a save? Lines: 22 Organization: University of Massachusetts Lowell In article <1993Apr23.135139.18749@newshub.ariel.yorku.ca>, cs902060@ariel.yorku.ca (GEOFFREY E DIAS) writes: > > The subject line says it all. What is the rule that qualifies > a pitcher as making a save? > ------"
585,zero_shot_full_context,4,comp.sys.mac.hardware,4,comp.sys.mac.hardware,4,From: pebi@aem.umn.edu (Peter A. Bidian) Subject: Re: Duo price reduction? Nntp-Posting-Host: sirocco.aem.umn.edu Organization: University of Minnesota Lines: 25 kwun@css.itd.umich.edu (Michael Kwun) writes: >And the Michigan State University pricing of the 210: > SYSTEMS-POWERBOOK DUO PORTABLE > > M4161LL/A MAC PowerBook Duo 210 - 4M RAM/80M HD 15
586,zero_shot_full_context,13,sci.med,14,sci.space,14,"From: backon@vms.huji.ac.il Subject: Re: Sinus Surgery / Septoplasty Distribution: world Organization: The Hebrew University of Jerusalem Lines: 39 In article <C670zy.DA@utdallas.edu>, kmldorf@utdallas.edu (George Kimeldorf) writes: > In article <badboyC64t0z.FGq@netcom.com> badboy@netcom.com (Jay Keller) writes: >> >>(I've already heard from a cou"
587,zero_shot_full_context,16,talk.politics.guns,18,talk.politics.misc,18,From: jfc@athena.mit.edu (John F Carr) Subject: Re: WACO burning Organization: Massachusetts Institute of Technology Lines: 23 NNTP-Posting-Host: achates.mit.edu In article <C5wCyB.n1F@dscomsa.desy.de> hallam@zeus02.desy.de writes: >Perhaps you consider that Hitler was not responsible for the Holocaust >since the allies could have done more to stop
588,zero_shot_full_context,3,comp.sys.ibm.pc.hardware,13,sci.med,13,"From: ins132g@aurora.cc.monash.edu.au (Nicola Brown) Subject: Programming the Beeper! Organization: Monash University X-Newsreader: TIN [version 1.1 PL6] Lines: 13 I need to be able to cause a beep, but without using any interrupt routines, as I cannot use the BIOS. I believe that the PIC might have something to do with it, but I'm having troubles "
589,zero_shot_full_context,2,comp.os.ms-windows.misc,3,comp.sys.ibm.pc.hardware,3,"From: paladin@world.std.com (Thomas G Schlatter) Subject: Re: Dos window macros Organization: The World Public Access UNIX, Brookline, MA Distribution: usa Lines: 17 In article <1993Apr27.200651.11520@CSD-NewsHost.Stanford.EDU> herrod@CS.Stanford.EDU (Stephen Herrod) writes: >Does anyone know a program that will record keyboard sequences that I >do"
590,zero_shot_full_context,18,talk.politics.misc,16,talk.politics.guns,16,"From: mlf3@ns1.cc.lehigh.edu (Matt Fante) Subject: [COMMENT] Clinton/Reno/BATF and Waco Organization: Lehigh University Lines: 115 \input amstex \documentstyle{amsppt} \pagewidth{6.5in} \magnification=1200 \pageheight{7.5in} \ \title {Letter to the Editor} \endtitle \author {Matthew L. Fante} \endauthor \date {April 20, 1993} \enddate \endtopmatter"
591,zero_shot_full_context,7,rec.autos,7,rec.autos,7,"From: jes@se.houston.geoquest.slb.com (john schultz) Subject: Re: Opinions on 88-89 Pontiac Bonneville Nntp-Posting-Host: spock.se.houston.geoquest.slb.com Organization: GeoQuest System, Inc. Houston Lines: 21 In article <C5uLLq.Ds@acsu.buffalo.edu> v064mb9k@ubvmsb.cc.buffalo.edu (NEIL B. GANDLER) writes: > > > I am in the market to buy a used car."
592,zero_shot_full_context,19,talk.religion.misc,15,soc.religion.christian,15,"From: bskendig@netcom.com (Brian Kendig) Subject: Re: Is it good that Jesus died? Organization: Starfleet Headquarters: San Francisco Lines: 23 brian@lpl.arizona.edu (Brian Ceccarelli 602/621-9615) writes: > >Even though a new-born is innocent as can be, his sinful nature >will surely manifest itself more explicity as he gets older. For >as surely "
593,zero_shot_full_context,13,sci.med,13,sci.med,13,From: kxgst1+@pitt.edu (Kenneth Gilbert) Subject: Re: Persistent vs Chronic Organization: University of Pittsburgh Lines: 39 In article <10557@blue.cis.pitt.edu> doyle+@pitt.edu (Howard R Doyle) writes: :Being a chronic HBsAg carrier does not necessarily mean the patient has chronic :persistent anything. Persons who are chronic carriers may have no
594,zero_shot_full_context,17,talk.politics.mideast,17,talk.politics.mideast,17,"From: Anwar.Mohammed@cs.cmu.edu Subject: Re: News that _I_ missed Organization: Carnegie Mellon, Pittsburgh, PA Lines: 276 <39298@optima.cs.arizona.edu> NNTP-Posting-Host: po4.andrew.cmu.edu In-Reply-To: <39298@optima.cs.arizona.edu> Some articles on the topic: RTw 12/23 0859 GULF ARABS DEMAND IRAN WITHDRAWAL FROM ISLANDS (Eds: updates with end of "
595,zero_shot_full_context,1,comp.graphics,14,sci.space,14,"From: kshin@bcstec.ca.boeing.com (Kevin Shin) Subject: Graph Traversal Algorithms Organization: Boeing Lines: 14 Hi, Everyone. I am currently planning to write a program that traverses the image of handwritten characters in ascii format and produces circle and line representation of handwritten characters. Did anybody out there has any experiences "
596,zero_shot_full_context,15,soc.religion.christian,15,soc.religion.christian,15,"From: conan@durban.berkeley.edu (David Cruz-Uribe) Subject: Re: St. Maria Goretti Organization: U.C. Berkeley Math. Department. Lines: 14 After reading this story about St. Maria Goretti (posted two weeks ago), I am a bit confused. While it is clear that her daily life is one of probity and sanctity, I am afraid I don't quite understand the final e"
597,zero_shot_full_context,19,talk.religion.misc,15,soc.religion.christian,15,"From: b645zaw@utarlg.uta.edu (stephen) Subject: Re: Biblical Backing of Koresh's 3-02 Tape (Cites enclosed) News-Software: VAX/VMS VNEWS 1.41 Nntp-Posting-Host: utarlg.uta.edu Organization: The University of Texas at Arlington Lines: 33 In article <1993Apr21.154750.24341@maths.tcd.ie>, pmoloney@maths.tcd.ie (Paul Moloney) writes... >cotera@woods.ul"
598,zero_shot_full_context,9,rec.sport.baseball,9,rec.sport.baseball,9,"From: jtchern@ocf.berkeley.edu (Joseph Hernandez) Subject: MLB Scores Correction Organization: JTC Enterprises Sports Division (Major League Baseball Dept.) Lines: 16 Distribution: world NNTP-Posting-Host: monsoon-ether.berkeley.edu Keywords: mlb, 04.20 There is a correction to the note I posted for today's update: This is how it read: > NOTE: Satu"
599,zero_shot_full_context,9,rec.sport.baseball,9,rec.sport.baseball,9,From: cmk@athena.mit.edu (Charles M Kozierok) Subject: Re: bosio's no-hitter Organization: Massachusetts Institute of Technology Lines: 26 NNTP-Posting-Host: electric-monk.mit.edu In article <1r9hbsINNavr@shelley.u.washington.edu> dudgeon@opus.cheme.washington.edu writes: } pb6755@csc.albany.edu (BROWN PHILIP H) writes: } } >I watched the final inn
600,zero_shot_full_context,8,rec.motorcycles,9,rec.sport.baseball,9,"From: prange@nickel.ucs.indiana.edu (Henry Prange) Subject: Re: Need advice for riding with someone on pillion Keywords: advice, pillion, help! Nntp-Posting-Host: nickel.ucs.indiana.edu Organization: Indiana University Distribution: na Lines: 12 Don't find out if she has to pee by scaring it out of her. Don't armorall the seat just before her first"
601,zero_shot_full_context,5,comp.windows.x,2,comp.os.ms-windows.misc,2,"From: bkilgore@ips.iacd.honeywell.com (Bruce Kilgore) Subject: RE: X-Server documentation Organization: Honeywell Industrial Automation, Phoenix, AZ Distribution: comp.windows.x Lines: 47 > > Where can I get documentation about the X-Server-Internals? > BTW, I'm also interested in documentation about TIGA. > > Any hints welcome. > > Thanks, rainer."
602,zero_shot_full_context,5,comp.windows.x,5,comp.windows.x,5,"From: hildjj@jupiter.fuentez.COM (Joe Hildebrand) Subject: Re: Help needed: callbacks, actions and events Organization: The Internet Lines: 47 To: soenke@wiwi12.uni-bielefeld.de (Soenke Voss) Cc: xpert@expo.lcs.mit.edu > > I understood that there are two methods to connect application code to widgets: > > callbacks and actions > > The problem I fac"
603,zero_shot_full_context,12,sci.electronics,3,comp.sys.ibm.pc.hardware,3,From: wlsmith@valve.heart.rri.uwo.ca (Wayne Smith) Subject: Pre-fab PC case/power supplies and CSA/UL/FCC stuff Organization: (this space for rent) Nntp-Posting-Host: valve.heart.rri.uwo.ca Lines: 11 What kind of CSA/UL/FCC approval do $60+ mail-order PC computer cases and power supplies have? Can I assume that the certification process for small-s
604,zero_shot_full_context,13,sci.med,13,sci.med,13,"From: turpin@cs.utexas.edu (Russell Turpin) Subject: Re: Need info on Circumcision, medical cons and pros Organization: CS Dept, University of Texas at Austin Lines: 25 NNTP-Posting-Host: im4u.cs.utexas.edu -*---- In article <C63yG5.8tH@cs.uiuc.edu> blix@milton.cs.uiuc.edu (Gunnar Blix) writes: > I need information on the medical (including emotion"
605,zero_shot_full_context,13,sci.med,13,sci.med,13,"From: Renee@cup.portal.com (Renee Linda Roberts) Subject: Muscle spasms post-surgically Organization: The Portal System (TM) Distribution: world Lines: 18 I had ankle reconstruction (grafting the extensor digitorum longus to the lateral side of the ankle, along with a video arthroscopy of the ankle (interesting to watch, to say the least). Since th"
606,zero_shot_full_context,11,sci.crypt,16,talk.politics.guns,16,From: strnlght@netcom.com (David Sternlight) Subject: Re: Clipper considered harmful [Restated and amplified] Organization: DSI/USCRPAC Lines: 30 Brad Yearwood posts a long response to the issue of registering a phone-clipper relationship. It doesn't wash. Recall that law enforcement gets a court order to tap a suspect's phone calls. They do what t
607,zero_shot_full_context,14,sci.space,17,talk.politics.mideast,17,From: Cohen@ssdgwy.mdc.com (Andy Cohen) Subject: DC-X news Organization: MDA-W Lines: 6 Distribution: world NNTP-Posting-Host: q5022531.mdc.com Static test firings are now scheduled for this Saturday.....after many schedule changes..... It may be difficult to get test status during the next two weeks....the number of contacts are drying up as they 
608,zero_shot_full_context,2,comp.os.ms-windows.misc,2,comp.os.ms-windows.misc,2,"From: rmohns@vax.clarku.edu Subject: RE: Help with changing Startup logo Organization: Clark University Lines: 34 In a previous article, louray@seas.gwu.edu (Michael Panayiotakis) wrote: >In article <735952415.AA01739@f-454.fidonet.org> C..Doelle@p26.f3333.n106.z1.fidonet.org (C. Doelle) writes: >>Hello Brad! >> >>Monday April 26 1993 17:24, Brad S"
609,zero_shot_full_context,16,talk.politics.guns,16,talk.politics.guns,16,From: dmeyers@mal-s2.gatech.edu (Dave Meyers) Subject: Re: Who's next? Mormons and Jews? Organization: Georgia Tech Res. Inst./Modeling & Analysis Lab Lines: 22 In <1993Apr20.003522.22480@midway.uchicago.edu> thf2@kimbark.uchicago.edu (Ted Frank) writes: >The Koreshians rubbed themselves out. Neither Mormons nor Jews have a >propensity for dousing 
610,zero_shot_full_context,10,rec.sport.hockey,9,rec.sport.baseball,9,"Subject: Re: Nords 3 - Habs 2 in O.T. We was robbed!! From: caldwell8102@mtroyal.ab.ca Organization: Mount Royal College, Calgary, Alberta Lines: 21 In article <18APR93.25909598.0086@VM1.MCGILL.CA> JBE5 <JBE5@MUSICB.MCGILL.CA> writes: >Aargh! > >Paul Stewart is the worst and most biased ref. presently in the NHL. >He called a total of 4 penalties o"
611,zero_shot_full_context,5,comp.windows.x,5,comp.windows.x,5,"From: jc@minya.UUCP (John Chambers) Subject: program to display .gif files? Lines: 17 It seems silly, but while I've located things like tgif that can edit gif files, and various tools to convert to/from gif format, I haven't been able to locate a program that just opens a window and displays a gif file in it. I've looked thru various faq files, al"
612,zero_shot_full_context,9,rec.sport.baseball,18,talk.politics.misc,18,From: rkoffler@ux4.cso.uiuc.edu (Bighelmet) Subject: Phils spot on ESPN Distribution: na Organization: University of Illinois at Urbana Lines: 15 A few weeks ago I posted about the Phillies team personalities. Did anyone see the ESPN feature on the Phils on Monday Night. John Kruk had a great line. He was talking about people on the team always pla
613,zero_shot_full_context,14,sci.space,14,sci.space,14,"From: pjc@jet.uk (Peter J Card) Subject: Re: Vandalizing the sky. Organization: Joint European Torus Lines: 35 In <1rls95$9aj@access.digex.net> prb@access.digex.com (Pat) writes: >Planes ruin the night sky. Blimps ruin the night sky. Radio towers >ruin the night sky. >Like i said, get a vote, and create some more national parks. which >include onob"
614,zero_shot_full_context,16,talk.politics.guns,16,talk.politics.guns,16,"From: pmgt1425@altair.selu.edu Subject: Re: ATF BURNS DIVIDIAN RANCH! NO SURVIVORS!!! Organization: Southeastern Louisiana University Lines: 33 In article <93112.153005MGB@SLACVM.SLAC.STANFORD.EDU>, <MGB@SLACVM.SLAC.STANFORD.EDU> writes: > From A.P. : According to numerous accounts by those in the compound, > the fire was started by an armoured veh"
615,zero_shot_full_context,15,soc.religion.christian,15,soc.religion.christian,15,"From: creps@lateran.ucs.indiana.edu (Stephen A. Creps) Subject: Catholic doctrine of predestination Organization: Indiana University Lines: 20 In article <May.11.02.37.03.1993.28114@athos.rutgers.edu> noye@midway.uchicago.edu writes: > >really? you may be right, but i'd like proof. as far as i know (and >i am not a div school student!) the catholic"
616,zero_shot_full_context,10,rec.sport.hockey,10,rec.sport.hockey,10,"From: leunggm@odin.control.utoronto.ca (Gary Leung) Subject: Re: POTVIN and HIS STICK Organization: University of Toronto, Systems Control Group Lines: 45 In article <2346575PS380.9.0@sscl.uwo.ca> 2346575PS380@sscl.uwo.ca writes: >Dino getting shots in front of the net, he should expect it. This is playoff >hockey where anything goes. You lose one "
617,zero_shot_full_context,12,sci.electronics,14,sci.space,14,"From: gt4417a@prism.gatech.EDU (SKELTON,JOEL PHILLIP) Subject: help me, i'm not clever! (how to make power supply?) Keywords: power supply Article-I.D.: hydra.94318 Organization: Georgia Institute of Technology Lines: 17 I need to make a power supply that can take input from a cigarette lighter in a car (12v dc) and drive 7.5 volts at up to 3.0 amp"
618,zero_shot_full_context,8,rec.motorcycles,8,rec.motorcycles,8,"From: csundh30@ursa.calvin.edu (Charles Sundheim) Subject: Re: bikes Nntp-Posting-Host: ursa Organization: Calvin College Lines: 14 jlevine@rd.hydro.on.ca (Jody Levine) writes: >> >>>I've bike like | Jody Levine DoD #275 kV >>> got a you can if you -PF | Jody.P.Levine@hydro.on.ca >>> ride it | Toronto, Ontario, Canada >> >>Do you know what Syd mean"
619,zero_shot_full_context,9,rec.sport.baseball,9,rec.sport.baseball,9,"From: mzimmers@netcom.com (Michael Zimmers) Subject: Re: Game Length (was Re: Braves Update!! Organization: Netcom Online Communications Services (408-241-9760 login: guest) Lines: 33 In article <20APR93.15151474@vax.clarku.edu> hhenderson@vax.clarku.edu writes: >nflynn@wvnvms.wvnet.edu writes: >>However, what is with this policy of trying to speed"
620,zero_shot_full_context,16,talk.politics.guns,16,talk.politics.guns,16,"From: garry@alice.att.com (garry hodgson) Subject: Re: Effectiveness .44 calibre Article-I.D.: alice.25348 Reply-To: garry@alice.UUCP () Distribution: world Organization: AT&T, Bell Labs Lines: 56 jtchew@csa3.lbl.gov (Ad absurdum per aspera) writes: From psc@sei.cmu.edu (Peter Capell) on rec.martial-arts... >I'm sure such weapons have been develope"
621,zero_shot_full_context,12,sci.electronics,14,sci.space,14,"From: stephen@dogmatix.inmos.co.uk (Stephen Collyer) Subject: Re: Lead Acid batteries & Concrete? Organization: INMOS Limited, Bristol, UK Lines: 40 In article <1993Apr22.220549.26828@dmu.ac.uk>, cph@dmu.ac.uk (Chris Hand) writes: |> Carter Ames (camter28@astro.ocis.temple.edu) wrote: |> : Why does a lead acid battery discharge and become dead (tot"
622,zero_shot_full_context,7,rec.autos,17,talk.politics.mideast,17,From: c23st@kocrsv01.delcoelect.com (Spiros Triantafyllopoulos) Subject: Re: Ad said Nissan Altima best seller? Organization: Delco Electronics Corp. Lines: 23 In article <C5uFLH.4p4@srgenprp.sr.hp.com> markg@sr.hp.com (Mark Goldsworthy) writes: >I just bought an Altima (and like it very much) and yes there is a >little Stanza logo ever so discrete
623,zero_shot_full_context,6,misc.forsale,6,misc.forsale,6,"From: Truman Fenton <tf26+@andrew.cmu.edu> Subject: >>SALE:bulk enviro T-shirts!!<< Organization: Freshman, Electrical and Computer Engineering, Carnegie Mellon, Pittsburgh, PA Lines: 30 NNTP-Posting-Host: po5.andrew.cmu.edu I am not a company, thus this is not a commercial sale. I purchased 256 T-shirts last fall for a fund raiser that fell throug"
624,zero_shot_full_context,19,talk.religion.misc,16,talk.politics.guns,16,"From: mls@panix.com (Michael Siemon) Subject: Re: What part of ""No"" don't you understand? Organization: PANIX Public Access Unix, NYC Lines: 65 In <1993Apr24.214843.10940@midway.uchicago.edu> eeb1@quads.uchicago.edu (E. Elizabeth Bartley) writes: >I can certainly see opposing the ""Amen"" -- but that doesn't require >opposing a moment of silence. I a"
625,zero_shot_full_context,15,soc.religion.christian,15,soc.religion.christian,15,"From: JEK@cu.nih.gov Subject: The crowd before Pilate Lines: 24 In a post of 29 April (?), considering disasters as instances of the judgements of God in history, Andy Byler spoke of > the desire of the Jerusalem mob who crucified the Lord that > ""His blood be upon us."" Vera Noyes replied (02 May), > I will not comment here for fear of being heavil"
626,zero_shot_full_context,14,sci.space,12,sci.electronics,12,From: matthew@phantom.gatech.edu (Matthew DeLuca) Subject: Re: Mothership for Flybys and cutting costs.. Organization: The Dorsai Grey Captains Lines: 16 NNTP-Posting-Host: oit.gatech.edu In article <1993May1.051312.1@aurora.alaska.edu> nsmca@aurora.alaska.edu writes: >Getting wierd again? Or perhaps even weird? >Okay we have figure out that a miss
627,zero_shot_full_context,10,rec.sport.hockey,9,rec.sport.baseball,9,"From: gtd597a@prism.gatech.EDU (Hrivnak) Subject: Goalie mask poll update 4/21/93 Summary: *** KEEP SENDING IN THOSE VOTES!!! *** Organization: Georgia Institute of Technology Lines: 34 Current votes for favorite goalie masks (3pts - 1st, 2pts - 2nd, 1pt - 3rd) Player Team Pts Votes -------------------------------------------------------------- 1. "
628,zero_shot_full_context,4,comp.sys.mac.hardware,4,comp.sys.mac.hardware,4,"From: bsd9554@ultb.isc.rit.edu (B.S. Davidson) Subject: StyleWriter II Dying? Nntp-Posting-Host: ultb-gw.isc.rit.edu Organization: Rochester Institute of Technology I bought a StyleWriter II a couple months ago, and lately, when I print something, I notice white lines or ""gaps"" running through the line being printed. It's almost like the paper is a"
629,zero_shot_full_context,13,sci.med,11,sci.crypt,11,"From: lim@graphics.rent.com (Julie Lim) Subject: Re: Is MSG sensitivity superstition? Organization: The Graphics BBS (2D,3D,GIF,Animation) +1 908/469-0049 Lines: 25 michael@iastate.edu (Michael M. Huang) writes: > MSG is common in many food we eat, including Chinese (though some oriental > restaurants might put a tad too much in them). I've noticed"
630,zero_shot_full_context,2,comp.os.ms-windows.misc,18,talk.politics.misc,18,From: richs@microsoft.com (Rick Schaut) Subject: Re: Challenge to Microsoft supporters. Organization: Microsoft Corporation Reply-To: richs@microsoft.com (Rick Schaut) Distribution: usa Lines: 13 In article <14822@news.duke.edu> kdb@sunbar.mc.duke.edu (Kurt Bollacker) writes: >I agree. No one ever definitively met my challenge-- only batted around 
631,zero_shot_full_context,18,talk.politics.misc,18,talk.politics.misc,18,"From: garrett@Ingres.COM Subject: Re: Watergate (was: Temper tantrums from the 1960's Summary: Wars vs. Police actions News-Software: VAX/VMS VNEWS 1.4-b1 Keywords: Organization: ASK Computer Systems, Ingres Product Division Distribution: usa Lines: 58 In article <1993Apr20.215539.346@oracle.us.oracle.com>, mfriedma@us.oracle.com (Michae writes... "
632,zero_shot_full_context,3,comp.sys.ibm.pc.hardware,2,comp.os.ms-windows.misc,2,"From: tmc@spartan.ac.BrockU.CA (Tim Ciceran) Subject: Re: TRIDENT 8800CS DRIVERS FOR WIN 3.1? Organization: Brock University, St. Catharines Ontario X-Newsreader: TIN [version 1.1 PL9] Lines: 24 Fast-Eddie Felson (JMARTTILA@FINABO.ABO.FI) wrote: : Hello : I've got an old Trident 8800CS SVGA card, but lacking suitable drivers : for windows 3.1. The "
633,zero_shot_full_context,11,sci.crypt,12,sci.electronics,12,From: Graham Toal <gtoal@gtoal.com> Subject: Re: Let's build software cryptophones for over the internet... Originator: gtoal@pizzabox.demon.co.uk Nntp-Posting-Host: pizzabox.demon.co.uk Reply-To: Graham Toal <gtoal@gtoal.com> Organization: Cuddlehogs Anonymous Lines: 21 In article <1regq0INNn7u@gap.caltech.edu> hal@cco.caltech.edu (Hal Finney) wri
634,zero_shot_full_context,2,comp.os.ms-windows.misc,2,comp.os.ms-windows.misc,2,From: pbp1@cunixb.cc.columbia.edu (Peter B Palij) Subject: W4W tables and HPLJ II printer Nntp-Posting-Host: cunixb.cc.columbia.edu Organization: Columbia University Lines: 20 After setting up a very large (>4 pages) table in Word for Windows I asked word to print it to my HP laserjet II -- worked fine at first. After much editing of the table cont
635,zero_shot_full_context,5,comp.windows.x,13,sci.med,13,Subject: Re-entrancy of Xlib functions. Known problem??? From: visser@eedwsa.itwol.bhp.com.au (Martin Visser) Distribution: world Nntp-Posting-Host: eedwsa.itwol.bhp.com.au Lines: 27 I've found a problem in the use of Xlib functions regarding re-entrancy. I decided to implement an animated cursor (using 6 created cursors) by calling XDefineCursor f
636,zero_shot_full_context,18,talk.politics.misc,15,soc.religion.christian,15,"From: kmunn@tudorct.com (Kristofer Munn) Subject: Re: New Study Out On Gay Percentage Organization: Tudor Investment Corporation, CT Lines: 40 In an article rick@howtek.MV.COM (Rick Roy) writes: > > [This is called NotQuotingTheEntireArticle (tm). Try it...] > >which you refer, please note that many religious beliefs evolved from >basic, pragmatic "
637,zero_shot_full_context,18,talk.politics.misc,16,talk.politics.guns,16,"From: V2110A@VM.TEMPLE.EDU (Richard Hoenes) Subject: Why didn't they come out? Organization: Temple University Lines: 8 Nntp-Posting-Host: vm.temple.edu X-Newsreader: NNR/VM S_1.3.2 After the initial gun battle was over, they had 50 days to come out peacefully. They had their high priced lawyer, and judging by the posts here they had some public su"
638,zero_shot_full_context,2,comp.os.ms-windows.misc,2,comp.os.ms-windows.misc,2,"From: menchett@dws007.unr.edu (Peter J Menchetti) Subject: Microsoft Printing System (or something like that) Organization: University of Nevada, Reno Department of Computer Science Lines: 3 I saw an ad for this and it basically is an advanced print manager... it lets you monitor your printing more closely and comes with a bunch of True type fonts."
639,zero_shot_full_context,13,sci.med,14,sci.space,14,"From: paj@uk.co.gec-mrc (Paul Johnson) Subject: Re: HELP for Kidney Stones .............. Reply-To: paj@uk.co.gec-mrc (Paul Johnson) Organization: GEC-Marconi Research Centre, Great Baddow, UK Lines: 28 In article <etxmow.735561695@garboc29> etxmow@garbo.ericsson.se (Mats Winberg) writes: > Isn't there a relatively new treatment for kidney stones i"
640,zero_shot_full_context,15,soc.religion.christian,15,soc.religion.christian,15,"From: wagner@grace.math.uh.edu (David Wagner) Subject: Re: Deuterocanonicals, esp. Sirach Organization: UH Dept of Math Lines: 67 ""Larry"" == Larry L. Overacker <shellgate!llo@uu4.psi.com> writes: I, not Dave Davis, wrote: > >The deutero-canonical books were added much later in the church's >history. They do not have the same spiritual quality as th"
641,zero_shot_full_context,0,alt.atheism,16,talk.politics.guns,16,"Subject: Re: Alleged Deathbed Conversions (was: Asimov stamp) From: lippard@skyblu.ccit.arizona.edu (James J. Lippard) <C61H4H.8D4@dcs.ed.ac.uk> <sheafferC63zt0.Brs@netcom.com> <C6697n.33o@panix.com> Distribution: world,local Organization: University of Arizona Nntp-Posting-Host: skyblu.ccit.arizona.edu News-Software: VAX/VMS VNEWS 1.41 Lines: 42 I"
642,zero_shot_full_context,6,misc.forsale,4,comp.sys.mac.hardware,4,"From: jlj@engr.latech.edu (James L. Jeansonne) Subject: Re: 486DX/33 CPU chip for sale, $250 Organization: Louisiana Tech University Lines: 37 Distribution: world Reply-To: jlj@engr.latech.edu NNTP-Posting-Host: pulsar.engr.latech.edu In article 12144@mcshub.dcss.mcmaster.ca, cs3sd3ae@maccs.mcmaster.ca (Holly KS) writes: >In article <C5qoBy.9n5@utd"
643,zero_shot_full_context,19,talk.religion.misc,15,soc.religion.christian,15,"From: livesey@solntze.wpd.sgi.com (Jon Livesey) Subject: Re: After 2000 years, can we say that Christian Morality is Organization: sgi Lines: 51 Distribution: world NNTP-Posting-Host: solntze.wpd.sgi.com In article <1r3570$hkv@horus.ap.mchp.sni.de>, frank@D012S658.uucp (Frank O'Dwyer) writes: |> In article <1r2ls3$8mo@fido.asd.sgi.com> livesey@soln"
644,zero_shot_full_context,18,talk.politics.misc,18,talk.politics.misc,18,"From: hallam@dscomsa.desy.de (Phill Hallam-Baker) Subject: Re: Welcome to Police State USA Lines: 66 Reply-To: hallam@zeus02.desy.de Organization: DESYDeutsches Elektronen Synchrotron, Experiment ZEUS bei HERA In article <1993Apr20.030234.66491@cc.usu.edu>, slp9k@cc.usu.edu writes: |>Xref: dscomsa alt.activism:6011 talk.politics.misc:22764 |>Path: "
645,zero_shot_full_context,18,talk.politics.misc,15,soc.religion.christian,15,"From: kaldis@romulus.rutgers.edu (Theodore A. Kaldis) Subject: Re: New Study Out On Gay Percentage Organization: Rutgers Univ., New Brunswick, N.J. Lines: 26 In article <1993Apr19.201836.12436@maths.tcd.ie> pmoloney@maths.tcd.ie (Paul Moloney) writes: > Theodore A. Kaldis: >>> ------ Join the Pythagorean Reform Church! . >>> \ / Repent of your evil"
646,zero_shot_full_context,3,comp.sys.ibm.pc.hardware,4,comp.sys.mac.hardware,4,"From: eric@tvnews.tv.tek.com (Eric F. Dorondo) Subject: Headland Video7 VRAMII 512K ver upgrade info needed Article-I.D.: tvnews.1993Apr23.234324.7191 Organization: Tektronix TV Measurement Systems, Beaverton, OR Lines: 21 I have a Headland Technologies Video Seven VRAMII board that only came with 512K, at the time this was ok but... I need info or"
647,zero_shot_full_context,5,comp.windows.x,4,comp.sys.mac.hardware,4,"From: wijkstra@fwi.uva.nl (Marcel Wijkstra (AIO)) Subject: Resources and cpp - HELP! Organization: FWI, University of Amsterdam Lines: 35 NNTP-Posting-Host: ic.fwi.uva.nl Hi, I am running X11R4 on an IBM RS/6000 (AIX 3.2) and X11R5 on a Sun4 (SunOS 4.1). Since I run X on both colour and black&white displays, I need different values for the same res"
648,zero_shot_full_context,11,sci.crypt,18,talk.politics.misc,18,"From: wendyg@skeptic.demon.co.uk (""Wendy M. Grossman"") Subject: Re: Fifth Amendment and Passwords Distribution: world Organization: Lincoln House Productions Reply-To: wendyg@skeptic.demon.co.uk X-Mailer: Simple NEWS 1.90 (ka9q DIS 1.19) Lines: 17 In article <1993Apr16.113151.7648@cs.aukuni.ac.nz> pgut1@cs.aukuni.ac.nz writes: >In <C5Jzsz.Jzo@cs.ui"
649,zero_shot_full_context,11,sci.crypt,14,sci.space,14,"From: wcs@anchor.ho.att.com (Bill Stewart +1-908-949-0705) Subject: Re: Do we need the clipper for cheap security? Organization: the best minds of a generation, destroyed by madness In-Reply-To: pdc@dcs.ed.ac.uk's message of Wed, 21 Apr 1993 20:41:57 GMT <C5upHy.GH7@dcs.ed.ac.uk> Nntp-Posting-Host: rainier.ho.att.com Lines: 25 In article <C5upHy.GH"
650,zero_shot_full_context,16,talk.politics.guns,16,talk.politics.guns,16,"From: cdt@sw.stratus.com (C. D. Tavares) Subject: Re: Your Evil Tax Dollars at Work, was RE: ATF BURNS RANCH ETC ETC... Organization: Stratus Computer, Inc. Lines: 16 Distribution: world NNTP-Posting-Host: rocket.sw.stratus.com In article <1993Apr23.162517.14029@hpcvusn.cv.hp.com>, kam@cv.hp.com (Keith Marchington) writes: > Good question. Take an "
651,zero_shot_full_context,12,sci.electronics,14,sci.space,14,From: rdell@cbnewsf.cb.att.com (richard.b.dell) Subject: Re: Lead ACid Batteries Part 2!!! Organization: AT&T Lines: 58 In article <C6728H.Luy@cbfsb.cb.att.com> rdell@cbnewsf.cb.att.com (richard.b.dell) writes: >In article <1993Apr27.211036.1@ulkyvx.louisville.edu> jhwhit01@ulkyvx.louisville.edu writes: >>In article <1993Apr26.221422.17208@mprgate.
652,zero_shot_full_context,11,sci.crypt,16,talk.politics.guns,16,"From: pmetzger@snark.shearson.com (Perry E. Metzger) Subject: Re: Screw the people, crypto is for hard-core hackers & spooks only Organization: Partnership for an America Free Drug Lines: 28 jfc@athena.mit.edu (John F Carr) writes: > pmetzger@snark.shearson.com (Perry E. Metzger) writes: >>Well, I'm not a lawyer, but from what I can tell this is co"
653,zero_shot_full_context,11,sci.crypt,18,talk.politics.misc,18,"From: amanda@intercon.com (Amanda Walker) Subject: Re: The [secret] source of that announcement Organization: InterCon Systems Corporation - Herndon, VA USA Lines: 19 Distribution: world Reply-To: amanda@intercon.com (Amanda Walker) NNTP-Posting-Host: chaos.intercon.com X-Newsreader: InterCon TCP/Connect II 1.1 jebright@magnus.acs.ohio-state.edu (J"
654,zero_shot_full_context,15,soc.religion.christian,15,soc.religion.christian,15,"From: creps@lateran.ucs.indiana.edu (Stephen A. Creps) Subject: Re: Does it matter which church? Organization: Indiana University Lines: 22 In article <May.2.09.51.04.1993.11807@geneva.rutgers.edu> gideon@otago.ac.nz (Gideon King) writes: >When the Protestant reformers opposed and subsequently separated from the >Church of Rome, the battle cry of t"
655,zero_shot_full_context,1,comp.graphics,14,sci.space,14,"From: lwilson@ucbeh.san.uc.edu Subject: Viewing JPEG files Distribution: world Organization: Univ of Cincinnati Academic IT Services Lines: 5 Can I view JPEG files without special hardware? Lucy Wilson, Access Services Librarian College of Engineering, University of Cincinnati"
656,zero_shot_full_context,12,sci.electronics,3,comp.sys.ibm.pc.hardware,3,From: kolstad@cae.wisc.edu (Joel Kolstad) Subject: Re: multiple inputs for PC Organization: U of Wisconsin-Madison College of Engineering Lines: 31 In article <93114.142835U19250@uicvm.uic.edu> <U19250@uicvm.uic.edu> writes: >Can anyone offer a suggestion on a problem I am having? >I have several boards whose sole purpose is to decode DTMF tones an
657,zero_shot_full_context,19,talk.religion.misc,18,talk.politics.misc,18,"From: carl@SOL1.GPS.CALTECH.EDU (Carl J Lydick) Subject: Re: Who's next? Mormons and Jews? Organization: HST Wide Field/Planetary Camera Lines: 19 Distribution: world Reply-To: carl@SOL1.GPS.CALTECH.EDU NNTP-Posting-Host: sol1.gps.caltech.edu In article <1rdlsf$vi@agate.berkeley.edu>, isaackuo@skippy.berkeley.edu (Isaac Kuo) writes: =Hmm. The polic"
658,zero_shot_full_context,5,comp.windows.x,18,talk.politics.misc,18,From: dave@sg25.npt.nuwc.navy.MIL (dave lewis) Subject: unsubscribe Organization: The Internet Lines: 3 To: expert@expo.lcs.mit.edu unsubscribe
659,zero_shot_full_context,5,comp.windows.x,2,comp.os.ms-windows.misc,2,"From: dcr@mail.ast.cam.ac.uk (Derek C. Richardson) Subject: xrastool 1.0 part 1/2 Keywords: animation xview raster Nntp-Posting-Host: ioas09.ast.cam.ac.uk Reply-To: dcr@mail.ast.cam.ac.uk Organization: Institute of Astronomy, Cambridge Lines: 699 Well, thanks largely to subscribers of this group, here's xrastool 1.0, the animation package I started"
660,zero_shot_full_context,0,alt.atheism,16,talk.politics.guns,16,"From: sjs28257@uxa.cso.uiuc.edu (Steve Stelter) Subject: Re: Mottos to replace ""In doG we trust"" Organization: University of Illinois at Urbana Lines: 12 pepke@dirac.scri.fsu.edu (Eric Pepke) writes: >""In Mammon We Trust"" >""Hey, this is just a piece of paper!"" >""Spend Me Quickly"" ""This is your god"" (from John Carpenter's ""They Live,"" natch) --Steve"
661,zero_shot_full_context,9,rec.sport.baseball,18,talk.politics.misc,18,"From: kmelcher@rafael.Arco.COM (Kenneth Melcher) Subject: Re: Juan Gonzalez HR Title Not Real? Reply-To: kmelcher@rafael.Arco.COM Organization: ARCO Exploration and Production Technology Lines: 8 Come back ten years from now and look at the careers of Juan Gonzalez vs. Mark McGuire, and then tell us how bogus the Juanderful one's 1992 HR title was."
662,zero_shot_full_context,10,rec.sport.hockey,17,talk.politics.mideast,17,"From: golchowy@alchemy.chem.utoronto.ca (Gerald Olchowy) Subject: Re: Wings will win Organization: University of Toronto Chemistry Department Lines: 47 In article <ragraca.735586800@vela.acs.oakland.edu> ragraca@vela.acs.oakland.edu (Randy A. Graca) writes: > >It's true that Vancouver did not make the playoffs for many a year before >Quinn came, bu"
663,zero_shot_full_context,3,comp.sys.ibm.pc.hardware,6,misc.forsale,6,"From: johng@matt.ksu.ksu.edu (Graywings) Subject: WANTED: hard drive. buy/trade (80 MB or more) Organization: Kansas State University Lines: 20 NNTP-Posting-Host: matt.ksu.ksu.edu Greetings, I am looking to upgrade my hard drive to a much bigger one since I find myself kinda cramped on space, althuogh I have never filled it I would like the extra c"
664,zero_shot_full_context,10,rec.sport.hockey,9,rec.sport.baseball,9,"From: gritter@cs.purdue.edu (Carl Gritter) Subject: NHL ALLTIME SCORING LEADERS Organization: Purdue University Department of Computer Sciences Lines: 235 Distribution: world NNTP-Posting-Host: morgause.cs.purdue.edu Here are the NHL's alltime leaders in goals and points at the end of the 1992-3 season. Again, much thanks to Joseph Achkar. Carl Not"
665,zero_shot_full_context,16,talk.politics.guns,18,talk.politics.misc,18,"From: cdt@sw.stratus.com (C. D. Tavares) Subject: Re: Your Evil Tax Dollars at Work, was RE: ATF BURNS RANCH ETC ETC... Organization: Stratus Computer, Inc. Lines: 40 Distribution: world NNTP-Posting-Host: rocket.sw.stratus.com In article <93112.230800MBS110@psuvm.psu.edu>, Mark 'Mark' Sachs <MBS110@psuvm.psu.edu> writes: > I find it tremendously c"
666,zero_shot_full_context,0,alt.atheism,14,sci.space,14,"From: mathew <mathew@mantis.co.uk> Subject: Re: Are atoms real? (was Re: After 2000 years blah blah blah) Organization: Mantis Consultants, Cambridge. UK. X-Newsreader: rusnews v1.02 Lines: 30 kempmp@phoenix.oulu.fi (Petri Pihko) writes: >mathew (mathew@mantis.co.uk) wrote: >> What is the difference between a ""_chemist_"" and someone who is taught >"
667,zero_shot_full_context,16,talk.politics.guns,16,talk.politics.guns,16,"From: djh4484@rigel.tamu.edu (HARTY, DANIEL JOSEPH) Subject: Re: What to do if you shoot somebody Organization: Texas A&M University, Academic Computing Services Lines: 75 Distribution: world NNTP-Posting-Host: rigel.tamu.edu News-Software: VAX/VMS VNEWS 1.41 In article <93108.025818U28037@uicvm.uic.edu>, Jason Kratz <U28037@uicvm.uic.edu> writes.."
668,zero_shot_full_context,3,comp.sys.ibm.pc.hardware,4,comp.sys.mac.hardware,4,"From: pgleason@ncratl.AtlantaGA.NCR.COM (Pat Gleason) Subject: Re: Gateway Flash BIOS Upgrade Organization: NCR Engineering and Manufacturing Atlanta -- Atlanta, GA Lines: 12 In <11172@lhdsy1.lahabra.chevron.com> hwrvo@kato.lahabra.chevron.com (W.R. Volz) writes: >1) What do I gain with this new BIOS? It fixed a problem for us of getting Divide Err"
669,zero_shot_full_context,0,alt.atheism,15,soc.religion.christian,15,"From: cmtan@iss.nus.sg (Tan Chade Meng - dan) Subject: Re: Why? Organization: Institute Of Systems Science, NUS X-Newsreader: Tin 1.1 PL4 Lines: 20 boyd@acsu.buffalo.edu (Daniel F Boyd) writes: : : If the Bible is such incredible proof of Christianity, then why aren't : the Muslims or the Hindus convinced? : : If the Qur'an is such incredible proof"
670,zero_shot_full_context,7,rec.autos,7,rec.autos,7,"From: aas7@po.CWRU.Edu (Andrew A. Spencer) Subject: RE: IMPALA SS GOING INTO Organization: Case Western Reserve University, Cleveland, OH (USA) Lines: 34 Reply-To: aas7@po.CWRU.Edu (Andrew A. Spencer) NNTP-Posting-Host: slc5.ins.cwru.edu In a previous article, george.howell%goucher@wb3ffv.ampr.org (George Howell) says: >GM has always screwed the re"
671,zero_shot_full_context,15,soc.religion.christian,15,soc.religion.christian,15,"From: nichael@bbn.com (Nichael Cramer) Subject: Re: Variants in the NT Text (cont.) Reply-To: ncramer@bbn.com Organization: BBN, Interzone Office Lines: 75 From: db7n+@andrew.cmu.edu (D. Andrew Byler) >Does anyone now where an English translation of the long recension of >the Acts of the Apostles can be found? 1] An english translation of this can "
672,zero_shot_full_context,9,rec.sport.baseball,9,rec.sport.baseball,9,"From: nflynn@wvnvms.wvnet.edu Subject: Game Length (was Re: Braves Update!! Organization: West Virginia Network for Educational Telecomputing Lines: 41 In article <1993Apr19.194025.8967@adobe.com>, snichols@adobe.com (Sherri Nichols) writes: [stuff about Ron Gant incident deleted] > A reasonable umpire would do as he's been instructed to do this se"
673,zero_shot_full_context,8,rec.motorcycles,9,rec.sport.baseball,9,"From: cookson@mbunix.mitre.org (Cookson) Subject: Volvo Attack! Nntp-Posting-Host: mbunix.mitre.org Organization: The MITRE Corp., Bedford, Ma. Lines: 22 I was privelged enough to experience my first Volvo attack this weekend. I was last in a line of traffic that was about 6 vehicles long, riding down Rt. 40 in Groton Ma. At the side of the road, s"
674,zero_shot_full_context,4,comp.sys.mac.hardware,4,comp.sys.mac.hardware,4: comp.sys,"From: kmradke@iastate.edu (Kevin M Radke) Subject: Unknown Mac board NATIONAL INSTRUMENTS NB-DMA-8 Organization: Iowa State University, Ames, IA Distribution: usa Lines: 22 I need help identifying this board that I found stuffed away in a corner. As the title says, all that is printed on it is NATIONAL INSTRUMENTS NB-DMA-8. It fits fine in my Mac I"
675,zero_shot_full_context,4,comp.sys.mac.hardware,13,sci.med,13,From: jyow@desire.wright.edu Subject: How do you use DAT tape backup? Organization: Wright State University Lines: 9 I have access to a DEC TLZ06 DEC DAT tape backup. What do I need to interface my SE/30 to the tape backup. The tape backup is a SCSI. Will Norton Utilities be sufficient to interface the two? *****************************************
676,zero_shot_full_context,14,sci.space,14,sci.space,14,"From: isaackuo@jell-o.berkeley.edu (Isaac Kuo) Subject: Re: Drag-free satellites Organization: U.C. Berkeley Math. Department. Lines: 37 NNTP-Posting-Host: jell-o.berkeley.edu In article <15821.2be3e125@cpva.saic.com> thomsonal@cpva.saic.com writes: >On Sat, 1 May 1993 23:13:39 GMT, henry@zoo.toronto.edu (Henry Spencer) said: > >> No. A ""dragless"" "
677,zero_shot_full_context,2,comp.os.ms-windows.misc,2,comp.os.ms-windows.misc,2,"From: siockman@elaine3.Stanford.EDU (Sam Ockman) Subject: Best Shareware/rograms Organization: Dr. Herzl's New Zion Club X-Newsreader: TIN [version 1.1 PL8] Lines: 20 I know that there is a list of the best shareware and public domain programs for Windows at the cica ftp site, but unfortunately it is a year old. The list author made it sound like t"
678,zero_shot_full_context,9,rec.sport.baseball,9,rec.sport.baseball,9,"From: jmann@vineland.pubs.stratus.com (Jim Mann) Subject: Re: Apology for Article Organization: Stratus Computer Inc, Marlboro MA Lines: 26 Reply-To: jmann@vineland.pubs.stratus.com NNTP-Posting-Host: gondolin.pubs.stratus.com In article <GRABINER.93Apr23112924@germain.harvard.edu> writes: > But it is subject to all kinds of bias, and is almost com"
679,zero_shot_full_context,19,talk.religion.misc,15,soc.religion.christian,15,"Subject: Re: [rw] Is Robert Weiss the only orthodox Christian? From: brian@lpl.arizona.edu (Brian Ceccarelli 602/621-9615) Organization: Lunar & Planetary Laboratory, Tucson AZ. Lines: 62 >I'm curious to know if Christians ever read books based on critique >on the religion, classical text such as ""Age of Reason"" by Paine, >or ""The Myth Maker"" by Ja"
680,zero_shot_full_context,13,sci.med,13,sci.med,13,From: gary@concave.cs.wits.ac.za (Gary Taylor) Subject: Umbilical Hernia Organization: Wits University Electrical Engineering Lines: 9 Could anyone give me information on Umbilical hernias. The patient is over weight and has a protruding hernia. Surgery may be risky due to the obesity. What other remedies could I try? Thanx in advance Dr. Gary Tayl
681,zero_shot_full_context,11,sci.crypt,11,sci.crypt,11,"From: rdippold@qualcomm.com (Ron ""Asbestos"" Dippold) Subject: Re: Wiretapping reality today Originator: rdippold@qualcom.qualcomm.com Nntp-Posting-Host: qualcom.qualcomm.com Organization: Qualcomm, Inc., San Diego, CA Lines: 24 strnlght@netcom.com (David Sternlight) writes: >Some of the messages here seem to reflect the view that the government is "
682,zero_shot_full_context,7,rec.autos,6,misc.forsale,6,"From: westes@netcom.com (Will Estes) Subject: Looking for low lease rate on Toyota Previa Organization: Mail Group X-Newsreader: TIN [version 1.1 PL8] Lines: 7 What's the best lease quote that anyone has seen on a Toyota Previa DX or DX All-trac for a two-year lease? If you know where I can get a better rate than $330/month, please contact me with "
683,zero_shot_full_context,17,talk.politics.mideast,16,talk.politics.guns,16,"Subject: Re: Heir Martillo (Re: Just say no to Abrahamic religion) From: mghayalo@uceng.uc.edu (Manoj Ghayalod) Organization: University of Cincinnati Lines: 19 In article <1993May24.165636.29928@cirrus.com> chrism@cirrus.com (Chris Metcalfe) writes: >In article <C7FpAL.Eu9@world.std.com> tti@world.std.com (Joachim Martillo) writes: > >>To be fair,"
684,zero_shot_full_context,17,talk.politics.mideast,18,talk.politics.misc,18,"From: aap@wam.umd.edu (Alberto Adolfo Pinkas) Subject: Re: MORE LIAR'S PROFILES: Shostack, Freeman, & ""Death"" Organization: University of Maryland, College Park Lines: 47 NNTP-Posting-Host: rac3.wam.umd.edu In article <1993May10.160125.3179@colorado.edu> perlman@qso.Colorado.EDU (Eric S. Perlman) writes: >>::::::::::::::::::::::::::::::::::::::::::"
685,zero_shot_full_context,16,talk.politics.guns,16,talk.politics.guns,16,From: jagst18+@pitt.edu (Josh A Grossman) Subject: More on stupid media Organization: University of Pittsburgh Lines: 10 Originator: jagst18@unixd3.cis.pitt.edu I just heard on CNN that the Texas Rangers found an M60 machine gun in the BD compound Rubble. The newscaster called this a new hi-tech military weapon! HA HA!! I would bet that it is that 
686,zero_shot_full_context,15,soc.religion.christian,15,soc.religion.christian,15,"From: revdak@netcom.com (D. Andrew Kille) Subject: Re: Homosexuality issues in Christianity Organization: NETCOM On-line Communication Services (408 241-9760 guest) Lines: 28 Darin Johnson (djohnson@cs.ucsd.edu) wrote: : Ok, what's more important to gay Christians? Sex, or Christianity? : Christianity I would hope. Would they be willing to forgo se"
687,zero_shot_full_context,15,soc.religion.christian,15,soc.religion.christian,15,From: gtd259a@prism.gatech.edu (Matt Kressel) Subject: a few questions Organization: Georgia Institute of Technology Lines: 64 I am writing a paper on religion and how it reflects and or affects modern music. This brief questionaire is summary of the questions I would like answered. A response is requested and can be mailed to me directly at: gtd25
688,zero_shot_full_context,14,sci.space,14,sci.space,14,"From: nsmca@aurora.alaska.edu Subject: Satellite around Pluto Mission? Lines: 14 Nntp-Posting-Host: acad3.alaska.edu Organization: University of Alaska Fairbanks Being wierd again, so be warned: Is there a plan to put a satellite around each planet in the solar system to keep watch? I help it better to ask questions before I spout an opinion. How a"
689,zero_shot_full_context,16,talk.politics.guns,16,talk.politics.guns,16,"From: positron@quip.eecs.umich.edu (Jonathan Haas) Subject: Quotes requested Organization: University of Michigan EECS Dept., Ann Arbor Lines: 11 I need quotes from Jefferson, Hamilton, Madison, or any of the other founders, that support the idea that the Second Amendment was written into the Constitution so that the populace could protect itself i"
690,zero_shot_full_context,3,comp.sys.ibm.pc.hardware,3,comp.sys.ibm.pc.hardware,3,From: beng@dorsai.dorsai.org (Ben Ng) Subject: trakker backup Organization: The Dorsai Embassy Lines: 9 NNTP-Posting-Host: dorsai.dorsai.org Summary: trakker Keywords: trakker X-Newsreader: TIN [version 1.1 PL9] To those who own CMS's Trakkers...please email me with your thoughts on your machine...and specifics such as avg. file access..etc Ben Ng 
691,zero_shot_full_context,4,comp.sys.mac.hardware,4,comp.sys.mac.hardware,4,From: pinghua@emily14.Berkeley.EDU (Pinghua Young) Subject: Re: When is Apple going to ship CD300i's? Organization: University of California at Berkeley Lines: 21 NNTP-Posting-Host: emily14.berkeley.edu In article <1r1d2r$baf@umcc.umcc.umich.edu> dlc@umcc.umcc.umich.edu (David Claytor) writes: >>1. System Install >>2. Kodak Photo CD sampler >>3. Al
692,zero_shot_full_context,7,rec.autos,7,rec.autos,7,From: pzh@aeg.dsto.gov.au (Paul Heuer) Subject: Re: Lemon Law -- Does anyone know the law? Organization: Defence Science and Technology Organisation Lines: 19 NNTP-Posting-Host: albatross.dsto.gov.au kchupp@kchupp (Kevin Chupp) writes: >My father is have lots of problems with a 2 year old van. What is the >lemon law? What should he do if he qualifi
693,zero_shot_full_context,10,rec.sport.hockey,9,rec.sport.baseball,9,"From: gtd597a@prism.gatech.EDU (Hrivnak) Subject: Re: Goodbye, good riddance, get lost 'Stars Organization: Georgia Institute of Technology Lines: 13 In article <1993Apr21.070706.21059@julian.uwo.ca> kirk@gaul.csd.uwo.ca (ANDREW KIRK) writes: >Back to hockey, >the North Stars should be moved because for the past few years they have >just been SHIT."
694,zero_shot_full_context,12,sci.electronics,14,sci.space,14,"From: lhe@sics.se (Lars-Henrik Eriksson) Subject: Re: How universal are phones these days? In-Reply-To: wd@cs.tu-berlin.de's message of 26 Apr 1993 10:20:23 GMT Lines: 22 Organization: Swedish Institute of Computer Science, Kista In article <WD.93Apr26122020@sam.cs.tu-berlin.de> wd@cs.tu-berlin.de (Wolfgang Diestelkamp) writes: In article <1rg36hIN"
695,zero_shot_full_context,16,talk.politics.guns,18,talk.politics.misc,18,From: pyron@skndiv.dseg.ti.com (Dillon Pyron) Subject: My sig Lines: 21 Nntp-Posting-Host: skndiv.dseg.ti.com Reply-To: pyron@skndiv.dseg.ti.com Organization: TI/DSEG VAX Support My sig has generated more mail than any of my posts. Robin Hood is a school financing plan wherein property rich school districts will have a portion of their tax revenue 
696,zero_shot_full_context,1,comp.graphics,14,sci.space,14,"From: rboykin@cscsparc.larc.nasa.gov (Rick Boykin) Subject: Lookin Form 3-D model of Loom Organization: NASA Langley Research Center, Hampton, VA USA Lines: 25 Distribution: world NNTP-Posting-Host: cscsparc.larc.nasa.gov Keywords: 3-D Loom Model Hi folks, I'm doing an animated film on new methodes in loom research (You know, the thing they make cl"
697,zero_shot_full_context,13,sci.med,14,sci.space,14,"From: ""nigel allen"" <nigel.allen@canrem.com> Subject: New Method For Diagnosing Alzheimer's Disease Discovered Reply-To: ""nigel allen"" <nigel.allen@canrem.com> Organization: Canada Remote Systems Distribution: sci Lines: 113 Here is a press release from Huntington Medical Research Institutes. New Method For Diagnosing Alzheimer's Disease Discovered"
698,zero_shot_full_context,7,rec.autos,4,comp.sys.mac.hardware,4,"Subject: Lexus and Infiniti From: w00026@TIGGER.STCLOUD.MSUS.EDU Reply-To: w00026@TIGGER.STCLOUD.MSUS.EDU Organization: ST. CLOUD STATE UNIVERSITY, ST. CLOUD, MN Nntp-Posting-Host: tigger.stcloud.msus.edu Lines: 22 First off, the correct spelling of Nissan's luxury automobile division is ""Infiniti"" not ""Infinity."" I would also like to clear up the "
699,zero_shot_full_context,0,alt.atheism,15,soc.religion.christian,15,From: kmr4@po.CWRU.edu (Keith M. Ryan) Subject: Re: 27 fundamental beliefs of SDA Organization: Case Western Reserve University Lines: 21 NNTP-Posting-Host: b64635.student.cwru.edu In article <healta.183.735790222@saturn.wwc.edu> healta@saturn.wwc.edu (Tammy R Healy) writes: > I was asked to post list of the SDA Church's basic beliefs. The SDA >chu
700,zero_shot_full_context,18,talk.politics.misc,18,talk.politics.misc,18,"From: cutter@gloster.via.mind.org (cutter) Subject: Re: Limiting Govt (was Re: Employment (was Re: Why not concentrate.. Distribution: world Organization: Gordian Knot, Gloster,GA Lines: 27 pjs269@tijc02.uucp (Paul Schmidt) writes: > I want to know that I have a competent doctor when I am ill. Government > regulations have driven up costs and decre"
701,zero_shot_full_context,19,talk.religion.misc,18,talk.politics.misc,18,"From: sandvik@newton.apple.com (Kent Sandvik) Subject: Re: Waco information accuracy Organization: Cookamunga Tourist Bureau Lines: 14 In article <1r9mflINNak4@crcnis1.unl.edu>, e_p@unl.edu (edgar pearlstein) wrote: > An example is the FBI report that several of the bodies found > in the rubble had bullet wounds. The local coroner, who is > indepen"
702,zero_shot_full_context,4,comp.sys.mac.hardware,4,comp.sys.mac.hardware,4,"From: kah@vme.heurikon.com (Ken Heitke) Subject: Re: When is Apple going to ship CD300i's? Reply-To: kah@vme.heurikon.com (Ken Heitke) Organization: Heurikon Corporation, Madison, WI Lines: 18 In article <1quod6$i3n@menudo.uh.edu> ln63sdm@sdcc4.ucsd.edu writes: > >The CD300 (external) is already shipping and has been shipping for quite awhile >now."
703,zero_shot_full_context,18,talk.politics.misc,11,sci.crypt,11,"From: fox@graphics.cs.nyu.edu (David Fox) Subject: Re: Bill Targets Pension Funds for "" Liberation "" In-Reply-To: mwilson@ncratl.AtlantaGA.NCR.COM's message of Mon, 19 Apr 1993 17:14:37 GMT Nntp-Posting-Host: graphics.cs.nyu.edu Organization: Courant Institute of Mathematical Sciences <C5qqKE.97J@ncratl.AtlantaGA.NCR.COM> Lines: 24 In article <C5qq"
704,zero_shot_full_context,0,alt.atheism,18,talk.politics.misc,18,"From: madhaus@netcom.com (Maddi Hausmann) Subject: Re: some thoughts. Organization: Society for Putting Things on Top of Other Things Lines: 23 healta@saturn.wwc.edu (Tammy R Healy) writes: > >Tammy ""See, Maddi, I trimmed it!"" Healy Well, you're going to have to practice, but you're getting the hang of it. Soon we're going to have to give you a new"
705,zero_shot_full_context,15,soc.religion.christian,15,soc.religion.christian,15,From: gt7122b@prism.gatech.edu (Randal Lee Nicholas Mandock) Subject: Re: The doctrine of Original Sin Organization: Georgia Institute of Technology Lines: 20 In article <May.12.04.29.14.1993.9997@athos.rutgers.edu> mdw33310@uxa.cso.uiuc.edu (Michael D. Walker) writes: > My feeling on baptism is this: parents baptize their baby so that the > baby h
706,zero_shot_full_context,6,misc.forsale,6,misc.forsale,6,"From: khoh@aludra.usc.edu (Oliver Muoto) Subject: Many Business Books for Sale.....good prices Organization: University of Southern California, Los Angeles, CA Lines: 54 Distribution: world NNTP-Posting-Host: aludra.usc.edu I have the following busines books/best sellers for sale. All in excellent order. If you are interested email me an offer... 1"
707,zero_shot_full_context,6,misc.forsale,16,talk.politics.guns,16,"From: jrm@elm.circa.ufl.edu (Jeff Mason) Subject: PRICE SLASHED!! COMICS: 60% of Overstreet Price Guide Organization: Univ. of Florida Psychology Dept. Lines: 423 NNTP-Posting-Host: elm.circa.ufl.edu Updated April 27, 1993. Most comics here are priced at 40% below the Overstreet Price Guide, all comics are in near mint to mint condition. TITLE PRIC"
708,zero_shot_full_context,2,comp.os.ms-windows.misc,3,comp.sys.ibm.pc.hardware,3,From: ajs8@kimbark.uchicago.edu (adam jeremy schorr) Subject: 32 bit Access Reply-To: ajs8@midway.uchicago.edu Organization: University of Chicago Lines: 5 I have a Gateway 4dx2/66v. Does anyone know if I csn (or can't) Duse 32 bit access? D D
709,zero_shot_full_context,1,comp.graphics,5,comp.windows.x,5,From: wbrand@krishna.shearson.com (Willy Brandsdorfer) Subject: digital cameras Article-I.D.: krishna.WBRAND.93Apr29122020 Distribution: comp.multimedia Organization: Lehman Brothers Lines: 16 I'm interested in obtaining the highest possible image capture in a MS-Windows application. The resulting image must go to print and high resolution is the n
710,zero_shot_full_context,9,rec.sport.baseball,9,rec.sport.baseball,9,From: golchowy@alchemy.chem.utoronto.ca (Gerald Olchowy) Subject: Re: Jays' Darrin Jackson is a nightmare! Organization: University of Toronto Chemistry Department Lines: 36 In article <1993Apr19.061102.16204@r-node.hub.org> shadow@r-node.hub.org (Jay Chu) writes: > >Jackson is a bum. And I thought the Jays were smart to get rid of Gruber. >Now we 
711,zero_shot_full_context,12,sci.electronics,17,talk.politics.mideast,17,"From: msunde01@mik.uky.edu (Mark Underwood) Subject: Re: Radar detector DETECTORS? Article-I.D.: ms.C5wnBG.FAp Reply-To: msunde01@mik.uky.edu Organization: University Of Kentucky, Dept. of Math Sciences Lines: 27 Nntp-Posting-Host: nx34.mik.uky.edu In article <C5usK6.H2H@athena.cs.uga.edu> mcovingt@aisun1.ai.uga.edu (Michael Covington) writes: > Th"
712,zero_shot_full_context,9,rec.sport.baseball,9,rec.sport.baseball,9,"Organization: University of Notre Dame - Office of Univ. Computing From: <RVESTERM@vma.cc.nd.edu> Subject: Re: Yankee Thoughts Lines: 38 In article <1993Apr20.154542.147196@clam.com>, sam@steamer.clam.com (Sam Mandelbaum) says: > >Yes - Everyone seems to be in agreement that the Yankees are >finally moving in the right direction. They should finish"
713,zero_shot_full_context,1,comp.graphics,4,comp.sys.mac.hardware,4,"From: mpdillon@halcyon.com (Michael Dillon) Subject: Re: MGR NAPLPS & GUI BBS Frontends Organization: ""A World of Information at your Fingertips"" Lines: 46 NNTP-Posting-Host: nwfocus.wa.com >Hi all, >I am looking into methods I can use to turn my Linux based BBS into a full color >Graphical BBS that supports PC, Mac, Linux, and Amiga callers. >Orig"
714,zero_shot_full_context,7,rec.autos,7,rec.autos,7,"From: qwerty@tunisia.ssc.gov (Kris Schludermann) Subject: Re: RFI: Art of clutchless shifting Nntp-Posting-Host: tunisia.ssc.gov Organization: Superconducting Super Collider Laboratory Lines: 11 In article <1993Apr23.010311.23110@ra.oc.com>, lusky@ccwf.cc.utexas.edu (Jonathan R. Lusky) writes: |> |> Shifting without the clutch on a transmission wit"
715,zero_shot_full_context,5,comp.windows.x,12,sci.electronics,12,"From: oj@world.std.com (Oliver Jones) Subject: Re: X Design choice for color handling: question Keywords: color Organization: Shawsheen Software Lines: 20 In article <lu1oftINNnfk@cascais.cs.utexas.edu> sirosh@cs.utexas.edu (Joseph Sirosh) writes: > >...Why did X designers decide to not associate >the color with the object being drawn, and instead "
716,zero_shot_full_context,15,soc.religion.christian,0,alt.atheism,0,"From: ptrei@bistromath.mitre.org (Peter Trei) Subject: Re: Athiests and Hell Organization: The MITRE Corporation Lines: 24 In article <May.9.05.38.49.1993.27375@athos.rutgers.edu> REXLEX@fnal.fnal.gov writes: [much deleted] >point today might be the Masons. (Just a note, that they too worshipped >Osiris in Egypt...) [much deleted] It bugs me when I"
717,zero_shot_full_context,0,alt.atheism,14,sci.space,14,"From: kempmp@phoenix.oulu.fi (Petri Pihko) Subject: Re: Consciousness part II - Kev Strikes Back! Organization: University of Oulu, Finland X-Newsreader: TIN [version 1.1 PL9] Lines: 207 Kevin Anthoney (kax@cs.nott.ac.uk) wrote: (about my reply) > Diplomatic :-) It a society that is constantly on the verge of flaming, Usenet, diplomacy is the best "
718,zero_shot_full_context,4,comp.sys.mac.hardware,4,comp.sys.mac.hardware,4,"From: andy@ie.utoronto.ca (Andy Sun) Subject: Asante Ethernet Adapter for LCIII Math Chip Organization: University of Toronto, Department of Industrial Engineering Lines: 17 Hi, I have been told by a local sales that Asante has come out with this LCIII PDS Ethernet adapter with an optional 68882 socket on the board. My question is will the FPU perf"
719,zero_shot_full_context,13,sci.med,14,sci.space,14,"Organization: University of Illinois at Chicago, academic Computer Center From: <U18183@uicvm.uic.edu> Subject: Re: Chromium for weight loss Lines: 18 There is no data to show chromium is effective in promoting weight loss. The few studies that have been done using chromium have been very flawed and inher ently biased (the investigators were making"
720,zero_shot_full_context,2,comp.os.ms-windows.misc,2,comp.os.ms-windows.misc,2,"From: ak333@cleveland.Freenet.Edu (Martin Linsenbigler) Subject: Standard and Enhanced question Organization: Case Western Reserve University, Cleveland, OH (USA) Lines: 31 Reply-To: ak333@cleveland.Freenet.Edu (Martin Linsenbigler) NNTP-Posting-Host: hela.ins.cwru.edu Why is Win 3.1 sometimes so finicky? I have a new DELL 486DX2/66mhz 8 megs RAM. "
721,zero_shot_full_context,15,soc.religion.christian,15,soc.religion.christian,15,"From: Eugene.Bigelow@ebay.sun.com (Geno ) Subject: Re: The doctrine of Original Sin Reply-To: Eugene.Bigelow@ebay.sun.com Organization: Sun Microsystems, Inc. Lines: 11 creps@lateran.ucs.indiana.edu (Stephen A. Creps) writes: > To summarize, you accused the original poster of saying if something >is not forbidden by the Bible, then that proves it i"
722,zero_shot_full_context,4,comp.sys.mac.hardware,4,comp.sys.mac.hardware,4,"From: jacobs@cerritos.edu Subject: Problem printing Quark on a SWII Organization: Cerritos College, Norwalk CA Lines: 15 Iv'e got a problem printing with a StyleWriterII. I am printing from a IIvx with 20 megs ram. I am trying to print a Quark file that has 2 fonts a couple of boxes and 3 gradient fills. Two things happen: I get a "" Disk is full"" e"
723,zero_shot_full_context,15,soc.religion.christian,15,soc.religion.christian,15,"From: RBNMTM@rohvm1.rohmhaas.com Subject: Re: Immaculate Conception (was Re: What WAS the immaculate Organization: Rohm and Haas Company Lines: 3 You forgot one thing ""All have sinned and fallen short of the glory of God"". Mark"
724,zero_shot_full_context,13,sci.med,14,sci.space,14,"From: aldridge@netcom.com (Jacquelin Aldridge) Subject: Re: Candida(yeast) Bloom, Fact or Fiction Organization: NETCOM On-line Communication Services (408 241-9760 guest) Lines: 52 rind@enterprise.bih.harvard.edu (David Rind) writes: >In article <1993Apr22.153000.1@vms.ocom.okstate.edu> > banschbach@vms.ocom.okstate.edu writes: >>poster for being t"
725,zero_shot_full_context,6,misc.forsale,6,misc.forsale,6,From: leonardo@immacc.prepnet.com (Stephanie E. Leonardo) Subject: Re:VHS Video for sale Organization: UTexas Mail-to-News Gateway Lines: 3 NNTP-Posting-Host: cs.utexas.edu Is this not the same movie that sold at McDonald's for $7.99?? (new)?
726,zero_shot_full_context,0,alt.atheism,15,soc.religion.christian,15,"From: jgreen@trumpet.calpoly.edu (James Thomas Green) Subject: Logic of Jesus? Organization: California Polytechnic State University, San Luis Obispo Lines: 12 dps@nasa.kodak.com Pontificated: >Simple logic arguments are folly. If you read the Bible you will see >that Jesus made fools of those who tried to trick him with ""logic"". Can you cite an ex"
727,zero_shot_full_context,9,rec.sport.baseball,9,rec.sport.baseball,9,"From: jtchern@ocf.berkeley.edu (Joseph Hernandez) Subject: MLB Standings and Scores for Wed., Apr. 21st, 1993 Organization: JTC Enterprises Sports Division (Major League Baseball Dept.) Lines: 73 Distribution: world NNTP-Posting-Host: monsoon-ether.berkeley.edu Keywords: mlb, 04.21 MLB Standings and Scores for Wednesday, April 21st, 1993 (including"
728,zero_shot_full_context,7,rec.autos,17,talk.politics.mideast,17,"From: rjwade@rainbow.ecn.purdue.edu (Robert J. Wade) Subject: Re: Saturn Extended Warranty Organization: Purdue University Engineering Computer Network Lines: 26 In article <93113.123459U59985@uicvm.uic.edu> <U59985@uicvm.uic.edu> writes: >I agree with Gaia. Even though the Saturn has proved to be a very reliable car >so far, a little money spent n"
729,zero_shot_full_context,9,rec.sport.baseball,17,talk.politics.mideast,17,"From: macomber@sctc.com (Chuck Macomber) Subject: Twins Update 4-22 Organization: SCTC Lines: 88 TWINS UPDATE -- Posted April 22, 1993 --------------------------------------------- The Twins defeated the Milwaukee Brewers 5-4 today to conclude a three game homestand with the Brew crew. The Twins took two of three games in the series, with scores as"
730,zero_shot_full_context,2,comp.os.ms-windows.misc,5,comp.windows.x,5,"From: presiden@fraser.sfu.ca (Pat Presidente) Subject: Re: PCTools for Windows demo Organization: Simon Fraser University, Burnaby, B.C., Canada Lines: 18 st1pb@elroy.uh.edu (Burris, Dean E.) writes: >If someone has downloaded the PCTools demo from Compuserve, >please upload it to CICA or other FTP site. >Thanks, >Dean >ST1PB@Elroy.uh.edu Sorry, I "
731,zero_shot_full_context,8,rec.motorcycles,7,rec.autos,7,"From: v058l789@ubvmsb.cc.buffalo.edu (I AM the Nighthawk) Subject: Re: Shaft-drives and Wheelies Organization: University at Buffalo Lines: 40 News-Software: VAX/VMS VNEWS 1.41 Nntp-Posting-Host: ubvmsb.cc.buffalo.edu In article <1993Apr21.185741.15458@colorado.edu>, laszlo@eclipse.cs.colorado.edu (Laszlo Nemeth) writes... >In article <wrs.4180@wsl"
732,zero_shot_full_context,3,comp.sys.ibm.pc.hardware,3,comp.sys.ibm.pc.hardware,3,"From: poe@wharton.upenn.edu Subject: BIOS Fix for Diamond SS24X Organization: University of Pennsylvania Lines: 8 Nntp-Posting-Host: fred.wharton.upenn.edu Hello World. In posts I've heard about all of the bugs in the DSS24X and the drivers. Now I hear that Diamond ships BIOS replacements to some people, that fixes a lot of problems as well as new "
733,zero_shot_full_context,5,comp.windows.x,14,sci.space,14,"From: tan@lynx.msc.cornell.edu.UUCP (David Tan,Box 219 Baker Lab,54810,2720402) Subject: Ignorant Imake/xfig question Originator: tan@msc2.msc.cornell.edu Organization: Cornell-Materials-Science-Center Lines: 23 Hi folks, I'm trying to compile xfig 2.1.7 on a SS1+ running SunOS 4.1.1 and OW 2.0, and I'm having a little trouble with make/imake. Spec"
734,zero_shot_full_context,11,sci.crypt,18,talk.politics.misc,18,"From: strnlght@netcom.com (David Sternlight) Subject: Re: THE CLIPPER CHIP: A TECHNICAL SUMMARY Organization: DSI/USCRPAC Lines: 10 For some reason my fingers want to type ""probably"" cause whenever I want to say ""probable"" cause. Sorry for any confusion in the previous message. David -- David Sternlight Great care has been taken to ensure the accur"
735,zero_shot_full_context,7,rec.autos,7,rec.autos,7,"From: cheekeen@tartarus.uwa.edu.au (Desmond Chan) Subject: Any info on Merc 300E 2.6 Summary: Questions on Merc 300E 2.6 Keywords: Questions on Merc 300E 2.6 To reader, Can anyone out there tell me about the reliability and the performance of the Merc 300E 2.6 in the years 91-92'. Can anyone please specify the weaknesses (if any) and the g Organiza"
736,zero_shot_full_context,15,soc.religion.christian,15,soc.religion.christian,15,"From: jhpb@sarto.budd-lake.nj.us (Joseph H. Buehler) Subject: Re: The doctrine of Original Sin Organization: none Lines: 42 Regarding the consequences of the original sin: Catholics believe that what Adam primarily lost by his sin, for himself and the human race, was sanctifying grace. This is basically a share in the Divine life. Take a rock and m"
737,zero_shot_full_context,11,sci.crypt,16,talk.politics.guns,16,"From: koontzd@phobos.lrmsc.loral.com (David Koontz ) Subject: Is key escrow enough? Organization: Loral Rolm Computer Systems Distribution: world Lines: 48 >From: denning@guvax.acc.georgetown.edu > Revised, April 21, 1993 >The chips are programmed by Mykotronx, Inc., which calls them the >""MYK-78."" The silicon is supplied by VLSI Technology Inc. >A"
738,zero_shot_full_context,3,comp.sys.ibm.pc.hardware,3,comp.sys.ibm.pc.hardware,3,"From: darrylo@srgenprp.sr.hp.com (Darryl Okahata) Subject: Re: Help adding a SCSI Drive (Can it coexist with an IDE?) Reply-To: darrylo@sr.hp.com Organization: Hewlett-Packard / Center for Primal Scream Therapy X-Newsreader: TIN [version 1.1 PL9.2] Lines: 106 Eric Bosco (ebosco@us.oracle.com) wrote: [ First of all, please edit your postings. Wading"
739,zero_shot_full_context,6,misc.forsale,14,sci.space,14,"From: gewong@mtholyoke.edu (G.e.R.m.a.I.N) Subject: !! CS, Math, Physics, GRE books forsale !! Distribution: na Organization: Mount Holyoke College Lines: 103 NNTP-Posting-Host: orixa.mtholyoke.edu Most of these are C.S. books. There are also some Math and Physics books. For books marked as ""New"", the condition is *perfect*. All other books are in "
740,zero_shot_full_context,1,comp.graphics,4,comp.sys.mac.hardware,4,From: thinman@netcom.com (Technically Sweet) Subject: Re: Universal VESA Driver Keywords: VESA Organization: International Foundation for Internal Freedom Lines: 84 kintur@scorch.apana.org.au (Kingsley Turner) writes: > Some time ago (about 1 month) there was a bit of discussion > about a universal VESA driver for > 8bit cards. It was in > the file
741,zero_shot_full_context,13,sci.med,14,sci.space,14,"From: ohandley@betsy.gsfc.nasa.gov Subject: Schatzki Ring/ PVC's Reply-To: ohandley@betsy.gsfc.nasa.gov Organization: NASA Goddard Space Flight Center - Greenbelt, MD USA Lines: 49 Can anybody out there provide me with any advice concerning the following two health problems: First, I was recently diagnosed (using a UGI series) as having a Schatzki "
742,zero_shot_full_context,3,comp.sys.ibm.pc.hardware,3,comp.sys.ibm.pc.hardware,3,"From: biernat@rtsg.mot.com (Tim Biernat) Subject: Re: Gateway Flash BIOS Upgrade Nntp-Posting-Host: tophat1 Organization: Motorola, Inc., Cellular Infrastructure Group Lines: 11 In article <1993Apr20.183959.1@utxvms.cc.utexas.edu> dcoleman@utxvms.cc.utexas.edu (Daniel M. Coleman) writes: >Gateway 2000 has released a new Flash BIOS update for their "
743,zero_shot_full_context,0,alt.atheism,15,soc.religion.christian,15,"From: dgraham@bmers30.bnr.ca (Douglas Graham) Subject: Re: ""Cruel"" (was Re: <Political Atheists?) Organization: Bell-Northern Research, Ottawa, Canada Lines: 52 In article <1r2j7d$6e1@fido.asd.sgi.com> livesey@solntze.wpd.sgi.com (Jon Livesey) writes: >In article <1993Apr17.041535.7472@bmerh85.bnr.ca>, dgraham@bmers30.bnr.ca (Douglas Graham) writes"
744,zero_shot_full_context,0,alt.atheism,16,talk.politics.guns,16,"From: mathew <mathew@mantis.co.uk> Subject: Re: Burden of Proof Organization: Mantis Consultants, Cambridge. UK. X-Newsreader: rusnews v1.02 Lines: 20 watson@sce.carleton.ca (Stephen Watson) writes: >kmr4@po.CWRU.edu (Keith M. Ryan) writes: >>In article <healta.171.735538331@saturn.wwc.edu> healta@saturn.wwc.edu >>(Tammy R Healy) writes: >>>> ""FBI "
745,zero_shot_full_context,4,comp.sys.mac.hardware,2,comp.os.ms-windows.misc,2,"From: mirsky@hal.gnu.ai.mit.edu (David Joshua Mirsky) Subject: Re: Datadesk keyboard+Centris fix. Organization: dis Lines: 11 NNTP-Posting-Host: hal.ai.mit.edu Hi, Terry. Its me again. I couldn't agree with you more. I finally received my Datadesk keyboard a month after sendng it to Datadesk to have it checked. They didn't tell me over the phone th"
746,zero_shot_full_context,1,comp.graphics,5,comp.windows.x,5,"From: Ad-Robot@bobsbox.rent.com (Robotic Posting Menace!) Subject: Your one stop GRAPHICS shop! Reply-To: root@graphics.rent.com Lines: 102 T H E G R A P H I C S B B S # # # ### # ### ### #### #### ## #### #### # # ## # # # # # # # # # # # #### # # # # # # ### #### # # # #### # # # # # # # #### # # # ### #### #### ### # .rent.com ""It's better than "
747,zero_shot_full_context,7,rec.autos,7,rec.autos,7,"From: rogerh@Autodesk.COM (Roger Hupfauer) Subject: '87 Grand National Organization: Autodesk Inc., Sausalito CA, USA Lines: 9 Does anyone have one of these that would care to share some information on? I concerned about the turbo. How reliable is it? How's the gas milage. Please responde to me, not here. Thank you. Roger"
748,zero_shot_full_context,12,sci.electronics,5,comp.windows.x,5,"From: gregpen@crash.cts.com (Greg Penetrante) Subject: Re: Adcom cheap products? Organization: CTS Network Services (crash, ctsnet), El Cajon, CA Lines: 23 In <1qmbi7$aln@transfer.stratus.com> Michael_LaBella@vos.stratus.com writes: >I gather by off-shore assembly you mean that adcoms are built by >blue-fin tuna's who are into that squid-fi sound? "
749,zero_shot_full_context,12,sci.electronics,14,sci.space,14,From: mmm@cup.portal.com (Mark Robert Thorson) Subject: Re: Building a UV flashlight Article-I.D.: cup.80081 Organization: The Portal System (TM) Lines: 7 The simplest and cheapest soft UV bulb is an AR-1 argon bulb (or other argon bulb). It works like a neon bulb except it glows purple. It will cause stuff to fluoresce. It requires very little pow
750,zero_shot_full_context,14,sci.space,14,sci.space,14,"From: klaes@verga.enet.dec.com (Larry Klaes) Subject: Electronic Journal of the ASA (EJASA) - April 1993 Keywords: Venus, Venera, Soviet, probes Organization: Digital Equipment Corporation Lines: 663 THE ELECTRONIC JOURNAL OF THE ASTRONOMICAL SOCIETY OF THE ATLANTIC Volume 4, Number 9 - April 1993 ########################### TABLE OF CONTENTS #####"
751,zero_shot_full_context,12,sci.electronics,14,sci.space,14,"From: alung@megatest.com (Aaron Lung) Subject: Re: how to get rid of flyback whine? Organization: Megatest Corporation Lines: 36 In article <1993Apr26.012517.23391@Princeton.EDU> jsm@shade.Princeton.EDU (John Scott McCauley Jr.) writes: >I recently took apart my color Sony TV to clean the volume pushbuttons and >when I put the beast back together, "
752,zero_shot_full_context,16,talk.politics.guns,16,talk.politics.guns,16,"From: kdw@icd.ab.com (Kenneth D. Whitehead) Subject: Re: The Holocaust Revisited Nntp-Posting-Host: sora.icd.ab.com Organization: Allen-Bradley Company, Inc. Lines: 51 mcsdc1jpb@dct.ac.uk (John Bell) babbles from Scotland, one of England's last remaining colonies: >Are you for real? >People dumb enough to give their money and possessions to a guy w"
753,zero_shot_full_context,5,comp.windows.x,14,sci.space,14,"From: naoumov@physics.unc.edu (Sergei Naoumov) Subject: TWM Nntp-Posting-Host: augustus.physics.unc.edu Organization: Dept. of Physics and Astronomy, Univ. North. Carolina at Chapel Hill Lines: 9 Hey guys! I run twm and would like to execute some program before leaving twm. In other words I would like to run some program before I do f.quit. Is it p"
754,zero_shot_full_context,17,talk.politics.mideast,16,talk.politics.guns,16,"From: perlman@qso.Colorado.EDU (Eric S. Perlman) Subject: Re: Israel: An Apartheid state. Nntp-Posting-Host: qso.colorado.edu Organization: University of Colorado, Boulder Lines: 194 In article <1sn9lm$f2j@cville-srv.wam.umd.edu> aap@wam.umd.edu (Alberto Adolfo Pinkas) writes: >In article <1993May11.013512.28407@colorado.edu> perlman@qso.Colorado.E"
755,zero_shot_full_context,1,comp.graphics,12,sci.electronics,12,"Subject: Source code/help on IP packages(Please)! From: ashlin@ironbark.ucnv.edu.au (Vance Ashlin) Distribution: world Organization: Dept Computing, UCNV, Bendigo, Australia NNTP-Posting-Host: ironbark.ucnv.edu.au Lines: 44 Greetings this is a general call for information regarding Image Processing. I am looking for any material related to the fiel"
756,zero_shot_full_context,10,rec.sport.hockey,9,rec.sport.baseball,9,"From: mckinzie@schaefer.math.wisc.edu (Mark McKinzie) Subject: Re: Don Cherry - help me out, here Organization: Univ. of Wisconsin Dept. of Mathematics Lines: 32 ""William K. Willis"" <ww1a+@andrew.cmu.edu> writes: > As a person who has rarely even SEEN Don Cherry and doesn't know >anything about him, I don't know whether it is just this area >(Pitts"
757,zero_shot_full_context,17,talk.politics.mideast,16,talk.politics.guns,16,"From: schoinas@fox.cs.wisc.edu (Yannis Schoinas) Subject: Re: Europe vs. Muslim Bosnians Organization: U of Wisconsin Madison - Computer Sciences Lines: 44 ahmed-shakil@cs.yale.edu (Shakil Waiz Ahmed) writes: >In article <1sueslINNa6g@MINERVA.CIS.YALE.EDU>, >jovanovic-nick@yale.edu (Nick Jovanovic) writes: >> ""Muslim"" in ex-Yugoslavia was a *nation"
758,zero_shot_full_context,9,rec.sport.baseball,9,rec.sport.baseball,9,"From: ez027993@dale.ucdavis.edu (Gary Built Like Villanueva Huckabay) Subject: Ron Gant, Stalling, and Hirschbeck. Organization: Julio Machado Candlelight Vigil Society Lines: 88 (Dale ""Seer"" Stephenson) writes: >While I can see why they want to cut down on the time spent walking around, >Gant wasn't ordered back in the box ""sooner"", he was ordered"
759,zero_shot_full_context,13,sci.med,13,sci.med,13,"From: banschbach@vms.ocom.okstate.edu Subject: Re: INFO: Colonics and Purification? Lines: 68 Nntp-Posting-Host: vms.ocom.okstate.edu Organization: OSU College of Osteopathic Medicine In article <1993Apr28.023749.9259@informix.com>, hartman@informix.com (Robert Hartman) writes: > In article <1rjn0eINNnqn@MINERVA.CIS.YALE.EDU> wiesel-elisha@yale.edu"
760,zero_shot_full_context,16,talk.politics.guns,16,talk.politics.guns,16,"From: mst4298@rigel.tamu.edu (Mitchell S Todd) Subject: Re: ATF BURNS DIVIDIAN RANCH! NO SURVIVORS!!! Organization: GrinchCo Lines: 35 Distribution: world NNTP-Posting-Host: rigel.tamu.edu News-Software: VAX/VMS VNEWS 1.41 In article <93112.153005MGB@SLACVM.SLAC.STANFORD.EDU>, <MGB@SLACVM.SLAC.STANFORD.EDU> writes... >From A.P. : According to numer"
761,zero_shot_full_context,5,comp.windows.x,5,comp.windows.x,5,"From: pngai@adobe.com (Phil Ngai) Subject: Re: Looking for X windows on a PC Keywords: IBM PC, X windows, windows Organization: Adobe Systems Incorporated Lines: 8 In article <1993May12.170631.18675@qdeck.com> support@qdeck.com (Technical Support) writes: >May I humbly suggest DESQview/X? (Of course, I'm biased...) I have a weird, oddball, one of a"
762,zero_shot_full_context,3,comp.sys.ibm.pc.hardware,3,comp.sys.ibm.pc.hardware,3,"From: rarbanas@rcsuna.ph.gmr.com (Richard Arbanas ) Subject: Using XT Pwr Spply Organization: General Motors Corp. Lines: 22 Distribution: world Reply-To: rarbanas@rcsuna.ph.gmr.com (Richard Arbanas ) NNTP-Posting-Host: rcsuna.gmr.com I am planning on upgrading my old XT compatible system with a new motherboard, hard drive, and 1.4 MB floppy. I am "
763,zero_shot_full_context,13,sci.med,13,sci.med,13,"From: rind@enterprise.bih.harvard.edu (David Rind) Subject: Re: Quack-Quack (was Re: Candida(yeast) Bloom, Fact or Fiction) Organization: Beth Israel Hospital, Harvard Medical School, Boston Mass., USA Lines: 44 NNTP-Posting-Host: enterprise.bih.harvard.edu In article <noringC5yL3I.3qo@netcom.com> noring@netcom.com (Jon Noring) writes: >In article "
764,zero_shot_full_context,19,talk.religion.misc,15,soc.religion.christian,15,"From: sandvik@newton.apple.com (Kent Sandvik) Subject: Re: The Laws of God (was Re: A KIND and LOVING God!!) Organization: Cookamunga Tourist Bureau Lines: 30 In article <1993Apr22.153528.10877@ra.royalroads.ca>, mlee@post.RoyalRoads.ca (Malcolm Lee) wrote: > Eternal damnation is the consequence of the choice one makes in rejecting > God. If you ch"
765,zero_shot_full_context,10,rec.sport.hockey,9,rec.sport.baseball,9,"From: hallg@lead.egr.msu.edu (Gregory Hall) Subject: Re: Wings News and Playoff Thoughts Organization: College of Engineering, Michigan State University Lines: 16 Distribution: world NNTP-Posting-Host: lead.egr.msu.edu |> As far as Cheveldae is concerned, he is a decent goalie. The most logical |> trade in the offseason to me would be between Detro"
766,zero_shot_full_context,19,talk.religion.misc,15,soc.religion.christian,15,"From: emarsh@hernes-sun.Eng.Sun.COM (Eric Marsh) Subject: Re: After 2000 years, can we say that Christian Morality is Organization: Sun Lines: 34 NNTP-Posting-Host: hernes-sun In article <1r66su$dm7@horus.ap.mchp.sni.de> frank@D012S658.uucp (Frank O'Dwyer) writes: >In article <sandvik-210493213823@sandvik-kent.apple.com> sandvik@newton.apple.com (K"
767,zero_shot_full_context,14,sci.space,14,sci.space,14,From: jecurt01@starbase.spd.louisville.edu (John E. Curtis) Subject: space surveillance Summary: space surveillance Nntp-Posting-Host: starbase.spd.louisville.edu Organization: University of Louisville Keywords: satellites spy space Lines: 6 One of the main reasons nations like the US and RUSSIA observe satellite that have been launched is FORBs sy
768,zero_shot_full_context,6,misc.forsale,6,misc.forsale,6,From: jth@bach.udel.edu (Jay Thomas Hayes) Subject: Snes Games Forsale Nntp-Posting-Host: bach.udel.edu Organization: University of Delaware Distribution: usa Lines: 17 I have the following Snes Games forsale. The ones with * have instructions and the other ones have no instructions. *Romance of the Three Kingdoms II $25 *Populous $15 Legend of Zel
769,zero_shot_full_context,12,sci.electronics,13,sci.med,13,"From: adrian@tasman.cc.utas.edu.au (Adrian Lewis) Subject: cleaning electronic equipment? Organization: University of Tasmania, Australia. Lines: 13 Hi, Just a quick question. What standard lab solvents can be used to clean electronic equipment and components safely (ie not corrode, dissolve, short-out, etc the equipment)? water? :-) methanol? CCl4"
770,zero_shot_full_context,2,comp.os.ms-windows.misc,16,talk.politics.guns,16,"From: sundaram@egr.msu.edu (Divya Sundaram) Subject: Re: Challenge to Microsoft supporters. Organization: Michigan State University Lines: 26 Distribution: usa NNTP-Posting-Host: eecae.ee.msu.edu [much munching and editing to get to the point] [Brett D. Sherron-Ferrell writes] >You do have an interesting point, that I won't dispute now. But, pray t"
771,zero_shot_full_context,13,sci.med,13,sci.med,13,From: doyle+@pitt.edu (Howard R Doyle) Subject: Re: Persistent vs Chronic Organization: Pittsburgh Transplant Institute Lines: 53 In article <10535@blue.cis.pitt.edu> kxgst1+@pitt.edu (Kenneth Gilbert) writes: >In article <1rm29k$i7t@hsdndev.harvard.edu> rind@enterprise.bih.harvard.edu (David Rind) writes: >:In article <enea1-270493135255@enea.appl
772,zero_shot_full_context,10,rec.sport.hockey,9,rec.sport.baseball,9,"From: steven.kipling@freddy.ersys.edmonton.ab.ca (Steven Kipling) Subject: Re: #77's? Reply-To: steven.kipling@freddy.ersys.edmonton.ab.ca (Steven Kipling) Distribution: world Organization: Freddy's Place BBS - Edmonton, AB - 403-456-4241 Lines: 27 -=> Quoting The Logistician to All <=- TL> I am in need of all of the players wearing #77 in the NHL."
773,zero_shot_full_context,14,sci.space,14,sci.space,14,"Subject: Re: Gamma Ray Bursters. Where are they? From: belgarath@vax1.mankato.msus.edu <93116.093828SAUNDRSG@QUCDN.QueensU.CA> <1993Apr26.141114.19777@midway.uchicago.edu> Organization: Mankato State University Nntp-Posting-Host: vax1.mankato.msus.edu Lines: 53 In article <1993Apr26.141114.19777@midway.uchicago.edu>, pef1@quads.uchicago.edu (it's e"
774,zero_shot_full_context,3,comp.sys.ibm.pc.hardware,2,comp.os.ms-windows.misc,2,"From: richb@jti.com (Rich Braun) Subject: Re: Can I have 2 printers on a PC LAN ?????????????? Keywords: 2 printers Nntp-Posting-Host: europa.jti.com Organization: Jupiter Technology Inc. / Waltham, MA Lines: 16 mac1@Isis.MsState.Edu (Mubashir Cheema) writes: > Trying to establish a network (LAN) here that could use 2 different printers. > Panasoni"
775,zero_shot_full_context,4,comp.sys.mac.hardware,14,sci.space,14,"From: ssherman@nyx.cs.du.edu (stacy sherman) Subject: Re: Monitors - should they be kept on 24 hours a day??? X-Disclaimer: Nyx is a public access Unix system run by the University of Denver for the Denver community. The University has neither control over nor responsibility for the opinions of users. Organization: Nyx, Public Access Unix at U. of "
776,zero_shot_full_context,18,talk.politics.misc,16,talk.politics.guns,16,"From: visser@convex.com (Lance Visser) Subject: Re: A Message for you Mr. President: How do you know what happened? Nntp-Posting-Host: dhostwo.convex.com Organization: Engineering, CONVEX Computer Corp., Richardson, Tx., USA X-Disclaimer: This message was written by a user at CONVEX Computer Corp. The opinions expressed are those of the user and no"
777,zero_shot_full_context,13,sci.med,13,sci.med,13,"From: vrao@nyx.cs.du.edu (Vinay Rao) Subject: Density of the skull bone X-Disclaimer: Nyx is a public access Unix system run by the University of Denver for the Denver community. The University has neither control over nor responsibility for the opinions of users. Organization: Nyx, Public Access Unix at U. of Denver Math/CS dept. Distribution: usa"
778,zero_shot_full_context,3,comp.sys.ibm.pc.hardware,3,comp.sys.ibm.pc.hardware,3,"From: uchima@fncrdh.fnal.gov (Mike Uchima) Subject: Re: G2K/Jumbo 250 Backup Problems Organization: Fermi National Accelerator Laboratory, Batavia IL Lines: 5 Distribution: usa NNTP-Posting-Host: fncrdh.fnal.gov Keywords: tape backup gateway jumbo I have been told by several people that Sony data cartridges don't quite cut it in the Jumbo 250 tape "
779,zero_shot_full_context,4,comp.sys.mac.hardware,2,comp.os.ms-windows.misc,2,From: ferch@ucs.ubc.ca (Les Ferch) Subject: Re: Where to get power cord to plug Non-Apple monitor into Quadra power supply? Organization: The University of British Columbia Lines: 20 NNTP-Posting-Host: swiss.ucs.ubc.ca In <1r7t6fINNq4c@senator-bedfellow.MIT.EDU> thewho@athena.mit.edu (Derek A Fong) writes: >Is there an extension cord type cable I c
780,zero_shot_full_context,6,misc.forsale,6,misc.forsale,6,"From: belvilad@dunx1.ocs.drexel.edu (A. Belville) Subject: Re: Pool table for sale Organization: Drexel University, Philadelphia Lines: 11 In article <1993Apr25.135642.5666@magnus.acs.ohio-state.edu> kwmiller@magnus.acs.ohio-state.edu (Kenneth W Miller) writes: >Ken Well tell us about your pool table! -=- Andy -=- __________________________________"
781,zero_shot_full_context,3,comp.sys.ibm.pc.hardware,18,talk.politics.misc,18,"From: ry01@ns1.cc.lehigh.edu (ROBERT YUNG) Subject: V.fast : What's taking SO long???? Organization: Lehigh University Lines: 11 Why is it going to take a year for V.fast to become a standard? Are there technical problems to work out, or is it just bureaucratic slowdown? THANKS! -- =================The Loose Cogs and Sprockets of the Mind=========="
782,zero_shot_full_context,5,comp.windows.x,13,sci.med,13,"From: cek@sdc.boeing.com (Conrad Kimball) Subject: Re: Problem with R4 release Organization: Boeing Computer Services, Seattle, WA Lines: 48 Nntp-Posting-Host: zulu In article <MCGARY.93May12172612@mojo.intellection.com>, mcgary@intellection.com (Mike McGary) writes: |> In article <1sr3klINNauq@news.u.washington.edu> pramod@stein.u.washington.edu ("
783,zero_shot_full_context,9,rec.sport.baseball,9,rec.sport.baseball,9,"From: sandoval@stsci.edu Subject: Re: Jack Morris Lines: 44 Organization: Space Telescope Science Institute Distribution: na In article <1993Apr20.160532.20860@ramsey.cs.laurentian.ca>, maynard@ramsey.cs.laurentian.ca (Roger Maynard) writes: > In <C5sFvE.Aq@murdoch.acc.Virginia.EDU> drw3l@delmarva.evsc.Virginia.EDU (David Robert Walker) writes: > S"
784,zero_shot_full_context,1,comp.graphics,5,comp.windows.x,5,"From: aaronh@mksol.dseg.ti.com (Aaron Hightower) Subject: Re: What is 3dO? Organization: Texas Instruments Inc Lines: 13 In <1rs6giINN6hk@no-names.nerdc.ufl.edu> lioness@maple.circa.ufl.edu writes: >Someone please fill me in on what 3do. >Thanks, >BH There is a review of 3DO in the latest ""wired"" magazine. You may just want to take a trip to the lo"
785,zero_shot_full_context,13,sci.med,14,sci.space,14,"Subject: hypodermic needle From: bolsen@eis.calstate.edu (Becky Olsen) Organization: Calif State Univ/Electronic Information Services Lines: 7 Hi, I am doing a term paper on the syringe and I have found some information. It is said that Charles Pravaz has invented the hypodermic needle, but then I have also found that Alexander Wood has invented it"
786,zero_shot_full_context,6,misc.forsale,16,talk.politics.guns,16,"From: jry@reef.cis.ufl.edu (John Young) Subject: CD singles for sale... Organization: Univ. of Florida CIS Dept. Lines: 41 NNTP-Posting-Host: reef.cis.ufl.edu Here is a list of (mostly) European 5"" CD singles I have for sale. All are brand new and some are still shrink-wrapped. Please e-mail if interested... Crowded House ""Weather With You"" w/3 rem"
787,zero_shot_full_context,8,rec.motorcycles,8,rec.motorcycles,8,From: bclarke@galaxy.gov.bc.ca Subject: Re: Your opinion and what it means to me. Organization: BC Systems Corporation Lines: 6 C'mon you guys. Motorcycles & booze don't mix. Nuff said. -- Bruce Clarke B.C. Environment e-mail: bclarke@galaxy.gov.bc.ca
788,zero_shot_full_context,11,sci.crypt,11,sci.crypt,11,"From: steve-b@access.digex.com (Steve Brinich) Subject: How To Escrow, If Escrowing Were OK Organization: Express Access Online Communications, Greenbelt, MD USA Lines: 24 NNTP-Posting-Host: access.digex.net There is a description of something called a ""fair crypto system"" in the May 1993 issue of BYTE, p. 134, attributed to MIT professor Silvio Mi"
789,zero_shot_full_context,9,rec.sport.baseball,9,rec.sport.baseball,9,"From: gspira@nyx.cs.du.edu (Greg Spira) Subject: Re: Jack Morris Organization: University of Denver, Dept. of Math & Comp. Sci. Lines: 22 cmeyer@bloch.Stanford.EDU (Craig Meyer) writes: >Michael Chen (mike@cunixf.cc.columbia.edu) wrote: >: In any case, I think Viola would have made a better signing. Why? >: Viola is younger, and is left handed (how"
790,zero_shot_full_context,14,sci.space,14,sci.space,14,"From: jbh55289@uxa.cso.uiuc.edu (Josh Hopkins) Subject: Re: Vandalizing the sky. Organization: University of Illinois at Urbana Lines: 40 rbunge@access.digex.net (Robert Bunge) writes: >In article <C69AGI.MJu@news.cso.uiuc.edu> jbh55289@uxa.cso.uiuc.edu (Josh Hopkins) writes: >>I'm wondering if ""vandalize"" is the proper word to use in this situatio"
791,zero_shot_full_context,18,talk.politics.misc,18,talk.politics.misc,18,"From: Gordon O. Perkins <gperkins@igc.apc.org> Subject: Does Perot Pay 7% In Income Taxes? Nf-ID: #N:cdp:1483600109:000:249 Nf-From: cdp.UUCP!gperkins Apr 20 19:05:00 1993 Lines: 6 I am seeking any press references to how much tax Perot pays in income taxes. I've heard the figure of 7 percent, since he gets most of his his income from federal and m"
792,zero_shot_full_context,9,rec.sport.baseball,14,sci.space,14,From: macomber@sctc.com (Chuck Macomber) Subject: Re: Twins Update 4-22 Organization: SCTC Lines: 16 paul@csd4.csd.uwm.edu (Paul R Krueger) writes: >In article <1993Apr23.151050.8995@sctc.com> macomber@sctc.com (Chuck Macomber) writes: >> >>Wednesday's game marked the first opposing left-handed starting pitcher for the >>Twins this year (Rickey Bon
793,zero_shot_full_context,10,rec.sport.hockey,9,rec.sport.baseball,9,"From: bittle@niktow.canisius.edu (Jason Bittle) Subject: * Sabres are playing well... Organization: Canisius College, Buffalo NY. 14208 Lines: 18 But I have to agree.. Boston is a good team.. But streaky... They put together a great streak to capture first place in the Adams, but for what? They have lost the home ice advantage for at least the firs"
794,zero_shot_full_context,2,comp.os.ms-windows.misc,5,comp.windows.x,5,"From: ivory@e7sa.crd.ge.com (John Ivory) Subject: How to make an RLE file Nntp-Posting-Host: 144.219.40.1 Organization: Tower Concepts Lines: 11 I'm told that I can replace the colorful windows logo that appears as windows invokes with a graphic of my choosing. The challange is that the image must be in 'RLE' format. I've got GIF's, PIC's, JPG's, T"
795,zero_shot_full_context,9,rec.sport.baseball,9,rec.sport.baseball,9,"From: rudy@netcom.com (Rudy Wade) Subject: Re: bob vesterman's plan to generate fan interest Organization: Home of the Brave Lines: 19 In article <1254@rd1.interlan.com> tonyf@rm1.interlan.com (Tony Fernandez) writes: >The Marlins tried something like this and was a complete failure. On >Opening Day, instead of having a 7th-inning stretch with the "
796,zero_shot_full_context,4,comp.sys.mac.hardware,4,comp.sys.mac.hardware,4,"From: gene@jackatak.raider.net (Gene Wright) Subject: OUTBOUND Laptops: Questions looking for answers Organization: Jack's Amazing CockRoach Capitalist Ventures Lines: 16 Since the demise of the Outbound company, what options would exist for me if I were to buy one of their laptops? (1) Since the Outbounds (2030, 2030E, etc) use mac plus roms, won'"
797,zero_shot_full_context,13,sci.med,15,soc.religion.christian,15,From: ac940@Freenet.carleton.ca (Lau Hon-Wah) Subject: Copper Bracelet (Sabona by Dr. John Sorenson) Reply-To: ac940@Freenet.carleton.ca (Lau Hon-Wah) Organization: The National Capital Freenet Lines: 25 I have seen Copper Bracelet by the name of Sabona created by Dr. John Sorenson. I am looking for literature on the effectiveness of Copper Bracele
798,zero_shot_full_context,11,sci.crypt,11,sci.crypt,11,"From: cme@ellisun.sw.stratus.com (Carl Ellison) Subject: Re: Organized Lobbying for Cryptography Organization: Stratus Computer, Software Engineering Lines: 18 Distribution: inet NNTP-Posting-Host: ellisun.sw.stratus.com In article <1r3jgbINN35i@eli.CS.YALE.EDU> jgfoot@minerva.cis.yale.edu writes: > >Perhaps these encryption-only types would defend"
799,zero_shot_full_context,3,comp.sys.ibm.pc.hardware,3,comp.sys.ibm.pc.hardware,3,"From: guyd@austin.ibm.com (Guy Dawson) Subject: Re: Will my 386 RAM work in a 486? Originator: guyd@pal500.austin.ibm.com Organization: IBM Austin Lines: 34 In article <1993Apr23.063043.19602@monu6.cc.monash.edu.au>, s1070627@giaec.cc.monash.edu.au (BrEtT pAtErSoN) writes: > > I am wanting to upgrade from a 386SX-25, to a 486DX-33, and are looking "
800,zero_shot_full_context,7,rec.autos,7,rec.autos,7,"From: pv9955@albnyvms.bitnet Subject: Buying a used car ... Reply-To: pv9955@albnyvms.bitnet Organization: University of Albany, SUNY Lines: 14 I have a few questions about the TAX on a used car purchase. I live in New York State, and I am going to buy a used car. I know that I will have to pay tax when I go to register the car. But I would like to"
801,zero_shot_full_context,11,sci.crypt,16,talk.politics.guns,16,"From: strnlght@netcom.com (David Sternlight) Subject: Re: New Encryption Algorithm Keywords: NEA Organization: DSI/USCRPAC Lines: 32 Arthur Melnick posts an interesting first-hand message about his NEA algorithm. Though I have no reason to disbelieve anything he says, I want to clarify one point: He says he has no connection with the NSA. If he was"
802,zero_shot_full_context,1,comp.graphics,11,sci.crypt,11,"From: rak@crosfield.co.uk (Richard Kirk) Subject: Re: TIFF: philosophical significance of 42 (SILLY) Organization: Crosfield, Hemel Hempstead, UK Lines: 9 It's the number of legs on a centipede. So, now you know. -- Richard Kirk Image Processing Group Crosfield Electronics Ltd. U.K. rak@crosfield.co.uk 0442-230000 x3361/3591 Hemel Hempstead, Herts,"
803,zero_shot_full_context,1,comp.graphics,11,sci.crypt,11,"From: lilley@v5.cgu.mcc.ac.uk (Chris Lilley) Subject: Oh make up your mind!! (was: Re: XV problems) Lines: 220 Reply-To: C.C.Lilley@mcc.ac.uk Organization: Computer Graphics Unit, MCC In article <1rqisi$rhj@cc.tut.fi>, jk87377@lehtori.cc.tut.fi (Kouhia Juhana) writes: >In article <1993Apr29.201420.19271@nessie.mcc.ac.uk> >C.C.Lilley@mcc.ac.uk write"
804,zero_shot_full_context,19,talk.religion.misc,15,soc.religion.christian,15,From: wvhorn@magnus.acs.ohio-state.edu (William VanHorne) Subject: Re: Why did they behave as they did (Waco--reading suggestion) Nntp-Posting-Host: photon.magnus.acs.ohio-state.edu Organization: The Ohio State University Lines: 10 In article <pgf.735710979@srl03.cacs.usl.edu> pgf@srl03.cacs.usl.edu (Phil G. Fraering) writes: >How come noone mentio
805,zero_shot_full_context,8,rec.motorcycles,7,rec.autos,7,"From: azw@aber.ac.uk(Andy Woodward) Subject: Re: dogs Nntp-Posting-Host: pcfcfa.dbs.aber.ac.uk Organization: University College of Wales, Aberystwyth Lines: 11 >OOOOOOOpsssss. For a second there I thought I was in rec.beatthelivingcrapoutofadog We're NOT???! Hell, I was wondering why there was all the pointless woffle about motorcycles. So how do I"
806,zero_shot_full_context,3,comp.sys.ibm.pc.hardware,13,sci.med,13,From: victor@comms.ee.man.ac.uk (Victor Buttigieg) Subject: Re: CPU Temperature vs CPU Activity ? Organization: Manchester Computing Centre X-Newsreader: TIN [version 1.1 PL9] Lines: 30 Lino Montuno (montuno@physics.su.OZ.AU) wrote: >This may be a very naive question but is there any basis for the >claim that a CPU will get hotter when a computatio
807,zero_shot_full_context,16,talk.politics.guns,18,talk.politics.misc,18,"From: dlb5404@tamuts.tamu.edu (Daryl Biberdorf) Subject: TEXAS HB 1776 - VOTING IS TODAY Organization: Texas A&M University, College Station Lines: 8 Distribution: usa NNTP-Posting-Host: tamuts.tamu.edu I just called Texas' legislative bill tracking service and found out that HB 1776 (Concealed Carry) is scheduled for a floor vote TODAY! Let those "
808,zero_shot_full_context,6,misc.forsale,6,misc.forsale,6,"From: steveg@bach.udel.edu (Steven N Gaudino) Subject: 200 meg Western Digital IDE Hard Drive for sale! Nntp-Posting-Host: bach.udel.edu Organization: University of Delaware Distribution: usa Lines: 5 I am selling a Western Digital 212 meg IDE HD, the Caviar 2200 model. The access time is <15 ms, and it has a built in cache. It is BRAND NEW, still "
809,zero_shot_full_context,8,rec.motorcycles,7,rec.autos,7,"From: bgardner@bambam.es.com (Blaine Gardner) Subject: Re: Boom! Dog attack! Nntp-Posting-Host: bambam Organization: Evans & Sutherland Computer Corporation Lines: 26 In article <BONG-230493121730@kfp-slac-mac.slac.stanford.edu> BONG@slac.stanford.edu (Eric Bong) writes: >In article <C5y8Gp.1An@cbnews.cb.att.com>, nak@cbnews.cb.att.com >(neil.a.kir"
810,zero_shot_full_context,16,talk.politics.guns,16,talk.politics.guns,16,"From: () Subject: Re: CLINTON JOINS LIST OF GENOCIDAL SOCIALIST LEADERS Organization: Trinity College, Hartford, CT. Lines: 65 In article <C5yCou.M5B@cbnewse.cb.att.com>, random@cbnewse.cb.att.com (David L. Pope) wrote: > > From article <1993Apr23.153005.8237@starbase.trincoll.edu>, by (): > > > > > I've yet to meet a group of Baptists who were sto"
811,zero_shot_full_context,2,comp.os.ms-windows.misc,3,comp.sys.ibm.pc.hardware,3,"From: johnm@spudge.lonestar.org (John Munsch) Subject: Re: ATI AVI drivers Organization: /etc/organization Lines: 17 In article <QfwYnH200WB78RzVpv@andrew.cmu.edu> ""Andrew A. Houghton"" <ah0i+@andrew.cmu.edu> writes: > >I noticed ATI had posted *BETA* AVI drivers for their mach32 boards on >compuserve.. has anyone had the chance tgo try them? > >How"
812,zero_shot_full_context,14,sci.space,16,talk.politics.guns,16,From: gfk39017@uxa.cso.uiuc.edu (George F. Krumins) Subject: Re: Vandalizing the sky. Organization: University of Illinois at Urbana Lines: 65 nicho@vnet.IBM.COM (Greg Stewart-Nicholls) writes: >In <C63nA8.4C1@news.cso.uiuc.edu> George F. Krumins writes: >>I was suggesting that the minority of professional and amateur astronomers >>have the right t
813,zero_shot_full_context,1,comp.graphics,13,sci.med,13,"From: craig@regulus.cognet.ucla.edu (Craig Morioka) Subject: 2-D spline fit Organization: UCLA Cognitive Science Program Lines: 9 Distribution: world NNTP-Posting-Host: regulus.cognet.ucla.edu Does anyone out there know of a site that might have a 2-D spline fit routine useful for interpolation? thanks for any help, Craig Morioka craig@cognet.ucla."
814,zero_shot_full_context,19,talk.religion.misc,15,soc.religion.christian,15,"From: goldm@rpi.edu (Mitchell E. Gold) Subject: Re: New Religion Forming -- Sign Up In-Reply-To: weinss@rs6101.ecs.rpi.edu's message of Thu, 22 Apr 1993 00:08:06 GMT Nntp-Posting-Host: sage4a.its.rpi.edu Organization: Rensselaer Polytechnic Institute Lines: 1 *yawn* The Church of Kibology did it first and better."
815,zero_shot_full_context,13,sci.med,13,sci.med,13,"From: werner@soe.berkeley.edu (John Werner) Subject: Re: Help with antidepressants requested. Organization: UC Berkeley School of Education Lines: 39 Distribution: world NNTP-Posting-Host: tol7mac19.soe.berkeley.edu In article <736250544snx@penguin.equinox.gen.nz>, blubird@penguin.equinox.gen.nz (Gordon Taylor) wrote: > The Prozac gave very bad anx"
816,zero_shot_full_context,17,talk.politics.mideast,16,talk.politics.guns,16,"From: hm@cs.brown.edu (Harry Mamaysky) Subject: Re: Deir Yassin In-Reply-To: rj3s@Virginia.EDU's message of Mon, 26 Apr 1993 23:43:31 GMT Organization: Dept. of Computer Science, Brown University Lines: 35 In article <1993Apr26.234331.7303@Virginia.EDU> rj3s@Virginia.EDU (""Get thee to a nunnery....."") writes: This is such Bullshit. Deir Yassin was "
817,zero_shot_full_context,15,soc.religion.christian,15,soc.religion.christian,15,"From: db7n+@andrew.cmu.edu (D. Andrew Byler) Subject: Re: What WAS the immaculate conception? Organization: Freshman, Civil Engineering, Carnegie Mellon, Pittsburgh, PA Lines: 12 Joe Buehler writes: >There are various explanations for her reaction to the angel's >greeting. One is that she grasped what the angel was getting at, that >she was to be t"
818,zero_shot_full_context,11,sci.crypt,11,sci.crypt,11,From: C445585@mizzou1.missouri.edu (John Kelsey) Subject: Re: Clipper considered harmful Nntp-Posting-Host: mizzou1.missouri.edu Organization: University of Missouri Lines: 32 The clipper chip's User key is formed by: R1 = E[D[E[N1;S1];S2];S1] R2 = E[D[E[N2;S1];S2];S1] R3 = E[D[E[N3;S1];S2];S1] Why is the triple-encrytion used? Is it just to gain a
819,zero_shot_full_context,13,sci.med,14,sci.space,14,"From: bf455@cleveland.Freenet.Edu (Bonita Kale) Subject: arthritis and diabetes Organization: Case Western Reserve University, Cleveland, Ohio (USA) Lines: 37 Reply-To: bf455@cleveland.Freenet.Edu (Bonita Kale) NNTP-Posting-Host: slc4.ins.cwru.edu I have osteoarthritis, and my huband has just been diagnosed with diabetes (type II, I guess--no insul"
820,zero_shot_full_context,18,talk.politics.misc,16,talk.politics.guns,16,"From: eczcaw@mips.nott.ac.uk (A.Wainwright) Subject: Re: Why not concentrate on child molesters? Reply-To: eczcaw@mips.nott.ac.uk (A.Wainwright) Organization: Nottingham University Lines: 44 In article <15480@optilink.COM>, cramer@optilink.COM (Clayton Cramer) writes: |> In article <C5qL3y.Avt@hilbert.cyprs.rain.com>, joec@hilbert.cyprs.rain.com ( "
821,zero_shot_full_context,7,rec.autos,9,rec.sport.baseball,9,From: sorlin@magnus.acs.ohio-state.edu (Steven J Orlin) Subject: Re: Changing oil by self. Keywords: n Nntp-Posting-Host: magnusug.magnus.acs.ohio-state.edu Organization: The Ohio State University Distribution: usa Lines: 33 In article <13798@news.duke.edu> infante@acpub.duke.edu (Andrew Infante) write s: > >You're actually worried about somebody s
822,zero_shot_full_context,17,talk.politics.mideast,16,talk.politics.guns,16,From: adams@bellini.berkeley.edu (Adam L. Schwartz) Subject: Re: Israel: An Apartheid state. Nntp-Posting-Host: bellini.berkeley.edu Organization: U.C. Berkeley -- ERL Lines: 45 In article <1smbma$8mr@cville-srv.wam.umd.edu> aap@wam.umd.edu (Alberto Adolfo Pinkas) writes: >3) If I decided to go back to the land from which my relatives had been >exp
823,zero_shot_full_context,8,rec.motorcycles,7,rec.autos,7,From: clarke@bdrc.bd.com (Rick Clarke) Subject: Re: Countersteering sans Hands Organization: Becton Dickinson Research Center R.T.P. NC USA Lines: 25 Nntp-Posting-Host: polymr4.bdrc.bd.com >>So how do I steer when my hands aren't on the bars? (Open Budweiser in.. David Gibbs replies: >Just in case the original poster was looking for a serious answe
824,zero_shot_full_context,8,rec.motorcycles,7,rec.autos,7,From: scs8@cunixb.cc.columbia.edu (Sebastian C Sears) Subject: Re: Two Beemer Questions (R80GS) Nntp-Posting-Host: cunixb.cc.columbia.edu Reply-To: scs8@cunixb.cc.columbia.edu (Sebastian C Sears) Organization: Columbia University Lines: 37 In article <1993Apr23.224045.22287@organpipe.uug.arizona.edu> asphaug@lpl.arizona.edu (Erik Asphaug x2773) wri
825,zero_shot_full_context,0,alt.atheism,18,talk.politics.misc,18,"From: ednclark@kraken.itc.gu.edu.au (Jeffrey Clark) Subject: Re: Societally acceptable behavior Nntp-Posting-Host: kraken.itc.gu.edu.au Organization: ITC, Griffith University, Brisbane, Australia Lines: 49 cobb@alexia.lis.uiuc.edu (Mike Cobb) writes: >Merely a question for the basis of morality >Moral/Ethical behavior = _Societally_ _acceptable_ _b"
826,zero_shot_full_context,16,talk.politics.guns,16,talk.politics.guns,16,"From: fiddler@concertina.Eng.Sun.COM (steve hix) Subject: Re: My Gun is like my American Express Card Organization: Sun Lines: 48 NNTP-Posting-Host: concertina In article <CMM.0.90.2.735386976.thomasp@surt.ifi.uio.no> Thomas Parsli <thomasp@ifi.uio.no> writes: > >I don't remember the figures EXACTLY, but there were about 3500 deaths in Texas >in 19"
827,zero_shot_full_context,14,sci.space,14,sci.space,14,"From: apryan@vax1.tcd.ie Subject: URGENT EMAIL: NASA BUDGET? Lines: 13 Nntp-Posting-Host: vax1.tcd.ie Organization: Trinity College Dublin Lines: 13 What is NASA's annual budget? This year will do, a few years back wpuld be nice too but I need this item fast so emails off the top of your head very much appreciated (FAQs vanish here!). -Tony Ryan, """
828,zero_shot_full_context,2,comp.os.ms-windows.misc,2,comp.os.ms-windows.misc,2,"From: kaz@iastate.edu (Errington Shroud) Subject: Trouble with Sound Blaster Pro drivers Summary: Trouble with Sound Blaster Pro Keywords: SBP Organization: Iowa State University, Ames IA Lines: 12 Recently, Windows has starting giving me the error ""Sound Blaster Pro: Requires newer version of Windows 3.1."" It has worked correctly for a long time, "
829,zero_shot_full_context,8,rec.motorcycles,17,talk.politics.mideast,17,"From: svoboda@rtsg.mot.com (David Svoboda) Subject: Re: Countersteering sans Hands Nntp-Posting-Host: corolla18 Organization: Motorola Inc., Cellular Infrastructure Group Lines: 35 In article <1993Apr22.005308.11779@cs.cornell.edu> karr@cs.cornell.edu (David Karr) writes: |In article <gbnvgw@quantum.qnx.com> dagibbs@quantum.qnx.com (David Gibbs) wr"
830,zero_shot_full_context,13,sci.med,14,sci.space,14,"From: wang@ssd.intel.com (Wen-Lin Wang) Subject: Re: How often do kids fall sick? etc. Nntp-Posting-Host: ssdintel Organization: Supercomputer Systems Division (SSD), Intel Lines: 83 In article <ASHWIN.93May2131021@leo.gatech.edu> ashwin@cc.gatech.edu (Ashwin Ram) writes: >Our 20-month son has started falling sick quite often every since he >starte"
831,zero_shot_full_context,2,comp.os.ms-windows.misc,2,comp.os.ms-windows.misc,2,"Subject: Re: Challenge to Microsoft supporters. From: thomas@datamark.co.nz (Thomas Beagle) Organization: Datamark International Ltd. Lines: 22 In article <1993May14.210055.25497@klaava.Helsinki.FI> jliukkon@klaava.Helsinki.FI (Juha-Matti Liukkonen) writes: >Let me pose a question: how many MS-DOS users are out there who have no >access to the net,"
832,zero_shot_full_context,7,rec.autos,4,comp.sys.mac.hardware,4,From: cka52397@uxa.cso.uiuc.edu (OrioleFan@uiuc) Subject: Re: Opel owners? Organization: University of Illinois at Urbana Lines: 52 mliggett@silver.ucs.indiana.edu (matthew liggett) writes: >In <C5t3B2.DG@news.cso.uiuc.edu> cka52397@uxa.cso.uiuc.edu (OrioleFan@uiuc) writes: >>boyle@cactus.org (Craig Boyle) writes: >>>In article <C5sxI4.J9B@news.cso
833,zero_shot_full_context,6,misc.forsale,6,misc.forsale,6,"From: baden@sys6626.bison.mb.ca (baden de bari) Subject: ***] SEGA 3-D GLASSES WANTED!!! Organization: System 6626 BBS, Winnipeg Manitoba Canada Lines: 17 Does anyone have a pair of Sega 3-d glasses they're willing to part with? Or know of anywhere to acquire a pair, as they don't have them around here!!! Thanks. ___________________________________"
834,zero_shot_full_context,9,rec.sport.baseball,9,rec.sport.baseball,9,"From: tedward@cs.cornell.edu (Edward [Ted] Fischer) Subject: Re: Bases loaded walk gives Reds win in 12 Organization: Cornell Univ. CS Dept, Ithaca NY 14853 Lines: 87 In article <mssC5y5u0.4Dn@netcom.com> mss@netcom.com (Mark Singer) writes: > >Actually, I think the large-scale sample size is part of the problem. >It seems to me that if we were to "
835,zero_shot_full_context,8,rec.motorcycles,7,rec.autos,7,"From: neal@cmptrc.lonestar.org (Neal Howard) Subject: Re: Maxima Chain wax Organization: CompuTrac Inc., Richardson TX Lines: 20 In article <24590@drutx.ATT.COM> pms@torreys.att.com (Paul M. Smith) writes: >In article <RMUGELE.93Apr21062229@oasun1.oracle.com> rmugele@oracle.com (Robert Mugele) writes: >> >>I've tried unsuccessfully to locate a plac"
836,zero_shot_full_context,1,comp.graphics,14,sci.space,14,"From: dts@buoy.cis.ufl.edu (Dave Small) Subject: WANTED: references on parallel algorithms Organization: TiGrrs_R_Us Lines: 16 Distribution: world NNTP-Posting-Host: buoy.cis.ufl.edu Keywords: parallel algorithms, octrees, adaptive subdivision, meshing, finite element analysis, radiosity, distributed processing Hi, I'm looking for references to par"
837,zero_shot_full_context,11,sci.crypt,11,sci.crypt,11,"From: strnlght@netcom.com (David Sternlight) Subject: Re: new encryption Organization: DSI/USCRPAC Lines: 24 psionic@wam.umd.edu, whose parenthesized name is either an unfortunate coincidence or casts serious doubt on his bona fides, posts a message in which he seems willing to take the word of a private firm about which he knows little that their "
838,zero_shot_full_context,3,comp.sys.ibm.pc.hardware,13,sci.med,13,"From: guyd@austin.ibm.com (Guy Dawson) Subject: Re: Help adding a SCSI Drive Originator: guyd@pal500.austin.ibm.com Organization: IBM Austin Lines: 52 A couple of points :- In article <1993Apr22.094851.27323@physchem.ox.ac.uk>, mark@physchem.ox.ac.uk (Mark Jackson) writes: > > In article <1993Apr19.195301.27872@oracle.us.oracle.com>, ebosco@us.orac"
839,zero_shot_full_context,10,rec.sport.hockey,9,rec.sport.baseball,9,From: gld@cunixb.cc.columbia.edu (Gary L Dare) Subject: Re: ESPN2 - Tell us about it Nntp-Posting-Host: cunixb.cc.columbia.edu Reply-To: gld@cunixb.cc.columbia.edu (Gary L Dare) Organization: PhDs In The Hall Lines: 31 nhmas@gauss.med.harvard.edu (Mark Shneyder 432-4219) writes: > >The problem ESPN2 faces is the TCI-Cablevision connection in the >m
840,zero_shot_full_context,8,rec.motorcycles,18,talk.politics.misc,18,"From: jgoss@gaia.torolab.ibm.com (Jeff Goss) Subject: Re: Why I wanted police officers to answer my posting In-Reply-To: jrlaf@sgi502.msd.lmsc.lockheed.com's message of Wed, 21 Apr 93 16:31:18 GMT Lines: 14 Organization: IBM Toronto Lab In article <1993Apr21.163118.29571@iscnvx.lmsc.lockheed.com> jrlaf@sgi502.msd.lmsc.lockheed.com (J. R. Laferriere"
841,zero_shot_full_context,9,rec.sport.baseball,9,rec.sport.baseball,9,"From: wall@cc.swarthmore.edu (Matthew Wall) Subject: Triva question on Bosio's No-hitter Organization: Hi, I'm Matt, and I'm a...a...Boston Red Sox fan Lines: 17 Nntp-Posting-Host: elvis.swarthmore.edu I don't actually have the answer to this one. Bosio, after walking the first two batters, retired 27-straight for a ""back-end"" perfect game. How man"
842,zero_shot_full_context,18,talk.politics.misc,16,talk.politics.guns,16,"From: cramer@optilink.COM (Clayton Cramer) Subject: Re: New Study Out On Gay Percentage Organization: Optilink Corporation, Petaluma, CA Lines: 30 In article <1993Apr17.093826.5227@nwnexus.WA.COM>, elf@halcyon.com (Elf Sternberg) writes: > In article <1993Apr16.200354.8045@magnus.acs.ohio-state.edu> > rscharfy@magnus.acs.ohio-state.edu (Ryan C Scha"
843,zero_shot_full_context,8,rec.motorcycles,14,sci.space,14,"From: ak296@yfn.ysu.edu (John R. Daker) Subject: Re: Please tell me they're not permenant scratches! Organization: St. Elizabeth Hospital, Youngstown, OH Lines: 23 Reply-To: ak296@yfn.ysu.edu (John R. Daker) NNTP-Posting-Host: yfn.ysu.edu In a previous article, mjs@sys.uea.ac.uk (Mike Sixsmith) says: >Catherine Barbara Saum <cs20+@andrew.cmu.edu> w"
844,zero_shot_full_context,9,rec.sport.baseball,9,rec.sport.baseball,9,From: ejb@ll.mit.edu ( Ed Baranoski) Subject: Re: How to speed up games (marginally realistic) In-Reply-To: davidm@gvls2.vfl.paramax.com's message of 20 Apr 93 18:12:45 GMT Organization: /home/NEARnet/ejb/.organization Lines: 28 In article <1993Apr20.181245.11319@VFL.Paramax.COM> davidm@gvls2.vfl.paramax.com (David Madden) writes: Another pair of s
845,zero_shot_full_context,6,misc.forsale,6,misc.forsale,6,"From: rob@msc.cornell.edu Subject: Used CDs for sale Originator: rob@snoopy.msc.cornell.edu Organization: who, me? Lines: 10 Nova Mob |Last Days of Pompeii|$8 ppd. Overwhelming Colorfast |Overwhelming Colorfast|$8 ppd. Teenage Fanclub |Bandwagonesque|$9 ppd. Tin Machine |Tin Machine II|$9 ppd. Various |Teriyaki Asthma I-V Comp.|$9.50 ppd. Rob -- ro"
846,zero_shot_full_context,2,comp.os.ms-windows.misc,3,comp.sys.ibm.pc.hardware,3,"From: pswecker@med.unc.edu (Peter St.Wecker, N4YRJ) Subject: Western Digital 90C31 Driver Originator: pswecker@pelham Nntp-Posting-Host: pelham.med.unc.edu Organization: UNC School of Medicine Lines: 20 I know that I've seen this question asked before, but I don't remember seeing any answers..So here it is again: Does any one know of an ftp site wh"
847,zero_shot_full_context,17,talk.politics.mideast,18,talk.politics.misc,18,"From: sunder@grusin.crhc.uiuc.edu (Srinivas Sunder) Subject: Re: The Stage is Being Set Organization: Center for Reliable and High-Performance Computing, University of Illinois at Urbana-Champaign Lines: 62 Distribution: world NNTP-Posting-Host: grusin.crhc.uiuc.edu In article <C6tzz3.M7C@ucdavis.edu>, ez000281@hamlet.ucdavis.edu () writes: |> Srin"
848,zero_shot_full_context,12,sci.electronics,13,sci.med,13,"From: billn@hpcvaac.cv.hp.com (bill nelson) Subject: Re: Power, signal surges in home... Organization: Hewlett-Packard Company, Corvallis, Oregon USA Lines: 23 wb8foz@skybridge.SCL.CWRU.Edu (David Lesher) writes: : : (Why do ALL postings from bnr seem to have bogus addresses? : Both : gstovall@crchh67.NoSubdomain.NoDomain : and : gstovall@bnr.com :"
849,zero_shot_full_context,1,comp.graphics,12,sci.electronics,12,From: torb@mack.uit.no (Tor Berger) Subject: 8th SCIA Lines: 306 Organization: University of Tromsoe Invitation to the 8th SCIA The 8th Scandinavian Conference on Image Analysis will be arranged by the Norwegian Society for Image Processing and Pattern Recognition (NOBIM) and sponsored by the International Association for Pattern Recognition (IAPR)
850,zero_shot_full_context,10,rec.sport.hockey,9,rec.sport.baseball,9,"Subject: Re: Where are all the Bruins fans??? From: kwolfer@eagle.wesleyan.edu Organization: Wesleyan University Nntp-Posting-Host: willet.wesleyan.edu Lines: 26 In article <93113.010900RAP115@psuvm.psu.edu>, Robbie Po <RAP115@psuvm.psu.edu> writes: > I'm just wondering where all the Bruins fans are??? I mean they woofed it > up with about 1,000,00"
851,zero_shot_full_context,9,rec.sport.baseball,9,rec.sport.baseball,9,"From: scunning@louven.berkeley.edu (Sean Cunningham) Subject: Candlestick Nntp-Posting-Host: louven.berkeley.edu Organization: University of California, Berkeley Lines: 24 Hey folks, Saw the Giants play ball at the 'Stick Saturday, April 17. It was the game where Pendelton broke up the scoreless tie in the ninth with a two-out, two-run homer to rig"
852,zero_shot_full_context,8,rec.motorcycles,7,rec.autos,7,"From: bradw@Newbridge.COM (Brad Warkentin) Subject: Re: Good Reasons to Wave at each other Nntp-Posting-Host: thor Organization: Newbridge Networks Corporation Lines: 25 jlevine@rd.hydro.on.ca (Jody Levine) writes: >Has anyone, while driving a cage, ever waved at bikers? I get the urge, >but I've never actually done it. Yup. Do it whenever I am in "
853,zero_shot_full_context,6,misc.forsale,6,misc.forsale,6,"From: mih8447@ucs.usl.edu (Hebert Marc I) Subject: -WANTED- Portable Color TV Organization: Univ. of Southwestern La., Lafayette Lines: 10 It seems I'm in the fortunate position to desire what many people want to sell- a miniature color tv. I require color and input for cable or vcr. I would prefer a 5inch diagonal and a tube television (not lcd). "
854,zero_shot_full_context,5,comp.windows.x,18,talk.politics.misc,18,From: rpicas@porto.INescn.PT (Rui Picas) Subject: subscribe Organization: The Internet Lines: 3 NNTP-Posting-Host: enterpoop.mit.edu To: <xpert@export.lcs.mit.edu> please subscribe me. e-mail: rpicas@porto.inescn.pt
855,zero_shot_full_context,14,sci.space,12,sci.electronics,12,"From: henry@zoo.toronto.edu (Henry Spencer) Subject: Re: HST Servicing Mission Scheduled for 11 Days Organization: U of Toronto Zoology Lines: 12 In article <1993Apr27.094238.7682@samba.oit.unc.edu> Bruce.Scott@launchpad.unc.edu (Bruce Scott) writes: >If re-boosting the HST by carrying it with a shuttle would not damage it, >then why couldn't HST b"
856,zero_shot_full_context,17,talk.politics.mideast,16,talk.politics.guns,16,"From: ohayon@jcpltyo.JCPL.CO.JP (Tsiel Ohayon) Subject: Re: rejoinder. Questions to Israelis Organization: James Capel Pacific Limited, Tokyo Japan Lines: 31 In article <1993Apr26.211905.28317@freenet.carleton.ca> aa229@Freenet.carleton.ca (Steve Birnbaum) writes: [SB] Oh yeah, Israel was really ready to ""expand its borders"" on the holiest day [SB]"
857,zero_shot_full_context,5,comp.windows.x,17,talk.politics.mideast,17,"From: dbrooks@osf.org (David Brooks) Subject: Re: XV 3.0 author is on vacation till May 10 or so Reply-To: dbrooks@osf.org (David Brooks) Organization: Open Software Foundation Lines: 14 amir@matis.ingr.com writes: >For all those people flaming John Bradley, the author of xv - he's on >vacation till May 10 (or 15, I don't remember). Maybe we all sh"
858,zero_shot_full_context,1,comp.graphics,5,comp.windows.x,5,"From: cs89ssg@brunel.ac.uk (Sunil Gupta) Subject: Re: MESSAGE: for cgcad@bart.inescn.pt Organization: Brunel University, Uxbridge, UK X-Newsreader: TIN [version 1.1 PL9] Lines: 7 Sunil Gupta (cs89ssg@brunel.ac.uk) wrote: : I cant get through to the author of rtrace. His site is inaccessible : can he upload the new version somewhere else please? Pro"
859,zero_shot_full_context,17,talk.politics.mideast,16,talk.politics.guns,16,"From: nraclaw@jade.tufts.edu (Nissan Raclaw) Subject: Re: Final Solution for Gaza ? Organization: Tufts University - Medford, MA Lines: 27 The honest answer to your question about Arabs who were expelled from Jaffa, and/or who fled Jaffa, or anywhere else in Israel, having the right to return is: Yes, unfortunately, they have the right to return. T"
860,zero_shot_full_context,8,rec.motorcycles,7,rec.autos,7,"From: jeq@lachman.com (Jonathan E. Quist) Subject: Re: Dogs vs. Bikes Nntp-Posting-Host: birdie.i88.isc.com Organization: Lachman Technology, Incorporated, Naperville, IL Lines: 32 In article <13605@news.duke.edu> infante@acpub.duke.edu (Andrew Infante) writes: >In article <C5r12x.K8M@ccu.umanitoba.ca> klinger@ccu.umanitoba.ca (Jorg Klinger) writes"
861,zero_shot_full_context,4,comp.sys.mac.hardware,14,sci.space,14,"From: pebi@aem.umn.edu (Peter A. Bidian) Subject: Re: Duo price reduction? Nntp-Posting-Host: sirocco.aem.umn.edu Organization: University of Minnesota Lines: 17 cam@athena.mit.edu (Daniel Cameron Daly) writes: >Someone mentioned a while ago that the Duos were scheduled for a >10-18% price reduction, according to 'newsbytes'. Is this definite? >Doe"
862,zero_shot_full_context,0,alt.atheism,15,soc.religion.christian,15,"From: sandvik@newton.apple.com (Kent Sandvik) Subject: Re: thoughts on christians Organization: Cookamunga Tourist Bureau Lines: 21 In article <11862@vice.ICO.TEK.COM>, bobbe@vice.ICO.TEK.COM (Robert Beauchaine) wrote: > > In article <sandvik-190493224221@sandvik-kent.apple.com> sandvik@newton.apple.com (Kent Sandvik) writes: > > > >As I know you c"
863,zero_shot_full_context,10,rec.sport.hockey,9,rec.sport.baseball,9,"From: v120qldp@ubvmsd.cc.buffalo.edu (A REAL KNEEBITER) Subject: Re: Trivia question Organization: University at Buffalo Lines: 27 News-Software: VAX/VMS VNEWS 1.41 Nntp-Posting-Host: ubvmsd.cc.buffalo.edu In article <1993Apr23.102811.623@sei.cmu.edu>, caj@sei.cmu.edu (Carol Jarosz) writes... > >While watching the Penguins/Devils game last night, I"
864,zero_shot_full_context,15,soc.religion.christian,15,soc.religion.christian,15,"From: JEK@cu.nih.gov Subject: legal definition of religion Lines: 31 Edgar Pearlstein asks (Fri 7 May 1993) whether the Supreme Court, or any other government authority, has attempted a legal definition of religion. The Universal Military Training and Service Act of 1958 exempted from the draft those whose ""religious training and belief"" was oppose"
865,zero_shot_full_context,1,comp.graphics,5,comp.windows.x,5,"From: SITUNAYA@IBM3090.BHAM.AC.UK Subject: Best FTP Viewer please. Organization: The University of Birmingham, United Kingdom Lines: 5 NNTP-Posting-Host: ibm3090.bham.ac.uk ============================================================================== Could someone please tell me the Best FTP'able viewer available for MSDOS I am running a 486 33mhz"
866,zero_shot_full_context,4,comp.sys.mac.hardware,4,comp.sys.mac.hardware,4,"From: bherrero@cec.uchile.cl (Beltran Herreros T.) Subject: AppleTalk ImageWriter LQ compatible needed. Nntp-Posting-Host: ranco.cec.uchile.cl Organization: Universidad de Chile X-Newsreader: TIN [version 1.1 PL9] Lines: 8 Since Image Writer LQ was discontinued, there is no Apple Talk printer with 11""*15"" continous paper printer. I would like to kn"
867,zero_shot_full_context,18,talk.politics.misc,18,talk.politics.misc,18,From: johnch@test22.sun.com (John Chandler) Subject: Re: Top Ten Excuses for Slick Willie's Record-Setting Disapproval Rati <1qhr73$a8d@usenet.INS.CWRU.Edu> <93105.032616MBS110@psuvm.psu.edu> <1993Apr16.221546.1208@dg-rtp.dg.com> Organization: Crimea River Corporation Lines: 12 NNTP-Posting-Host: test22 In-reply-to: crosmun@crosmun.rtp.dg.com's mes
868,zero_shot_full_context,4,comp.sys.mac.hardware,4,comp.sys.mac.hardware,4,"From: mwnorman@bcarh929bnr.ca (Michael Norman) Subject: PowerPC and old Macs: what happens then? Keywords: PowerPC, 680X0-Macs, obsolete or what Nntp-Posting-Host: bcarh929 Organization: Bell-Northern Research Lines: 23 I have a few questions that I would like answers to (or opinions on) since I'm thinking about buying a LC-III: Q1) When the PowerP"
869,zero_shot_full_context,18,talk.politics.misc,16,talk.politics.guns,16,"From: jschell@sdcc13.ucsd.edu (ch'rowl-Captain) Subject: Re: New Study Out On Gay Percentage Organization: University of California, San Diego Lines: 55 Distribution: world NNTP-Posting-Host: sdcc13.ucsd.edu In article <C5t41s.8nz@murdoch.acc.Virginia.EDU> lfoard@hopper.Virginia.EDU (Lawrence C. Foard) writes: >In article <15427@optilink.com> crame"
870,zero_shot_full_context,6,misc.forsale,14,sci.space,14,"From: uk02657@nx39.mik.uky.edu (jerry marvin haws) Subject: looking for DIFFRACTION GRATING GLASSES in quantity Nntp-Posting-Host: nx39.mik.uky.edu Organization: University Of Kentucky, Dept. of Math Sciences Lines: 5 Yeah, that about sums it up... looking for a place that sells diffraction grating goggles in quantity... thanks..."
871,zero_shot_full_context,14,sci.space,12,sci.electronics,12,"From: henry@zoo.toronto.edu (Henry Spencer) Subject: Re: Mothership for Flybys and cutting costs.. Organization: U of Toronto Zoology Lines: 22 In article <1993May1.051312.1@aurora.alaska.edu> nsmca@aurora.alaska.edu writes: >... design a mother ship that has piggy backed probes for >different missions,namely different planets... Not useful unless "
872,zero_shot_full_context,18,talk.politics.misc,16,talk.politics.guns,16,From: V2110A@VM.TEMPLE.EDU (Richard Hoenes) Subject: Waco Investigation Paranoia Organization: Temple University Lines: 9 Nntp-Posting-Host: vm.temple.edu X-Newsreader: NNR/VM S_1.3.2 Can people please stop the 'I think/know the BATF/FBI are completely responsible but they'll cover it up so that the investigation will show that Koresch is responsib
873,zero_shot_full_context,12,sci.electronics,12,sci.electronics,12,"From: dp@cec1.wustl.edu (David Prutchi) Subject: Re: Flexible solar cells Nntp-Posting-Host: cec1 Organization: Washington University, St. Louis MO Lines: 24 In article <1993Apr22.135517.5897@r-node.hub.org> wayne@r-node.hub.org (Wayne Dawe) writes: >Two or three years ago I saw a report on TV about a company that had >developed a method of making "
874,zero_shot_full_context,4,comp.sys.mac.hardware,3,comp.sys.ibm.pc.hardware,3,"From: hm002b@uhura.cc.rochester.edu (Hasit Mehta) Subject: Re: Centris 610 flaky? Nntp-Posting-Host: uhura.cc.rochester.edu Organization: University of Rochester (Rochester, NY) Lines: 28 In article <C5yDqC.6JK@cs.uiuc.edu> scott@cs.uiuc.edu (Jay Scott) writes: > >A rep at the dealer (actually it's a university order center, so >they don't have any"
875,zero_shot_full_context,5,comp.windows.x,5,comp.windows.x,5,"From: scot@bristol.NoSubdomain.NoDomain (Scot Wingo) Subject: ******* Cool Demo Now Available on Internet! ********* Keywords: HyperHelp, Xprinter, Bristol, Cool Organization: Bristol Technology Inc. Lines: 92 Bristol Technology announces the availability of its HyperHelp(tm) and Xprinter(tm) demo for downloading. This demo showcases the two produc"
876,zero_shot_full_context,1,comp.graphics,5,comp.windows.x,5,"From: Brandon.Vanevery@launchpad.unc.edu (Brandon Vanevery) Subject: Company info for graphics software Keywords: software, company Nntp-Posting-Host: lambada.oit.unc.edu Organization: University of North Carolina Extended Bulletin Board Service Lines: 19 Within the next several months I'll be looking for a job in computer graphics software. I'm in"
877,zero_shot_full_context,3,comp.sys.ibm.pc.hardware,3,comp.sys.ibm.pc.hardware,3,"From: tovecchi@nyx.cs.du.edu (tony vecchi) Subject: Help needed Organization: Nyx, Public Access Unix @ U. of Denver Math/CS dept. Lines: 16 For the past week or so I've been trying to install a QIC-36 tape drive and an everex 8bit full size controller in my 486dx50 EISA system with no luck. I end up getting an error (miscompare) during the streami"
878,zero_shot_full_context,5,comp.windows.x,14,sci.space,14,"From: sadie@cs.sun.ac.za (Sadie HF) Subject: Looking for Article Article-I.D.: hippo.1993May17.131833.3895 Organization: Rhodes University, Grahamstown, South Africa Lines: 17 X-Newsreader: TIN [version 1.1 PL8] I am urgently looking for the following article, but I can't seem to find it anywhere here: ""The Multi-Threaded X Server"" John Allen Smith"
879,zero_shot_full_context,14,sci.space,12,sci.electronics,12,"From: 18084TM@msu.edu (Tom) Subject: Kupier Object: Smiley X-Added: Forwarded by Space Digest Organization: [via International Space University] Original-Sender: isu@VACATION.VENARI.CS.CMU.EDU Distribution: sci Lines: 25 James Nicholl sez; >> If the new Kuiper belt object *is* called 'Karla', the next >>one should be called 'Smiley'. Jeff responds;"
880,zero_shot_full_context,17,talk.politics.mideast,16,talk.politics.guns,16,"From: sera@zuma.UUCP (Serdar Argic) Subject: Notwithstanding her geographic location, Greece is un-European in... Organization: zuma Distribution: world Lines: 83 In article <1993May24.134245.1@vax1.bham.ac.uk> ivrissimtzis@vax1.bham.ac.uk writes: >Turkey may be ""more"" underdeveloped if you wish, but that was not the issue. Funny you should mention"
881,zero_shot_full_context,12,sci.electronics,17,talk.politics.mideast,17,"From: wex@cs.ulowell.edu (Paul M. Wexelblat) Subject: Re: solvent for duct-tape adhesive Reply-To: wex@cs.ulowell.edu Organization: Univ. of Lowell CS Dept. Lines: 18 In article <19930427.060713.357@almaden.ibm.com>, jmichael@vnet.IBM.COM writes: |> From: jmichael@vnet.IBM.COM |> Date: Tue, 27 Apr 93 09:00:18 EDT |> Subject: Re: solvent for duct-ta"
882,zero_shot_full_context,16,talk.politics.guns,16,talk.politics.guns,16,"From: gaucher@sam.cchem.berkeley.edu Subject: Re: The Dayton Gun ""Buy Back"" (Re: Boston Gun Buy Back) Organization: University of California, Berkeley Lines: 37 NNTP-Posting-Host: sam.cchem.berkeley.edu Originator: gaucher@sam.cchem.berkeley.edu In article <C5uCHu.FFn@cbnews.cb.att.com> lvc@cbnews.cb.att.com (Larry Cipriani) writes: >According to W"
883,zero_shot_full_context,10,rec.sport.hockey,17,talk.politics.mideast,17,"From: allan@cs.UAlberta.CA (Allan Sullivan) Subject: Oiler's rumour - Team moving? Press conference next week Organization: University of Alberta, Edmonton, Canada Lines: 23 Nntp-Posting-Host: swanlake.cs.ualberta.ca I heard a story on the local sports news broadcast in Edmonton. Oiler owner Peter Pocklington will be holding a press conference next"
884,zero_shot_full_context,8,rec.motorcycles,17,talk.politics.mideast,17,"From: ak296@yfn.ysu.edu (John R. Daker) Subject: Re: Maxima Chain wax Wheelies Organization: St. Elizabeth Hospital, Youngstown, OH Lines: 20 Reply-To: ak296@yfn.ysu.edu (John R. Daker) NNTP-Posting-Host: yfn.ysu.edu >In article <93Apr20.211127.44984@acs.ucalgary.ca> parr@acs.ucalgary.ca (Charles Parr) writes: > > >> I bought it, I tried it: >> >> "
885,zero_shot_full_context,18,talk.politics.misc,16,talk.politics.guns,16,"From: v111qheg@ubvmsd.cc.buffalo.edu (P.VASILION) Subject: Re: Welcome to Police State USA Organization: University at Buffalo Lines: 30 News-Software: VAX/VMS VNEWS 1.41 Nntp-Posting-Host: ubvmsd.cc.buffalo.edu In article <20APR199312325032@rigel.tamu.edu>, mst4298@rigel.tamu.edu (Mitchell S Todd) writes... >In article <1993Apr20.151753.13020@udel"
886,zero_shot_full_context,9,rec.sport.baseball,9,rec.sport.baseball,9,From: fierkelab@bchm.biochem.duke.edu (Eric Roush) Subject: Re: BOB KNEPPER WAS DAMN RIGHT! Organization: Biochemistry Lines: 59 Nntp-Posting-Host: bruchner.biochem.duke.edu In article <1qv9agINN3ba@shelley.u.washington.edu> tannerg@hardy.u.washington.edu (Glenn Tanner) writes: >fierkelab@bchm.biochem.duke.edu (Eric Roush) writes: > >>In article <1
887,zero_shot_full_context,13,sci.med,14,sci.space,14,"From: levin@bbn.com (Joel B Levin) Subject: Re: BIOLOGICAL ALCHEMY Lines: 19 NNTP-Posting-Host: fred.bbn.com mcelwre@cnsvax.uwec.edu writes: | | BIOLOGICAL ALCHEMY | | ( ANOTHER Form of COLD FUSION ) Gee, I'd FORGOTTEN about THIS NUT. | UN-altered REPRODUCTION and DISSEMINATION of this | IMPORTANT Information is ENCOURAGED. | Robert E. McElwaine | "
888,zero_shot_full_context,6,misc.forsale,14,sci.space,14,"From: gilgalad@quip.eecs.umich.edu (Ralph Seguin) Subject: Split A4000, scanner, RAM, ..., Toaster, TBC, SVHS VCR, scope, ... Keywords: toaster, amiga, video, a4000, ram, disk, scsi Organization: University of Michigan EECS Dept., Ann Arbor Distribution: na Lines: 133 Sorry for the frequency of the posting (I'm in a time crunch). I'm selling my toy"
889,zero_shot_full_context,1,comp.graphics,5,comp.windows.x,5,"From: ""Changyaw Wang"" <wangc@cs.indiana.edu> Subject: Need help to find out the address of several companies doing graphics. Organization: Computer Science, Indiana University Lines: 9 1) Lucas film 2) Pixar 3) 3D/Eye Inc. 4) Light & Magic Thanks, -Changyaw wangc@cs.indiana.edu"
890,zero_shot_full_context,15,soc.religion.christian,15,soc.religion.christian,15,"From: Fil.Sapienza@med.umich.edu (Fil Sapienza) Subject: Re: Why do people become atheists? Organization: University of Michigan Hospitals Lines: 36 In article <May.7.01.09.59.1993.14571@athos.rutgers.edu> Bill Mayne, mayne@pipe.cs.fsu.edu writes: In article <May.7.01.09.59.1993.14571@athos.rutgers.edu> Bill Mayne, mayne@pipe.cs.fsu.edu writes: >In"
891,zero_shot_full_context,14,sci.space,11,sci.crypt,11,"From: bobo@thejester.cray.com (Bob Kierski) Subject: Philosophy Quest. How Boldly? Originator: bobo@thejester.cray.com Lines: 21 Nntp-Posting-Host: thejester Organization: Cray Research, Inc. There are a number of Philosophical questions that I would like to ask: 1) If we encounter a life form during our space exploration, how do we determine if we"
892,zero_shot_full_context,8,rec.motorcycles,8,rec.motorcycles,8,"Organization: Washington University, St. Louis From: Brad Thone <C09615BT@WUVMD> To: NETNEWS@WUVMD Subject: Re: Well blow me down. yuk,yuk,yuk Lines: 16 >I have never experienced wind so severe it physically precluded operation >of a motorcycle. It's more a matter of deciding whether the aggravation >is more trouble than it's worth. This of course,"
893,zero_shot_full_context,4,comp.sys.mac.hardware,4,comp.sys.mac.hardware,4,"From: billy@irvine.com (*** Bouncer **) Subject: ** Wanted: Macintosh PowerBook 100 ** Organization: Irvine Compiler Corp., Irvine, California, USA Lines: 10 Looking for a Mac PB 100 that's in good condition (brand new, w/warranty would be ideal). It should also include the external floppy drive and have at least a 40 MEG internal hard drive with 4"
894,zero_shot_full_context,6,misc.forsale,6,misc.forsale,6,From: jslauson@magnus.acs.ohio-state.edu (Justin Slauson) Subject: Video tapes for sale (Adult) Nntp-Posting-Host: magnusug.magnus.acs.ohio-state.edu Organization: The Ohio State University Lines: 20 I have the following Playboy videos for sale. Email me if interested. All are original tapes (of course) in original boxes. Video Playmate Calendar 19
895,zero_shot_full_context,14,sci.space,14,sci.space,14,From: apryan@vax1.tcd.ie Subject: U.K.: see Mir in evening skies! Lines: 24 Nntp-Posting-Host: vax1.tcd.ie Organization: Trinity College Dublin Lines: 24 Astronomy & Space magazine's UK telephone newsline carries the times to see the Russian Space Station Mir which will be visible every EVENING (some time between 9 o'clock and midnight) from April 
896,zero_shot_full_context,7,rec.autos,14,sci.space,14,"From: ""Rajeev T. Chellapilla"" <rc4u+@andrew.cmu.edu> Subject: MBenz&Bmw Question Organization: Freshman, Biology, Carnegie Mellon, Pittsburgh, PA Lines: 7 NNTP-Posting-Host: po2.andrew.cmu.edu When do the new M.benz ""C"" class cars come out? The new nomenclature that MB has adopted will it only apply to the ""c"" class cars or will it also apply to th"
897,zero_shot_full_context,14,sci.space,14,sci.space,14,"From: fcrary@ucsu.Colorado.EDU (Frank Crary) Subject: Re: Space Marketing would be wonderfull. Nntp-Posting-Host: ucsu.colorado.edu Organization: University of Colorado, Boulder Lines: 29 In article <C73w0t.FpH@cunews.carleton.ca> wcsbeau@superior.carleton.ca (OPIRG) writes: >I don't think that idea means what you think it does. Having everyone >on"
898,zero_shot_full_context,6,misc.forsale,16,talk.politics.guns,16,"From: jrm@elm.circa.ufl.edu (Jeff Mason) Subject: Jeff Mason's Auction Organization: Univ. of Florida Psychology Dept. Lines: 115 NNTP-Posting-Host: elm.circa.ufl.edu Summary: Tuesday, April 27 Update The following comics are for auction. The highest bid takes them! All are near mint to mint condition! TITLE Minimum/Current ------------------------"
899,zero_shot_full_context,2,comp.os.ms-windows.misc,5,comp.windows.x,5,"From: bwana@daktari.Corp.Sun.COM (Don Finch) Subject: Windows 3.1 and IMF Boards ? Organization: Sun Microsystems Computer Corp. Lines: 29 Distribution: world Reply-To: bwana@daktari.Corp.Sun.COM NNTP-Posting-Host: daktari.corp.sun.com Keywords: Windows, sound, IMF, midi I am interested to know if there is know procedure/document to configure an IB"
900,zero_shot_full_context,9,rec.sport.baseball,9,rec.sport.baseball,9,"From: cmk@athena.mit.edu (Charles M Kozierok) Subject: Re: Bosox win again! (5-2 against Seattle) Organization: Massachusetts Institute of Technology Lines: 27 NNTP-Posting-Host: electric-monk.mit.edu In article <jxu.735398917@black.clarku.edu> jxu@black.clarku.edu (Dark Wing Duck!!) writes: } Last night, Boston Red Sox win its 11 games of 14 games"
901,zero_shot_full_context,12,sci.electronics,13,sci.med,13,"From: blockley@csu.murdoch.edu.au (Adrian Blockley) Subject: Programming Motorola XC68HC705P9? Lines: 14 NNTP-Posting-Host: essun1.murdoch.edu.au Has anyone successfully programmed this beast using the bootloader pgm with the circuit described in `the little green handbook, pg 9-1`? Dan. -- ----------------------------------------------------------"
902,zero_shot_full_context,19,talk.religion.misc,15,soc.religion.christian,15,"From: mlee@post.RoyalRoads.ca (Malcolm Lee) Subject: Re: A KIND and LOVING God!! Organization: Royal Roads Military College, Victoria, B.C. Lines: 33 In article <sandvik-210493230542@sandvik-kent.apple.com>, sandvik@newton.apple.com (Kent Sandvik) writes: |> In article <1993Apr21.145336.5912@ra.royalroads.ca>, |> mlee@post.RoyalRoads.ca (Malcolm Le"
903,zero_shot_full_context,0,alt.atheism,14,sci.space,14,"From: kempmp@phoenix.oulu.fi (Petri Pihko) Subject: Re: Consciousness part II - Kev Strikes Back! Organization: University of Oulu, Finland X-Newsreader: TIN [version 1.1 PL9] Lines: 30 Scott D. Sauyet (SSAUYET@eagle.wesleyan.edu) wrote: > In <1993Apr21.163848.8099@cs.nott.ac.uk> > Kevin Anthony (kax@cs.nott.ac.uk) writes: > > Firstly, I'm not impr"
904,zero_shot_full_context,0,alt.atheism,15,soc.religion.christian,15,"From: sandvik@newton.apple.com (Kent Sandvik) Subject: Re: Who has read Rushdie's _The Satanic Verses_? Organization: Cookamunga Tourist Bureau Lines: 23 In article <11867@vice.ICO.TEK.COM>, bobbe@vice.ICO.TEK.COM (Robert Beauchaine) wrote: > > In article <EDM.93Apr20145436@gocart.twisto.compaq.com> edm@twisto.compaq.com (Ed McCreary) writes: > > >"
905,zero_shot_full_context,18,talk.politics.misc,16,talk.politics.guns,16,From: golchowy@alchemy.chem.utoronto.ca (Gerald Olchowy) Subject: Re: EIGHT MYTHS about National Health Insurance (Pt II) Organization: University of Toronto Chemistry Department Lines: 97 In article <1993Apr21.005756.1125@news.columbia.edu> gld@cunixb.cc.columbia.edu (Gary L Dare) writes: >v140pxgt@ubvmsb.cc.buffalo.edu (Daniel B Case) writes: >>A
906,zero_shot_full_context,19,talk.religion.misc,15,soc.religion.christian,15,"From: sandvik@newton.apple.com (Kent Sandvik) Subject: Re: Who's next? Mormons and Jews? Distribution: usa Organization: Cookamunga Tourist Bureau Lines: 17 In article <1993Apr21.211312.7767@ra.royalroads.ca>, mlee@post.RoyalRoads.ca (Malcolm Lee) wrote: > In article <9601@blue.cis.pitt.edu>, rjl+@pitt.edu (Richard J. Loether) writes: > |> Yes, of "
907,zero_shot_full_context,1,comp.graphics,5,comp.windows.x,5,"From: s127@ii.uib.no (Torgeir Veimo) Subject: C++ classes for graphics Organization: Institutt for Informatikk UIB Norway Lines: 16 I'm planning on writing several classes to build a raytracing/radiosity library on top of, and i'm wondering if anythink like this is freely available on the net before i go to it. What i need is classes like rays, vec"
908,zero_shot_full_context,10,rec.sport.hockey,9,rec.sport.baseball,9,From: cobra@chopin.udel.edu (KING COBRA) Subject: RE: ESPN UP YOURS ......... Nntp-Posting-Host: chopin.udel.edu Organization: University of Delaware Lines: 66 In article <1993Apr20.214505.6925@wkuvx1.bitnet> kozloce@wkuvx1.bitnet writes: >Jesus Christ!!! > >The score is now 6-0. The Pens are beating the shit out of the Devils who >gave up in the m
909,zero_shot_full_context,11,sci.crypt,11,sci.crypt,11,"Subject: Re: What would happen if export restrictions violated? From: a_rubin@dsg4.dse.beckman.com (Arthur Rubin) <Apr23.215306.83257@yuma.ACNS.ColoState.EDU> <C61rt8.6BC@chinet.chi.il.us> Organization: Beckman Instruments, Inc. Nntp-Posting-Host: dsg4.dse.beckman.com Lines: 35 In <C61rt8.6BC@chinet.chi.il.us> schneier@chinet.chi.il.us (Bruce Schne"
910,zero_shot_full_context,10,rec.sport.hockey,9,rec.sport.baseball,9,"From: jpc@philabs.philips.com (John P. Curcio) Subject: NHL PLAYOFF RESULTS FOR GAMES PLAYED 23 APRIL 1993 Organization: Philips Laboratories, Briarcliff, New York Lines: 122 NHL PLAYOFF RESULTS FOR GAMES PLAYED 23 APRIL 1993: -------------------------------------------------------------------------------- CONFERENCE SEMI-FINALS BEST OF SEVEN PATRI"
911,zero_shot_full_context,18,talk.politics.misc,18,talk.politics.misc,18,"From: an030@cleveland.Freenet.Edu (Broward Horne) Subject: Re: Janet and the babies Organization: Case Western Reserve University, Cleveland, OH (USA) Lines: 22 Reply-To: an030@cleveland.Freenet.Edu (Broward Horne) NNTP-Posting-Host: hela.ins.cwru.edu In a previous article, demon@desire.wright.edu (Not a Boomer) says: > Evidently it was Janet's con"
912,zero_shot_full_context,13,sci.med,13,sci.med,13,From: tysoem@facman.ohsu.edu (Marie E Tysoe) Subject: sciatica Distribution: usa Organization: Oregon Health Sciences University Lines: 1 Nntp-Posting-Host: facman Ideas for the relief of sciatica. Please respond to my E-mail
913,zero_shot_full_context,14,sci.space,14,sci.space,14,"From: dietz@cs.rochester.edu (Paul Dietz) Subject: Re: Gamma Ray Bursters. Where are they? Organization: University of Rochester In article <1rmh4eINN95h@gap.caltech.edu> kwp@wag.caltech.edu (Kevin W. Plaxco) writes: > resolving power of the optics. BATSE is an altogether different > beast, effectively just 8 coincidence counters, one on each corne"
914,zero_shot_full_context,1,comp.graphics,6,misc.forsale,6,From: Vereskova Elena <Vereskova_Elena@p0.f0.n23.z22.zenonet.org> Subject: Wanted:MPEG description or sources:encoders+decoders. Reply-To: Vereskova_Elena@p0.f0.n23.z22.zenonet.org Organization: AsA Trading Company (zenon_gate) Lines: 7 Please help with MPEG description or sources:decoders & encoders. Great thanks in advance. --- Maximus 2.01wb * O
915,zero_shot_full_context,7,rec.autos,17,talk.politics.mideast,17,"From: george.howell%goucher@wb3ffv.ampr.org (George Howell) Subject: KEYLESS ENTRY... NOW HOW Distribution: world Organization: Goucher College, Towson, MD Reply-To: george.howell%goucher@wb3ffv.ampr.org (George Howell) Lines: 24 Bruce James writes: -> Without the key, though, the steering column 'lock' would have to be -> sacrificed. Not necessari"
916,zero_shot_full_context,2,comp.os.ms-windows.misc,5,comp.windows.x,5,"Subject: Re: Why is my mouse so JUMPY? (MS MOUSE) From: <N51BC@CUNYVM.BITNET> Organization: City University of New York Lines: 6 Everyone seems to think that this man's mouse problem is mechanical (its dirty) I have been having a similar problem with my mouse, and it only occurs when ru nning windows and therefore cannot be mechanical in nature. I'"
917,zero_shot_full_context,12,sci.electronics,14,sci.space,14,"From: wagner@mala.bc.ca (TOM WAGNER, Wizzard of old Audio/Visual Equipment........Nanaimo Campus) Subject: Re: Why circuit boards are green? Organization: Malaspina College Lines: 67 In article <1993Apr27.051830.14545@mega.com.au>, swanee@megadata.mega.oz.au (Geoff Swan) writes: > In article <1993Apr23.102039.1720@mala.bc.ca>, wagner@mala.bc.ca (TO"
918,zero_shot_full_context,15,soc.religion.christian,15,soc.religion.christian,15,"From: dan@ingres.com (a Rose arose) Subject: Re: earthquake prediction Organization: Representing my own views here. Lines: 75 mserv@mozart.cc.iup.edu (Mail Server) writes: : Ok, a few days back, the below-included message was posted stating: : : > I believe with everything in my heart that on May 3, 1993, the city of : >Portland, Oregon in the cou"
919,zero_shot_full_context,18,talk.politics.misc,16,talk.politics.guns,16,"From: mece3d@jane.uh.edu (Chris Struble) Subject: Re: Waco *is* Gov't fault (Was Re: Libertarian Party on CIA/FBI/ATF) Organization: University of Houston Lines: 188 Distribution: world NNTP-Posting-Host: jane.uh.edu News-Software: VAX/VMS VNEWS 1.41 In article <C5wKyG.3Fy@dscomsa.desy.de>, hallam@zeus02.desy.de writes... > >In article <1993Apr21.1"
920,zero_shot_full_context,16,talk.politics.guns,16,talk.politics.guns,16,"From: robert@isgtec.com (Robert Osborne) Subject: Waco Distribution: na Lines: 77 X-Newsreader: TIN [version 1.1 PL9] Cross-posted to talk.politics.guns from can.politics: Mark G. Salyzyn (mark@ve6mgs.ampr.org) wrote: # cmk@world.std.com (Charles M Kozierok) writes: # >been to Waco, Texas lately? yes, the government takes care of us # >all, doesn't"
921,zero_shot_full_context,13,sci.med,13,sci.med,13,"From: jhl14@cunixb.cc.columbia.edu (Jonathan H. Lin) Subject: atrial natriuretic factor Keywords: ANP, Renal Regulation Reply-To: jhl14@cunixb.cc.columbia.edu (Jonathan H. Lin) Organization: Columbia University Lines: 12 Nntp-Posting-Host: cunixb.cc.columbia.edu ANP is secreted by the atria in response to increases in fluid volume and acts to facil"
922,zero_shot_full_context,7,rec.autos,16,talk.politics.guns,16,"From: stafford@lobby.ti.com (Ron Stafford) Subject: Re: WARNING.....(please read)... Keywords: BRICK, TRUCK, DANGER Lines: 61 Nntp-Posting-Host: 192.153.237.26 Organization: MHHC In article <1993Apr22.093956@is.morgan.com> sergei@is.morgan.com (Sergei Poliakoff) writes: >From: sergei@is.morgan.com (Sergei Poliakoff) >Subject: Re: WARNING.....(pleas"
923,zero_shot_full_context,8,rec.motorcycles,9,rec.sport.baseball,9,"From: mjs@sys.uea.ac.uk (Mike Sixsmith) Subject: Re: Death of a 2 stroke - why did it die? Organization: University of East Anglia Lines: 12 zebee@wattle.itd.adelaide.edu.au (Zebee Johnstone) writes: [Loads of horrendous MZ engine problems deleted] >Any ideas folks? Yeah, buy a four-stroke. :-)"
924,zero_shot_full_context,3,comp.sys.ibm.pc.hardware,3,comp.sys.ibm.pc.hardware,3,"From: tdbear@dvorak.amd.com (Tom Barrett) Subject: Re: The ""P24T"" Organization: Advanced Micro Devices, Inc.; Austin, Texas Lines: 16 In article <1r29td$17r@usenet.INS.CWRU.Edu> rrn@po.CWRU.Edu (Robert R. Novitskey) writes: > Has anyone out there heard of any performance stats on the fabled p24t. > I was wondering what it's performance compared to "
925,zero_shot_full_context,19,talk.religion.misc,16,talk.politics.guns,16,"From: MANDTBACKA@FINABO.ABO.FI (Mats Andtbacka) Subject: Re: Burden of Proof In-Reply-To: ray@engr.LaTech.edu's message of 21 Apr 1993 20:34:49 GMT Organization: Unorganized Usenet Postings UnInc. X-News-Reader: VMS NEWS 1.24 Lines: 29 [ NOTE: talk.origins removed from crossposting, as this had no business going there in the first place. ] In <1r4b"
926,zero_shot_full_context,5,comp.windows.x,14,sci.space,14,"From: graeme@labtam.labtam.oz.au (Graeme Gill) Subject: Re: XV 3.00 has escaped! Organization: Labtam Australia Pty. Ltd., Melbourne, Australia Lines: 9 In article <46464@sophia.inria.fr>, muller@mafalda.inria.fr (Christophe Muller) writes: > Anyway, at SIMULOG, we will abandon xv. We were using it mostly for slide- > shows because of its ""-loop"" f"
927,zero_shot_full_context,9,rec.sport.baseball,18,talk.politics.misc,18,"Organization: University of Maine System From: Ryan Robbins <IO20456@MAINE.MAINE.EDU> Subject: Re: Game Length (was Re: Braves Update!! <1993Apr20.085508.5787@wvnvms.wvnet.edu> <1993Apr20.162615.8609@adobe.com> <mssC5sKw9.KB1@netcom.com> Lines: 19 Umpires are not required to call time out just because a player asks for time. Only in extreme cases, "
928,zero_shot_full_context,9,rec.sport.baseball,9,rec.sport.baseball,9,"Subject: Re: speeding up games From: rbd@flash.ece.uc.edu (Bobby Davis) Organization: University of Cincinnati NNTP-Posting-Host: flash.ece.uc.edu Lines: 16 In article <rudyC5wCsG.G6A@netcom.com> rudy@netcom.com (Rudy Wade) writes: >I feel that talking about speeding up baseball games, is like trying >to keep signal to noise ratio high on rec.sport"
929,zero_shot_full_context,19,talk.religion.misc,15,soc.religion.christian,15,"From: jeffjc@cs.mcgill.ca (Jeffrey CHANCE) Subject: Peace Run '93 Nntp-Posting-Host: binkley.cs.mcgill.ca Organization: Mcgill University, Montreal, Canada Lines: 134 Welcome to the Peace Run You're invited to join in a Global Relay Run... and help light the Way. ---- Why the Peace Run ---- There's a new spirit in the Nineties: a spirit of oneness,"
930,zero_shot_full_context,14,sci.space,14,sci.space,14,"From: gbt@cray.com (Greg Titus) Subject: Re: HST Servicing Mission Scheduled for 11 Days Lines: 20 Nntp-Posting-Host: hemlock Organization: Cray Research, Inc. In article <1993Apr27.094238.7682@samba.oit.unc.edu> Bruce.Scott@launchpad.unc.edu (Bruce Scott) writes: >If re-boosting the HST by carrying it with a shuttle would not damage it, >then why "
931,zero_shot_full_context,15,soc.religion.christian,15,soc.religion.christian,15,"From: pwhite@empros.com (Peter White) Subject: Re: Question about hell Lines: 70 In article <May.11.02.36.38.1993.28081@athos.rutgers.edu>, wytten@umn-cs.cs.umn.edu (Dale Wyttenbach) writes: |> What is the basis of the idea of hell being a place of eternal |> suffering? If it is Biblical, please reference. |> |> Here's my train of thought: If God i"
932,zero_shot_full_context,13,sci.med,13,sci.med,13,"From: mmm@cup.portal.com (Mark Robert Thorson) Subject: Re: thermogenics Organization: The Portal System (TM) Lines: 18 First off, if I'm not mistaken, only hibernating animals have brown fat, not humans. Secondly, your description sounds just like 2,4-dinitrophenol. This is an uncoupler of respiratory chain oxidative phosphorylation. Put in layman"
933,zero_shot_full_context,18,talk.politics.misc,16,talk.politics.guns,16,"From: eczcaw@mips.nott.ac.uk (A.Wainwright) Subject: Re: New Study Out On Gay Percentage Reply-To: eczcaw@mips.nott.ac.uk (A.Wainwright) Organization: Nottingham University Lines: 25 In article <15437@optilink.COM>, cramer@optilink.COM (Clayton Cramer) writes: |> You might -- except that gay men are MUCH more promiscuous than |> straight men -- whi"
934,zero_shot_full_context,1,comp.graphics,3,comp.sys.ibm.pc.hardware,3,"From: c557652@mizzou1.missouri.edu (Robert Woodward) Subject: gif viewer Lines: 7 Nntp-Posting-Host: 128.206.12.104 Organization: Physiology Dept, University of Missouri Lines: 7 I am having trouble viewing GIF files on my system. Large sections don't show up. I have tried VPIC and PICEM - both do the same. I am running a Gateway 486/33C with a Spe"
935,zero_shot_full_context,4,comp.sys.mac.hardware,3,comp.sys.ibm.pc.hardware,3: comp.sys,"From: folsom@cup.portal.com (Keith E Folsom) Subject: LCIII Logic Board Re-work Organization: The Portal System (TM) Distribution: world Lines: 22 I purchased an LCIII recently and had heard a bit about a re-work of the logic board. I opened mine up and found the same re-work, with a small chip glued to the board and a couple of green wires running"
936,zero_shot_full_context,3,comp.sys.ibm.pc.hardware,3,comp.sys.ibm.pc.hardware,3,"From: jeremi@ee.ualberta.ca (William Jeremiah) Subject: Can anyone give me WD-1002-27X jumper settings? Nntp-Posting-Host: bode.ee.ualberta.ca Organization: University Of Alberta, Edmonton Canada Lines: 11 I have a ST138 RLL hard drive and I have just got another 32M hard drive. The controller in my machine is a WD-1002-27X. Can a kind soul please "
937,zero_shot_full_context,13,sci.med,13,sci.med,13,"From: dozonoff@bu.edu (david ozonoff) Subject: Re: food-related seizures? Lines: 11 X-Newsreader: Tin 1.1 PL5 Michael Covington (mcovingt@aisun3.ai.uga.edu) wrote: : : How about contaminants on the corn, e.g. aflatoxin??? : Little alflatoxin on commercial cereal products and certainly wouldn't cause seizures. -- David Ozonoff, MD, MPH |Boston Unive"
938,zero_shot_full_context,3,comp.sys.ibm.pc.hardware,3,comp.sys.ibm.pc.hardware,3,"From: bitzm@columbia.dsu.edu (MICHAEL BITZ) Subject: Re: Gateway 4DX-33V - too high a price? Lines: 23 Organization: Dakota State University Lines: 23 >Well, Gateway faxed me a price sheet just now. It seems >to be on the higher side, but then again, maybe not. > 80486DX 33 MHz > 8MB DRAM(70 ns SIMMS) expandable to 64MB > 250 MB Western Digital IDE"
939,zero_shot_full_context,11,sci.crypt,14,sci.space,14,"From: wcs@anchor.ho.att.com (Bill Stewart +1-908-949-0705) Subject: Re: Once tapped, your code is no good any more. Organization: Mary Ellen Carter Salvage Crew Distribution: na In-Reply-To: strnlght@netcom.com's message of Thu, 22 Apr 1993 19:48:01 GMT <a_rubin.735496128@dsg4.dse.beckman.com> <strnlghtC5wHo2.1FK@netcom.com> Nntp-Posting-Host: rain"
940,zero_shot_full_context,17,talk.politics.mideast,16,talk.politics.guns,16,"From: jake@bony1.bony.com (Jake Livni) Subject: Re: Mosque in Jewish quarter (was Re: Israeli destruction of...) Organization: The Department of Redundancy Department Lines: 25 In article <dfs.737042723@dax> dfs@doe.carleton.ca (David F. Skoll) writes: >When I was in Jerusalem a couple of years ago, our guide told >us the story of that mosque - not"
941,zero_shot_full_context,14,sci.space,14,sci.space,14,"From: jpg@bnr.co.uk (Jonathan P. Gibbons) Subject: What planets are habitable Organization: BNR Europe Ltd, London Rd, Harlow, Essex, CM19 9NA, U.K. Lines: 21 Distribution: sci NNTP-Posting-Host: 128.199.200.40 I would appreciate any thoughts on what makes a planet habitable for Humans. I am making asumptions that life and a similar atmosphere evol"
942,zero_shot_full_context,8,rec.motorcycles,7,rec.autos,7,"From: asphaug@lpl.arizona.edu (Erik Asphaug x2773) Subject: Two Beemer Questions (R80GS) Organization: Lunar & Planetary Laboratory, Tucson AZ. Lines: 44 Hello Folks, I'm very happy with my ""new"" R80GS. My range is 238 miles on 4.8 gallons... that's 50 mpg!! Surprisingly, the bike is a real cruiser. I was expecting something rough. She's a sweet ba"
943,zero_shot_full_context,11,sci.crypt,11,sci.crypt,11,"From: holland@CS.ColoState.EDU (douglas craig holland) Subject: Re: new encryption Nntp-Posting-Host: beethoven.cs.colostate.edu Organization: Colorado State University, Computer Science Department Lines: 38 In article <strnlghtC5wC3z.Erw@netcom.com> strnlght@netcom.com (David Sternlight) writes: > >psionic@wam.umd.edu, whose parenthesized name is "
944,zero_shot_full_context,10,rec.sport.hockey,9,rec.sport.baseball,9,"From: ""Matthew T. Keating"" <mk55+@andrew.cmu.edu> Subject: Bowman needs credit Organization: Freshman, IM - H&SS Track, Carnegie Mellon, Pittsburgh, PA Lines: 26 NNTP-Posting-Host: andrew.cmu.edu During the first three games of the Pens-Devils series, I have been impressed time and time again by the pure talent of the Pens. Jagr, MacEachern and Bar"
945,zero_shot_full_context,18,talk.politics.misc,18,talk.politics.misc,18,"From: goykhman@apollo.hp.com (Red Herring) Subject: Re: Welcome to Police State USA Nntp-Posting-Host: dzoo.ch.apollo.hp.com Organization: Hewlett-Packard Company, Chelmsford, MA Lines: 14 In article <C5rusq.M6M@news.cso.uiuc.edu> azoghlin@uxa.cso.uiuc.edu (Very Old Freshman (VOF)) writes: >Critisism is too easy. What solutions do people have that "
946,zero_shot_full_context,19,talk.religion.misc,15,soc.religion.christian,15,"From: kring@efes.physik.uni-kl.de (Thomas Kettenring) Subject: Re: After 2000 years, can we say that Christian Morality is Organization: FB Physik, Universitaet Kaiserslautern, Germany Lines: 23 In article <C5v6rB.37F@darkside.osrhe.uoknor.edu>, bil@okcforum.osrhe.edu (Bill Conner) writes: >I've seen referrences to ""Creation vs Evolution"" several t"
947,zero_shot_full_context,18,talk.politics.misc,16,talk.politics.guns,16,"From: strom@watson.ibm.com (Rob Strom) Subject: Re: Waco survivors 1715 19 April Disclaimer: This posting represents the poster's views, not necessarily those of IBM. Nntp-Posting-Host: stockholm.watson.ibm.com Organization: IBM Research Lines: 84 In article <C5sEGz.Mwr@dscomsa.desy.de>, hallam@dscomsa.desy.de (Phill Hallam-Baker) writes: |> |> In "
948,zero_shot_full_context,9,rec.sport.baseball,18,talk.politics.misc,18,"From: scott@asd.com (Scott Barman) Subject: Re: Jewish Baseball Players? Organization: American Software Development Corp., West Babylon, NY Lines: 13 In article <1993Apr19.022425.29145@Princeton.EDU> roger@astro.princeton.edu (Roger Lustig) writes: >In article <Psm82B2w164w@jwt.oau.org> bbs-comarow@jwt.oau.org writes: >>Dave Kingman is Jewish > >S"
949,zero_shot_full_context,19,talk.religion.misc,16,talk.politics.guns,16,"From: hamilton@hydra.cs.gmr.com (Bill Hamilton) Subject: Re: Burden of Proof Organization: GM NAO R&D Center Lines: 39 Distribution: world NNTP-Posting-Host: hydra.cs.gmr.com In article <1r69b7INN539@lynx.unm.edu> cfaehl@vesta.unm.edu (Chris Faehl) writes: >In article <1r4b59$7hg@aurora.engr.LaTech.edu>, ray@engr.LaTech.edu (Bill Ray) writes: >****"
950,zero_shot_full_context,11,sci.crypt,18,talk.politics.misc,18,"From: mjr@tis.com (Marcus J Ranum) Subject: Re: Write to Clinton Organization: Trusted Information Systems, Inc. Lines: 32 Distribution: inet NNTP-Posting-Host: sol.tis.com >> 0005895485@MCIMAIL.COM (White House) > >Is this ""White House e-mail address"" really working yet? Someone >posted such an address on CompuServe a few months ago, but apparentl"
951,zero_shot_full_context,3,comp.sys.ibm.pc.hardware,3,comp.sys.ibm.pc.hardware,3,Organization: Penn State Ghoul-Labs X-Subliminal-Message: Share and Enjoy! From: Karll the Ghoul <AKH104@psuvm.psu.edu> Subject: achieve multi io card jumpers needed. Lines: 12 I need the jumper settings for the achieve io card...usually found in xt's. It is affecting my video card and forcing the machine into 40 col mode. Any help? -The Ghoul Hath
952,zero_shot_full_context,12,sci.electronics,14,sci.space,14,From: ba1926108@ntuvax.ntu.ac.sg (AaronAw) Subject: Card Phones Lines: 5 Nntp-Posting-Host: v9000.ntu.ac.sg Organization: Nanyang Technological University - Singapore Can you help me to understand how a CardPhone operates and how the values are stored on the phonecard.. Thanx
953,zero_shot_full_context,3,comp.sys.ibm.pc.hardware,18,talk.politics.misc,18,"From: thacker@enh.nist.gov Subject: Comtrade Organization: NIST Lines: 8 Has anyone had experience buying computers from Comtrade? When I asked about TC, I got one reply describing problems returning a defective hard drive. Should I expect any problems from Comtrade? Thanks, Carlisle Thacker Miami FL"
954,zero_shot_full_context,16,talk.politics.guns,16,talk.politics.guns,16,"From: aj359@cleveland.Freenet.Edu (Christopher C. Morton) Subject: Re: BATF/FBI Murders Almost Everyone in Waco Today! 4/19 Organization: Case Western Reserve University, Cleveland, OH (USA) Lines: 37 Reply-To: aj359@cleveland.Freenet.Edu (Christopher C. Morton) NNTP-Posting-Host: slc10.ins.cwru.edu In a previous article, rats@cbnewsc.cb.att.com (M"
955,zero_shot_full_context,13,sci.med,12,sci.electronics,12,"From: carl@SOL1.GPS.CALTECH.EDU (Carl J Lydick) Subject: Re: Krillean Photography Organization: HST Wide Field/Planetary Camera Lines: 26 Distribution: world Reply-To: carl@SOL1.GPS.CALTECH.EDU NNTP-Posting-Host: sol1.gps.caltech.edu In article <1993Apr26.204319.11231@ultb.isc.rit.edu>, eas3714@ultb.isc.rit.edu (E.A. Story) writes: =In article <1rg"
956,zero_shot_full_context,17,talk.politics.mideast,16,talk.politics.guns,16,"From: hm@cs.brown.edu (Harry Mamaysky) Subject: Re: Freedom In U.S.A. In-Reply-To: ab4z@Virginia.EDU's message of Tue, 27 Apr 1993 20:12:52 GMT Organization: Dept. of Computer Science, Brown University Lines: 28 In article <1993Apr27.201252.9110@Virginia.EDU> ab4z@Virginia.EDU (""Andi Beyer"") writes: > > Bull shit. There is no reason in the world wh"
957,zero_shot_full_context,1,comp.graphics,4,comp.sys.mac.hardware,4: comp.sys,"From: dgodden@st.nepean.uws.edu.au (Daniel Godden) Subject: Fast Polygon Routines needed. Organization: University of Western Sydney, Nepean X-Newsreader: Tin 1.1 PL4 Lines: 16 I am looking for some fast polygon routines (Shaded or Texture Mapped) in ASM (compile with MASM) or in Turbo Pascal (compile with TP6). It has to be able to run on a 286, b"
958,zero_shot_full_context,0,alt.atheism,18,talk.politics.misc,18,"From: aaron@minster.york.ac.uk Subject: Re: Death Penalty / Gulf War (long) Distribution: world Organization: Department of Computer Science, University of York, England Lines: 18 Mark McCullough (mccullou@snake2.cs.wisc.edu) wrote: : >Prove it. I have a source that says that to date, the civilian death count : >(er, excuse me, I mean ""collateral d"
959,zero_shot_full_context,19,talk.religion.misc,15,soc.religion.christian,15,"From: Thyagi@cup.portal.com (Thyagi Morgoth NagaSiva) Subject: Cybele and Transgender/sexualism Organization: The Portal System (TM) Distribution: world <yag12B3w165w@anarky.tch.org><93111.195217A54SI@CUNYVM.BITNET> <ss.113@apmaths.uwo.ca> <93115.035212A54SI@CUNYVM.BITNET> Lines: 73 930425 Charles Hope writes: Rome was under attack by barbarians, t"
960,zero_shot_full_context,1,comp.graphics,5,comp.windows.x,5,"From: hollasch@kpc.com (Steve Hollasch) Subject: Re: What is the difference between Raytracing and rendering? Summary: Raytracing is a form of rendering Organization: Kubota Pacific Computer, Inc. Lines: 31 zlg1409@uxa.cso.uiuc.edu (Zhenhai Li ) writes: | Hello, I've raytraced and rendered and the only difference I've found | is that raytracing tak"
961,zero_shot_full_context,6,misc.forsale,16,talk.politics.guns,16,"From: 02106@ravel.udel.edu (Samuel Ross) Subject: Sams comics for sale cheap!!!! Keywords: comics, sale Nntp-Posting-Host: ravel.udel.edu Organization: University of Delaware Distribution: usa Lines: 363 OK. Instead of holding an auction, I have decided to compute prices for each comic (after many suggestions). These are the most reasonable prices "
962,zero_shot_full_context,10,rec.sport.hockey,17,talk.politics.mideast,17,"Organization: Queen's University at Kingston From: Andy <2893684@QUCDN.QueensU.CA> Subject: Re: If Oilers go to Hamilton Lines: 11 In article <1993Apr26.023650.16749@spang.Camosun.BC.CA>, ua256@freenet.Victoria.BC.CA (Tom Moffat) says: > >If the Oilers move to Hamilton what division will they play in . And won't they have to change their name to th"
963,zero_shot_full_context,2,comp.os.ms-windows.misc,2,comp.os.ms-windows.misc,2,"From: tedm@tsoft.net (Ted Matsumura) Subject: Re: leaking memory resources in 3.1 Organization: TSoft BBS and Public Access Unix, +1 415 969 8238 Lines: 34 In article <1993Apr30.180317.5618@seas.gwu.edu> louray@seas.gwu.edu (Michael Panayiotakis) writes: >In article <C6Aw83.H7v@csn.org> richardf@teal.csn.org (IrieMon) writes: > >>dmittleman@bpavms."
964,zero_shot_full_context,13,sci.med,14,sci.space,14,"From: johnf@HQ.Ileaf.COM (John Finlayson) Subject: Re: feverfew for migraines Nntp-Posting-Host: findog Organization: Interleaf, Inc. Lines: 22 In article <ltrdroINNltf@exodus.Eng.Sun.COM> brenda@bookhouse.Eng.Sun.COM (Brenda Bowden) writes: > >Does anyone know about these studies? Or have experience with feverfew? >I'm skeptical, but open to tryin"
965,zero_shot_full_context,15,soc.religion.christian,15,soc.religion.christian,15,"From: ddavis@cass.ma02.bull.com (Dave Davis) Subject: Re: Deuterocanicals, eps. Sirach Lines: 108 Thanks for the responses so far. I hope that I have sparked some thought (which is more my intent than to restart one of the Reformations). I'm just going to tug on two threads: In Message-ID: <May.10.05.07.21.1993.3479@athos.rutgers.edu> db7n+@andrew."
966,zero_shot_full_context,9,rec.sport.baseball,18,talk.politics.misc,18,"From: lynch@hpcc01.corp.hp.com (Howard Lynch) Subject: Re: Let's play the name game! Organization: the HP Corporate notes server Lines: 5 >San Francisco Quakes ---------- By the way, Quakes is the nickname for the Padres affiliate in the California League: the Rancho Cucamunga Quakes!"
967,zero_shot_full_context,6,misc.forsale,6,misc.forsale,6,From: jth@bach.udel.edu (Jay Thomas Hayes) Subject: PC Games Forsale Nntp-Posting-Host: bach.udel.edu Organization: University of Delaware Distribution: usa Lines: 33 I have the following PC games forsale. Cyber Empire (VGA 3.5 disks) $15 Prophecy of the Shadow (VGA 3.5)$15 Prince of Persia (VGA 5.25) $15 Gunship 20000 (VGA 3.5) $10 Global Conquest
968,zero_shot_full_context,2,comp.os.ms-windows.misc,5,comp.windows.x,5,"From: frode@zevs.ifi.unit.no (Frode Kvam) Subject: Auto-check boxes Organization: Institutt for informatikk, Universitetet i Tr.heim, AVH Lines: 26 X-Newsreader: Tin 1.1 PL4 I have a question about the autocheck-boxes in Windows. Is it a possibility to let the boxes have several different colors at the same time? Frode Kvam :-) -- _________________"
969,zero_shot_full_context,8,rec.motorcycles,17,talk.politics.mideast,17,"From: Catherine Barbara Saum <cs20+@andrew.cmu.edu> Subject: Re: Magnetic tank bags Organization: Temporary Employment Service, Carnegie Mellon, Pittsburgh, PA Lines: 16 NNTP-Posting-Host: po3.andrew.cmu.edu In-Reply-To: <1993Apr22.110636.7367@aber.ac.uk> What about disks? Won't it erase them if you're carrying them in the bag? -Cathy *************"
970,zero_shot_full_context,8,rec.motorcycles,7,rec.autos,7,"From: essbaum@rchland.vnet.ibm.com (Alexander Essbaum) Subject: Re: V-max handling request Disclaimer: This posting represents the poster's views, not necessarily those of IBM Nntp-Posting-Host: relva.rchland.ibm.com Organization: IBM Rochester Lines: 33 In article <tcora-210493093955@b329-gator-3.pica.army.mil>, tcora@pica.army.mil (Tom Coradeschi"
971,zero_shot_full_context,17,talk.politics.mideast,16,talk.politics.guns,16,"From: rj3s@Virginia.EDU (""Get thee to a nunnery....."") Subject: Re: Deir Yassin Organization: University of Virginia Lines: 65 hm@cs.brown.edu writes: > In article <martinb.735590895@brise.ERE.UMontreal.CA> aurag@ERE.UMontreal.CA (Aurag Hassan) writes: > > Are you trying to say that there were no massacres in Deir Yassin > or in Sabra and Shatila? "
972,zero_shot_full_context,1,comp.graphics,4,comp.sys.mac.hardware,4,"From: 9130037@golum.riv.csu.edu.au (CHAN Yin Mei) Subject: help! colour display restriction/limitation Originator: 9130037@golum.riv.csu.edu.au Organization: Charles Sturt University - Riverina, Wagga Wagga, NSW, Australia Lines: 29 hi netters, I'm doing a project which is about image analysis. Firstly, I have to find out any restrictions or limita"
973,zero_shot_full_context,8,rec.motorcycles,17,talk.politics.mideast,17,"From: klinger@ccu.umanitoba.ca (Jorg Klinger) Subject: Re: Its still cold, but... Nntp-Posting-Host: ccu.umanitoba.ca Organization: University of Manitoba, Winnipeg, Canada Lines: 29 In <1r7pli$hoc@agate.berkeley.edu> robinson@cogsci.Berkeley.EDU (Michael Robinson) writes: >In article <1993Apr22.112652.8210@aber.ac.uk> azw@aber.ac.uk(Andy Woodward)"
974,zero_shot_full_context,18,talk.politics.misc,16,talk.politics.guns,16,"From: carroll@hercules.cis.udel.edu (Mark C. Carroll) Subject: Re: Welcome to Police State USA Nntp-Posting-Host: hercules.cis.udel.edu Organization: University of Delaware, Newark Lines: 55 In article <C5rusq.M6M@news.cso.uiuc.edu> azoghlin@uxa.cso.uiuc.edu (Very Old Freshman (VOF)) writes: >Critisism is too easy. What solutions do people have tha"
975,zero_shot_full_context,5,comp.windows.x,4,comp.sys.mac.hardware,4,"From: gilley@decvaxrobins.af.mil Subject: Re: Looking for drawing packages Reply-To: gilley@decvaxrobins.af.mil () Organization: LNEW -- Robins AFB Lines: 46 Nntp-Posting-Host: decvax.robins.af.mil In article <14569@greg>, greg@Software.Mitel.COM (Gregory Lehman) writes: |>Path: wrdis01!gatech!howland.reston.ans.net!usc!cs.utexas.edu!utnut!torn!not"
976,zero_shot_full_context,3,comp.sys.ibm.pc.hardware,3,comp.sys.ibm.pc.hardware,3,From: kehcheng@netcom.com (Keh-Cheng Chu) Subject: Re: Monitors - Nanao? Organization: Netcom - Online Communication Services (408 241-9760 guest) Lines: 23 In article <C5uw1t.3HI@eskimo.com> johnn@eskimo.com (John Navitsky) writes: > >I would like a monitor that can handle high resolutions like 1024x1024 NI. >I'm envisioning using this monitor on 
977,zero_shot_full_context,15,soc.religion.christian,15,soc.religion.christian,15,"From: JEK@cu.nih.gov Subject: Goedel and the ontological argument Lines: 16 Fred Gilham asks whether it is true that Goedel wrote a version of the ontological argument for the existence of God. Yes, it is true. Someone has published a rebuttal pointing out certain flaws in the argument, and recently Professor C Anthony Anderson, of the Philosophy D"
978,zero_shot_full_context,18,talk.politics.misc,16,talk.politics.guns,16,From: rlglende@netcom.com (Robert Lewis Glendenning) Subject: Re: Welcome to Police State USA Organization: Netcom - Online Communication Services (408 241-9760 guest) Lines: 66 In article <C5sI9G.Hx@dscomsa.desy.de> hallam@zeus02.desy.de writes: > > >The above conveniently ignores the murder of four BATF agents by the >Branch Davidians in an unpro
979,zero_shot_full_context,11,sci.crypt,16,talk.politics.guns,16,"From: wcs@anchor.ho.att.com (Bill Stewart +1-908-949-0705) Subject: Re: Suggestions for escrow agencies (was: Re: More technical details) Organization: Mary Ellen Carter Salvage Crew In-Reply-To: strnlght@netcom.com's message of Fri, 23 Apr 1993 19:31:22 GMT <strnlghtC5yBKA.Dp5@netcom.com> Nntp-Posting-Host: rainier.ho.att.com Lines: 46 In article "
980,zero_shot_full_context,5,comp.windows.x,2,comp.os.ms-windows.misc,2,"From: brown@ftms.UUCP (Vidiot) Subject: Re: Compiling ghostview under Sun OpenWindows 3 Reply-To: brown@ftms.UUCP (Vidiot) Organization: Vidiot's Other Hangout Lines: 23 In article <C75z4A.8r7@curia.ucc.ie> pflynn@curia.ucc.ie (Peter Flynn) writes: <Due it seems to Sun's crapulous organisation of the X libraries and includes, <most standard (GNU an"
981,zero_shot_full_context,1,comp.graphics,12,sci.electronics,12,"From: walter@uni-koblenz.de (Walter Hower) Subject: Re: PARAMETRIC/VARIATIONAL DESIGN Organization: University of Koblenz, Germany Lines: 149 NNTP-Posting-Host: wolf.uni-koblenz.de In-reply-to: patel@enuxha.eas.asu.edu's message of Wed, 28 Apr 1993 18:15:40 GMT Here now some initial references; best regards - Walter. @InProceedings{Keirouz:et:al:90"
982,zero_shot_full_context,17,talk.politics.mideast,17,talk.politics.mideast,17,"From: jaskew@spam.maths.adelaide.edu.au (Joseph Askew) Subject: Re: Deir Yassin Organization: Statistics, Pure & Applied Mathematics, University of Adelaide Lines: 81 In article <HM.93Apr24130607@angell.cs.brown.edu> hm@cs.brown.edu (Harry Mamaysky) writes: >In article <martinb.735590895@brise.ERE.UMontreal.CA> aurag@ERE.UMontreal.CA (Aurag Hassan)"
983,zero_shot_full_context,5,comp.windows.x,5,comp.windows.x,5,"From: henne@math.ias.EDU (Leslie R. Henne) Subject: Re: ideas on xterm paste irritation? Organization: The Internet Lines: 20 To: wolf@cs.stanford.edu Cc: xpert@expo.lcs.mit.edu In <C78u6q.D0D@deshaw.com>, wolf@cs.stanford.edu writes: >Moving the mouse out of the xterm window before >clicking up will not abort the paste. In fact, once that middle >"
984,zero_shot_full_context,2,comp.os.ms-windows.misc,2,comp.os.ms-windows.misc,2,"From: powlesla@acs.ucalgary.ca (Jim Powlesland) Subject: Re: MAC DISKS IN WINDOWS? Nntp-Posting-Host: acs6.acs.ucalgary.ca Organization: The University of Calgary, Alberta Lines: 23 In article <3160.180.uupcb@hal9k.com> scott.lynn@hal9k.com (Scott Lynn) writes: > Well, I do alot of graphic design work, and I am remaining >loyal to Dos/Windows inste"
985,zero_shot_full_context,7,rec.autos,7,rec.autos,7,From: v064mb9k@ubvmsd.cc.buffalo.edu (NEIL B. GANDLER) Subject: Need info on 88-89 Bonneville Organization: University at Buffalo Lines: 10 News-Software: VAX/VMS VNEWS 1.41 Nntp-Posting-Host: ubvmsd.cc.buffalo.edu I am a little confused on all of the models of the 88-89 bonnevilles. I have heard of the LE SE LSE SSE SSEI. Could someone tell me the
986,zero_shot_full_context,7,rec.autos,7,rec.autos,7,"From: amh2@ns1.cc.lehigh.edu (ALOIS M. HIMSL) Subject: Re: BMW 528i Organization: Lehigh University Lines: 41 In article <1993Apr25.180954.20425@ultb.isc.rit.edu>, adn6285@ritvax.isc.rit.edu writes: >I looked at that Bimmer yesterday. It's an '81, has about 90kmi, according >to owner (odometer stopped working at 68Kmi). Drivess well, sounds good, >"
987,zero_shot_full_context,17,talk.politics.mideast,16,talk.politics.guns,16,"From: Ronald Bleier <rbleier@igc.apc.org> Subject: Reflections on Bosnia/Owen, Neier, Nf-ID: #N:cdp:1483500384:000:9465 Nf-From: cdp.UUCP!rbleier May 15 10:30:00 1993 Lines: 187 REFLECTIONS ON BOSNIA LORD OWEN AND THE SERBS In early February '93, Lord Owen made appearances in New York City on the Donahue and Charlie Rose shows. On a couple of occas"
988,zero_shot_full_context,10,rec.sport.hockey,9,rec.sport.baseball,9,"From: farenebt@logic.camp.clarkson.edu (Droopy) Subject: AHL Playoff results Organization: Clarkson University Lines: 25 Nntp-Posting-Host: logic.clarkson.edu X-Newsreader: TIN [version 1.1 PL8] AHL PLAYOFF SCORES-- FIRST ROUND (home team in CAPS) ================================ GAMES PLAYED ON TUES, 4/20 ------------------------- Rochester 6 UTIC"
989,zero_shot_full_context,4,comp.sys.mac.hardware,4,comp.sys.mac.hardware,4,"From: squish@endor.uucp (Shishin Yamada) Subject: Re: Selling of PowerBook 100s Organization: Aiken Computation Lab, Harvard University Lines: 54 In article <1993Apr21.004232.7924@csus.edu> altheimm@nextnet.csus.edu (Murray Altheim) writes: >In article <1r1aaaINNt3d@senator-bedfellow.MIT.EDU> cam@athena.mit.edu (Daniel Cameron Daly) writes: >>I hav"
990,zero_shot_full_context,3,comp.sys.ibm.pc.hardware,3,comp.sys.ibm.pc.hardware,3,"From: gt3635a@prism.gatech.EDU (Greg 'Spike' Bishop) Subject: Need an ESDI HDD (for posessed system). Distribution: usa Organization: National Association for the Free Exchange of Information Lines: 24 AHHHUUURRRRGGGGHHHH!!!!! Spinrite says: 80 sectors marked bad in the FAT initially, 79 returned to active use, 80 new sectors marked bad, following "
991,zero_shot_full_context,17,talk.politics.mideast,16,talk.politics.guns,16,"From: benali@alcor.concordia.ca ( ILYESS B. BDIRA ) Subject: Egypt cuts phone lines with Independent Muslim states Keywords: international, non-usa government, government, intelligence, politics, religion Nntp-Posting-Host: alcor.concordia.ca Organization: Concordia University, Montreal, Canada Lines: 26 clarinews@clarinet.com (BAHAA ELKOUSSY) writ"
992,zero_shot_full_context,2,comp.os.ms-windows.misc,5,comp.windows.x,5,"From: tedm@tsoft.net (Ted Matsumura) Subject: Re: Need iconized printer utility. Organization: TSoft BBS and Public Access Unix, +1 415 969 8238 Lines: 22 In article <C6EvAL.520@unix.portal.com> claebaur@shell.portal.com (Tony S Annese) writes: >In article <93122.134439ZHAO@auvm.american.edu> <ZHAO@auvm.american.edu> writes: >>I am looking for a pr"
993,zero_shot_full_context,12,sci.electronics,14,sci.space,14,From: advax@reg.triumf.ca (A.Daviel) Subject: Re: How universal are (video) phones these days? Organization: TRIUMF: Tri-University Meson Facility Lines: 17 Distribution: world NNTP-Posting-Host: reg.triumf.ca News-Software: VAX/VMS VNEWS 1.41 Just saw an article in New Scientist; AT&T videophones won't talk to (?)BTI videophones. The AT&T ones use
994,zero_shot_full_context,19,talk.religion.misc,0,alt.atheism,0,From: e_p@unl.edu (edgar pearlstein) Subject: Re: Burden of Proof Organization: University of Nebraska--Lincoln Lines: 8 Distribution: world NNTP-Posting-Host: unlinfo.unl.edu . Sometimes a god-believer will maintain that atheism is itself a religion. Many postings to this group have answered that well. Here's another way to answer the assertion: S
995,zero_shot_full_context,0,alt.atheism,0,alt.atheism,0,"From: mtabbott@unix.amherst.edu (MTA) Subject: Atheism survey Nntp-Posting-Host: amhux3.amherst.edu Organization: Amherst College X-Newsreader: TIN [version 1.1 PL7] Lines: 100 I am doing research on atheism, part of which involves field research here on the net. The following is a survey directed towards all readers of this group, intended to get "
996,zero_shot_full_context,18,talk.politics.misc,16,talk.politics.guns,16,From: pjs269@tijc02.uucp (Paul Schmidt) Subject: Re: Limiting Govt (was Re: Employment (was Re: Why not concentrate...) Organization: Advocates for Self-Government - Davy Crockett Chapter X-Newsreader: Tin 1.1 PL4 Lines: 27 Chris.Holt@newcastle.ac.uk (Chris Holt) writes: : : >It's quite possible that a buyer and seller will both : >trust some third
997,zero_shot_full_context,7,rec.autos,17,talk.politics.mideast,17,"From: callison@uokmax.ecn.uoknor.edu (James P. Callison) Subject: Re: V4 V6 V8 V12 Vx? Nntp-Posting-Host: uokmax.ecn.uoknor.edu Organization: Engineering Computer Network, University of Oklahoma, Norman, OK, USA Lines: 42 In article <1993Apr21.191744.3072@ole.cdac.com> ssave@ole.cdac.com (The Devil Reincarnate) writes: > > I am curious about knowin"
998,zero_shot_full_context,10,rec.sport.hockey,9,rec.sport.baseball,9,"From: farenebt@craft.camp.clarkson.edu (Droopy) Subject: AHL Leafs Back Home? Organization: Clarkson University Lines: 15 Nntp-Posting-Host: craft.clarkson.edu X-Newsreader: TIN [version 1.1 PL8] Apparently, the public workers' strike in St John's, Newfoundland is over. The strike has, since mid-January, forced the St John's Maple Leafs hockey team"
999,zero_shot_full_context,1,comp.graphics,17,talk.politics.mideast,17,"From: dbushong@wang.com (Dave Bushong) Subject: Re: TIFF: philosophical significance of 42 (SILLY) Organization: Wang Labs, Lowell MA, USA Lines: 10 rak@crosfield.co.uk (Richard Kirk) writes: >It's the number of legs on a centipede. >So, now you know. Is that the number of ""left"" legs, or both left and right? -- Dave Bushong, Wang Laboratories, Inc"
1000,zero_shot_full_context,4,comp.sys.mac.hardware,4,comp.sys.mac.hardware,4,From: pw4963@ruth.albany.edu (Peter White) Subject: Clock speed of a Centris 610???? Organization: State University of New York at Albany Lines: 11 What is the actual clock speed of a Centris 610? 20 MHZ or 25 MHZ Thanks in advance... -- Peter White pw4963@csc.albany.edu pwhite@mac.archive.umich.edu
1001,zero_shot_full_context,5,comp.windows.x,5,comp.windows.x,5,"From: kerch@parc.xerox.com (Berry Kercheval) Subject: Re: CGA for windows 3.1 Organization: Xerox PARC Lines: 15 sat@eng.tridom.com (Stephen Thomas) writes: >In article 6af@uniwa.uwa.edu.au, ngolding@tartarus.uwa.edu.au (Neil Golding) writes: >>I`m looking for some assistance in locating information on how to run >>win 3.1 on a CGA monitor. >The CG"
1002,zero_shot_full_context,9,rec.sport.baseball,18,talk.politics.misc,18,From: roger@crux.Princeton.EDU (Roger Lustig) Subject: Re: Bonilla Originator: news@nimaster Nntp-Posting-Host: crux.princeton.edu Reply-To: roger@astro.princeton.edu (Roger Lustig) Organization: Princeton University Lines: 37 In article <1993Apr23.200913.6611@island.COM> fester@island.COM (Mike Fester) writes: >In article <1993Apr21.012139.13444@P
1003,zero_shot_full_context,9,rec.sport.baseball,9,rec.sport.baseball,9,"From: n9143349@janice.cc.wwu.edu (Douglas T. Norris (The Mad Kobold)) Subject: Re: Bosio No Hits Red Soxs Article-I.D.: janice.n9143349.735596287 Organization: Western Washington University Lines: 28 11swhitfield@gallua.gallaudet.edu writes: >Chris Bosio, A Seattle M's Pitcher, just no hit the Red Sox 7-0!!! This is the >second no hitter in Seattle"
1004,zero_shot_full_context,5,comp.windows.x,5,comp.windows.x,5,"From: koblas@netcom.com (David Koblas) Subject: Button 3 popup menus with Athena widgets Organization: NETCOM On-line Communication Services (408 241-9760 guest) Lines: 15 Ok, I'm being driven batty. Trying to create popup-menus (ie. button3 press, and a menu appears). I would really like to use the standard Athena classes to achieve this goal, but"
1005,zero_shot_full_context,6,misc.forsale,6,misc.forsale,6,From: chein@eng.auburn.edu (Tsan Heui) Subject: Electronic Music Software - WinSong for Windows - like NEW $70 Nntp-Posting-Host: wilbur.eng.auburn.edu Organization: Auburn University Engineering Distribution: usa Lines: 29 I just received a music software WinSong for Windows and found that it needs a MIDI/sound card (Sound Blaster Pro is preferred
1006,zero_shot_full_context,17,talk.politics.mideast,18,talk.politics.misc,18,"From: oaf@zurich.ai.mit.edu (Oded Feingold) Subject: where is Organization: M.I.T. Artificial Intelligence Lab. Lines: 5 Reply-To: oaf@zurich.ai.mit.edu NNTP-Posting-Host: klosters.ai.mit.edu ... Wayne McGuire? Did someone prove he's anon15031@anon.penet.fi, and he ran off to restock on PCP? Miss him. (sniff)"
1007,zero_shot_full_context,11,sci.crypt,18,talk.politics.misc,18,"Subject: Re: Key Registering Bodies From: a_rubin@dsg4.dse.beckman.com (Arthur Rubin) Organization: Beckman Instruments, Inc. Nntp-Posting-Host: dsg4.dse.beckman.com Lines: 16 In <nagleC5w79E.7HL@netcom.com> nagle@netcom.com (John Nagle) writes: > Since the law requires that wiretaps be requested by the Executive >Branch and approved by the Judicia"
1008,zero_shot_full_context,17,talk.politics.mideast,17,talk.politics.mideast,17,"From: shaig@Think.COM (Shai Guday) Subject: Re: Israel an Apartheid State? Not Quite. Organization: Thinking Machines Corporation, Cambridge MA, USA Lines: 107 Distribution: world NNTP-Posting-Host: composer.think.com In article <2730@spam.maths.adelaide.edu.au>, jaskew@spam.maths.adelaide.edu.au (Joseph Askew) writes: |> In article <1srg4cINNj73@e"
1009,zero_shot_full_context,8,rec.motorcycles,16,talk.politics.guns,16,"From: jeq@lachman.com (Jonathan E. Quist) Subject: Re: MOA members, another letter to read! Nntp-Posting-Host: birdie.i88.isc.com Organization: Lachman Technology, Incorporated, Naperville, IL Lines: 19 In article <1993Apr21.152413.24023@ra.msstate.edu> vech@Ra.MsState.Edu (Craig A. Vechorik) writes: >O.K. MOA'ers, You read it, think for yourself, "
1010,zero_shot_full_context,0,alt.atheism,16,talk.politics.guns,16,"From: livesey@solntze.wpd.sgi.com (Jon Livesey) Subject: Re: ""Cruel"" (was Re: <Political Atheists?) Organization: sgi Lines: 20 Distribution: world NNTP-Posting-Host: solntze.wpd.sgi.com In article <1r5emjINNmk@gap.caltech.edu>, keith@cco.caltech.edu (Keith Allan Schneider) writes: |> kmr4@po.CWRU.edu (Keith M. Ryan) writes: |> |> >But, this just s"
1011,zero_shot_full_context,12,sci.electronics,12,sci.electronics,12,"From: josephc@cco.caltech.edu (Joseph Chiu) Subject: Re: ^^ Phosphorescent pads ... Organization: California Institute of Technology, Pasadena Lines: 27 NNTP-Posting-Host: sandman.caltech.edu baden@sys6626.bison.mb.ca (baden de bari) writes: > > A while ago I saw some translucent pads, about 6""x8"" or so that >could be plugged into (something) and t"
1012,zero_shot_full_context,12,sci.electronics,4,comp.sys.mac.hardware,4,"From: alung@megatest.com (Aaron Lung) Subject: Looking for Toshiba TA6267 specs Organization: Megatest Corporation Lines: 12 I'm looking for some specs for a Toshiba TA6267-BP. It appears to be a power amp housed in a 7-pin inline package and is used in my Mitsubishi VCR, circa 1985, as a DC motor controller for the tape drive. Checking in the olde"
1013,zero_shot_full_context,4,comp.sys.mac.hardware,14,sci.space,14,"From: nevai@mps.ohio-state.edu (Paul Nevai) Subject: Monitors - should they be kept on 24 hours a day??? Organization: Department of Mathematics, The Ohio State University Lines: 9 Distribution: world Reply-To: pali+@osu.edu NNTP-Posting-Host: ops.mps.ohio-state.edu Originator: nevai@ops.mps.ohio-state.edu Yes, I know computers and harddisk drives "
1014,zero_shot_full_context,3,comp.sys.ibm.pc.hardware,2,comp.os.ms-windows.misc,2,"From: mikey@eukanuba.wpd.sgi.com (Mike Yang) Subject: Gateway 4DX2-66V update Nntp-Posting-Host: eukanuba.wpd.sgi.com Organization: Silicon Graphics, Inc. Lines: 10 I just ordered my 4DX2-66V system from Gateway. Thanks for all the net discussions which helped me decide among all the vendors and options. Right now, the 4DX2-66V system includes 16MB"
1015,zero_shot_full_context,0,alt.atheism,15,soc.religion.christian,15,From: arromdee@jyusenkyou.cs.jhu.edu (Ken Arromdee) Subject: Re: Christian Morality is Organization: Johns Hopkins University CS Dept. Lines: 24 In article <4949@eastman.UUCP> dps@nasa.kodak.com writes: >|> Yet I am still not a believer. Is god not concerned with my >|> disposition? Why is it beneath him to provide me with the >|> evidence I would 
1016,zero_shot_full_context,2,comp.os.ms-windows.misc,18,talk.politics.misc,18,"From: bjaastad@idt.unit.no (H}vard Bj}stad) Subject: HELP! Word4W Sucks !?!?!?! (AUTONUM!) Reply-To: bjaastad@idt.unit.no (H}vard Bj}stad) Organization: Norwegian Institue of Technology Lines: 26 I am getting desperate. I have a report that must be finished by midnight, and W4W doesn't seem to have what appears to be a MUST! I use the autonum field"
1017,zero_shot_full_context,13,sci.med,13,sci.med,13,From: dkibbe@med.unc.edu (David C. Kibbe) Subject: quality management Nntp-Posting-Host: pelham.med.unc.edu Organization: UNC-CH School of Medicine Lines: 1
1018,zero_shot_full_context,5,comp.windows.x,13,sci.med,13,"From: rbroders@oracle.com (Robert Brodersen) Subject: Resolution, bitmapped fonts, device independence... Nntp-Posting-Host: ap253sun.us.oracle.com Organization: Oracle Corporation, Belmont, CA X-Disclaimer: This message was written by an unauthenticated user at Oracle Corporation. The opinions expressed are those of the user and not necessarily th"
1019,zero_shot_full_context,2,comp.os.ms-windows.misc,2,comp.os.ms-windows.misc,2,"From: dbushong@wang.com (Dave Bushong) Subject: Re: More Cool BMP files?? Organization: Wang Labs, Lowell MA, USA Distribution: usa Lines: 2603 adair@atldbs.dbsoftware.com (Owen Adair) writes: >In article <1993Apr20.173506.2288@dlss2> james@dlss2 (James Cummings) writes: >>Newsgroups: comp.os.ms-windows.misc >>Path: atldbs!uupsi!psinntp!uunet!gatec"
1020,zero_shot_full_context,0,alt.atheism,15,soc.religion.christian,15,"From: decay@cbnewsj.cb.att.com (dean.kaflowitz) Subject: Re: some thoughts. Organization: AT&T Distribution: na Lines: 40 In article <C62B52.LKz@blaze.cs.jhu.edu>, arromdee@jyusenkyou.cs.jhu.edu (Ken Arromdee) writes: > In article <w_briggs-250493134303@ccresources6h58.cc.utas.edu.au> w_briggs@postoffice.utas.edu.au (William Briggs) writes: > >Wasn"
1021,zero_shot_full_context,5,comp.windows.x,18,talk.politics.misc,18,"From: barr@pop.psu.edu (David Barr) Subject: Re: XV 3.00 has escaped! Organization: Penn State Population Research Institute Lines: 17 NNTP-Posting-Host: bosnia.pop.psu.edu In article <C6C39r.5so.2@cs.cmu.edu> tgl+@cs.cmu.edu (Tom Lane) writes: >""Commercial""? There's a big difference between a polite request >for a voluntary donation and commercial"
1022,zero_shot_full_context,2,comp.os.ms-windows.misc,5,comp.windows.x,5,From: mccall@mksol.dseg.ti.com (fred j mccall 575-3539) Subject: Re: Windows NT und X-Windows? Organization: Texas Instruments Inc Lines: 30 In <C69yBv.8wI@acsu.buffalo.edu> mongwa@acsu.buffalo.edu (Kan Mongwa) writes: >In article <1993Apr29.220709.7347@mksol.dseg.ti.com> mccall@mksol.dseg.ti.com (fred j mccall 575-3539) writes: >>In <1993Apr26.172
1023,zero_shot_full_context,8,rec.motorcycles,7,rec.autos,7,"Subject: Re: Shaft-drives and Wheelies From: Stafford@Vax2.Winona.MSUS.Edu (John Stafford) Distribution: world Organization: Winona State University Nntp-Posting-Host: stafford.winona.msus.edu Lines: 18 In article <13714@news.duke.edu>, infante@acpub.duke.edu (Andrew Infante) wrote: > > My /5 will do wheelies because it's a chain drive model. > > >"
1024,zero_shot_full_context,11,sci.crypt,11,sci.crypt,11,"From: dhesi@rahul.net (Rahul Dhesi) Subject: Re: Overreacting (was Re: Once tapped, your code is no good any more) Nntp-Posting-Host: bolero Organization: a2i network Distribution: na Lines: 20 In <2109@rwing.UUCP> pat@rwing.UUCP (Pat Myrto) writes: >How come the media is not telling about the provisions of the Clipper >decision? ... >How can the b"
1025,zero_shot_full_context,14,sci.space,14,sci.space,14,From: gfk39017@uxa.cso.uiuc.edu (George F. Krumins) Subject: Re: Space Marketing would be wonderfull. Organization: University of Illinois at Urbana Lines: 52 fcrary@ucsu.Colorado.EDU (Frank Crary) writes: >In article <C73w0t.FpH@cunews.carleton.ca> wcsbeau@superior.carleton.ca (OPIRG) writes: >>I don't think that idea means what you think it does.
1026,zero_shot_full_context,18,talk.politics.misc,16,talk.politics.guns,16,"From: mwilson@ncratl.AtlantaGA.NCR.COM (Mark Wilson) Subject: Re: Temper tantrums from the 1960's Organization: NCR Engineering and Manufacturing Atlanta -- Atlanta, GA Distribution: usa Lines: 10 In <philC5LqAD.K5u@netcom.com> phil@netcom.com (Phil Ronzone) writes: |What WILL you do for a religion now that Marxism-Leninism is dead? Who said it was"
1027,zero_shot_full_context,8,rec.motorcycles,8,rec.motorcycles,8,"From: tanner@cerritos.edu Subject: Re: Touring the southwest Organization: Cerritos College, Norwalk CA Lines: 14 In article <1993Apr24.215126.19802@dsd.es.com>, bgardner@pebbles.es.com (Blaine Gardner) writes: > > Make sure you ride US 12 between Capitol Reef and Bryce, it's been on a > number of ""top 10 roads"" lists. Did they ever put in any gas "
1028,zero_shot_full_context,14,sci.space,14,sci.space,14,"From: kjenks@gothamcity.jsc.nasa.gov Subject: Re: Space Station Redesign, JSC Alternative #4 Organization: NASA/JSC/GM2, Space Shuttle Program Office X-Newsreader: TIN [version 1.1 PL8] Lines: 54 First, kjenks@gothamcity.jsc.nasa.gov (Hey, that's me!) wrote: : : I have 19 (2 MB worth!) uuencode'd GIF images contain charts outlining : : one of the m"
1029,zero_shot_full_context,16,talk.politics.guns,16,talk.politics.guns,16,"From: f_gautjw@ccsvax.sfasu.edu Subject: Re: ATF BURNS DIVIDIAN RANCH! NO SURVIVORS!!! Distribution: world Organization: Stephen F. Austin State University Lines: 20 In article <1ra073INNcgu@clem.handheld.com>, jmd@cube.handheld.com (Jim De Arras) writes: > > I tend to agree, but I would like a better explanation of why the FBI stopped > the firetr"
1030,zero_shot_full_context,19,talk.religion.misc,15,soc.religion.christian,15,"From: frank@D012S658.uucp (Frank O'Dwyer) Subject: Re: After 2000 years, can we say that Christian Morality is Organization: Siemens-Nixdorf AG Lines: 17 NNTP-Posting-Host: d012s658.ap.mchp.sni.de In article <sandvik-210493213823@sandvik-kent.apple.com> sandvik@newton.apple.com (Kent Sandvik) writes: #Frank, unless you didn't realize it, you are ju"
1031,zero_shot_full_context,6,misc.forsale,6,misc.forsale,6,"From: rwf2@ns1.cc.lehigh.edu (ROBERT WILLIAM FUSI) Subject: Re: HP LaserJet III for Sale Organization: Lehigh University Lines: 13 In article <1r9542INNsm2@aludra.usc.edu>, yuanchie@aludra.usc.edu (Roger Y. Hsu) writes: >Hi, > >I have a HP LaserJet III for sale. It's been printed for >less than 1500 pages according the self test report. I >am askin"
1032,zero_shot_full_context,12,sci.electronics,12,sci.electronics,12,"From: cmh@eng.cam.ac.uk (C.M. Hicks) Subject: Re: Making up odd resistor values required by filters Nntp-Posting-Host: club.eng.cam.ac.uk Organization: cam.eng Lines: 26 idh@nessie.mcc.ac.uk (Ian Hawkins) writes: >When constructing active filters, odd values of resistor are often required >(i.e. something like a 3.14 K Ohm resistor).(It seems best "
1033,zero_shot_full_context,3,comp.sys.ibm.pc.hardware,3,comp.sys.ibm.pc.hardware,3,"From: jim@n5ial.mythical.com (Jim Graham) Subject: Re: Courier vs Sportster Organization: what, ME??? you must be joking. Lines: 121 NOTE: followups to comp.dcom.modems (for obvious reasons) In article <1r0mb9$67h@usenet.INS.CWRU.Edu> da416@cleveland.Freenet.Edu (Andy Nicola) writes: >In a previous article, cs3sd3ae@maccs.mcmaster.ca (Holly KS) say"
1034,zero_shot_full_context,6,misc.forsale,16,talk.politics.guns,16,"From: daspaz@stein.u.washington.edu (The Spaz) Subject: one way Omaha --> Seattle plane ticket 5/9 *female* Keywords: ticket, Omaha, Nebraska Article-I.D.: shelley.1radovINNfks Organization: University of Washington Lines: 7 NNTP-Posting-Host: stein.u.washington.edu One way Omaha to Seattle ticket in my name [Jessamyn West] for travel 5/9. Must be "
1035,zero_shot_full_context,15,soc.religion.christian,15,soc.religion.christian,15,"From: HOLFELTZ@LSTC2VM.stortek.com Subject: Re: Question: Jesus alone, Oneness Organization: StorageTek SW Engineering Lines: 40 In article <May.5.02.53.16.1993.28886@athos.rutgers.edu> jblanken@ccat.sas.upenn.edu (James R. Blankenship) writes: > >""Jesus Only"" and ""Oneness"" tend to refer to groups that do deny the >trinity. ..... >They explain Matt"
1036,zero_shot_full_context,4,comp.sys.mac.hardware,16,talk.politics.guns,16,"From: f85-tno@nada.kth.se (Tommy Nordgren) Subject: Question about Laser Printers Keywords: Laser, Printer Nntp-Posting-Host: alv.nada.kth.se Organization: Royal Institute of Technology, Stockholm, Sweden Lines: 12 There is a bancrupcy sale coming up soon, and I wonder if anyone know about these printers: Olivetti PG-306, Canon LBp-8R, Nec silentwr"
1037,zero_shot_full_context,5,comp.windows.x,12,sci.electronics,12,"From: mhung@capricorn.taisel.COM.TW (Michael Hung) Subject: multi-byte fonts Organization: The Internet Lines: 16 To: xpert@expo.lcs.mit.edu I am wondering how to change the English fonts in an existed API to some multi-bytes fonts ? (such as Chinese, Japanese...) Someone told me X11R5 supports some internationalization features, but I cannot find "
1038,zero_shot_full_context,19,talk.religion.misc,15,soc.religion.christian,15,From: emarsh@hernes-sun.Eng.Sun.COM (Eric Marsh) Subject: Re: cults (who keeps them going ?) Organization: Sun Lines: 26 NNTP-Posting-Host: hernes-sun In article <sbuckley.735337212@sfu.ca> sbuckley@fraser.sfu.ca (Stephen Buckley) writes: >muttiah@thistle.ecn.purdue.edu (Ranjan S Muttiah) writes: >>Mr. Clinton said today that the horrible tragedy o
1039,zero_shot_full_context,6,misc.forsale,16,talk.politics.guns,16,"From: ag423@cleveland.Freenet.Edu (Frank Fijalkovich) Subject: Machinist Tools Wanted Organization: Case Western Reserve University, Cleveland, Ohio (USA) Lines: 7 NNTP-Posting-Host: slc4.ins.cwru.edu I'm looking to buy machinist tools of any kind. If you have any or know of any for sale please leave me e-mail and I'll get back to you promptly. Fra"
1040,zero_shot_full_context,11,sci.crypt,16,talk.politics.guns,16,"From: mjs@behemoth.genetics.wisc.edu (Mike Schmelzer) Subject: Re: Secret algorithm [Re: Clipper Chip and crypto key-escrow] <Apr18.204843.50316@yuma.ACNS.ColoState.EDU> <strnlghtC5puCL.6Kp@netcom.com> Organization: UW Genetix Lines: 18 In-Reply-To: strnlght@netcom.com's message of Mon, 19 Apr 1993 05:38:45 GMT In article <strnlghtC5puCL.6Kp@netcom"
1041,zero_shot_full_context,10,rec.sport.hockey,9,rec.sport.baseball,9,"From: andrew@idacom.hp.com (Andrew Scott) Subject: USENET Playoff Pool game 2 standings Organization: IDACOM, A division of Hewlett-Packard Lines: 222 Here are the standings after game 2 of each of the divisional semi-final series. - Andrew USENET Hockey Playoff Draft Standings Posn Team Pts Rem Last Posn 1. Sneddon Scorers 77 25 (1) 2. Arctic Circ"
1042,zero_shot_full_context,2,comp.os.ms-windows.misc,2,comp.os.ms-windows.misc,2,"From: mazz@pluto (Richard Mazzaferri) Subject: Problem: wallpaper display corrupt for bitmaps > 512k Keywords: problem wallpaper bitmap win3.1 Organization: Uni of Newcastle, Australia Lines: 26 I have a problem with the wallpaper on my desktop, in 1024x768x256 mode. For bitmap files bigger than about 512k (slightly less sometimes depending on the "
1043,zero_shot_full_context,11,sci.crypt,18,talk.politics.misc,18,"From: ed@titipu.resun.com (Edward Reid) Subject: Re: Once tapped, PLEASE RESTRICT YOUR FOLLOWUPS Organization: Accuracy, Ltd. Reply-To: ed@titipu.resun.com (Edward Reid) Distribution: na X-Mailer: uAccess - Macintosh Release: 1.6v0 Lines: 6 However valuable, this discussion does NOT belong on comp.org.acm or on comp.org.ieee. Please edit your follo"
1044,zero_shot_full_context,13,sci.med,14,sci.space,14,"From: carl@SOL1.GPS.CALTECH.EDU (Carl J Lydick) Subject: Re: Krillean Photography Organization: HST Wide Field/Planetary Camera Lines: 30 Distribution: world Reply-To: carl@SOL1.GPS.CALTECH.EDU NNTP-Posting-Host: sol1.gps.caltech.edu In article <C65oIL.436@vuse.vanderbilt.edu>, alex@vuse.vanderbilt.edu (Alexander P. Zijdenbos) writes: =FLAME ON = ="
1045,zero_shot_full_context,13,sci.med,16,talk.politics.guns,16,From: westes@netcom.com (Will Estes) Subject: Use of haldol in elderly Organization: Mail Group X-Newsreader: TIN [version 1.1 PL8] Lines: 14 Does anyone know of research done on the use of haldol in the elderly? Does short-term use of the drug ever produce long-term side-effects after the use of the drug? My grandmother recently had to be hospital
1046,zero_shot_full_context,0,alt.atheism,15,soc.religion.christian,15,"From: Alan.Olsen@p17.f40.n105.z1.fidonet.org (Alan Olsen) Subject: Albert Sabin Lines: 275 BR> From: wpr@atlanta.dg.com (Bill Rawlins) BR> Newsgroups: alt.atheism BR> Organization: DGSID, Atlanta, GA BR> Since you have referred to the Messiah, I assume you BR> are referring to the New Testament. Please detail BR> your complaints or e-mail if you do"
1047,zero_shot_full_context,0,alt.atheism,15,soc.religion.christian,15,"From: mayne@pipe.cs.fsu.edu (William Mayne) Subject: Re: Christian Morality is Organization: Florida State University Computer Science Department Reply-To: mayne@cs.fsu.edu Lines: 15 In article <1993Apr21.184959.9451@dcs.warwick.ac.uk> simon@dcs.warwick.ac.uk (Simon Clippingdale) writes: > >Dan, I'm concerned that you are in grave spiritual danger "
1048,zero_shot_full_context,1,comp.graphics,4,comp.sys.mac.hardware,4,"From: bultman@dgw.rws.nl (G.W.Bultman) Subject: RGB/HLS/HSV conversion routines wanted Organization: UTexas Mail-to-News Gateway Lines: 19 NNTP-Posting-Host: cs.utexas.edu Hi, I'm looking for RGB (cube) --> HLS (double hexcone) --> HSV (cylinder) conversion routines. I have RGB <--> HSV, but miss the HLS <--> RGB/HSV. PLEASE E-MAIL ME DIRECTLY, AS "
1049,zero_shot_full_context,5,comp.windows.x,2,comp.os.ms-windows.misc,2,"From: pacebes@cozuelos (Pedro Antonio Acebes Bayon) Subject: xfig with open look problem Nntp-Posting-Host: cozuelos Organization: Telefonica I+D X-Newsreader: Tin 1.1 PL4 Lines: 26 I'm a Solaris 2.1 user with a classic workstation. I have compiled xfig 2.1.7 version with -DOPENWIN flag to use it with openwindows, but when i run it, the program run"
1050,zero_shot_full_context,8,rec.motorcycles,17,talk.politics.mideast,17,From: speedy@engr.latech.edu (Speedy Mercer) Subject: Re: Boom! Dog attack! Organization: Louisiana Tech University Lines: 18 NNTP-Posting-Host: bhm116e-spc.engr.latech.edu In article <1993Apr23.233509.4739@dsd.es.com> bgardner@bambam.es.com (Blaine Gardner) writes: >In article <BONG-230493121730@kfp-slac-mac.slac.stanford.edu> BONG@slac. stanford.
1051,zero_shot_full_context,14,sci.space,14,sci.space,14,"From: strider@clotho.acm.rpi.edu (Greg Moore) Subject: Re: HST Servicing Mission Scheduled for 11 Days Keywords: HST Nntp-Posting-Host: acm.rpi.edu Organization: The Voice of Fate Lines: 21 In article <1rd1g0$ckb@access.digex.net> prb@access.digex.com (Pat) writes: > >My guess is why bother with usingthe shuttle to reboost? > >why not grapple, do a"
1052,zero_shot_full_context,0,alt.atheism,16,talk.politics.guns,16,"From: ""Robert Knowles"" <p00261@psilink.com> Subject: Re: Death Penalty (was Re: Political Athei In-Reply-To: <930420.104819.5W1.rusnews.w165w@mantis.co.uk> Nntp-Posting-Host: 127.0.0.1 Organization: Performance Systems Int'l X-Mailer: PSILink-DOS (3.3) Lines: 17 >DATE: Tue, 20 Apr 1993 10:48:19 +0100 >FROM: mathew <mathew@mantis.co.uk> > > >There's"
1053,zero_shot_full_context,16,talk.politics.guns,16,talk.politics.guns,16,From: rscharfy@magnus.acs.ohio-state.edu (Ryan C Scharfy) Subject: Re: ATF BURNS DIVIDIAN RANCH! NO SURVIVORS!!! Nntp-Posting-Host: magnusug.magnus.acs.ohio-state.edu Organization: The Ohio State University Lines: 35 In article <1rgudtINN3it@apache.dtcc.edu> bob@hobbes.dtcc.edu (Bob Rahe) writes : >In article <2099@rwing.UUCP> pat@rwing.UUCP (Pat M
1054,zero_shot_full_context,16,talk.politics.guns,16,talk.politics.guns,16,"From: bd@fluent@dartmouth.EDU (Brice Dowaliby) Subject: Re: ATF BURNS DIVIDIAN RANCH - UPDATE In-Reply-To: wwarf@silver.ucs.indiana.edu's message of Fri, 23 Apr 1993 18:01:48 GMT Reply-To: bd%fluent@dartmouth.EDU Organization: Fluent Inc., Lebanon NH Distribution: usa Lines: 24 wwarf@silver.ucs.indiana.edu (Wayne J. Warf) writes: >Then post what th"
1055,zero_shot_full_context,18,talk.politics.misc,18,talk.politics.misc,18,"From: garrett@Ingres.COM Subject: Re: Limiting Govt (was Re: Employment Summary: thanks for the offer News-Software: VAX/VMS VNEWS 1.4-b1 Keywords: Organization: ASK Computer Systems, Ingres Product Division Distribution: usa Lines: 55 In article <1qqikr$sd1@morrow.stanford.edu>, XA.U20@forsythe.stanford.edu ( writes... >In article <1993Apr17.03305"
1056,zero_shot_full_context,18,talk.politics.misc,16,talk.politics.guns,16,"From: psg+@pitt.edu (Paul S Galvanek) Subject: Re: Janet Reno killed the Waco children Distribution: na Organization: University of Pittsburgh Lines: 62 In article <fern.735342004@camelot> fern@camelot.bradley.edu (Jill Rosencrans) writes: > >i'm not saying i'm satisfied with the outcome, it's very upsetting. >you are simply blaming the wrong perso"
1057,zero_shot_full_context,15,soc.religion.christian,15,soc.religion.christian,15,"From: aaron@binah.cc.brandeis.edu (Scott Aaron) Subject: Re: hate the sin... Reply-To: aaron@binah.cc.brandeis.edu Organization: Brandeis University Lines: 46 In article <May.12.04.27.07.1993.9920@athos.rutgers.edu>, scott@prism.gatech.edu (Scott Holt) writes: >""Hate the sin but love the sinner""...I've heard that quite a bit recently, >often in the"
1058,zero_shot_full_context,11,sci.crypt,16,talk.politics.guns,16,Reply-To: jhupp@shockwave.win.net (Jeff Hupp) From: jhupp@shockwave.win.net (Jeff Hupp) Subject: Re: Clipper Not Good Enough for Government? Lines: 19 > >This is stupid. Won't it cost more to those companies hoping to >serve the gov't and private markets if they DON'T use the same >technology? > I would guess that they won't use Clipper at all. Wha
1059,zero_shot_full_context,3,comp.sys.ibm.pc.hardware,4,comp.sys.mac.hardware,4: comp.sys,"From: d3e855@calvin.pnl.gov (JV Ramsdell) Subject: RE: Adding a second IDE drive Article-I.D.: oracle.1993Apr22.214158.11952 Organization: Battelle Pacific Northwest Labs, Richland, WA Lines: 11 Originator: d3e855@calvin.pnl.gov >I just bought a Western Digital/Caviar 340MB IDE drive and I want to add it to >my system which already has a WD120 IDE "
1060,zero_shot_full_context,16,talk.politics.guns,16,talk.politics.guns,16,"From: gt6511a@prism.gatech.EDU (COCHRANE,JAMES SHAPLEIGH) Subject: Re: BD's did themselves--you're all paranoid freaks Organization: Georgia Institute of Technology Lines: 16 In article <1r8m19INNeph@cronkite.Central.Sun.COM> dbernard@clesun.Central.Sun.COM writes: />/:/g j:Maybe they WANTED it to look like murder. He had 50+ days. I think this was"
1061,zero_shot_full_context,18,talk.politics.misc,18,talk.politics.misc,18,From: Clinton-HQ@Campaign92.Org (The White House) Subject: CLINTON: Remarks by the President: Teacher of the Year Award Organization: MIT Artificial Intelligence Lab Lines: 98 NNTP-Posting-Host: life.ai.mit.edu THE WHITE HOUSE Office of the Press Secretary ______________________________________________________________ For Immediate Release April 20
1062,zero_shot_full_context,10,rec.sport.hockey,9,rec.sport.baseball,9,"From: ncjlog@atmos.washington.edu (Neal Johnson) Subject: Belfour and Roenick, playoff Houdinis? Article-I.D.: order.NCJLOG.93Apr22114437 Organization: Dept. of Atmospheric Sciences, University of Washington Lines: 8 NNTP-Posting-Host: order.atmos.washington.edu Have Belfour and Roenick done another disappearing act at chips are down time? When I s"
1063,zero_shot_full_context,10,rec.sport.hockey,9,rec.sport.baseball,9,"From: jae2001@andy.bgsu.edu (Jason Ehas) Subject: Re: ESPN Thumbs Up your $%#@*!! Organization: The heart of the Black Swamp Lines: 29 In article <1993Apr20.214505.6925@wkuvx1.bitnet>, kozloce@wkuvx1.bitnet wrote: > I think this proves by $#%&* point. The Caps game goes into overtime but > ""due to contractual obligations"" they have to switch to the"
1064,zero_shot_full_context,13,sci.med,13,sci.med,13,"From: SFB2763@MVS.draper.com (Eileen Bauer) Subject: Re: thyroidal deficiency Nntp-Posting-Host: mvs.draper.com Organization: Draper Laboratory Lines: 43 In article <1993Apr30.211625.568@adobe.com>, abruno@adobe (Andrea Bruno) writes: > >In article <19930430140738SFB2763@MVS.draper.com> SFB2763@MVS.draper.com >(Eileen Bauer) writes: >> Thyroxin con"
1065,zero_shot_full_context,13,sci.med,13,sci.med,13,"From: glskiles@carson.u.washington.edu (Gary Skiles) Subject: Re: Deadly NyQuil??? Organization: University of Washington, Seattle Lines: 39 NNTP-Posting-Host: carson.u.washington.edu In article <C6BK0F.H7I@murdoch.acc.Virginia.EDU> res4w@galen.med.Virginia.EDU (Robert E. Schmieg) writes: [Partial deletion] >potentially fatal from hepatic necrosis."
1066,zero_shot_full_context,17,talk.politics.mideast,18,talk.politics.misc,18,"From: qureshi@bmerh185.bnr.ca (Emran Qureshi) Subject: Re: Europe vs. Muslim Bosnians Organization: Bell-Northern Research, Ottawa, Canada Lines: 26 In article <C6x81M.EJF@news.cis.umn.edu> prabhak@giga.cs.umn.edu (Satya Prabhakar) writes: >(mohamed.s.sadek) writes: >> >>I like what Mr. Joseph Biden had to say yesterday 5/11/93 in the senate. >> >>"
1067,zero_shot_full_context,6,misc.forsale,6,misc.forsale,6,From: pledge@netcom.com (Alan McLachlan) Subject: FOR SALE: Pocket Ethernet Adapter Keywords: ETHERNET Organization: NETCOM On-line Communication Services (408 241-9760 guest) Lines: 10 Xircom Pocket Ethernet Adapter Connects any PC with a parallel port to the network Make offer -- .sig under construction -- send suggestions to pledge@netcom.com
1068,zero_shot_full_context,3,comp.sys.ibm.pc.hardware,4,comp.sys.mac.hardware,4,From: rosa@ghost.dsi.unimi.it (massimo rossi) Subject: philips pro 3cm9809 monitor? Organization: Computer Science Dep. - Milan University Lines: 8 hi guys does anyone could tell me at which resolution can work this monitor of course it support 640x480 but at 800x600 and 1024x768 with a cirrus card it seems to don't work any clues? written by max r
1069,zero_shot_full_context,0,alt.atheism,15,soc.religion.christian,15,From: danb@shell.portal.com (Dan E Babcock) Subject: Re: some thoughts. Nntp-Posting-Host: jobe Organization: Portal Communications Company -- 408/973-9111 (voice) 408/973-8091 (data) Lines: 19 In article <C5rEKJ.49y@darkside.osrhe.uoknor.edu> bil@okcforum.osrhe.edu (Bill Conner) writes: >James Felder (spbach@lerc.nasa.gov) wrote: > >: Logic alert 
1070,zero_shot_full_context,0,alt.atheism,16,talk.politics.guns,16,"Subject: Re: Death Penalty / Gulf War (long) From: sham@cs.arizona.edu (Shamim Zvonko Mohamed) Organization: U of Arizona CS Dept, Tucson Lines: 44 In article <1993Apr22.015922.7418@daffy.cs.wisc.edu> mccullou@snake2.cs.wisc.edu (Mark McCullough) writes: >In article <37501@optima.cs.arizona.edu> sham@cs.arizona.edu (Shamim Zvonko Mohamed) writes: >"
1071,zero_shot_full_context,14,sci.space,14,sci.space,14,"From: 71160.2356@CompuServe.COM (Larry Krumenaker) Subject: Ranking of SPACE mailing list X-Added: Forwarded by Space Digest Organization: [via International Space University] Original-Sender: isu@VACATION.VENARI.CS.CMU.EDU Distribution: sci Lines: 13 About three weeks ago on the SPACE list, someone was quoting a source on the relative traffic and "
1072,zero_shot_full_context,5,comp.windows.x,14,sci.space,14,From: vadi@csi.com (Vadivelu Elumalai) Subject: X Screen Saver Organization: Comdisco Systems Inc. Lines: 15 Hi! I have a question which is not directly related to X Screen Saver. What X Screen Saver does is to blank the screen if it has been idle for some time. I don't want my screen to go blank but to get locked or call xlock program. Is there a 
1073,zero_shot_full_context,18,talk.politics.misc,16,talk.politics.guns,16,From: lazlo@carina.unm.edu (Lazlo Nibble) Subject: Re: WACO burning Organization: Vroom Socko International Fear Club Lines: 11 Distribution: world NNTP-Posting-Host: carina.unm.edu russotto@eng.umd.edu (Matthew T. Russotto) writes: > The idea that kerosene lamps would be all over the place (with > electricity cut off) makes sense. The idea that ra
1074,zero_shot_full_context,0,alt.atheism,15,soc.religion.christian,15,"From: bcash@crchh410.NoSubdomain.NoDomain (Brian Cash) Subject: Re: free moral agency Nntp-Posting-Host: crchh410 Organization: BNR, Inc. Lines: 17 In article <735295730.25282@minster.york.ac.uk>, cjhs@minster.york.ac.uk writes: |> : Are you saying that their was a physical Adam and Eve, and that all |> : humans are direct decendents of only these "
1075,zero_shot_full_context,6,misc.forsale,3,comp.sys.ibm.pc.hardware,3,"From: terry.walter@outlan.ersys.edmonton.ab.ca (Terry Walter) Subject: VESA Reply-To: terry.walter@outlan.ersys.edmonton.ab.ca (Terry Walter) Distribution: world Organization: Outland BBS Lines: 9 I am looking for a VESA local bus Card. to control my IDE drives, Floppies, game port, parallel port, and most of all my serial ports. the serial ports m"
1076,zero_shot_full_context,3,comp.sys.ibm.pc.hardware,3,comp.sys.ibm.pc.hardware,3,From: rabe@akela.informatik.rwth-aachen.de (Ralf G. R. Bergs) Subject: Re: UNIX and DOS talking on QIC-150 tapes. Organization: Rechnerbetrieb Informatik - RWTH Aachen Lines: 21 NNTP-Posting-Host: akela.informatik.rwth-aachen.de Mime-Version: 1.0 Content-Type: text/plain; charset=US-ASCII Content-Transfer-Encoding: 7bit kdq@quest.UUCP (Kevin D. Qui
1077,zero_shot_full_context,7,rec.autos,17,talk.politics.mideast,17,"From: underdog@leland.Stanford.EDU (Dwight Joe) Subject: Market Access Organization: Miners for a Heart of Gold Distribution: na Lines: 31 In article <1993Apr22.041452.27262@eecs.nwu.edu> andrew@eecs.nwu.edu (Andrew Sung Hyun Kim) writes: >... >What about the rice import issue? Of course, it is not closed up >like a shell, but how open is it compar"
1078,zero_shot_full_context,6,misc.forsale,6,misc.forsale,6,"From: 02106@ravel.udel.edu (Samuel Ross) Subject: Books for sale!!! Just make offer!!! Nntp-Posting-Host: ravel.udel.edu Organization: University of Delaware Distribution: usa Lines: 25 SOMEONE PLEASE BUY THESE BOOKS!!!!! I AM NOT ASKING MUCH!!!!!! JUST MAKE ME AN OFFER AND I WILL PROBABLY TAKE IT!!!!! * Writing good software in Fortran, Graham Smi"
1079,zero_shot_full_context,0,alt.atheism,18,talk.politics.misc,18,"From: aaron@minster.york.ac.uk Subject: Re: Death Penalty / Gulf War (long) Distribution: world Organization: Department of Computer Science, University of York, England Lines: 22 Shamim Zvonko Mohamed (sham@cs.arizona.edu) wrote: : BULLSHIT!!! In the Gulf Massacre, 7% of all ordnance used was ""smart."" The : rest - that's 93% - was just regular, du"
1080,zero_shot_full_context,8,rec.motorcycles,7,rec.autos,7,"From: tcora@pica.army.mil (Tom Coradeschi) Subject: Re: V-max handling request Organization: Elect Armts Div, US Army Armt RDE Ctr, Picatinny Arsenal, NJ Lines: 30 Nntp-Posting-Host: b329-gator-3.pica.army.mil jearls@tekig6.PEN.TEK.COM (Jeffrey David Earls) wrote: > > ba7116326@ntuvax.ntu.ac.sg writes: > >hello there > >can anyone who has handson e"
1081,zero_shot_full_context,10,rec.sport.hockey,14,sci.space,14,"From: etxonss@ufsa.ericsson.se (Staffan Axelsson) Subject: WC 93: Scores and standings, April 25 Nntp-Posting-Host: uipc104.ericsson.se Organization: Ericsson Telecom, Stockholm, Sweden Lines: 72 1993 World Championships in Germany: ==================================== Group A standings (Munich) Group B standings (Dortmund) ------------------------"
1082,zero_shot_full_context,3,comp.sys.ibm.pc.hardware,3,comp.sys.ibm.pc.hardware,3,"From: kotsines@ucsu.Colorado.EDU (T. Kotsines) Subject: Re: SCSI vs. IDE Nntp-Posting-Host: ucsu.colorado.edu Organization: University of Colorado, Boulder Lines: 17 In article <IISAKKIL.93Apr23125341@beta.hut.fi> iisakkil@beta.hut.fi (Mika Iisakkila) writes: >randy@msc.cornell.edu writes: >>Do all SCSI cards for DOS systems require a separate devi"
1083,zero_shot_full_context,0,alt.atheism,15,soc.religion.christian,15,"From: nyeda@cnsvax.uwec.edu (David Nye) Subject: Re: Faith and Dogma Organization: University of Wisconsin Eau Claire Lines: 28 [reply to tgk@cs.toronto.edu (Todd Kelley)] >In light of what happened in Waco, I need to get something of my chest. >Faith and dogma are dangerous. Agreed. >A philosopher cannot be a Christian because a philosopher can ch"
1084,zero_shot_full_context,17,talk.politics.mideast,15,soc.religion.christian,15,"From: dbd@urartu.sdpa.org (David Davidian) Subject: Re: A Question About Armenians Organization: S.D.P.A. Center for Regional Studies Lines: 55 In article <C7185t.9xJ@unix.amherst.edu> eerginel@unix.amherst.edu (ERDEM ERGINEL) asked: [EE] No, no flaming here. Just a simple question. ...with a simple answer! [EE] As far as I know most of the Armenia"
1085,zero_shot_full_context,1,comp.graphics,5,comp.windows.x,5,"From: rob@rjck.uucp (Robert J.C. Kyanko) Subject: Help with World-to-screen 4x4 transfomation matrix Organization: Neptune Software Inc -- Orlando, FL Lines: 12 I need help in creating my 4x4 perspective matrix. I'd like to use this for transforming x, y, z, w in some texture mapping code I got from Graphics Gems I. I have many books which talk abo"
1086,zero_shot_full_context,3,comp.sys.ibm.pc.hardware,4,comp.sys.mac.hardware,4,From: glang@slee01.srl.ford.com (Gordon Lang) Subject: Re: IDE Cable Organization: Ford Motor Company Research Laboratory Lines: 50 NNTP-Posting-Host: slee01.srl.ford.com X-Newsreader: Tin 1.1 PL5 vacsc0qe@VAX.CSUN.EDU wrote: : I just bought a new IDE hard drive for my system to go with the one : I already had. My problem is this. My system only ha
1087,zero_shot_full_context,10,rec.sport.hockey,17,talk.politics.mideast,17,"From: CCDB@MUSICA.MCGILL.CA (CCDB) Subject: Habs Late Organization: McGill University Lines: 11 Nntp-Posting-Host: vm1.mcgill.ca Quebec dominated Habs for first 2 periods and only Roy kept this one from being rout, although he did blow 2nd goal. Canadians showed up in third but Nords were playing dump & pull back most of the time. Hextall made some"
1088,zero_shot_full_context,2,comp.os.ms-windows.misc,5,comp.windows.x,5,"From: kjkeirn@srv.PacBell.COM (Ken Keirnan) Subject: Fast display adaptors for windows Organization: Pacific * Bell Lines: 14 A friend and I have ATI Graphic Ultra display adaptors, and they have been reasonably good performers, but we both have had irritating compatibility problems with the ATI drivers and are ready to change to something faster a"
1089,zero_shot_full_context,2,comp.os.ms-windows.misc,5,comp.windows.x,5,From: louray@seas.gwu.edu (Michael Panayiotakis) Subject: Re: Windows zip/unzip Organization: George Washington University Lines: 42 In article <1rl9b6$h3c@sol.deakin.OZ.AU> russ@deakin.OZ.AU (Russ Sharp) writes: >We are using pkzip V2.04 and I am interested to hear from >people who have used one of the many Windows programs that >call these. >Whic
1090,zero_shot_full_context,17,talk.politics.mideast,16,talk.politics.guns,16,"From: jaskew@spam.maths.adelaide.edu.au (Joseph Askew) Subject: Re: Dir Yassin Organization: Statistics, Pure & Applied Mathematics, University of Adelaide Lines: 156 In article <HM.93Apr24130647@angell.cs.brown.edu> hm@cs.brown.edu (Harry Mamaysky) writes: >From _Myths and Facts_, by Leonard J. Davis, Near East Research Inc., >1989: Great, someone"
1091,zero_shot_full_context,11,sci.crypt,18,talk.politics.misc,18,"From: strnlght@netcom.com (David Sternlight) Subject: Re: Clipper considered harmful Organization: DSI/USCRPAC Lines: 16 In article <1993Apr25.193300.1707@microsoft.com> gideony@microsoft.com (Gideon Yuval) writes: >If these personal attacks are what stopped Prof. Denning from >replying on issues of substance, they have cause real harm >to the seri"
1092,zero_shot_full_context,7,rec.autos,4,comp.sys.mac.hardware,4,"From: johnk@opel.secondsource.COM (John Kennedy) Subject: Diatribe on US-sold Opels (was Re: Opel owners?) Reply-To: johnk@secondsource.COM (John Kennedy) Organization: Second Source, Inc., Annapolis, MD Lines: 53 >gibbonsa@fraser.sfu.ca (Darren Gibbons) writes: > >I'm looking for information on Opel cars. Now you ask, which model? >Well, the sad t"
1093,zero_shot_full_context,15,soc.religion.christian,15,soc.religion.christian,15,"From: cs89mcd@brunel.ac.uk (Michael C Davis) Subject: Leadership Magazine article Organization: Brunel University, Uxbridge, UK Lines: 11 I'm looking for the following article: ``The War Within: an Anatomy of Lust'' Leadership 3 (1985), pp 30-48 I've looked in the libraries of 3 UK Bible Colleges, but none of them subscribe to the Magazine (its a U"
1094,zero_shot_full_context,15,soc.religion.christian,15,soc.religion.christian,15,"From: hudson@athena.cs.uga.edu (Paul Hudson Jr) Subject: Re: SATANIC TOUNGES Organization: University of Georgia, Athens Lines: 60 In article <May.9.05.40.36.1993.27495@athos.rutgers.edu> koberg@spot.Colorado.EDU (Allen Koberg) writes: >There seem to be many points to the speaking in tongues thing which >are problematic. It's use as prayer language"
1095,zero_shot_full_context,16,talk.politics.guns,16,talk.politics.guns,16,"From: viking@iastate.edu (Dan Sorenson) Subject: Re: Rewording the Second Amendment (ideas) Organization: Iowa State University, Ames IA Lines: 105 dfo@vttoulu.tko.vtt.fi (Foxvog Douglas) writes: > viking@iastate.edu (Dan Sorenson) writes: >> That really depends upon where you draw the line while defining >>these weapons, >This means you would supp"
1096,zero_shot_full_context,5,comp.windows.x,14,sci.space,14,"From: Rick Miller <rick@ee.uwm.edu> Subject: X-Face? Organization: Just me. Lines: 17 Distribution: world NNTP-Posting-Host: 129.89.2.33 Summary: Go ahead... swamp me. <EEP!> I'm not familiar at all with the format of these ""X-Face:"" thingies, but after seeing them in some folks' headers, I've *got* to *see* them (and maybe make one of my own)! I'v"
1097,zero_shot_full_context,2,comp.os.ms-windows.misc,5,comp.windows.x,5,"From: Christian.Robert@etudiants.unine.ch Subject: WINDOWS EXIT PROBLEM Organization: University of Neuchatel, Switzerland Lines: 6 HELLO, I HAVE A PROBLEM WITH MY WINDOW 3.1 PROGRAM SOMETIMES WHEN I SAVE SETTINGS OF PROGRAM MANAGER THE SYSTEM CORRUPT ONE OR MORE *.GRP FILES AND PROGMAN.EXE CAN'T OPEN IT ON NEXT START. THANKS FOR ANY ANSWER. CHROBE"
1098,zero_shot_full_context,6,misc.forsale,4,comp.sys.mac.hardware,4,"From: ssa@unity.ncsu.edu (S. Alavi) Subject: >>> AT&T ""6300+"" UNIX SysV Software for sale (BEST OFFER) (repost) <<< Organization: NC State University Distribution: usa Lines: 22 Here is your chance to have a full UNIX System at a small cost: I have a full set of Unix system for the AT&T 6300+ for sale. It is version 2.5 (The latest as far as I know"
1099,zero_shot_full_context,15,soc.religion.christian,15,soc.religion.christian,15,From: Anthony Lest <lest@ucsu.Colorado.EDU> Subject: 2nd CFV: soc.religion.islam.ahmadiyya moderated Organization: colorado.edu Lines: 249 gwydion@gnu.ai.mit.edu NNTP-Posting-Host: rodan.uu.net CALL FOR VOTES This is the official 2nd Call For Votes for this newsgroup. NAME OF PROPOSED NEWSGROUP: ========================== soc.religion.islam.ahmadiy
1100,zero_shot_full_context,5,comp.windows.x,14,sci.space,14,"From: lennart@blade.stack.urc.tue.nl (Lennart Benschop) Subject: Wanted: diagram drawing program Organization: MCGV Stack, Eindhoven University of Technology, the Netherlands. Lines: 38 NNTP-Posting-Host: blade.stack.urc.tue.nl X-Newsreader: TIN [version 1.1 PL6] I am looking for a program to draw various kinds of diagrams on my Linux system. - It "
1101,zero_shot_full_context,19,talk.religion.misc,15,soc.religion.christian,15,"From: huston@access.digex.com (Herb Huston) Subject: Re: The fact of the theory Organization: Express Access Online Communications, Greenbelt, MD USA Lines: 18 NNTP-Posting-Host: access.digex.net In article <1993Apr24.141736.17526@njitgw.njit.edu> dmu5391@hertz.njit.edu (David Utidjian Eng.Sci.) writes: }It is so simple.... I'm surprised that this "
1102,zero_shot_full_context,6,misc.forsale,6,misc.forsale,6,"From: keith@radio.nl.nuwc.navy.mil Subject: DEC LK250-AA PC keyboard for sale X-Received: by usenet.pa.dec.com; id AA13817; Fri, 23 Apr 93 09:42:48 -0700 X-Received: by inet-gw-1.pa.dec.com; id AA25644; Fri, 23 Apr 93 09:42:43 -0700 X-To: misc.forsale.usenet Lines: 22 DEC LK250-AA PC keyboard for sale: - automatically senses machine type and switch"
1103,zero_shot_full_context,13,sci.med,14,sci.space,14,"From: marco@sdf.lonestar.org (Steve Giammarco) Subject: Help. Info: CLARITIN (Allergies) Organization: sdf public access Unix - Dallas, TX - 214/436-3281 Lines: 14 My doc handed me 10mg samples of CLARITIN (brand of Ioratadine Tablet from Schering Corp.) I tried to find it in the PDR to no avail. I do remember she mentioned this drug was relatively"
1104,zero_shot_full_context,10,rec.sport.hockey,9,rec.sport.baseball,9,"From: mjr4u@Virginia.EDU (""Matthew J. Rush"") Subject: Bernie Nicholls - What a man! Organization: University of Virginia Lines: 26 Just some thoughts: I don't usually like to post simply to make fun of a player, but this time I couldn't resist. During the Pens-Devils game last night, second period, I think Kevin Stevens was in the penalty box, Nich"
1105,zero_shot_full_context,13,sci.med,14,sci.space,14,"From: oldman@coos.dartmouth.edu (Prakash Das) Subject: Re: Is MSG sensitivity superstition? Article-I.D.: dartvax.C60KrL.59t Organization: Dartmouth College, Hanover, NH Lines: 19 In article <1993Apr20.173019.11903@llyene.jpl.nasa.gov> julie@eddie.jpl.nasa.gov (Julie Kangas) writes: > >As for how foods taste: If I'm not allergic to MSG and I like >"
1106,zero_shot_full_context,0,alt.atheism,15,soc.religion.christian,15,"From: I3150101@dbstu1.rz.tu-bs.de (Benedikt Rosenau) Subject: Re: Yet more Rushdie [Re: ISLAMIC LAW] Organization: Technical University Braunschweig, Germany Lines: 37 In article <116551@bu.edu> jaeger@buphy.bu.edu (Gregg Jaeger) writes: (Deletion) >>That's was the original answer. While it does not say that he has the head >>necessarily up its ass"
1107,zero_shot_full_context,12,sci.electronics,14,sci.space,14,"From: jhwhit01@ulkyvx.louisville.edu Subject: Re: Microcontroller Questions for newcomer Organization: University of Louisville Lines: 18 Nntp-Posting-Host: ulkyvx.louisville.edu Does anyone have recommendations on whether a smart data I/O (print spooler, digital sampling, etc.) would be better implemented with a DMA chip or a dedicated microcontro"
1108,zero_shot_full_context,0,alt.atheism,15,soc.religion.christian,15,"From: livesey@solntze.wpd.sgi.com (Jon Livesey) Subject: Re: Genocide is Caused by Atheism Organization: sgi Lines: 33 Distribution: world NNTP-Posting-Host: solntze.wpd.sgi.com In article <1r35oe$hqd@horus.ap.mchp.sni.de>, frank@D012S658.uucp (Frank O'Dwyer) writes: |> In article <1r2kt7$6e1@fido.asd.sgi.com> livesey@solntze.wpd.sgi.com (Jon Lives"
1109,zero_shot_full_context,6,misc.forsale,6,misc.forsale,6,"From: giza@HQ.Ileaf.COM (Jim Giza x6453) Subject: House for sale in Sandwich, Ma Nntp-Posting-Host: cheops Reply-To: giza@HQ.Ileaf.COM (Jim Giza x6453) Organization: Interleaf, Inc. Distribution: usa Lines: 18 For sale by owners who were also the builders Contemporary Cape House located in Sandwich, Ma Three bedrooms, two baths, one car oversized g"
1110,zero_shot_full_context,2,comp.os.ms-windows.misc,2,comp.os.ms-windows.misc,2,"From: kaul@vnet.ibm.com Subject: Re: VESA Driver for IBM XGA News-Software: IBM OS/2 PM RN (NR/2) v0.17h by O. Vishnepolsky and R. Rogers Lines: 16 Reply-To: kaul@vnet.ibm.com Disclaimer: This posting represents the poster's views, not necessarily those of IBM. Nntp-Posting-Host: kaul.bocaraton.ibm.com Organization: IBM Boca Raton Visual Subsystems"
1111,zero_shot_full_context,11,sci.crypt,11,sci.crypt,11,"From: tenney@netcom.com (Glenn S. Tenney) Subject: Re: HELP! Some nut is threatening to sue! Organization: Netcom - Online Communication Services (408 241-9760 guest) Lines: 44 I don't wish to rehash the PGP patent issue at all, but I do feel that some potential misconceptions in interpretting intellectual property laws need to be raised. In articl"
1112,zero_shot_full_context,3,comp.sys.ibm.pc.hardware,14,sci.space,14,"From: lioness@maple.circa.ufl.edu Subject: Joystick again Organization: Center for Instructional and Research Computing Activities Lines: 10 Reply-To: LIONESS@ufcc.ufl.edu NNTP-Posting-Host: maple.circa.ufl.edu My disk that had my joystick code that some of you were kind enough to mail me puked....specifically, I am looking for C code to read the p"
1113,zero_shot_full_context,11,sci.crypt,11,sci.crypt,11,"From: koontzd@phobos.lrmsc.loral.com (David Koontz ) Subject: Re: new encryption Organization: Loral Rolm Mil-Spec Computers Lines: 50 >From: denning@guvax.acc.georgetown.edu > THE CLIPPER CHIP: A TECHNICAL SUMMARY > Dorothy Denning > Revised, April 21, 1993 >The chips are programmed by Mykotronx, Inc., which calls them the >""MYK-78."" The silicon i"
1114,zero_shot_full_context,11,sci.crypt,16,talk.politics.guns,16,Subject: Re: What is going on?... From: sdoty@odie.santarosa.edu (Scott Doty) Distribution: inet Nntp-Posting-Host: odie.santarosa.edu X-Newsreader: TIN [version 1.1 PL8] Lines: 49 Paul Repacholi (zrepachol@cc.curtin.edu.au) wrote: : PS The first posting I saw I thought was a joke in *VERY* bad taste. My appologies : to the person who broke the new
1115,zero_shot_full_context,8,rec.motorcycles,17,talk.politics.mideast,17,"From: car377@cbnewsj.cb.att.com (charles.a.rogers) Subject: Re: So, do any XXXX, I mean police officers read this stuff? Organization: AT&T Summary: Oooh! Aaaah! Lines: 21 In article <1993Apr23.143128.21344@dsd.es.com>, bgardner@pebbles.es.com (Blaine Gardner) writes: > [flaming tutorial for the novice]. Another thing to consider is, > that like Me"
1116,zero_shot_full_context,15,soc.religion.christian,15,soc.religion.christian,15,From: loisc@microsoft.com (Lois Christiansen) Subject: Re: Homosexuality issues in Christianity Organization: Microsoft Corp. Lines: 44 In article <May.7.01.08.16.1993.14381@athos.rutgers.edu> whitsebd@nextwork.rose-hulman.edu wrote: > Any one who thinks that Homosexuality and Christianity are compatible should check > out: > Romans 1:27 > I Corint
1117,zero_shot_full_context,1,comp.graphics,14,sci.space,14,Organization: Queen's University at Kingston From: <JIANGY@QUCDN.QueensU.CA> Subject: Please Help: Point in concave Polyhedra Lines: 43 Dear Netters: I am looking for C source code to test if a 3D point lies within a concave polyhadra. I have read a few articles about this and know that two solutions exist: parity counting and angle sumation. Both 
1118,zero_shot_full_context,0,alt.atheism,16,talk.politics.guns,16,"From: decay@cbnewsj.cb.att.com (dean.kaflowitz) Subject: Re: YOU WILL ALL GO TO HELL!!! Organization: AT&T Distribution: na Lines: 28 In article <healta.176.735768613@saturn.wwc.edu>, healta@saturn.wwc.edu (Tammy R Healy) writes: > In article <1993Apr25.020546.22426@mnemosyne.cs.du.edu> kcochran@nyx.cs.du.edu (Keith ""Justified And Ancient"" Cochran)"
1119,zero_shot_full_context,1,comp.graphics,4,comp.sys.mac.hardware,4,"From: wes@uf.msc.edu (Wes Barris) Subject: Re: HELP: Need 24 bits viewer Keywords: 24 bit Reply-To: wes@msc.edu Organization: AHPCRC, Minnesota Supercomputer Center Lines: 22 In article <1993Apr27.152315.12305@nessie.mcc.ac.uk>, lilley@v5.cgu.mcc.ac.uk (Chris Lilley) writes: |> |> In article <5713@seti.inria.fr>, deniaud@cartoon.inria.fr (Gilles De"
1120,zero_shot_full_context,2,comp.os.ms-windows.misc,5,comp.windows.x,5,"From: brettw@matt.ksu.ksu.edu (Brett D. Watson) Subject: Which sound board to buy? Organization: Kansas State University Lines: 28 Distribution: usa NNTP-Posting-Host: matt.ksu.ksu.edu Well, I've come into some money and want to buy CD-ROM, sound board and speakers. I have not kept up on any material relating to sound boards and CD-ROM's because un"
1121,zero_shot_full_context,0,alt.atheism,15,soc.religion.christian,15,"From: marshall@csugrad.cs.vt.edu (Kevin Marshall) Subject: Re: Faith and Dogma Organization: Virginia Tech Computer Science Dept, Blacksburg, VA Lines: 73 NNTP-Posting-Host: csugrad.cs.vt.edu tgk@cs.toronto.edu (Todd Kelley) writes: >Faith and dogma are irrational. The faith and dogma part of any religion >are responsible for the irrationality of t"
1122,zero_shot_full_context,5,comp.windows.x,14,sci.space,14,"From: ln@doc.ic.ac.uk (Leonidas Nikidis) Subject: How XCreateRegion works ?? Organization: Department of Computing, Imperial College, University of London, UK. Lines: 28 Distribution: world NNTP-Posting-Host: finch.doc.ic.ac.uk Keywords: Xlib, XRegion Hi, Could someone explain to me what exactly the Xlib functions XCreateRegion, XPolygonRegion, XPo"
1123,zero_shot_full_context,0,alt.atheism,15,soc.religion.christian,15,"From: sandvik@newton.apple.com (Kent Sandvik) Subject: Re: some thoughts. Organization: Cookamunga Tourist Bureau Lines: 31 In article <C5rEyF.4CE@darkside.osrhe.uoknor.edu>, bil@okcforum.osrhe.edu (Bill Conner) wrote: > Kent Sandvik (sandvik@newton.apple.com) wrote: > : In article <11838@vice.ICO.TEK.COM>, bobbe@vice.ICO.TEK.COM (Robert > : Beauch"
1124,zero_shot_full_context,17,talk.politics.mideast,16,talk.politics.guns,16,"From: benali@alcor.concordia.ca ( ILYESS B. BDIRA ) Subject: Update on Saudi crackdown on human rights league. Keywords: international, non-usa government, government, civil rights, social issues Nntp-Posting-Host: alcor.concordia.ca Organization: Concordia University, Montreal, Canada Lines: 61 clarinews@clarinet.com (BAHAA ELKOUSSY) writes: UPI, "
1125,zero_shot_full_context,15,soc.religion.christian,15,soc.religion.christian,15,"From: dan@ingres.com (a Rose arose) Subject: Re: ""National repentance"" Organization: Representing my own views here Lines: 63 mcovingt@aisun3.ai.uga.edu (Michael Covington) writes: : I heard on the radio today about a Christian student conference where : Christians were called to ""repent"" of America's ""national"" sins, such : as sexual promiscuity. "
1126,zero_shot_full_context,1,comp.graphics,2,comp.os.ms-windows.misc,2,"From: an056@cleveland.Freenet.Edu (Gregory Winer) Subject: An very broad question Organization: Case Western Reserve University, Cleveland, Ohio (USA) Lines: 20 NNTP-Posting-Host: hela.ins.cwru.edu I am considering creating a ""demo"" for the IBM PC for my band. I would like to combine interesting graphics and a sample of my music in the program. I h"
1127,zero_shot_full_context,1,comp.graphics,11,sci.crypt,11,"From: asecchia@cs.uct.ac.za (Adrian Secchia) Subject: Raytracing Colours? Keywords: raytracer colours realism vectors Organization: Computer Science Department, University of Cape Town Lines: 25 I have a question about recursive, backward raytracing. When an incident ray (I) strikes an object at point P, first the normal (N) is calculated. Light ra"
1128,zero_shot_full_context,8,rec.motorcycles,17,talk.politics.mideast,17,"From: ant@palm21.cray.com (Tony Jones) Subject: Yamaha Locks (was Cobra Lock) Lines: 14 Nntp-Posting-Host: palm21 Organization: Cray Research Inc, Eagan, MN X-Newsreader: TIN [version 1.1 PL6] Has anyone any experience with the (new?) Yamaha Cyclelok ? It looks like it uses the same hardened steel as a Kryptonite U lock, but unlike a U lock, it is "
1129,zero_shot_full_context,7,rec.autos,7,rec.autos,7,"From: glouie@oasys.dt.navy.mil (George Louie) Subject: Re: Nissan Nomenclature (was Re: Manual Shift Bigots wanted) Reply-To: glouie@oasys.dt.navy.mil (George Louie) Organization: Carderock Division, NSWC, Bethesda, MD Lines: 13 In rec.autos, grahamt@phantom.gatech.edu (Graham E. Thomas) writes: >What we currently know as the 240sx, is known elsewh"
1130,zero_shot_full_context,1,comp.graphics,17,talk.politics.mideast,17,"From: UC512052@mizzou1.missouri.edu (David K. Drum) Subject: What has happened to DKB-L@TREARN??? Organization: University of Missouri X-Posted-From: mizzou1.missouri.edu NNTP-Posting-Host: sol.ctr.columbia.edu Lines: 12 Hello, I've been on the DKBtrace/PoVray mailing list out of trearn.bitnet for some time now, but when I tried to post the other d"
1131,zero_shot_full_context,0,alt.atheism,18,talk.politics.misc,18,"From: mathew <mathew@mantis.co.uk> Subject: Re: Death Penalty / Gulf War (long) Organization: Mantis Consultants, Cambridge. UK. X-Newsreader: rusnews v1.02 Lines: 158 jbrown@batman.bmd.trw.com writes: > I don't regret the fact that sometimes military decisions have to be made > which affect the lives of innocent people. But I do regret the > circu"
1132,zero_shot_full_context,19,talk.religion.misc,18,talk.politics.misc,18,"From: arromdee@jyusenkyou.cs.jhu.edu (Ken Arromdee) Subject: Re: Who's next? Mormons and Jews? Organization: Johns Hopkins University CS Dept. Lines: 16 In article <2017@tecsun1.tec.army.mil> riggs@descartes.etl.army.mil (Bill Riggs) writes: >The second question is, ""What makes Gerry think that the >Davidians' actions would have been different had "
1133,zero_shot_full_context,15,soc.religion.christian,15,soc.religion.christian,15,"From: mserv@mozart.cc.iup.edu (Mail Server) Subject: Secret ceremonies (was Re: Mormon Temples) Lines: 47 shellgate!llo@uu4.psi.com (Larry L. Overacker) writes: >In article <May.11.02.38.41.1993.28297@athos.rutgers.edu> >mserv@mozart.cc.iup.edu (Mail Server) writes: > >>I don't necessarily object to the secrecy but I do question it, since I see >no"
1134,zero_shot_full_context,5,comp.windows.x,14,sci.space,14,"From: chas@stax.uchicago.edu (Charles Blair) Subject: xnlock / xdm Organization: University of Chicago Computing Organizations X-Newsreader: TIN [version 1.1 PL9] Lines: 25 I am using xnlock as the screensaver for a PC-based X server. However, after an interval of no activity, my X session ends. This does not happen when I use xscreensaver. My scre"
1135,zero_shot_full_context,16,talk.politics.guns,16,talk.politics.guns,16,From: jbs@rti.rti.org Subject: Re: CLINTON JOINS LIST OF GENOCIDAL SOCIALIST LEADERS Organization: Joe's Bar and Grill Lines: 108 In article <1993Apr26.174819.13707@starbase.trincoll.edu> () writes: > >> > People like you cheapen our constitution by using it to defend sociopaths >> > who aren't deserved of it. Get a life and chill on the paranoia. 
1136,zero_shot_full_context,9,rec.sport.baseball,14,sci.space,14,From: drw3l@delmarva.evsc.Virginia.EDU (David Robert Walker) Subject: Re: Defensive Runs from DA (comments) Keywords: DR Organization: University of Virginia Lines: 78 In article <1qvdrnINNd9f@gap.caltech.edu> shippert@cco.caltech.edu (Tim Shippert) writes: > The reason I bothered doing this DR stuff was to see if I could >determine the answer to t
1137,zero_shot_full_context,1,comp.graphics,14,sci.space,14,"From: remcoha@htsa.aha.nl (Remco Hartog) Subject: RGB to HVS, and back Organization: Hogeschool van Amsterdam, The Netherlands, E.E. & C.S. Dept. Lines: 9 I have a little question: I need to convert RGB-coded (Red-Green-Blue) colors into HVS-coded (Hue-Value-Saturnation) colors. Does anyone know which formulas to use? Thanks! R.W.Hartog remcoha@sol"
1138,zero_shot_full_context,2,comp.os.ms-windows.misc,5,comp.windows.x,5,From: GMILLS@CHEMICAL.watstar.uwaterloo.ca (Phil Trodwell) Subject: Re: Windows zip/unzip Organization: University of Waterloo Lines: 25 In article <1rl9b6$h3c@sol.deakin.OZ.AU> russ@deakin.OZ.AU (Russ Sharp) writes: >We are using pkzip V2.04 and I am interested to hear from >people who have used one of the many Windows programs that >call these. >
1139,zero_shot_full_context,4,comp.sys.mac.hardware,4,comp.sys.mac.hardware,4,"From: gurman@umbra.gsfc.nasa.gov (Joseph B. Gurman) Subject: Re: vx -> centris upgrade price Organization: NASA Goddard Space Flight Center - Greenbelt, MD USA Lines: 20 jebg9667@uxa.cso.uiuc.edu (Johann E. Beda) writes: >Anyone have a price quote/vendor for the vx to centris 650 upgrade? >I've been quoted a price of $2401 till August 15th after wh"
1140,zero_shot_full_context,15,soc.religion.christian,15,soc.religion.christian,15,"From: hedrick@geneva.rutgers.edu Subject: FAQ essay on homosexuality Lines: 452 Someone referred to my FAQ essay on homosexuality. Since it hasn't been posted for some time (and I've modified it somewhat since the last time), I'm taking this opportunity to post it. There is another entry in the FAQ containing comments by some other contributors. Th"
1141,zero_shot_full_context,8,rec.motorcycles,16,talk.politics.guns,16,"From: mcguire@cs.utexas.edu (Tommy Marcus McGuire) Subject: Re: So, do any XXXX, I mean police officers read this stuff? Organization: CS Dept, University of Texas at Austin Lines: 27 NNTP-Posting-Host: earth.cs.utexas.edu In article <1r6ob9$oav@vtserf.cc.vt.edu> ranck@joesbar.cc.vt.edu (Wm. L. Ranck) writes: [...] >And of course, you will get a mo"
1142,zero_shot_full_context,12,sci.electronics,14,sci.space,14,From: rcstage1@urc.tue.nl (Guido Klemans) Subject: Re: How to the disks copy protected. Organization: Eindhoven University of Technology Lines: 23 NNTP-Posting-Host: r110.urc.tue.nl In article <1r7h1r$o7p@uniwa.uwa.edu.au> ascott@tartarus.uwa.edu.au (Andrew Scott) writes: >I would expect that CD-ROM software would not even need copy protection. >As
1143,zero_shot_full_context,0,alt.atheism,16,talk.politics.guns,16,"Subject: Re: Who has read Rushdie's _The Satanic Verses_? From: sham@cs.arizona.edu (Shamim Zvonko Mohamed) Organization: U of Arizona CS Dept, Tucson Lines: 66 In article <116547@bu.edu> jaeger@buphy.bu.edu (Gregg Jaeger) writes: >Yes. The Qur'an discusses this point in several ways, some of >them quite directly. For example, it says that if God _"
1144,zero_shot_full_context,19,talk.religion.misc,15,soc.religion.christian,15,"From: mlee@post.RoyalRoads.ca (Malcolm Lee) Subject: Laws of God (was Re: A KIND and LOVING God!!) Organization: Royal Roads Military College, Victoria, B.C. Lines: 85 In article <1993Apr23.142414.20665@sei.cmu.edu>, dpw@sei.cmu.edu (David Wood) writes: |> |> mlee@ra.royalroads.ca (Malcolm Lee) writes: |> >These laws written for the Israelites, God"
1145,zero_shot_full_context,7,rec.autos,7,rec.autos,7,"From: chellis@nyx.cs.du.edu (charles ellis) Subject: Re: what is the deal with ""blue-book"" value of an auto? Organization: University of Denver, Dept. of Math & Comp. Sci. Lines: 8 It's a toll for insurance companies and auto dealers to rip you off in case of accident or trade-in. Charlie Ellis chellis@nyx.cs.du.edu -- Charlie Ellis chellis@nyx.cs."
1146,zero_shot_full_context,12,sci.electronics,16,talk.politics.guns,16,"From: kschang@sfsuvax1.sfsu.edu (Kuo-Sheng (Kasey) Chang) Subject: Re: How to the disks copy protected. Organization: San Francisco State University Lines: 75 In article <1993Apr21.141137.863@imag.fr> schaefer@imag.imag.fr (Arno Schaefer) writes: >In article <1993Apr21.085848.12704W@lumina.edb.tih.no>, ketil@edb.tih.no (Ketil Albertsen,TIH) writes:"
1147,zero_shot_full_context,1,comp.graphics,4,comp.sys.mac.hardware,4,"From: mabusj@nason110.its.rpi.edu (Jasen M. Mabus) Subject: Looking for Brain in CAD Nntp-Posting-Host: nason110.its.rpi.edu Reply-To: mabusj@rpi.edu Organization: Rensselaer Polytechnic Institute, Troy, NY. Lines: 7 Jasen Mabus RPI student I am looking for a hman brain in any CAD (.dxf,.cad,.iges,.cgm,etc.) or picture (.gif,.jpg,.ras,etc.) format "
1148,zero_shot_full_context,4,comp.sys.mac.hardware,13,sci.med,13,"From: emstadth@iastate.edu (Eric M Stadtherr) Subject: Re: Cache card for IIsi Organization: Iowa State University, Ames IA Lines: 43 I ran speedometer 3.21's tests (all of them) on my IIsi first with the 64k cache enabled, then with the cache disabled. I put both runs in this uuencoded machine record... the numbers favor the cache, mostly for benc"
1149,zero_shot_full_context,0,alt.atheism,16,talk.politics.guns,16,"From: livesey@solntze.wpd.sgi.com (Jon Livesey) Subject: Re: Why Rushdie's writings are unappreciated Organization: sgi Lines: 23 Distribution: sfnet NNTP-Posting-Host: solntze.wpd.sgi.com In article <1quc6u$8qu@cc.tut.fi>, a137490@lehtori.cc.tut.fi (Aario Sami) writes: |> In <114902@bu.edu> jaeger@buphy.bu.edu (Gregg Jaeger) writes: |> |> >In arti"
1150,zero_shot_full_context,17,talk.politics.mideast,18,talk.politics.misc,18,"From: arnsenad@me.utoronto.ca (Senad Arnautovic) Subject: Re: Europe vs. Muslim Bosnians Organisation: U of Toronto, Dept. of Mechanical Engineering Organization: UofT Mechanical Engineering Lines: 24 jovanovic-nick@yale.edu (Nick Jovanovic) writes: >In article <1srespINNsua@mojo.eng.umd.edu> josip@eng.umd.edu (Josip Loncaric) writes: >> ... Under "
1151,zero_shot_full_context,12,sci.electronics,14,sci.space,14,"From: rdell@cbnewsf.cb.att.com (richard.b.dell) Subject: Re: Lead ACid Batteries Part 2!!! Organization: AT&T Lines: 39 In article <1993Apr27.211036.1@ulkyvx.louisville.edu> jhwhit01@ulkyvx.louisville.edu writes: >In article <1993Apr26.221422.17208@mprgate.mpr.ca>, vanderby@mprgate.mpr.ca (David Vanderbyl) writes: > <lots of stuff deleted> >The lea"
1152,zero_shot_full_context,9,rec.sport.baseball,9,rec.sport.baseball,9,"From: dietz@parody.Data-IO.COM (Kent Dietz) Subject: Bosox go down in smoke II (Seattle 7-0) ... Organization: Data I/O Corporation Lines: 27 Oh, yea, and Chris Bosio pitched a NO-HITTER. One over the minimum, two bases on ball in the first inning, one runner left, 95 pitches. I listened to the game on radio and listening to Dave Niehaus call the g"
1153,zero_shot_full_context,17,talk.politics.mideast,16,talk.politics.guns,16,"From: hm@cs.brown.edu (Harry Mamaysky) Subject: Re: Freedom In U.S.A. In-Reply-To: ab4z@Virginia.EDU's message of Tue, 27 Apr 1993 00:56:19 GMT Organization: Dept. of Computer Science, Brown University <1993Apr27.005619.8351@Virginia.EDU> Lines: 22 In article <1993Apr27.005619.8351@Virginia.EDU> ab4z@Virginia.EDU (""Andi Beyer"") writes: > This is ac"
1154,zero_shot_full_context,16,talk.politics.guns,16,talk.politics.guns,16,"From: carlaron@access.digex.com (Carl Aron) Subject: Re: Waco Shootout Highlights Total Irresponsibility of the Organization: National Cheng-Kung University <cc-guest.1.734602764@cc309.ncku.edu.tw> Lines: 13 NNTP-Posting-Host: access.digex.net I'm not sure were this thread has been before i popped in, but I've never thought of waiting periods as ha"
1155,zero_shot_full_context,16,talk.politics.guns,16,talk.politics.guns,16,"From: gardner@convex.com (Steve Gardner) Subject: Re: ATF BURNS DIVIDIAN RANCH! NO SURVIVORS!!! Nntp-Posting-Host: imagine.convex.com Organization: Engineering, CONVEX Computer Corp., Richardson, Tx., USA X-Disclaimer: This message was written by a user at CONVEX Computer Corp. The opinions expressed are those of the user and not necessarily those "
1156,zero_shot_full_context,7,rec.autos,6,misc.forsale,6,"From: sbonsib@data.cac.stratus.com (Steve Bonsib) Subject: After market sunroofs (power moonroof BIG $ type) who makes the best? Keywords: sunroof Article-I.D.: transfer.1rhmg5$t55 Organization: Stratus Computer Inc, Marlboro MA Lines: 16 NNTP-Posting-Host: data.cac.stratus.com Hello all, I know that after market sunroofs may have left a bad taste "
1157,zero_shot_full_context,9,rec.sport.baseball,9,rec.sport.baseball,9,"From: ragraca@vela.acs.oakland.edu (Randy A. Graca) Subject: Tigers win pitching duel (yes, it's true!) 3-1 Organization: Oakland University, Rochester, Michigan, U.S.A. Lines: 27 NNTP-Posting-Host: vela.acs.oakland.edu On a cold, damp night last night at Tiger Stadium, Dave Wells, David Haas, Bob MacDonald, and Mike Henneman combined for a 3-1 vic"
1158,zero_shot_full_context,3,comp.sys.ibm.pc.hardware,3,comp.sys.ibm.pc.hardware,3,From: wng@geop.ubc.ca (William Ng) Subject: Re: (Q) SCSI&IDE (i.e. 2 or more hard drives) Organization: University of B.C. Geophysics & Astronomy Lines: 41 Distribution: world NNTP-Posting-Host: gafs.geop.ubc.ca In article <1993Apr19.220704.18518@news.cs.brandeis.edu> & wbarnes@sura.net (Bill Barnes) writes: >>Has anyone (successfully) put both SCS
1159,zero_shot_full_context,2,comp.os.ms-windows.misc,5,comp.windows.x,5,"From: habl@vision.auc.dk (Hans F. E. Blaasvaer s8 F93) Subject: Re: head-to-head win and os/2 In-Reply-To: jagrant@emr1.emr.ca's message of Sat, 15 May 1993 17:53:12 GMT Organization: Laboratory of Image Analysis, University of Aalborg Lines: 28 In article <1993May15.175312.22307@emr1.emr.ca> jagrant@emr1.emr.ca (John Grant) writes: I don't think t"
1160,zero_shot_full_context,15,soc.religion.christian,16,talk.politics.guns,16,From: JEK@cu.nih.gov Subject: Relevant Subject Lines Lines: 15 A recent post bears the subject line: > Re: Serbian genocide work of God? The text contains 80 lines devoted to a defence of the doctrine of predestination as applied to the salvation of individuals. There is then a five-line post-script on the Balkans. It is natural and easy to keep th
1161,zero_shot_full_context,2,comp.os.ms-windows.misc,2,comp.os.ms-windows.misc,2,"From: djw@wang.com (David Weinstein) Subject: MS Test Help/Question. Is there a newsgroup for it? Organization: Wang Labs, Lowell MA, USA Lines: 15 Hi. I would like to know if there is a seperate newgroup for discussion of MS Test or Quality Assurance issues. Or, if not, what newsgroup would be the appropriate one to use. Does compuserve or microso"
1162,zero_shot_full_context,11,sci.crypt,16,talk.politics.guns,16,"From: cme@ellisun.sw.stratus.com (Carl Ellison) Subject: Write to Clinton Organization: Stratus Computer, Software Engineering Lines: 14 Distribution: world NNTP-Posting-Host: ellisun.sw.stratus.com I've been reading the sci.crypt, alt.privacy.clipper and comp.org.eff.talk discussions about the Clipper chip and find (as usual) that most of us think"
1163,zero_shot_full_context,1,comp.graphics,5,comp.windows.x,5,"From: dclunie@pax.tpa.com.au (David Clunie) Subject: Re: Easy to translate JPEG code... Organization: Her Master's Voice Lines: 22 Distribution: world Reply-To: dclunie@pax.tpa.com.au NNTP-Posting-Host: britt.pax.tpa.com.au In article 1rfsqbINNc2p@shelley.u.washington.edu, stusoft@hardy.u.washington.edu (Stuart Denman) writes: >Does anyone out ther"
1164,zero_shot_full_context,16,talk.politics.guns,16,talk.politics.guns,16,"From: dhartung@chinet.chi.il.us (Dan Hartung) Subject: Re: ATF BURNS DIVIDIAN RANCH! NO SURVIVORS!!! Organization: Chinet - Public Access UNIX Lines: 33 pat@rwing.UUCP (Pat Myrto) writes: >> If the FBI started the fire, why didn`t people flee the >>burning building? > >Assuming the fire was caused by lanterns and stoves being knocked about >by the "
1165,zero_shot_full_context,6,misc.forsale,16,talk.politics.guns,16,"From: tsa@cellar.org (The Silent Assassin) Subject: For Sale: Monochrome monitor, 8088 Motherboard, disk drive Organization: The Cellar BBS and public access system Lines: 20 For sale, or trade some combination for 286-16 motherboard or 2400 v.42bis Monochrome monitor, pretty generic, for IBM. 8088 motherboard, 7 Mhz, built in monochrome and color "
1166,zero_shot_full_context,2,comp.os.ms-windows.misc,2,comp.os.ms-windows.misc,2,"From: 71554.1341@CompuServe.COM (DARLA) Subject: DeltaPoints Animated Desktop Organization: UTexas Mail-to-News Gateway Lines: 46 NNTP-Posting-Host: cs.utexas.edu Hiyas ALL, Upon getting Animated Desktop for Windows as a gift from my boyfriend, I couldn't wait to install it. I had gotten an advertisement for it and put it aside with my list of 'I W"
1167,zero_shot_full_context,14,sci.space,14,sci.space,14,"From: Wales.Larrison@ofa123.fidonet.org Subject: Boeing TSTO (Was: Words from Chairman of Boeing) X-Sender: newtout 0.08 Feb 23 1993 Lines: 83 games@max.u.washington.edu writes: Re; Response from CoB of Boeing on SSTO ... >""As far as single stage to orbit technology, we think that we have >a better answer in a two stage approach, and we are talking"
1168,zero_shot_full_context,19,talk.religion.misc,15,soc.religion.christian,15,"From: ACUS10@WACCVM.SPS.MOT.COM (Mark Fuller) Subject: Re: [rw] is Robert Weiss the only Orthodox Christian Nntp-Posting-Host: 192.55.25.1 Organization: Motorola Inc. Lines: 965 In article <93111.074840LIBRBA@BYUVM.BITNET> LIBRBA@BYUVM.BITNET writes: > > Robert, you keep making references to ""orthodox"" belief, and saying things >like ""it is held th"
1169,zero_shot_full_context,0,alt.atheism,0,alt.atheism,0,"From: christen@astro.ocis.temple.edu (Carl Christensen) Subject: Re: Books Organization: Temple University Lines: 4 Nntp-Posting-Host: astro.ocis.temple.edu X-Newsreader: TIN [version 1.1 PL8] [stuff about hard to find atheist books deleted] Perhaps the infiltration of fundies onto school boards, city councils, etc. has something to do with why you"
1170,zero_shot_full_context,0,alt.atheism,0,alt.atheism,0,"From: Nanci Ann Miller <nm0w+@andrew.cmu.edu> Subject: Re: Amusing atheists and agnostics Organization: Sponsored account, School of Computer Science, Carnegie Mellon, Pittsburgh, PA Lines: 33 NNTP-Posting-Host: po4.andrew.cmu.edu In-Reply-To: <timmbake.735196735@mcl> timmbake@mcl.ucsb.edu (Bake Timmons) writes: > There lies the hypocrisy, dude. At"
1171,zero_shot_full_context,14,sci.space,16,talk.politics.guns,16,"From: rbunge@access.digex.net (Robert Bunge) Subject: Re: Vandalizing the sky. Organization: Express Access Online Communications Service, Greenbelt, Maryland USA Lines: 27 NNTP-Posting-Host: access.digex.net In article <C69AGI.MJu@news.cso.uiuc.edu> jbh55289@uxa.cso.uiuc.edu (Josh Hopkins) writes: >I'm wondering if ""vandalize"" is the proper word t"
1172,zero_shot_full_context,16,talk.politics.guns,16,talk.politics.guns,16,"From: jmd@cube.handheld.com (Jim De Arras) Subject: Re: Gun Buy Back Organization: Hand Held Products, Inc. Lines: 122 Distribution: world NNTP-Posting-Host: dale.handheld.com In article <16BB8B194.R1328@vmcms.csuohio.edu> R1328@vmcms.csuohio.edu writes: > In article <1993Apr22.134330.9761@rti.rti.org> > jbs@rti.rti.org writes: > > > > >In article "
1173,zero_shot_full_context,4,comp.sys.mac.hardware,4,comp.sys.mac.hardware,4,"From: pyke@cbnews.cb.att.com (james.m.pyke) Subject: Need a card for SONY 1320 Organization: AT&T Distribution: usa Lines: 12 I recently made the mistake of purchasing a SONY CPD-1320 monitor for my Mac IIci. The monitor is very good, however it seems that the IIci does not support VGA (then why did you buy it you ask? I am stupid I reply). What I "
1174,zero_shot_full_context,7,rec.autos,17,talk.politics.mideast,17,From: bqueiser@magnus.acs.ohio-state.edu (Brian J Queiser) Subject: Re: Changing oil by self. Keywords: n Nntp-Posting-Host: top.magnus.acs.ohio-state.edu Organization: The Ohio State University <1993Apr23.223836.672@magnus.acs.ohio-state.edu> Distribution: usa Lines: 29 sorlin@magnus.acs.ohio-state.edu (Steven J Orlin) writes: >infante@acpub.duke.
1175,zero_shot_full_context,18,talk.politics.misc,16,talk.politics.guns,16,"From: starowl@rahul.net (Michael D. Adams) Subject: Re: Median??? Re: New Study Out On Gay Percentage Nntp-Posting-Host: bolero Reply-To: starowl@rahul.net Organization: D Service Actuarial Consulting X-Newsreader: TIN [version 1.1 PL8] Lines: 28 On 20 Apr 93 13:34:03 GMT, Gary Piatt observed: : First, the median does not imply that half of the men"
1176,zero_shot_full_context,15,soc.religion.christian,15,soc.religion.christian,15,From: PETCH@gvg47.gvg.tek.com (Chuck) Subject: Daily Verse Lines: 3 I have given you authority to trample on snakes and scorpions and to overcome all the power of the enemy; nothing will harm you. Luke 10:19
1177,zero_shot_full_context,0,alt.atheism,16,talk.politics.guns,16,"From: kcochran@nyx.cs.du.edu (Keith ""Justified And Ancient"" Cochran) Subject: Re: Where are they now? X-Disclaimer: Nyx is a public access Unix system run by the University of Denver for the Denver community. The University has neither control over nor responsibility for the opinions of users. Organization: Nyx, Public Access Unix at U. of Denver M"
1178,zero_shot_full_context,13,sci.med,13,sci.med,13,"From: hd0022@albnyvms.bitnet (Chip Dunham) Subject: Re: Use of haldol in elderly Reply-To: hd0022@albnyvms.bitnet Organization: University of Albany, SUNY Lines: 24 In article <westesC60xqF.59r@netcom.com>, westes@netcom.com (Will Estes) writes: >Does anyone know of research done on the use of haldol in the elderly? Does >short-term use of the drug"
1179,zero_shot_full_context,11,sci.crypt,11,sci.crypt,11,"From: nagle@netcom.com (John Nagle) Subject: Re: New Encryption Algorithm Keywords: NEA Organization: NETCOM On-line Communication Services (408 241-9760 guest) Lines: 36 artmel@well.sf.ca.us (Arthur Melnick) writes: > Ever since Craig Rowland posted his piece ""New Encryption"" >to sci.crypt there has been some discussion of our company, >Secured Co"
1180,zero_shot_full_context,11,sci.crypt,11,sci.crypt,11,From: whitaker@eternity.demon.co.uk (Russell Earl Whitaker) Subject: MEETING: UK Cryptoprivacy Association Distribution: world Organization: Extropy Institute Reply-To: whitaker@eternity.demon.co.uk X-Mailer: Simple NEWS 1.90 (ka9q DIS 1.19) Lines: 89 -----BEGIN PGP SIGNED MESSAGE----- Meeting of the UK Cryptoprivacy Association - -----------------
1181,zero_shot_full_context,12,sci.electronics,3,comp.sys.ibm.pc.hardware,3,From: v064mb9k@ubvmsb.cc.buffalo.edu (NEIL B. GANDLER) Subject: Looking for a good book on Pspice 5.2 Organization: University at Buffalo Lines: 6 News-Software: VAX/VMS VNEWS 1.41 Nntp-Posting-Host: ubvmsb.cc.buffalo.edu I just got a copy of spice 5.2. I would like to know if there are any published books on the market yet and where I could get on
1182,zero_shot_full_context,0,alt.atheism,0,alt.atheism,0,"From: kempmp@phoenix.oulu.fi (Petri Pihko) Subject: Re: FAQ sheet Organization: University of Oulu, Finland X-Newsreader: TIN [version 1.1 PL9] Lines: 25 Mike McAngus (mam@mouse.cmhnet.org) wrote: >By the way, news.announce.newusers has an article (can't remember which >one) that recommends reading a newsgroup for 1 month before posting. >This make"
1183,zero_shot_full_context,12,sci.electronics,13,sci.med,13,"From: stone-andy@cs.yale.edu (Andy Stone) Subject: Re: How to the disks copy protected. Organization: /homes/majors/stonea/.organization Lines: 18 NNTP-Posting-Host: dolphin.zoo.cs.yale.edu In-reply-to: jmiller@terra.colostate.edu's message of Fri, 23 Apr 1993 22:38:05 GMT I wrote a commercial program called GAME-MAKER (can you guess what it does)."
1184,zero_shot_full_context,6,misc.forsale,3,comp.sys.ibm.pc.hardware,3,"From: jth@bach.udel.edu (Jay Thomas Hayes) Subject: IBM Hardware Forsale Nntp-Posting-Host: bach.udel.edu Ditribution: usa Organization: University of Delaware Lines: 13 I have the following IBM hardware forsale ATI VgaWonderXl24 - This is a great card, it supports 1024x768 256 colors, 800x600 32k colors, and 640x480 16 million colors. I found that"
1185,zero_shot_full_context,19,talk.religion.misc,16,talk.politics.guns,16,"From: bskendig@netcom.com (Brian Kendig) Subject: Re: To Rob Lanphier Organization: Starfleet Headquarters: San Francisco Lines: 78 You just don't get it, do you? brian@lpl.arizona.edu (Brian Ceccarelli 602/621-9615) writes: > >Me: ""Brian K, please step aside before you get run over."" >BK: ""There is no truck."" >Me: ""Turn around at look."" >BK: ""No."""
1186,zero_shot_full_context,10,rec.sport.hockey,9,rec.sport.baseball,9,"From: franjion@spot.Colorado.EDU (John Franjione) Subject: Re: Where's Roger? Nntp-Posting-Host: spot.colorado.edu Organization: University of Colorado, Boulder Lines: 15 duncan@ (Nicholas Duncan) writes: >I really feel the need for a knowledgable hockey observer to explain >this year's playoffs to me. I mean, the obviously superior Toronto tea"
1187,zero_shot_full_context,7,rec.autos,7,rec.autos,7,"From: ak954@yfn.ysu.edu (Albion H. Bowers) Subject: Re: Drag CoefficientsVx?s? Organization: St. Elizabeth Hospital, Youngstown, OH Lines: 43 Reply-To: ak954@yfn.ysu.edu (Albion H. Bowers) NNTP-Posting-Host: yfn.ysu.edu In a previous article, gwm@spl1.spl.loral.com (Gary W. Mahan) says: >Could someone explain how to make sense of drag coefficients "
1188,zero_shot_full_context,19,talk.religion.misc,14,sci.space,14,"From: mccullou@snake2.cs.wisc.edu (Mark McCullough) Subject: Re: Burden of Proof Organization: University of Wisconsin, Madison -- Computer Sciences Dept. Lines: 29 In article <1993Apr26.142158.11620@ousrvr.oulu.fi> ktikkane@phoenix.oulu.fi (Kari Tikkanen) writes: >In Math exam I have burden of proof when it says: > ""Prove that no elements in set A"
1189,zero_shot_full_context,12,sci.electronics,3,comp.sys.ibm.pc.hardware,3,"From: erickson@azure.nmt.edu (Alan Erickson) Subject: PC parallel I (!= I/O) Nntp-Posting-Host: azure Organization: New Mexico Tech Lines: 14 I'm trying to bring in 8+ bits to a PC, and would like to use interrupt-driven routines. Without buying an IO board or making a new port, _where_ can I bring in these bits? LPT seems to have only a few inputs"
1190,zero_shot_full_context,15,soc.religion.christian,15,soc.religion.christian,15,"From: carlson@ab24.larc.nasa.gov (Ann Carlson) Subject: Re: Homosexuality issues in Christianity Organization: NASA Langley Research Center, Hampton, VA USA Lines: 29 In article <May.14.02.11.48.1993.25266@athos.rutgers.edu>, dps@nasa.kodak.com (Dan Schaertel,,,) writes: |> In article 28328@athos.rutgers.edu, carlson@ab24.larc.nasa.gov (Ann Carlson"
1191,zero_shot_full_context,14,sci.space,14,sci.space,14,"From: jcobban@bnr.ca (Jim Cobban) Subject: Re: Command Loss Timer (Re: Galileo Update - 04/22/93) Keywords: Galileo, JPL Nntp-Posting-Host: bcars153 Organization: Bell-Northern Research, Ottawa, Canada Lines: 13 Having read in the past about the fail-safe mechanisms on spacecraft, I had assumed that the Command Loss Timer had that sort of function."
1192,zero_shot_full_context,4,comp.sys.mac.hardware,13,sci.med,13,From: carter@cae.wisc.edu (Carter Gregory) Subject: Re: Computer Engr vs. Computer Science Organization: U of Wisconsin-Madison College of Engineering Distribution: usa Lines: 91 In article <1qqla6INN7ho@srvr1.engin.umich.edu> chyang@engin.umich.edu (Chung Hsiung Yang) writes: >In article <tecot.735093703@Xenon.Stanford.EDU> tecot@Xenon.Stanford.ED
1193,zero_shot_full_context,17,talk.politics.mideast,16,talk.politics.guns,16,"From: tsreddy@skitime.Eng.Sun.COM (T.S.Reddy) Subject: Re: Europe vs. Muslim Bosnians Organization: Sun Lines: 48 NNTP-Posting-Host: skitime In article <12MAY93.20580569@edison.usask.ca> f54oguocha@edison.usask.ca writes: >In a previous article, sadek@cbnewsg.cb.att.com (mohamed.s.sa >>I.................. the senate. >> >>Condemening the european l"
1194,zero_shot_full_context,12,sci.electronics,17,talk.politics.mideast,17,"From: dhollman@phage.cshl.org ( CSHL) Subject: Re: How to the disks copy protected. Organization: Cold Spring Harbor Lab Lines: 9 NNTP-Posting-Host: phage.cshl.org I still think a major point is being missed... If you are worried about software pirates, NOTHING will stop them. These are people who crack software (mostly games, but so what) daily fo"
1195,zero_shot_full_context,13,sci.med,14,sci.space,14,From: scheiber@sage.cc.purdue.edu (Jennifer Scheiber) Subject: Re: Pregnency without sex? Keywords: pregnency sex Organization: Purdue University Computing Center Lines: 33 In article <10030@blue.cis.pitt.edu> kxgst1+@pitt.edu (Kenneth Gilbert) writes: >In article <stephen.735806195@mont> stephen@mont.cs.missouri.edu (Stephen Montgomery-Smith) writ
1196,zero_shot_full_context,1,comp.graphics,12,sci.electronics,12,From: krs@allegra.att.com (K. R. Subramanian) Subject: Companies involved with Scientific Visualization... Reply-To: krs@allegra.att.com Organization: AT&T Bell Laboratories Lines: 10 If anyone has a list of companies doing data visualization (software or hardware) I would like to hear from them. Thanks. -- krs -- K.R.Subramanian Ph: (908) 582-6346
1197,zero_shot_full_context,6,misc.forsale,6,misc.forsale,6,"From: coutsoft@cheshire.oxy.edu (Michael Coutsoftides) Subject: Sample Cd's for sale Organization: Occidental College, Los Angeles, CA 90041 USA. Lines: 23 I've got 2 sets of sample cd's for sale set one (2cd's)-geared towards house/techno/pop and rap The 1st cd is all drum loops and drum sounds over 1500 of them The second contains analog synths, "
1198,zero_shot_full_context,13,sci.med,18,talk.politics.misc,18,"From: ""Gabriel D. Underwood"" <gabe+@CMU.EDU> Subject: Re: Pregnency without sex? Organization: Junior, Math/Computer Science, Carnegie Mellon, Pittsburgh, PA Lines: 11 <1993Apr27.182155.23426@oswego.Oswego.EDU> NNTP-Posting-Host: po2.andrew.cmu.edu In-Reply-To: <1993Apr27.182155.23426@oswego.Oswego.EDU> I heard a great Civil War story... A guy on t"
1199,zero_shot_full_context,8,rec.motorcycles,7,rec.autos,7,From: bradw@Newbridge.COM (Brad Warkentin) Subject: Re: Shaft-drives and Wheelies Nntp-Posting-Host: thor Organization: Newbridge Networks Corporation Distribution: rec Lines: 24 In article <bethdC5sv80.698@netcom.com> bethd@netcom.com (Beth Dixon) writes: >================================================================= >Beth [The One True Beth] 
1200,zero_shot_full_context,0,alt.atheism,15,soc.religion.christian,15,"From: scharle@lukasiewicz.cc.nd.edu (scharle) Subject: Re: Rawlins debunks creationism Reply-To: scharle@lukasiewicz.cc.nd.edu (scharle) Organization: Univ. of Notre Dame Lines: 31 In article <1r4dglINNkv2@ctron-news.ctron.com>, king@ctron.com (John E. King) writes: |> |> |> kv07@IASTATE.EDU (Warren Vonroeschlaub) writes: |> |> |> |> > Neither I, n"
1201,zero_shot_full_context,8,rec.motorcycles,7,rec.autos,7,From: ae219rh@prism.gatech.EDU (Ray Hixon) Subject: Re: V-max handling request Organization: Georgia Institute of Technology Lines: 26 In article <tcora-210493093955@b329-gator-3.pica.army.mil> tcora@pica.army.mil (Tom Coradeschi) writes: >jearls@tekig6.PEN.TEK.COM (Jeffrey David Earls) wrote: >> >> ba7116326@ntuvax.ntu.ac.sg writes: >> >hello ther
1202,zero_shot_full_context,13,sci.med,13,sci.med,13,"From: uabdpo.dpo.uab.edu!gila005 (Stephen Holland) Subject: Re: Annual inguinal hernia repair Organization: Gastroenterology - Univ. of Alabama Lines: 28 > > In article <jpc.735692207@avdms8.msfc.nasa.gov>, jpc@avdms8.msfc.nasa.gov > (J. Porter Clark) wrote: > [synopsis] Young man with inguianl hernia on one side, repaired, now has > new hernia on "
1203,zero_shot_full_context,2,comp.os.ms-windows.misc,5,comp.windows.x,5,"From: Greg.Reinacker@FtCollins.NCR.COM Subject: Windows On-Line Review uploaded Reply-To: Greg.Reinacker@FtCollinsCO.NCR.COM Organization: NCR Microelectronics, Ft. Collins, CO Lines: 12 I have uploaded the Windows On-Line Review shareware edition to ftp.cica.indiana.edu as /pub/pc/win3/uploads/wolrs7.zip. It is an on-line magazine which contains r"
1204,zero_shot_full_context,1,comp.graphics,5,comp.windows.x,5,"From: powlesla@acs.ucalgary.ca (Jim Powlesland) Subject: Re: Why does Illustrator AutoTrace so poorly? Organization: The University of Calgary, Alberta Lines: 12 Nntp-Posting-Host: acs6.acs.ucalgary.ca I've had pretty good success autotracing line art with Adobe Streamline 2.0. The key to controlling excessive points, etc. is to take some time and "
1205,zero_shot_full_context,10,rec.sport.hockey,9,rec.sport.baseball,9,"From: gp2011@andy.bgsu.edu (George Pavlic) Subject: Re: Lemieux's Getting the Hart... Jeez I hope not! Organization: Bowling Green State University B.G., Oh. Lines: 42 In article <22APR93.02956996.0062@UNBVM1.CSD.UNB.CA>, Patrick Walker <F1HH@UNB.CA> wrote: > > Who should get the Hart? > Gretzky, not in a million years. At least not this year. > He"
1206,zero_shot_full_context,3,comp.sys.ibm.pc.hardware,3,comp.sys.ibm.pc.hardware,3,"From: rnichols@cbnewsg.cb.att.com (robert.k.nichols) Subject: Re: COM4 card shows up as COM3 with COM4's address and IRQ! Keywords: COM port GURUS, HELP! Organization: AT&T Distribution: usa Lines: 31 In article <C5x2FE.CIE@genesis.nred.ma.us> avinash@genesis.nred.ma.us writes: >I have an internal modem that I configure as COM4 with IRQ 3, but >whe"
1207,zero_shot_full_context,14,sci.space,14,sci.space,14,From: pgf@srl03.cacs.usl.edu (Phil G. Fraering) Subject: Re: Lindbergh and the moon (was:Why not give $1G) Organization: Univ. of Southwestern Louisiana Lines: 26 gnb@baby.bby.com.au (Gregory N. Bond) writes: >In article <C5v9Lr.KxF@news.cso.uiuc.edu> jbh55289@uxa.cso.uiuc.edu (Josh Hopkins) writes: > [re: voyages of discovery...] > Could you give 
1208,zero_shot_full_context,11,sci.crypt,17,talk.politics.mideast,17,"From: Borut.B.Lavrencic@ijs.si Subject: Re: Wiretapping reality today Reply-To: Borut.B.Lavrencic@ijs.si Distribution: world Organization: J. Stefan Institute, Lj, Slovenia Lines: 26 In article <01050810.vuumdq@mbeckman.mbeckman.com>, mbeckman@mbeckman.mbeckman.com (Mel Beckman) writes: > > Unfortunately, Hoover thought himself above the constituti"
1209,zero_shot_full_context,18,talk.politics.misc,15,soc.religion.christian,15,"From: mauser@terminus.apexgrp.com (Richard Chandler) Subject: Re: New Study Out On Gay Percentage Organization: UTexas Mail-to-News Gateway Lines: 13 NNTP-Posting-Host: cs.utexas.edu > From: elf@halcyon.com (Elf Sternberg) Bzzzzt. THANK you for playing, but obviously you are not reading the material as it is presented. According to the report I've "
1210,zero_shot_full_context,14,sci.space,14,sci.space,14,"From: nsmca@aurora.alaska.edu Subject: Re: Surviving Large Accelerations? Article-I.D.: aurora.1993Apr26.222117.1 Organization: University of Alaska Fairbanks Lines: 40 Nntp-Posting-Host: acad3.alaska.edu In article <fairfiel.735866229@helios>, fairfiel@helios.usq.EDU.AU (raymond fairfield) writes: > lpham@eis.calstate.edu (Lan Pham) writes: > (in "
1211,zero_shot_full_context,16,talk.politics.guns,16,talk.politics.guns,16,"From: ccdarg@dct.ac.uk (Alan Greig) Subject: Re: ATF BURNS DIVIDIAN RANCH! NO SURVIVORS!!! Distribution: world Organization: Dundee Institute of Technology Lines: 19 In article <1r3j2k$da2@menudo.uh.edu>, HADCRJAM@admin.uh.edu (MILLER, JIMMY A.) writes: > > The problem with the FBI as a monolithic entity doing it is that it requires > *everybody* i"
1212,zero_shot_full_context,12,sci.electronics,14,sci.space,14,"From: kludge@grissom.larc.nasa.gov (Scott Dorsey) Subject: Re: Accelerometer request re-specified Organization: NASA Langley Research Center and Reptile Farm Lines: 17 NNTP-Posting-Host: grissom.larc.nasa.gov In article <1993Apr27.190648.26436@walter.bellcore.com> deaddio@ski.bellcore.com (Michael DeAddio) writes: > >Basically, I am looking for som"
1213,zero_shot_full_context,0,alt.atheism,15,soc.religion.christian,15,"From: pww@spacsun.rice.edu (Peter Walker) Subject: Re: Christian Morality is Organization: I didn't do it, nobody saw me, you can't prove a thing. Lines: 44 In article <4949@eastman.UUCP>, dps@nasa.kodak.com (Dan Schaertel,,,) wrote: > > In article 11853@vice.ICO.TEK.COM, bobbe@vice.ICO.TEK.COM (Robert Beauchaine) writes: > |> > |> Yet I am still n"
1214,zero_shot_full_context,4,comp.sys.mac.hardware,4,comp.sys.mac.hardware,4,"From: gatenb@mrisun.med.yale.edu (Chris Gatenby) Subject: How do I expand RAM on a Plus? Keywords: Plus,RAM Nntp-Posting-Host: mrisun.med.yale.edu Reply-To: gatenb@mrisun.med.yale.edu Organization: Dept. of NMR Research, Yale School of Medicine Lines: 14 I have a mac plus with 2.5MB RAM. I have just bought an extra 2MB so that I can have the max 4M"
1215,zero_shot_full_context,7,rec.autos,7,rec.autos,7,"From: gibbonsa@fraser.sfu.ca (Darren Gibbons) Subject: Datsun/Nissan 240/260/280Z cars Organization: Simon Fraser University, Burnaby, B.C., Canada Lines: 19 Well, the Opel deal fell through... Now i'm looking at a Datsun 240Z for sale in our local buy&sell. Any previous owners have any experience with these cars? Besides looking for rust,good comp"
1216,zero_shot_full_context,2,comp.os.ms-windows.misc,2,comp.os.ms-windows.misc,2,"From: chapman@cs.sfu.ca (John Chapman) Subject: TIFF file viewer needed Organization: CSS, Simon Fraser University, Burnaby, B.C., Canada Lines: 13 Hello - I am in need of a file viewer for 24 bit TIFF images, to run under windows (3.1 if it matters); alternatively a package to run an X-server on top of windows would do very well. Unfortunately the"
1217,zero_shot_full_context,8,rec.motorcycles,8,rec.motorcycles,8,"From: chucks@uars2.acd.ucar.edu (Chuck Smythe) Subject: Re: Shaft-drives and Wheelies Organization: Ntl Center for Atmospheric Research, Atmospheric Chemistry Lines: 8 >Is it possible to do a ""wheelie"" on a motorcycle with shaft-drive? As the owner of a V65 Sabre (shaftie), I can answer from personal experience: Aieeeeeeeeeeeeeeeeeeeeeeeeeeee! Chuc"
1218,zero_shot_full_context,3,comp.sys.ibm.pc.hardware,3,comp.sys.ibm.pc.hardware,3,From: UC532838@mizzou1.missouri.edu (handy) Subject: Help needed on installing 2nd IDE HD.. Nntp-Posting-Host: mizzou1.missouri.edu Organization: University of Missouri Lines: 16 greetings.. I'm a novice in messing comp. hardware. My original IDE HD is a 42MB Western Digital which came with the system when I bought it. And I just got a 213MB IDE HD
1219,zero_shot_full_context,9,rec.sport.baseball,9,rec.sport.baseball,9,"From: bobn@hawkwind.central.Sun.COM (Bob Netherton) Subject: Re: Ray Lankford question... Organization: Sun Microsystems Lines: 31 Distribution: world Reply-To: Bob.Netherton@dallas.Central.Sun.COM NNTP-Posting-Host: hawkwind.central.sun.com In article <1993Apr20.165918.16574@mnemosyne.cs.du.edu>, msilverm@nyx.cs.du.edu (Mike Silverman) writes: |> "
1220,zero_shot_full_context,9,rec.sport.baseball,18,talk.politics.misc,18,"From: babeard@essex.ecn.uoknor.edu (Billy Aaron Beard) Subject: Re: Torre: The worst manager? Distribution: usa Nntp-Posting-Host: essex.ecn.uoknor.edu Organization: Engineering Computer Network, University of Oklahoma, Norman, OK, USA Lines: 24 gt0523e@prism.gatech.EDU (Michael Andre Mule) writes: >In article <93095@hydra.gatech.EDU> gt7469a@prism"
1221,zero_shot_full_context,17,talk.politics.mideast,18,talk.politics.misc,18,"From: khater@neep.neep.wisc.edu (Hesham Khater) Subject: Rally For BOSNIA (Washington D.C. Saturday, May 15, 93) Organization: Univ. of Wis,Madison., NEEP Department Distribution: talk.politics.mideast Lines: 53 The following announcement is from the Bosnia Task Force, USA. Yusuf Islam (formerly Cat Stevens of London) and Muhammad Ali (former heavy"
1222,zero_shot_full_context,12,sci.electronics,6,misc.forsale,6,From: rowley@netcom.com (Thomas Rowley) Subject: Re: Voice synth chips Keywords: Voice synthesis Organization: Netcom Online Communications Services (408-241-9760 login: guest) Lines: 8 Alltronics in San Jose (408) 943-9773 sells the Votrax Sc-01 Speech Synthesis chip for about $5.00. Also I noticed that Radio Shack sells the ISD chip which will st
1223,zero_shot_full_context,4,comp.sys.mac.hardware,4,comp.sys.mac.hardware,4,"From: txb00@charon.amdahl.com (TB) Subject: Mac IIfx For Sale- Reply-To: txb00@charon.amdahl.com (TB) Lines: 18 For sale: Mac IIfx with the following config --> 20MB's RAM 400MB 3.5"" Hard Drive 2 -1.44MB floppy drives Extended keyboard Mouse Apple 8bit video card $2,500.00 or best offer! All you need is a monitor to complete this system. Thanks-"
1224,zero_shot_full_context,12,sci.electronics,13,sci.med,13,"From: idh@nessie.mcc.ac.uk (Ian Hawkins) Subject: Making up odd resistor values required by filters Organization: Manchester Computing Centre Lines: 14 When constructing active filters, odd values of resistor are often required (i.e. something like a 3.14 K Ohm resistor).(It seems best to choose common capacitor values and cope with the strange res"
1225,zero_shot_full_context,17,talk.politics.mideast,15,soc.religion.christian,15,"From: Center for Policy Research <cpr@igc.apc.org> Subject: Re: Zionist leaders' frank statements Nf-ID: #R:cdp:1483500377:cdp:1483500383:000:407 Nf-From: cdp.UUCP!cpr May 15 05:34:00 1993 Lines: 17 dear pete, for one who is so zionist as you, you should at least know your hebrew, young man. The last sentence in your posting should read: Medina ach"
1226,zero_shot_full_context,11,sci.crypt,13,sci.med,13,Reply-To: jhupp@shockwave.win.net (Jeff Hupp) From: jhupp@shockwave.win.net (Jeff Hupp) Subject: PGP Where to get it? Lines: 16 I am both new to this news group and to the net. I am facinated by the things I have heard about the PGP encryption program. Does anybody out there know where I might get a version of this program that runs under Windows 3
1227,zero_shot_full_context,9,rec.sport.baseball,9,rec.sport.baseball,9,"From: ecaxron@ariel.lerc.nasa.gov (Ron Graham) Subject: RE: Game Length (was Re: Braves Update!! Organization: NASA Lewis Research Center Lines: 32 Distribution: world NNTP-Posting-Host: ariel.lerc.nasa.gov News-Software: VAX/VMS VNEWS 1.41 In article <20APR93.15151474@vax.clarku.edu>, hhenderson@vax.clarku.edu writes... >nflynn@wvnvms.wvnet.edu wr"
1228,zero_shot_full_context,5,comp.windows.x,3,comp.sys.ibm.pc.hardware,3,"From: mufti@plsparc.UUCP (Saad Mufti) Subject: Problem with xterm, no access to tty Organization: Personal Library Software, Inc. Lines: 19 I'm running xterm under X11R5, Motif 1.1, mwm and UNIX SVR4 on a UNISYS 386 based machine. My default shell is /bin/csh or the C shell. Whenever I run xterm, I get the following message before the first C shell"
1229,zero_shot_full_context,7,rec.autos,7,rec.autos,7,"From: bell@plains.NoDak.edu (Robert Bell) Subject: Honda Civic/Saturn SL1 Info needed Distribution: na Expires: Fri, 7 May 1993 04:00:00 GMT Nntp-Posting-Host: plains.nodak.edu Organization: North Dakota Higher Education Computing Network Lines: 17 To anyone with experience about Honda Civic (EX or DX) or Saturn SL1: I would be interested in knowin"
1230,zero_shot_full_context,18,talk.politics.misc,16,talk.politics.guns,16,"From: lfoard@hopper.Virginia.EDU (Lawrence C. Foard) Subject: Re: New Study Out On Gay Percentage Organization: ITC/UVA Community Access UNIX/Internet Project Lines: 32 In article <1993Apr20.145735.27235@cs.nott.ac.uk> eczcaw@mips.nott.ac.uk (A.Wainwright) writes: >In article <F3ZB3B1w165w@codewks.nacjack.gen.nz>, system@codewks.nacjack.gen.nz (Way"
1231,zero_shot_full_context,8,rec.motorcycles,7,rec.autos,7,"From: tobias@convex.com (Allen Tobias) Subject: Re: Advantages of Slip-Ons Nntp-Posting-Host: hydra.convex.com Organization: CONVEX Computer Corporation, Richardson, Tx., USA X-Disclaimer: This message was written by a user at CONVEX Computer Corp. The opinions expressed are those of the user and not necessarily those of CONVEX. Lines: 56 In articl"
1232,zero_shot_full_context,7,rec.autos,7,rec.autos,7,From: mobasser@vu-vlsi.ee.vill.edu (Bijan Mobasseri) Subject: Re: V4 V6 V8 V12 Vx? Organization: Villanova University Lines: 9 We have seen lots of discussion on automobile engine configuration. Let me ask a similar question from the aviation field. You must have seen images of prop planes with all cylinders exposed. I have seen up to 8 cylinders p
1233,zero_shot_full_context,5,comp.windows.x,5,comp.windows.x,5,From: mvalente@draco.lnec.pt (mvalente) Subject: None (mail relay) Lines: 33 Hi people!: I'm looking for X Servers for DOS or Windows. I've already seen Desqview/X and XVision but I'd like to be aware of other choices. Is there anything on the public domain or shareware ? And in the commercial area is there anything with aggressive pricing ? What a
1234,zero_shot_full_context,12,sci.electronics,12,sci.electronics,12,"From: cyberman@toz.buffalo.ny.us (Cyberman) Subject: Re: Blue LED's Lines: 21 X-Maildoor: WaflineMail 1.00r {Gladman Aviv} said ""Re: Blue LED's"" to <All> on 04-24-93 01:51 GA> In order to emit blue light, a semiconductor must have a band gap GA> energy within the region of 2.6 to 2.8 electron Volts. According to my GA> physical electronics prof, yo"
1235,zero_shot_full_context,6,misc.forsale,18,talk.politics.misc,18,"From: tominatr@ac.dal.ca Subject: JOHN M. BELL: Any luck catching him yet? Organization: Dalhousie University, Halifax, Nova Scotia, Canada Lines: 8 I was one of the unfortunate people to run into this guy. I sent him $30 cash (Stupid, I know) for 4 CDs. That was the last I heard of him. I know there were some other people ripped off by this guy. H"
1236,zero_shot_full_context,13,sci.med,14,sci.space,14,"From: mavmav@mksol.dseg.ti.com (michael a vincze) Subject: Re: Chromium for weight loss Nntp-Posting-Host: localhost Organization: Texas Instruments Lines: 101 In article <93119.141946U18183@uicvm.uic.edu>, <U18183@uicvm.uic.edu> writes: |> There is no data to show chromium is effective in promoting weight loss. The |> few studies that have been do"
1237,zero_shot_full_context,13,sci.med,13,sci.med,13,"From: eileen@microware.com (Eileen Beck) Subject: cortisone shots Nntp-Posting-Host: waldo Organization: Microware Systems Corp., Des Moines, Iowa Lines: 9 I need some information on the implications of receiving cortisone shots for a seasonal allergic condition. I've had the usual ""skin prick"" tests for the common allergies, but reacted to none of"
1238,zero_shot_full_context,11,sci.crypt,14,sci.space,14,"From: baxter@ed0118.ped.pto.ford.com (Gene Baxter) Subject: Re: Let's build software cryptophones for over the internet... Nntp-Posting-Host: ed0118.ped.pto.ford.com Organization: Ford Motor Co., Powertrain Electronics X-Newsreader: TIN [version 1.1 PL7] Lines: 27 douglas craig holland (holland@CS.ColoState.EDU) wrote: : In article <C62D8r.C7p@demo"
1239,zero_shot_full_context,10,rec.sport.hockey,9,rec.sport.baseball,9,"From: Mamatha Devineni Ratnam <mr47+@andrew.cmu.edu> Subject: Real FAns Organization: Post Office, Carnegie Mellon, Pittsburgh, PA Lines: 19 NNTP-Posting-Host: po5.andrew.cmu.edu There was a discussion about how real fans were ones who respect their teams no matter ow bad they are. That's bullshit. Anyone who would follow the Pens or the Pirates in"
1240,zero_shot_full_context,3,comp.sys.ibm.pc.hardware,3,comp.sys.ibm.pc.hardware,3,"From: m88max@tdb.uu.se (Max Brante) Subject: Check switches on IBM XT Organization: Department of Scientific Computing, Uppsala University Lines: 11 Ok, this might seem a bit odd. How do check the state of (dip)switches on the mother board of a IBM XT WITHOUT using the BIOS. /Thanx __ __ _ _ l \ / l ___ ( \/ ) Max Brante m88max@tdb.uu.se l l l l l "
1241,zero_shot_full_context,6,misc.forsale,6,misc.forsale,6,"From: ryner@leland.Stanford.EDU (Ryan Tamm) Subject: Re: CD's For Sale Organization: DSG, Stanford University, CA 94305, USA Distribution: usa Lines: 1 If you paid $19.95 for a CD, you're a fool and you got ripped off."
1242,zero_shot_full_context,15,soc.religion.christian,15,soc.religion.christian,15,"From: ossm1jl@rex.re.uokhsc.edu (Justin Lee) Subject: Re: Satan kicked out of heaven: Biblical? Organization: Health Sciences Center, University of Oklahoma Lines: 13 [Someone asked about Biblical support for the image of Satan as a fallen angel. Rev 12:7-9 and Enoch have been cited. --clh] There is also a verse in Luke(?) that says He[Jesus] saw S"
1243,zero_shot_full_context,3,comp.sys.ibm.pc.hardware,3,comp.sys.ibm.pc.hardware,3,"From: guyd@austin.ibm.com (Guy Dawson) Subject: Re: Help adding a SCSI Drive (Can it coexist with an IDE?) Originator: guyd@pal500.austin.ibm.com Organization: IBM Austin Lines: 44 In article <1993Apr22.162835.4286@oracle.us.oracle.com>, ebosco@us.oracle.com (Eric Bosco) writes: > In article <1993Apr22.094851.27323@physchem.ox.ac.uk> > mark@physche"
1244,zero_shot_full_context,9,rec.sport.baseball,9,rec.sport.baseball,9,"From: tedward@cs.cornell.edu (Edward [Ted] Fischer) Subject: Re: Bosox win again! (5-2 against Seattle) Organization: Cornell Univ. CS Dept, Ithaca NY 14853 Lines: 17 In article <jxu.735398917@black.clarku.edu> jxu@black.clarku.edu (Dark Wing Duck!!) writes: >Last night, Boston Red Sox win its 11 games of 14 games by beating Seattle >5-2. Roger Cle"
1245,zero_shot_full_context,7,rec.autos,7,rec.autos,7,"From: jgoss@gaia.torolab.ibm.com (Jeff Goss) Subject: Re: V4 V6 V8 V12 Vx? In-Reply-To: bqueiser@magnus.acs.ohio-state.edu's message of Sat, 24 Apr 1993 15:06:53 GMT Lines: 25 <1993Apr24.150653.8115@magnus.acs.ohio-state.edu> Organization: IBM Toronto Lab In article <1993Apr24.150653.8115@magnus.acs.ohio-state.edu> bqueiser@magnus.acs.ohio-state.ed"
1246,zero_shot_full_context,7,rec.autos,17,talk.politics.mideast,17,"From: almanb@sr.hp.com (Bob Alman) Subject: Re: Where can I get a New York taxi? Distribution: na Organization: HP Sonoma County (SRSD/MWTD/MID) X-Newsreader: TIN [version 1.1 PL9.2] Lines: 41 wharfie (wrat@unisql.UUCP) wrote: : In article <C5r66A.6rB@srgenprp.sr.hp.com> almanb@sr.hp.com (Bob Alman) writes: : > ""hose"" h-o-s-e : Dork. d-o-r-k. Oh, r"
1247,zero_shot_full_context,10,rec.sport.hockey,14,sci.space,14,"From: mikkot@romulus.math.jyu.fi (Mikko Tarkiainen) Subject: Re: WC 93: Results, April 18 Nntp-Posting-Host: romulus.math.jyu.fi Organization: University of Jyvaskyla, Finland Lines: 42 In article <1993Apr21.085435.6895@ericsson.se> etxonss@ufsa.ericsson.se (Staffan Axelsson) writes: OK, here is my try: > The Czech Republic > ------------------ > >"
1248,zero_shot_full_context,9,rec.sport.baseball,9,rec.sport.baseball,9,"From: tedward@cs.cornell.edu (Edward [Ted] Fischer) Subject: Re: Jack Morris Organization: Cornell Univ. CS Dept, Ithaca NY 14853 Lines: 31 In article <1993Apr19.160012.24850@sni.ca> dave@snitor.sni.ca (Dave Till) writes: > >I don't think it was that obvious at the time that Viola was better. >Morris and Viola had comparable K/IP ratios in 1991. Vi"
1249,zero_shot_full_context,15,soc.religion.christian,15,soc.religion.christian,15,"From: PETCH@gvg47.gvg.tek.com (Chuck) Subject: Daily Verse Lines: 3 Dishonest money dwindles away, but he who gathers money little by little makes it grow. Proverbs 13:11"
1250,zero_shot_full_context,14,sci.space,12,sci.electronics,12,"From: jan@vesta.neuroinformatik.ruhr-uni-bochum.de (Jan Vorbrueggen) Subject: Re: New planet/Kuiper object found? Organization: Inst. f. Neuroinformatik, Ruhr-Universitaet Bochum, FRG Lines: 11 Distribution: sci NNTP-Posting-Host: vesta.neuroinformatik.ruhr-uni-bochum.de In-reply-to: jbh55289@uxa.cso.uiuc.edu's message of Tue, 27 Apr 1993 07:38:37 "
1251,zero_shot_full_context,15,soc.religion.christian,15,soc.religion.christian,15,"From: creps@lateran.ucs.indiana.edu (Stephen A. Creps) Subject: Re: The doctrine of Original Sin Organization: Indiana University Lines: 31 In article <May.11.02.39.02.1993.28325@athos.rutgers.edu> Eugene.Bigelow@ebay.sun.com writes: >>This all obviously applies equally well to infants or adults, since >>both have souls. Infants must be baptized, t"
1252,zero_shot_full_context,14,sci.space,12,sci.electronics,12,"From: wingo%cspara.decnet@Fedex.Msfc.Nasa.Gov Subject: Re: HyperKnowledge Organization: University of Houston Lines: 45 NNTP-Posting-Host: judy.uh.edu News-Software: VAX/VMS VNEWS 1.41 In article <1993Apr28.200843.83413@embl-heidelberg.de>, tuparev@EMBL-Heidelberg.DE (Georg Tuparev) writes... > > >ANNOUNCEMENT: The ""HyperKnowledge"" PROJECT for NeXT"
1253,zero_shot_full_context,16,talk.politics.guns,16,talk.politics.guns,16,"From: cdt@sw.stratus.com (C. D. Tavares) Subject: Re: ATF BURNS DIVIDIAN RANCH! NO SURVIVORS!!! Organization: Stratus Computer, Inc. Lines: 26 Distribution: world NNTP-Posting-Host: rocket.sw.stratus.com In article <1r3j2k$da2@menudo.uh.edu>, HADCRJAM@admin.uh.edu (MILLER, JIMMY A.) writes: > > :> As someone else has pointed out, why would the stov"
1254,zero_shot_full_context,12,sci.electronics,14,sci.space,14,"From: baden@sys6626.bison.mb.ca (baden de bari) Subject: ^^ Phosphorescent pads ... Organization: System 6626 BBS, Winnipeg Manitoba Canada Lines: 19 A while ago I saw some translucent pads, about 6""x8"" or so that could be plugged into (something) and they would glow. One was red, another green, another blue. Interresting. I was wondering if anyone"
1255,zero_shot_full_context,16,talk.politics.guns,16,talk.politics.guns,16,"From: cdt@sw.stratus.com (C. D. Tavares) Subject: Re: CNN report: FBI/ATF killing ALL Americans Organization: Stratus Computer, Inc. Lines: 41 Distribution: usa NNTP-Posting-Host: rocket.sw.stratus.com In article <1993Apr22.000020.23999@Csli.Stanford.EDU>, cower@csli.stanford.edu (Richard Cower) writes: > CNN just reported the ATF and the FBI have "
1256,zero_shot_full_context,17,talk.politics.mideast,16,talk.politics.guns,16,"From: ohayon@jcpltyo.JCPL.CO.JP (Tsiel Ohayon) Subject: Re: rejoinder. Questions to Israelis Organization: James Capel Pacific Limited, Tokyo Japan Lines: 40 In article <Apr27.180942.41402@yuma.ACNS.ColoState.EDU> bh437292@lance.colostate.edu writes: [BH] Tsiel, [BH] I would contend that there was shelling from both sides of the border, [BH] starti"
1257,zero_shot_full_context,12,sci.electronics,4,comp.sys.mac.hardware,4,From: erini@enterprise.ifp.uiuc.edu (Erini Doss) Subject: CELLULAR ANTENNAS Organization: University of Illinois at Urbana Lines: 11 i need to know about the market for cellular antenna technology today... who are the main companies in the market.. how much are they selling them for? who are the contact people? what are the specs? I will mail oyou 
1258,zero_shot_full_context,8,rec.motorcycles,17,talk.politics.mideast,17,"From: bclarke@galaxy.gov.bc.ca Subject: Re: How to buy a first bike, etc. Organization: BC Systems Corporation Lines: 19 In article <C5x6vH.1In@inform.co.nz>, dev2@inform.co.nz (Michael Seales) writes: > In article <1993Apr20.083340.2309@galaxy.gov.bc.ca>, bclarke@galaxy.gov.bc.ca writes: >> There have been a *lot* of posts lately about ""I wanna bu"
1259,zero_shot_full_context,0,alt.atheism,15,soc.religion.christian,15,"From: healta@saturn.wwc.edu (Tammy R Healy) Subject: Re: YOU WILL ALL GO TO HELL!!! Lines: 31 Organization: Walla Walla College Distribution: na Lines: 31 In article <C5s9zM.9E0@cbnewsj.cb.att.com> decay@cbnewsj.cb.att.com (dean.kaflowitz) writes: >From: decay@cbnewsj.cb.att.com (dean.kaflowitz) >Subject: Re: YOU WILL ALL GO TO HELL!!! >Date: Tue, "
1260,zero_shot_full_context,11,sci.crypt,18,talk.politics.misc,18,"From: als@kowari.cpsg.com.au (Anthony Shipman) Subject: Re: Clipper considered harmful Lines: 24 Nntp-Posting-Host: marloo.cpsg.com.au Organization: Computer Power Software Group Pty Ltd Distribution: inet yuan1@scws7.harvard.edu (Nina Yuan) writes: >I'm not a lawyer and I don't even play one on TV, but intuitively there's >something wrong with hav"
1261,zero_shot_full_context,8,rec.motorcycles,15,soc.religion.christian,15,"From: car377@cbnewsj.cb.att.com (charles.a.rogers) Subject: Re: Fortune-guzzler barred from bars! Organization: AT&T Summary: What God ""needs"" Lines: 17 In article <1993Apr21.095305.28851@bnr.ca>, npet@bnr.ca (Nick Pettefar) writes: > Charles Parr, on the Tue, 20 Apr 93 21:25:10 GMT wibbled: > : In article <1993Apr19.141959.4057@bnr.ca> npet@bnr.ca"
1262,zero_shot_full_context,12,sci.electronics,14,sci.space,14,"From: abjoern@idt.unit.no (Anders Bjoernestad) Subject: Re: How universal are phones these days? Reply-To: abjoern@idt.unit.no (Anders Bjoernestad) Organization: Div. of CS & Telematics, Norwegian Institute of Technology Lines: 32 In article <1rgka2$n4k@corax.udac.uu.se>, tde9106@hgs.se (Joakim Gunnarsson) writes: |> |> >Two things to watch for: |>"
1263,zero_shot_full_context,6,misc.forsale,6,misc.forsale,6,"From: chcu327@bongo.cc.utexas.edu (Sulagna Chatterjee) Subject: 85 Mazda GLC for Sale Organization: The University of Texas at Austin, Austin TX Lines: 26 Distribution: austin Reply-To: chcu327@bongo.cc.utexas.edu (Sulagna Chatterjee) NNTP-Posting-Host: bongo.cc.utexas.edu Originator: chcu327@bongo.cc.utexas.edu 85'Mazda GLC - 58K miles - charcoal "
1264,zero_shot_full_context,15,soc.religion.christian,15,soc.religion.christian,15,"From: revdak@netcom.com (D. Andrew Kille) Subject: Re: Homosexuality issues in Christianity Organization: NETCOM On-line Communication Services (408 241-9760 guest) Lines: 38 Dan Schaertel,,, (dps@nasa.kodak.com) wrote: : In article 15441@geneva.rutgers.edu, loisc@microsoft.com (Lois Christiansen) writes: : |>You might visit some congregations of C"
1265,zero_shot_full_context,0,alt.atheism,15,soc.religion.christian,15,"From: rjg@doe.carleton.ca (Richard Griffith) Subject: Re: Burden of Proof Organization: Dept. of Electronics, Carleton University Lines: 23 In <1r4b59$7hg@aurora.engr.LaTech.edu> ray@engr.LaTech.edu (Bill Ray) writes: >If I make a statement, ""That God exists, loves me, etc."" but in no way >insist that you believe it, does that place a burden of pro"
1266,zero_shot_full_context,1,comp.graphics,5,comp.windows.x,5,From: max@slinky.NYU.EDU (David Max) Subject: NEEDED: non-interactive GIF cropper for PC Summary: I need a program to crop out pieces from GIFs where the crop coordinates can be specified on the command line. Keywords: GIF crop Organization: New York University Lines: 10 I have a group of GIF images that each contain 6 small images in the same plac
1267,zero_shot_full_context,11,sci.crypt,16,talk.politics.guns,16,"From: pmetzger@snark.shearson.com (Perry E. Metzger) Subject: Re: Overreacting (was Re: Once tapped, your code is no good any more) Organization: Partnership for an America Free Drug Distribution: na Lines: 22 jhan@debra.dgbt.doc.ca (Jerry Han) writes: >In article <RENS.93Apr22153654@stimpys.imsi.com> rens@imsi.com (Rens >Troost) writes: > >>> In t"
1268,zero_shot_full_context,9,rec.sport.baseball,9,rec.sport.baseball,9,"From: rap50204@uxa.cso.uiuc.edu (Underdog ) Subject: Southpaw? Organization: University of Illinois at Urbana Lines: 15 Can anyone out there tell me why they call left-handed pitchers ""Southpaw""? Also the story on how the term originated. Thanks!! Go Cubs! Prediction: They will finish over .500 this year without winning the East."
1269,zero_shot_full_context,16,talk.politics.guns,17,talk.politics.mideast,17,"From: cdt@sw.stratus.com (C. D. Tavares) Subject: Re: ATF BURNS DIVIDIAN RANCH! NO SURVIVORS!!! Organization: Stratus Computer, Inc. Lines: 35 Distribution: world NNTP-Posting-Host: rocket.sw.stratus.com In article <1r8vg9$rl5@bigboote.WPI.EDU>, mfrhein@wpi.WPI.EDU (Michael Frederick Rhein) writes: > To Rob and all others that have been debating ab"
1270,zero_shot_full_context,8,rec.motorcycles,9,rec.sport.baseball,9,"From: wrs@wslack.UUCP (Bill Slack) Subject: Re: Shaft-drives and Wheelies Distribution: world Organization: W. R. Slack Lines: 32 In article <Stafford-210493125617@stafford.winona.msus.edu> Stafford@Vax2.Winona.MSUS.Edu (John Stafford) writes: >In article <wrs.4180@wslack.UUCP>, wrs@wslack.UUCP (Bill Slack) wrote: > >> Uh, folks, the shaft doesn't "
1271,zero_shot_full_context,12,sci.electronics,13,sci.med,13,From: vanderby@mprgate.mpr.ca (David Vanderbyl) Subject: Re: Lead ACid Batteries Part 2!!! Nntp-Posting-Host: chip Reply-To: vanderby@mprgate.mpr.ca (David Vanderbyl) Organization: MPR Teltech Ltd. Lines: 80 >The lead-acid secondary cell releases energy (electricity) with the following >chemical reaction: > >Pb + PbO2 + 2H2SO4 --> 2PbSO4 + 2H20 > >
1272,zero_shot_full_context,5,comp.windows.x,3,comp.sys.ibm.pc.hardware,3,From: ethan@cs.columbia.edu (Ethan Solomita) Subject: Desqview/X over TCP/IP: how reliable? how is it implemented? Organization: Columbia University Department of Computer Science Lines: 18 Three q's: 1) is it reliable? 2) how does it send the information from a MS Windows app over the X11 protocol? Does it just draw everything as graphics into one
1273,zero_shot_full_context,17,talk.politics.mideast,18,talk.politics.misc,18,"From: jaskew@spam.maths.adelaide.edu.au (Joseph Askew) Subject: Re: Israel an Apartheid State? Not Quite. Distribution: world Organization: Statistics, Pure & Applied Mathematics, University of Adelaide Lines: 40 In article <1se68nINNfo2@early-bird.think.com> shaig@Think.COM (Shai Guday) writes: >In article <2681@spam.maths.adelaide.edu.au>, jaskew"
1274,zero_shot_full_context,3,comp.sys.ibm.pc.hardware,2,comp.os.ms-windows.misc,2,"From: arenzana@angelo.amd.com (Romeo Arenzana) Subject: How to add another IDE HD with Stacker 3.0 Keywords: HD Organization: Advanced Micro Devices, Inc. Lines: 12 Hi, Can somebody tell me step by step how to add a 40Mb IDE Kalok? HD to an existing 120Mb IDE Maxtor HD with Stacker 3.0 and DOS 5? I know how to set the jumpers on the 40M to be slave"
1275,zero_shot_full_context,3,comp.sys.ibm.pc.hardware,3,comp.sys.ibm.pc.hardware,3,"From: masten@beta.lanl.gov (David A. Masten) Subject: info on Motherboard Warehouse? Organization: Los Alamos National Laboratory Distribution: na Lines: 9 Can anyone share their experiences, good or bad, with a Tempe vendor named Motherboard Warehouse? I'm considering purchasing one of their 486dx2/66 boards. One of the selling points is their 10 "
1276,zero_shot_full_context,10,rec.sport.hockey,9,rec.sport.baseball,9,From: jgold@chopin.udel.edu (Jonathan Goldstein) Subject: Re: The Amazin' Isles!!!!!! Nntp-Posting-Host: chopin.udel.edu Organization: University of Delaware Lines: 21 WATCH OUT PITSBURGH HERE COME THE ISLES!!!!!!!!!!!!!!!!!!!!!!!!! They said we wouldn't make the playoffs and we came in third They said the Caps would beat us and they're not going t
1277,zero_shot_full_context,8,rec.motorcycles,17,talk.politics.mideast,17,"From: gaijin@ale.Japan.Sun.COM (John Little - Nihon Sun Repair Depot) Subject: Re: Bra... bra... brazing (Was: For JOHS@dhhalden.no... ) Organization: Nihon Sun Microsystems - Atsugi Technical Centre - JAPAN. Lines: 48 NNTP-Posting-Host: ale.japan.sun.com Summary: Exhausting! Keywords: Pete, Newbie, Wot?, Frogspawn, Dead-Parrot, Leatherette, Foucau"
1278,zero_shot_full_context,8,rec.motorcycles,8,rec.motorcycles,8,"From: arturo@informix.com (Arturo Vega) Subject: Re: Bonding with a Caged Cop? Distribution: rec.motorcycles, ba.motorcycles Organization: Informix Software, Inc. Lines: 22 akelley@oracle.uucp (Alyn Kelley) writes: ...<waving policeman, happy policeman, nice policeman>... > Has anyone else experienced this phenomenon, or am I somehow >the only one "
1279,zero_shot_full_context,18,talk.politics.misc,16,talk.politics.guns,16,"From: smith@ctron.com (Lawrence C Smith) Subject: Re: Welcome to Police State USA Organization: Cabletron Systems, Inc. Lines: 72 Distribution: world Reply-To: smith@ctron.com NNTP-Posting-Host: glinda.ctron.com In article <C5sI9G.Hx@dscomsa.desy.de>, hallam@dscomsa.desy.de (Phill Hallam-Baker) writes: >The above conveniently ignores the murder of "
1280,zero_shot_full_context,4,comp.sys.mac.hardware,18,talk.politics.misc,18,"Distribution: world From: David_A._Schnider@bmug.org Organization: BMUG, Inc. Subject: Re: DESI PB upgrade Lines: 7 Couldn't replacement become expensive? -David **** From Planet BMUG, the FirstClass BBS of BMUG. The message contained in **** this posting does not in any way reflect BMUG's official views."
1281,zero_shot_full_context,14,sci.space,18,talk.politics.misc,18,"From: gnb@baby.bby.com.au (Gregory N. Bond) Subject: Re: Death and Taxes (was Why not give $1 billion to... In-Reply-To: tffreeba@indyvax.iupui.edu's message of 22 Apr 93 16:25:01 -0500 Nntp-Posting-Host: baby Organization: Burdett, Buckeridge & Young, Melbourne, Australia Lines: 17 In article <1993Apr22.162501.747@indyvax.iupui.edu> tffreeba@indyv"
1282,zero_shot_full_context,14,sci.space,14,sci.space,14,"From: dwilmot@zen.holonet.net (Dick Wilmot) Subject: Re: looking for PLANET MAPS Keywords: topographical maps Nntp-Posting-Host: zen.holonet.net Organization: HoloNet National Internet Access System: 510-704-1058/modem Lines: 24 jbh55289@uxa.cso.uiuc.edu (Josh Hopkins) writes: >tel002@dunix.drake.edu (Tim ""Spock"" Larson) writes: >> Where can I get "
1283,zero_shot_full_context,15,soc.religion.christian,15,soc.religion.christian,15,"From: David.Bernard@central.sun.com (Dave Bernard) Subject: Re: SJ Mercury's reference to Fundamentalist Christian parents Reply-To: David.Bernard@central.sun.com Organization: Sun Microsystems Lines: 15 In article 28120@athos.rutgers.edu, dan@ingres.com (a Rose arose) writes: > ""Raised in Oakland and San Lorenzo by strict fundamentalist > Christia"
1284,zero_shot_full_context,6,misc.forsale,2,comp.os.ms-windows.misc,2,"From: szatezal@magnus.acs.ohio-state.edu (Shane M Zatezalo) Subject: Wanted: Ph# for seagate Organization: The Ohio State University Lines: 15 Nntp-Posting-Host: magnusug.magnus.acs.ohio-state.edu I have a Seagate hard drive that I need some info specific information on. Anyone have the ph# for Seagate Technology, Inc? (Or if they have a bbs setup "
1285,zero_shot_full_context,1,comp.graphics,14,sci.space,14,"From: adaptive@cs.nps.navy.mil (zyda res acct) Subject: Re: Human head modeling software Organization: Naval Postgraduate School, Monterey Lines: 36 >In article <C65wBp.6K4@taurus.cs.nps.navy.mil> adaptive@cs.nps.navy.mil (zyda res acct) writes: >>>Hi, there! >>>I am interested in facial animation and want to implement some program about this area."
1286,zero_shot_full_context,11,sci.crypt,18,talk.politics.misc,18,"From: (Jamie Lawrence) Subject: Re: Once tapped, your code is no good any more. Distribution: na Organization: Sybase, Inc. Lines: 34 In article <1993Apr21.222016.18990@leland.Stanford.EDU>, arc@leland.Stanford.EDU (Andrew Richard Conway) writes: > I must protest your ""...in a Communist country"". How do you know? > There haven't been any, and are u"
1287,zero_shot_full_context,0,alt.atheism,16,talk.politics.guns,16,Subject: Re: Age of Reason Was: Who has read Rushdie's From: SSAUYET@eagle.wesleyan.edu (Scott D. Sauyet) <EDM.93Apr20145436@gocart.twisto.compaq.com> <11867@vice.ICO.TEK.COM> <sandvik-200493233434@sandvik-kent.apple.com> Distribution: world Nntp-Posting-Host: wesleyan.edu X-News-Reader: VMS NEWS 1.20In-Reply-To: sandvik@newton.apple.com's message 
1288,zero_shot_full_context,7,rec.autos,17,talk.politics.mideast,17,"From: herling@crchh111.NoSubdomain.NoDomain (Brent Herling) Subject: Re: Improvements in Automatic Transmissions Nntp-Posting-Host: crchh111 Organization: BNR, Inc. Lines: 48 >In article <1993Apr21.160341.24707@westminster.ac.uk>, jkjec@westminster.ac.uk (Shazad Barlas) writes: >|> I just wanted to know: >|> >|> To wheelspin in an auto, you keep th"
1289,zero_shot_full_context,0,alt.atheism,16,talk.politics.guns,16,"From: johnchad@triton.unm.edu (jchadwic) Subject: Another request for Darwin Fish Organization: University of New Mexico, Albuquerque Lines: 11 NNTP-Posting-Host: triton.unm.edu Hello Gang, There have been some notes recently asking where to obtain the DARWIN fish. This is the same question I have and I have not seen an answer on the net. If anyone"
1290,zero_shot_full_context,19,talk.religion.misc,15,soc.religion.christian,15,"From: justinf@cco.caltech.edu (Justin Fang) Subject: Re: After 2000 years, can we say that Christian Morality is Organization: chaotic Lines: 34 NNTP-Posting-Host: 131.215.42.51 In article <1993Apr23.144934.10462@asl.dl.nec.com>, duffy@aslss02.asl.dl.nec.com (Joseph Duffy) wrote: > In article <C5wI5n.19v@hilbert.cyprs.rain.com> max@hilbert.cyprs.ra"
1291,zero_shot_full_context,12,sci.electronics,12,sci.electronics,12,"From: dino@inqmind.bison.mb.ca (Tony stewart) Subject: Re: Need help with video detection circuit Organization: The Inquiring Mind BBS 1 204 488-1607 Lines: 64 verity@jack.sns.com (Steve Verity) writes: > > > I am trying to build a circuit that detects the presence of video (Vs. > a blank screen) by monitoring the R,G, and B outputs of a graphics >"
1292,zero_shot_full_context,8,rec.motorcycles,17,talk.politics.mideast,17,"From: cookson@mbunix.mitre.org (Cookson) Subject: Re: DoD Pins...NOT! Nntp-Posting-Host: mbunix.mitre.org Organization: The MITRE Corporation, Bedford, MA Lines: 17 In article <1993Apr23.155347.1@skcla.monsanto.com> mpmena@skcla.monsanto.com writes: > Bad news - Right after we placed our order, the company upped its > minimum order for manufacturin"
1293,zero_shot_full_context,13,sci.med,13,sci.med,13,"From: david@stat.com (David Dodell) Subject: HICN611 Medical News Part 2/4 Reply-To: david@stat.com (David Dodell) Distribution: world Organization: Stat Gateway Service, WB7TPY Lines: 707 ------------- cut here ----------------- HICNet Medical Newsletter Page 13 Volume 6, Number 11 April 25, 1993 :::::::::::::::::::::::::::::::::::::::::::::::::::"
1294,zero_shot_full_context,18,talk.politics.misc,15,soc.religion.christian,15,From: lfoard@hopper.Virginia.EDU (Lawrence C. Foard) Subject: Re: New Study Out On Gay Percentage Organization: ITC/UVA Community Access UNIX/Internet Project Lines: 34 In article <Apr.20.20.07.19.1993.3220@romulus.rutgers.edu> kaldis@romulus.rutgers.edu (Theodore A. Kaldis) writes: >In article <1993Apr20.201450.8748@galileo.cc.rochester.edu> as010
1295,zero_shot_full_context,10,rec.sport.hockey,9,rec.sport.baseball,9,"From: howarth@sbctri.sbc.com (David Howarth) Subject: Re: Winnipeg vs. Vancouver Organization: Technology Resources Lines: 21 Distribution: world NNTP-Posting-Host: mac-howarth.sbc.com In article <C63p9q.205@unixhub.SLAC.Stanford.EDU>, grogers@ravel.SLAC.Stanford.EDU (Greg Rogers) wrote: > > I feel > they have a good chance to make it out of the Sm"
1296,zero_shot_full_context,11,sci.crypt,18,talk.politics.misc,18,"From: strnlght@netcom.com (David Sternlight) Subject: Re: Overreacting (was Re: Once tapped, your code is no good any more) Organization: DSI/USCRPAC Distribution: na Lines: 17 In article <1993Apr27.190451.25650@lehman.com> pmetzger@snark.shearson.com (Perry E. Metzger) writes: > >No one has mentioned violence other than you, Mr. Han. I believe you"
1297,zero_shot_full_context,17,talk.politics.mideast,17,talk.politics.mideast,17,"From: jaskew@spam.maths.adelaide.edu.au (Joseph Askew) Subject: Re: Israel: An Apartheid state. Organization: Statistics, Pure & Applied Mathematics, University of Adelaide Lines: 32 In article <1smllm$m06@cville-srv.wam.umd.edu> aap@wam.umd.edu (Alberto Adolfo Pinkas) writes: >In article <1993May10.211316.28455@pasteur.Berkeley.EDU> adams@bellini."
1298,zero_shot_full_context,19,talk.religion.misc,15,soc.religion.christian,15,"From: jwmorris@netcom.com (John W. Morris) Subject: Re: What RIGHT ? Organization: NETCOM On-line Communication Services (408 241-9760 guest) X-Newsreader: TIN [version 1.1 PL6] Lines: 48 stuff deleted - but message is: : : : >He is God. : : In other words, the right of might. : : >He is God. : : In other words, the right of might. : : : : >God gra"
1299,zero_shot_full_context,4,comp.sys.mac.hardware,4,comp.sys.mac.hardware,4,"From: hiroki@limerick.cbs.umn.edu (Hiroki Morizono) Subject: Tones o' death Nntp-Posting-Host: limerick.cbs.umn.edu Reply-To: hiroki@limerick.cbs.umn.edu Organization: University of Minnesota X-Newsreader: Tin 1.1 PL5 Lines: 23 Hi, I just test installed kanjitalk 6.07 on my IIci and got a black screen, a way sick looking mac icon, and when hitting "
1300,zero_shot_full_context,3,comp.sys.ibm.pc.hardware,4,comp.sys.mac.hardware,4,"From: 55526@brahms.udel.edu (Oliver P Weatherbee) Subject: Micron computer owners, please read! Nntp-Posting-Host: brahms.udel.edu Organization: University of Delaware Lines: 43 I have uploaded the most recent Windows drivers for the Cirrus GD5426 chip based display cards to the uploads directory at ftp.cica.indiana.edu (file is 5426dr13.zip). They"
1301,zero_shot_full_context,11,sci.crypt,16,talk.politics.guns,16,"From: tcmay@netcom.com (Timothy C. May) Subject: Re: Once they get your keys.... Organization: NETCOM On-line Communication Services (408 241-9760 guest) X-Newsreader: Tin 1.1 PL5 Lines: 57 (alt.security.clipper added, to keep them informed of this issue) David Sternlight (strnlght@netcom.com) wrote: .... : The proposal could be modified so that if"
1302,zero_shot_full_context,0,alt.atheism,15,soc.religion.christian,15,"From: I3150101@dbstu1.rz.tu-bs.de (Benedikt Rosenau) Subject: Re: It's all Mary's fault! Organization: Technical University Braunschweig, Germany Lines: 67 In article <w_briggs-250493154912@ccresources6h59.cc.utas.edu.au> w_briggs@postoffice.utas.edu.au (William Briggs) writes: (Deletion) >> Lucky for them that the baby didn't have any obvious defo"
1303,zero_shot_full_context,12,sci.electronics,17,talk.politics.mideast,17,"From: wb9omc@dynamo.ecn.purdue.edu (Duane P Mantick) Subject: Re: IR remote control receiver Organization: Purdue University Engineering Computer Network Lines: 20 ritterbus001@wcsub.ctstateu.edu writes: >If you want to buy one, try Radio Shack, or else a TV repair shop can >probably order one. BTW - the carrier frequency is 40 KHz, and each >diffe"
1304,zero_shot_full_context,13,sci.med,13,sci.med,13,"From: ab961@Freenet.carleton.ca (Robert Allison) Subject: Re: Frequent nosebleeds Reply-To: ab961@Freenet.carleton.ca (Robert Allison) Organization: The National Capital Freenet Lines: 37 In a previous article, mcovingt@aisun3.ai.uga.edu (Michael Covington) says: >In article <9304191126.AA21125@seastar.seashell> bebmza@sru001.chvpkh.chevron.com (Be"
1305,zero_shot_full_context,18,talk.politics.misc,16,talk.politics.guns,16,"From: pochanay@cae.wisc.edu (Adisak Pochanayon) Subject: Re: Clayton is an asshole (but we all already know that) Organization: College of Engineering, Univ. of Wisconsin--Madison Lines: 34 In article <rogerdC5x5DF.JHz@netcom.com> rogerd@netcom.com (Roger D.) writes: >Adisak Pochanayon (pochanay@cae.wisc.edu) wrote: >: >>In article <15501@optilink."
1306,zero_shot_full_context,9,rec.sport.baseball,9,rec.sport.baseball,9,"From: yousten@atlantis.CSOS.ORST.EDU (Ken Yousten) Subject: Pecota (Braves) Article-I.D.: leela.1r2jj9$jus Distribution: na Organization: CS Dept. Oregon State University, Corvallis, Oregon. Lines: 9 NNTP-Posting-Host: atlantis.csos.orst.edu Could someone out there send me Pecota's stats for the last few years, or something to give me some sort of "
1307,zero_shot_full_context,1,comp.graphics,14,sci.space,14,"From: matt-dah@dsv.su.se (Mattias Dahlberg) Subject: Re: REAL-3D Organization: Dept. of Computer and Systems Sciences, Stockholm University Lines: 17 X-Newsreader: TIN [version 1.1 PL8] Rauno Haapaniemi (raunoh@otol.fi) wrote: > Earlier today I read an ad for REAL-3D animation & ray-tracing software > and it looked very convincing to me. Yes, it lo"
1308,zero_shot_full_context,14,sci.space,14,sci.space,14,"From: clarke@acme.ucf.edu (Thomas Clarke) Subject: Re: Vandalizing the sky. Organization: University of Central Florida Lines: 19 Come on, this is sci.space. An orbital billboard won't do any permanent damage; in a few years it will reenter and probably hit Los Angles anyway :-) The boost to space commerce orbital advertising might provide might sp"
1309,zero_shot_full_context,11,sci.crypt,12,sci.electronics,12,"From: ad@cat.de (Axel Dunkel) Subject: Summary: How sensible is DES towards bit-errors? Organization: C.A.T. Kommunikations-System Lines: 150 Hi, I'd like to thank you all for the fast responses. Special thanks go to those who replied (lexical order): Marcus J Ranum <mjr@TIS.COM> Paul Crowley <pdc@dcs.ed.ac.uk> pausch@saaf.se (Paul Schlyter) tarnol"
1310,zero_shot_full_context,12,sci.electronics,17,talk.politics.mideast,17,"From: msunde01@mik.uky.edu (Mark Underwood) Subject: Re: Power, signal surges in home... Article-I.D.: ms.C5wn05.E4o Reply-To: msunde01@mik.uky.edu Organization: University Of Kentucky, Dept. of Math Sciences Lines: 27 Nntp-Posting-Host: nx34.mik.uky.edu In article <1993Apr21.025500.8804@porthos.cc.bellcore.com> patter@dasher.cc.bellcore.com (patte"
1311,zero_shot_full_context,16,talk.politics.guns,16,talk.politics.guns,16,"From: auerbach@batman.bmd.trw.com Subject: Re: ATF BURNS DIVIDIAN RANCH! NO SURVIVORS!!! Lines: 37 In article <scottj-230493091606@iamac-1.dml.georgetown.edu>, scottj@magic.dml.georgetown.edu (John L. Scott) writes: > In article <dusek.735489223@shale>, dusek@rtsg.mot.com (James P. Dusek) > wrote: >> If the FBI started the fire, why didn`t people f"
1312,zero_shot_full_context,9,rec.sport.baseball,18,talk.politics.misc,18,From: rdetweil@boi.hp.com (Richard Detweiler) Subject: How to start Cardinals Mailing list? Distribution: usa Organization: Hewlett Packard - Boise Printer Division Keywords: cardinal mail Lines: 21 O.K. It would be a shame for Cards fans on the net to go through the 1993 championship season without a mailing list to talk on so I would be willing t
1313,zero_shot_full_context,4,comp.sys.mac.hardware,14,sci.space,14,"From: oueichek@imag.fr (Ibaa Oueichek) Subject: Help identifying this card Nntp-Posting-Host: gram2 Organization: IMAG Institute, University of Grenoble, France X-Newsreader: Tin 1.1 PL5 Lines: 23 I have an Ethernet card that i took out off an old LC. The card is manufactured by Asante. On it i can read: ""Asante Tech, inc. Copyright 1991. MACCON + "
1314,zero_shot_full_context,9,rec.sport.baseball,9,rec.sport.baseball,9,"From: luriem@alleg.edu(Michael Lurie) The Liberalizer Subject: Re: Winfield's spot on THE ALL TIME GREATS TEAM Organization: Allegheny College Lines: 7 In article <C5wEwD.Kto@murdoch.acc.Virginia.EDU> drw3l@delmarva.evsc.Virginia.EDU (David Robert Walker) writes: Thanks for the numbers, they portray a true image in many ways, I accept them...the fi"
1315,zero_shot_full_context,10,rec.sport.hockey,9,rec.sport.baseball,9,"From: stamber@rainbow.ecn.purdue.edu (Kevin L. Stamber) Subject: Re: Pens Broadcasters Organization: Purdue University Engineering Computer Network Lines: 25 In article <Mfqk2O200awN0sskQm@andrew.cmu.edu>, Nathan Robert Peters <np22+@andrew.cmu.edu> writes: > Rumor has it here in Pittsburgh that there is going to be a Penguins > broadcasting change"
1316,zero_shot_full_context,10,rec.sport.hockey,9,rec.sport.baseball,9,"Subject: More Hart trophy stuff.... From: caldwell8102@mtroyal.ab.ca Organization: Mount Royal College, Calgary, Alberta Lines: 22 In article <1r4bkvINN5nm@abyss.West.Sun.COM>, dvb@ick (David Van Beveren) writes: > > When you think of the NHL, who comes to mind? Gilmour? Gretzky? Mario? > .. ah... did I mention Mario? If you said Gretzky, you haven"
1317,zero_shot_full_context,5,comp.windows.x,14,sci.space,14,"From: ccdw@kudu.ru.ac.za (Dave Wilson) Subject: Open Look - where? Organization: Rhodes University, Grahamstown, South Africa Lines: 9 Where can I obtain a copy of the Open Look widgets? Is it obtainable on the net somewhere, or do I need to order a copy (if so, how)? Thanks for any help. Please email. -- Dave Wilson Computing Centre, Rhodes Univer"
1318,zero_shot_full_context,7,rec.autos,7,rec.autos,7,"From: rjwade@rainbow.ecn.purdue.edu (Robert J. Wade) Subject: Re: The 1994 Mustang Organization: Purdue University Engineering Computer Network Lines: 13 > >And bythe way 5.0 and Camaro both have drums on the rear breaks ... >Hello , this is the 90 's ? > >Vlasis Theodore good point. you would think by now that most car companies would just make 4 "
1319,zero_shot_full_context,6,misc.forsale,2,comp.os.ms-windows.misc,2,"From: bourman@hpcc01.corp.hp.com (Bob Bourman) Subject: Microcom MicroPorte Pocket modem For Sale Organization: the HP Corporate notes server Lines: 26 / hpcc01:comp.dcom.modems / bourman@hpcc01.corp.hp.com (Bob Bourman) / 8:59 am Apr 27, 1993 / / hpcc01:comp.dcom.modems / bourman@hpcc01.corp.hp.com (Bob Bourman) / 8:51 am Apr 27, 1993 / For Sale 1"
1320,zero_shot_full_context,2,comp.os.ms-windows.misc,3,comp.sys.ibm.pc.hardware,3,"From: z_shererrg@ccsvax.sfasu.edu Subject: head-to-head win and os/2 Organization: Stephen F. Austin State University Lines: 15 After hearing endless debate (READ: name-calling) over which os is better, dos and windows or OS/2 and finally having enought resourses to play with a couple of different operating systems, I have decided to put the two pr"
1321,zero_shot_full_context,7,rec.autos,7,rec.autos,7,"From: newman@cps.msu.edu (Timothy S Newman) Subject: Ford Probe, Import Car of the Year Organization: Department of Computer Science, Michigan State University Lines: 13 Distribution: usa NNTP-Posting-Host: howell.cps.msu.edu Originator: newman@howell.cps.msu.edu Okay, okay, I know the Ford Probe is made in the US, in fact it's made in Michigan, at"
1322,zero_shot_full_context,19,talk.religion.misc,15,soc.religion.christian,15,"From: bevan@cs.man.ac.uk (Stephen J Bevan) Subject: Re: Is it good that Jesus died? <1993Apr21.001102.9999@organpipe.uug.arizona.edu> <bskendigC5tHup.GD4@netcom.com> <1993Apr22.213142.6964@organpipe.uug.arizona.edu> Organization: Department of Computer Science, University of Manchester Lines: 7 In-reply-to: brian@lpl.arizona.edu's message of 22 Apr"
1323,zero_shot_full_context,16,talk.politics.guns,16,talk.politics.guns,16,"From: jmd@cube.handheld.com (Jim De Arras) Subject: Re: CLINTON JOINS LIST OF GENOCIDAL SOCIALIST LEADERS Organization: Hand Held Products, Inc. Lines: 102 Distribution: world NNTP-Posting-Host: dale.handheld.com In article <1993Apr26.172903.12436@starbase.trincoll.edu> () writes: > In article <C5yCou.M5B@cbnewse.cb.att.com>, random@cbnewse.cb.att."
1324,zero_shot_full_context,11,sci.crypt,11,sci.crypt,11,"From: bchen@wpi.WPI.EDU (Bi Chen) Subject: Help: Where is FAQ for sci.crypt and other questions Organization: Worcester Polytechnic Institute, Worcester, MA 01609-2280 Lines: 14 Distribution: world NNTP-Posting-Host: wpi.wpi.edu Dear netters: I have been scanning this news group for a while but has not found a FAQ. Could someone enlight me where to"
1325,zero_shot_full_context,14,sci.space,14,sci.space,14,"From: prb@access.digex.net (Pat) Subject: Re: Teflon (Re: Long term Human Missions Organization: Express Access Online Communications USA Lines: 18 NNTP-Posting-Host: access.digex.net In article <1rtghr$j9v@techbook.techbook.com> dant@techbook.techbook.com (Dan Tilque) writes: > |The material was useful for seals, but it had a major problem for, sa"
1326,zero_shot_full_context,14,sci.space,4,comp.sys.mac.hardware,4,"From: keithley@apple.com (Craig Keithley) Subject: Aurora GIF request Organization: Not if I can help it Lines: 15 Has someone scanned in an artist's rendering of Aurora? If so, is the GIF available somewhere? Please reply via email. Thanks, Craig +------------------------+-----------------------------------------------+ |Craig Keithley |""If looks "
1327,zero_shot_full_context,16,talk.politics.guns,16,talk.politics.guns,16,"From: kam@cv.hp.com (Keith Marchington) Subject: Re: Your Evil Tax Dollars at Work, was RE: ATF BURNS RANCH ETC ETC... Nntp-Posting-Host: hpcvxkm5.cv.hp.com Organization: Hewlett-Packard Company, Corvallis, Oregon USA X-Newsreader: TIN [version 1.1 PL8.8] Lines: 91 Mark 'Mark' Sachs (MBS110@psuvm.psu.edu) wrote: : Oh? Then why did the smoke and fla"
1328,zero_shot_full_context,9,rec.sport.baseball,9,rec.sport.baseball,9,"From: sam@steamer.clam.com (Sam Mandelbaum) Subject: Yankee Thoughts Organization: CLaM Associates, Cambridge, MA 02141 Lines: 76 Yes - Everyone seems to be in agreement that the Yankees are finally moving in the right direction. They should finish over .500 this year and maybe even be in the pennent race in August. However, I would take back a few"
1329,zero_shot_full_context,12,sci.electronics,14,sci.space,14,"From: me170pjd@emba-news.uvm.edu.UUCP (Peter J Demko) Subject: Re: PC parallel I (!= I/O) Originator: me170pjd@freehold.emba.uvm.edu Organization: University of Vermont -- Division of EMBA Computer Facility Lines: 50 From article <qekN3B4w165w@sys6626.bison.mb.ca>, by baden@sys6626.bison.mb.ca (baden de bari): > erickson@azure.nmt.edu (Alan Erickso"
1330,zero_shot_full_context,10,rec.sport.hockey,9,rec.sport.baseball,9,"From: ragraca@vela.acs.oakland.edu (Randy A. Graca) Subject: Re: Don Cherry-New Pens Annoucer? Organization: Oakland University, Rochester, Michigan, U.S.A. Lines: 34 NNTP-Posting-Host: vela.acs.oakland.edu lli+@cs.cmu.edu (Lori Iannamico) writes: >In an article published in this morning's Pittsburgh Post Gazette, >KBL (the Pgh. cable sports channe"
1331,zero_shot_full_context,1,comp.graphics,14,sci.space,14,"From: donc@cognos.com (Don Campbell) Subject: AVI to FLC converter Organization: Cognos Incorporated, Ottawa CANADA Lines: 18 I am looking for a small utility that will convert a Microsoft Video (AVI) file to an Autodesk Animator Pro (FLC) file. Since AVIs also contain sound, it would be nice if this utility also stored the sound track as a WAV or "
1332,zero_shot_full_context,15,soc.religion.christian,15,soc.religion.christian,15,From: noye@midway.uchicago.edu (vera shanti noyes) Subject: Re: Why do people become atheists? Reply-To: noye@midway.uchicago.edu Organization: University of Chicago Lines: 88 In article <May.11.02.37.42.1993.28189@athos.rutgers.edu> muirm@argon.gas.organpipe.uug.arizona.edu (maxwell c muir) writes: [a lot of stuff deleted -- i'm focusing on just o
1333,zero_shot_full_context,5,comp.windows.x,14,sci.space,14,From: me@dude.pcs.com (Michael Elbel) Subject: Re: Blinking Cursor in Xterm??? Organization: PCS Computer Systeme GmbH Lines: 28 In <1993May16.213936.6904@wariat.org> allbery@wariat.org (allbery) writes: >As quoted from <1993May13.212321.2563@moepi.do.open.de> by bernward@moepi.do.open.de (Bernward Averwald): >+--------------- >> Back in the days o
1334,zero_shot_full_context,11,sci.crypt,13,sci.med,13,"From: warlord@MIT.EDU (Derek Atkins) Subject: Re: Clipper and conference calls Organization: Massachusetts Institute of Technology Lines: 28 NNTP-Posting-Host: podge.mit.edu In-reply-to: smb@research.att.com's message of Sun, 25 Apr 1993 11:48:20 GMT In article <1993Apr25.114820.14022@ulysses.att.com> smb@research.att.com (Steven Bellovin) writes: "
1335,zero_shot_full_context,11,sci.crypt,16,talk.politics.guns,16,"From: jhan@debra.dgbt.doc.ca (Jerry Han) Subject: Re: Overreacting (was Re: Once tapped, your code is no good any more) Nntp-Posting-Host: debra.dgbt.doc.ca Organization: Communications Research Centre, Ottawa Distribution: na Lines: 59 In article <116530@bu.edu> uni@acs.bu.edu (Shaen Bernhardt) writes: > >The point remains. More and more I see the"
1336,zero_shot_full_context,8,rec.motorcycles,9,rec.sport.baseball,9,"From: neal@cmptrc.lonestar.org (Neal Howard) Subject: Re: Dogs vs. Bikes Organization: CompuTrac Inc., Richardson TX Lines: 28 My first encounter with a dog chasing after my bike was on my first poker run. A big german shepard ran out into the pack of bikes I was riding with and tried to bite the right leg of the guy riding in front of me. He kicke"
1337,zero_shot_full_context,9,rec.sport.baseball,14,sci.space,14,From: dtate+@pitt.edu (David M. Tate) Subject: Re: Winfield's spot on THE ALL TIME GREATS TEAM Organization: Department of Industrial Engineering Lines: 50 In article <C5wEwD.Kto@murdoch.acc.Virginia.EDU> drw3l@delmarva.evsc.Virginia.EDU (David Robert Walker) writes: >In article <9729@blue.cis.pitt.edu> dtate+@pitt.edu (David M. Tate) writes: >>Win
1338,zero_shot_full_context,10,rec.sport.hockey,9,rec.sport.baseball,9,"From: co398@cleveland.Freenet.Edu (Theodore G. Benjamin) Subject: Re: Radio stations Organization: Case Western Reserve University, Cleveland, Ohio (USA) Lines: 23 NNTP-Posting-Host: hela.ins.cwru.edu In messge 51890 on Mon Apr 19 15:46:40 1993, greanias@texas.mitre.org (Steve Greanias) wrote: > I do not have cable and on the nights the Caps don't "
1339,zero_shot_full_context,13,sci.med,18,talk.politics.misc,18,"From: mcovingt@aisun3.ai.uga.edu (Michael Covington) Subject: Re: Urine analysis Nntp-Posting-Host: aisun3.ai.uga.edu Organization: AI Programs, University of Georgia, Athens Lines: 16 In article <1rm2bn$kps@transfer.stratus.com> Randy_Faneuf@vos.stratus.com writes: > > Someone please help me. I am searching to find out (as many others may) >an abs"
1340,zero_shot_full_context,17,talk.politics.mideast,15,soc.religion.christian,15,"From: aap@wam.umd.edu (Alberto Adolfo Pinkas) Subject: Re: Zionist leaders' frank statements Organization: University of Maryland, College Park Lines: 27 NNTP-Posting-Host: rac3.wam.umd.edu In article <1t5bph$dtr@usenet.INS.CWRU.Edu> aa824@cleveland.Freenet.Edu (Mark Ira Kaufman) writes: > > And, if you are Jewish, you are a self-hating Jew. There "
1341,zero_shot_full_context,14,sci.space,12,sci.electronics,12,"From: 18084TM@msu.edu (Tom) Subject: McElwaine's secret messages X-Added: Forwarded by Space Digest Organization: [via International Space University] Original-Sender: isu@VACATION.VENARI.CS.CMU.EDU Distribution: sci Lines: 32 Robert MacElwaine sez (again!); > LARSONIAN Astronomy and Physics > etc. OK, I got it. Actually, these message of MacElwain"
1342,zero_shot_full_context,8,rec.motorcycles,17,talk.politics.mideast,17,"From: davet@interceptor.cds.tek.com (Dave Tharp CDS) Subject: Re: Looking for MOVIES w/ BIKES Organization: Tektronix - Colorado Data Systems, Englewood, CO Lines: 15 ""Silver Dream Racer"" -- Frustrated Brit club racer's buddy dies, leaving him a built-in-garage ""revolutionary, experimental"" 500 GP bike. Brit club racer uses machine to beat Bad Amer"
1343,zero_shot_full_context,16,talk.politics.guns,16,talk.politics.guns,16,"From: f_gautjw@ccsvax.sfasu.edu Subject: Re: Reno, fascist dog Organization: Stephen F. Austin State University Lines: 35 In article <1993Apr23.010640.4583@news.columbia.edu>, pgf5@cunixb.cc.columbia.edu (Peter Garfiel Freeman) writes: > Janet Reno should be lauded for her decision to attack the > compound of the Davidians. I mean, the last thing w"
1344,zero_shot_full_context,8,rec.motorcycles,8,rec.motorcycles,8,"From: rogerc@midsun.uk.sun.com (Roger Collier) Subject: Re: Paint jobs in the UK Organization: Sun Microsystems Lines: 25 Distribution: world Reply-To: rogerc@midsun.uk.sun.com NNTP-Posting-Host: imidsun.uk.sun.com In article 735397301@zen.sys.uea.ac.uk, mjs@sys.uea.ac.uk (Mike Sixsmith) writes: >lisa@alex.com (Lisa Rowlands) writes: > >>Can anyone"
1345,zero_shot_full_context,7,rec.autos,7,rec.autos,7,"From: jkjec@westminster.ac.uk (Shazad Barlas) Subject: Re: Alarm systems: are they worthwhile? Organization: University of Westminster Distribution: usa Lines: 8 Talking about car alarms, there are certain cars in this country that are only insurable if they are fitted with a Vecta alarm. We're talking Coswoths and Porsches and stuff. Just before t"
1346,zero_shot_full_context,7,rec.autos,8,rec.motorcycles,8,"From: ak954@yfn.ysu.edu (Albion H. Bowers) Subject: Re: V4 V6 V8 V12 Vx?s? Organization: St. Elizabeth Hospital, Youngstown, OH Lines: 46 Reply-To: ak954@yfn.ysu.edu (Albion H. Bowers) NNTP-Posting-Host: yfn.ysu.edu In a previous article, smith@ctron.com (Lawrence C Smith) says: >In article <C5v6MD.Kyp@usenet.ucs.indiana.edu>, mliggett@silver.ucs.i"
1347,zero_shot_full_context,4,comp.sys.mac.hardware,4,comp.sys.mac.hardware,4,"From: ad358@Freenet.carleton.ca (Liam Morland) Subject: Re: Sound Recording for Mac Portable? Reply-To: ad358@Freenet.carleton.ca (Liam Morland) Organization: The National Capital Freenet Lines: 21 In a previous article, aa341@Freenet.carleton.ca (David A. Hughes) says: > >Does anyone know what hardware is required and where I could find it for >so"
1348,zero_shot_full_context,2,comp.os.ms-windows.misc,2,comp.os.ms-windows.misc,2,"From: jenk@microsoft.com (Jen Kilmer) Subject: Re: Challenge to Microsoft supporters. Organization: Microsoft Corporation Distribution: usa Lines: 68 In article <sundaram.737186206@msuinfo> sundaram@egr.msu.edu (Divya Sundaram) writes: >jenk@microsoft.com (Jen Kilmer) writes: > >[much BS deleted for brevity] > >>Again, my point was that not all mic"
1349,zero_shot_full_context,0,alt.atheism,15,soc.religion.christian,15,"From: arromdee@jyusenkyou.cs.jhu.edu (Ken Arromdee) Subject: Re: Alt.Atheism FAQ: Constructing a Logical Argument Organization: Johns Hopkins University CS Dept. Lines: 27 Here's a suggestion for the logical argument FAQ. I don't think it's covered, though the fallacy probably has a better name than the one I used: How about it, mathew? INCONSISTEN"
1350,zero_shot_full_context,16,talk.politics.guns,16,talk.politics.guns,16,"From: kam@cv.hp.com (Keith Marchington) Subject: Re: BD's did themselves--you're all paranoid freaks Nntp-Posting-Host: hpcvxkm5.cv.hp.com Organization: Hewlett-Packard Company, Corvallis, Oregon USA X-Newsreader: TIN [version 1.1 PL8.8] Lines: 43 wrote: : In article <1r6p8oINN8hi@clem.handheld.com>, jmd@cube.handheld.com (Jim De : Arras) wrote: : "
1351,zero_shot_full_context,4,comp.sys.mac.hardware,4,comp.sys.mac.hardware,4,"From: steffo@kibosh.informatik.uni-dortmund.de (Steffo Weber) Subject: Accelerator for LC II (Info needed) Organization: CS Department, Dortmund University, Germany Lines: 8 Distribution: world NNTP-Posting-Host: kibosh.informatik.uni-dortmund.de Hi folks, subject line says it all: which accelerators can you recommend for a Mac LC II? Sorry, if thi"
1352,zero_shot_full_context,3,comp.sys.ibm.pc.hardware,2,comp.os.ms-windows.misc,2,"From: jenkinch@ucs.orst.edu (Charley Jenkins) Subject: ISA can't use over 16 megs ram???? Keywords: ISA Article-I.D.: gaia.1r97p9$sh0 Distribution: world Organization: University Computing Services - OSU Lines: 8 NNTP-Posting-Host: ucs.orst.edu O.K, I am not a computer literate, but what can/cannot be done with the RAM over 16 megs in an ISA machin"
1353,zero_shot_full_context,1,comp.graphics,4,comp.sys.mac.hardware,4,"From: rtaraz@bigwpi.WPI.EDU (Ramin Taraz) Subject: Need gif/iff file format Organization: Worcester Polytechnic Institute Lines: 8 Distribution: world NNTP-Posting-Host: bigwpi.wpi.edu Could somebody please _email_ me some info on either what gif or iff file formats are, or where I can get such info? thanx rtaraz@wpi.wpi.edu"
1354,zero_shot_full_context,10,rec.sport.hockey,10,rec.sport.hockey,10,From: jwodzia@fadel.uucp (john wodziak) Subject: Re: Ranger Fans????? Reply-To: jwodzia@fadel.UUCP (john wodziak) Organization: Clemson University Engineering Department Lines: 63 kkeller@mail.sas.upenn.edu (Keith Keller) writes: >kwolfer@eagle.wesleyan.edu writes: >>Reading through most of these hockey news I don't see many Ranger fans writing. > 
1355,zero_shot_full_context,17,talk.politics.mideast,18,talk.politics.misc,18,"From: Anwar.Mohammed@cs.cmu.edu Subject: Re: Saudi clergy condemns debut of human rights group! Organization: Carnegie Mellon, Pittsburgh, PA Lines: 514 <1993May16.170102.9690@cs.wisc.edu> NNTP-Posting-Host: po2.andrew.cmu.edu In-Reply-To: <1993May16.170102.9690@cs.wisc.edu> Excerpts from netnews.talk.politics.mideast: 16-May-93 Re: Saudi clergy co"
1356,zero_shot_full_context,14,sci.space,14,sci.space,14,"From: rousself@cicb.fr ( Frank ROUSSEL ) Subject: *** FTP images ASTRO server *** Keywords: ftp, astronomy, images, gif Organization: CICB, Universite' de Rennes I, FR Lines: 23 I commend everybody to look at the FTP site 'ftp.cicb.fr' -> Ethernet address 129.20.128.2 <- in the directory /pub/Images/ASTRO: there are lots of images (all of kinds in "
1357,zero_shot_full_context,13,sci.med,13,sci.med,13,From: badboy@netcom.com (Jay Keller) Subject: Sinus Surgery / Septoplasty Organization: Netcom - Online Communication Services (408 241-9760 guest) Lines: 31 My ENT doctor recommended surgery to fix my sinuses. I have a very deviated nasal septum (probably the result at least partially from several fractures). One side has approximately 10-15% of n
1358,zero_shot_full_context,5,comp.windows.x,5,comp.windows.x,5,"From: moose@orb.utc.com (Bruce Trvalik) Subject: GUI tools Reply-To: moose@orb.utc.com Organization: Sun Microsystems, Inc. Lines: 23 We are making a transition from NextStep to X-windows. I am trying to find the best GUI tool for our needs. I have looked at several tools but they all seem basically the same (each salesman will beg to differ). I re"
1359,zero_shot_full_context,0,alt.atheism,16,talk.politics.guns,16,"From: perry@dsinc.com (Jim Perry) Subject: Re: Where are they now? Organization: Decision Support Inc. Lines: 26 NNTP-Posting-Host: bozo.dsinc.com Perhaps it's prophetic that the week ""Where are they now?"" appears and I can claim to be a still-active old-timer, my news software gets bit rot and ships outgoing articles into a deep hole somewhere... "
1360,zero_shot_full_context,12,sci.electronics,14,sci.space,14,From: cstrockb@cs.sunysb.edu (Caleb Strockbine) Subject: Re: Long distance IR detection Organization: SUNY at Stony Brook Computer Science Dept. Lines: 17 Distribution: na NNTP-Posting-Host: csws8.ic.sunysb.edu In-reply-to: jvannes@vms.macc.wisc.edu's message of 22 APR 93 00:56:17 In article <1993Apr22.060607.12380@macc.wisc.edu> jvannes@vms.macc.w
1361,zero_shot_full_context,8,rec.motorcycles,7,rec.autos,7,"From: ranck@joesbar.cc.vt.edu (Wm. L. Ranck) Subject: Re: BMW heated grips Organization: Virginia Tech, Blacksburg, Virginia Lines: 24 NNTP-Posting-Host: joesbar.cc.vt.edu X-Newsreader: TIN [version 1.1 PL9] Mark Bergman (bergman@panix.com) wrote: : To those of you who have the BMW heated handgrips: : What are they like during the summer? Yes, you "
1362,zero_shot_full_context,14,sci.space,17,talk.politics.mideast,17,"From: henry@zoo.toronto.edu (Henry Spencer) Subject: Re: Vandenberg launches? Organization: U of Toronto Zoology Lines: 10 In article <1993May15.210927.23846@mri.com> paulc@mri.com (Paul Carroll) writes: >I know about the phone numbers, etc. to get Kennedy/Canaveral >launch information, but is there any equivalent way of finding out >about launches"
1363,zero_shot_full_context,18,talk.politics.misc,18,talk.politics.misc,18,"From: matt@galaxy.nsc.com (Matt Freivald x8043) Subject: Re: Good Neighbor Political Hypocrisy Test Keywords: An In-Depth Look at Fractal Federalism Nntp-Posting-Host: snow.nsc.com Organization: Thought Police Watchdog Agency, U.S.A. Lines: 284 In article <1qumqkINNq1i@senator-bedfellow.MIT.EDU> wdstarr@athena.mit.edu (William December Starr) write"
1364,zero_shot_full_context,2,comp.os.ms-windows.misc,5,comp.windows.x,5,"From: ccastco@prism.gatech.EDU (Costas Malamas) Subject: Opinions wanted: Fastest Win Driver for T8900C... Organization: Georgia Institute of Technology Lines: 24 Yesterday, a friend of mine got a new driver for his card that more than doubled the speed... Naturally, besides being a tad jealous (same machine -- different cards), it got me thinking."
1365,zero_shot_full_context,0,alt.atheism,15,soc.religion.christian,15,"From: Alan.Olsen@p17.f40.n105.z1.fidonet.org (Alan Olsen) Subject: some thoughts on Christian books... Lines: 32 DN> I think I took on this 'liar, lunatic, or the real thing' DN> the last time. Or was it the time before? Anyway, let DN> somebody else have a turn. I can't debate it with a DN> straight face. Or perhaps for something completely DN> di"
1366,zero_shot_full_context,19,talk.religion.misc,16,talk.politics.guns,16,"From: tom@tredysvr.Tredydev.Unisys.COM (Tom Albrecht) Subject: Re: Who's next? Mormons and Jews? Organization: Unisys, Applied Technology, Malvern, PA Lines: 11 In article <1993Apr20.220340.2585@ra.royalroads.ca> mlee@post.RoyalRoads.ca (Malcolm Lee) writes: > >armed to the teeth. A Christian should not have to rely on physical weapons >to defend h"
1367,zero_shot_full_context,6,misc.forsale,6,misc.forsale,6,"From: Rupin.Dang@dartmouth.edu (Rupin Dang) Subject: S-VHS broadcast tapes forsale Organization: Dartmouth College, Hanover, NH Lines: 5 I have a fresh stock of S-VHS broadcast master tapes, in album covers, forsale. All unopened and still in plastic. I will sell the lot for $50 (they are worth around $75 at Discount Video Warehouse). (Fuji Broadca"
1368,zero_shot_full_context,19,talk.religion.misc,15,soc.religion.christian,15,"From: pharvey@quack.kfu.com (Paul Harvey) Subject: Re: Is it good that Jesus died? Organization: The Duck Pond public unix: +1 408 249 9630, log in as 'guest'. <1993Apr21.001102.9999@organpipe.uug.arizona.edu> <bskendigC5tHup.GD4@netcom.com> <1993Apr22.213142.6964@organpipe.uug.arizona.edu> Lines: 19 In article <1993Apr22.213142.6964@organpipe.uug."
1369,zero_shot_full_context,14,sci.space,15,soc.religion.christian,15,"From: bobo@thejester.cray.com (Bob Kierski) Subject: Re: Philosophy Quest. How Boldly? Originator: bobo@thejester.cray.com Lines: 47 Nntp-Posting-Host: thejester Organization: Cray Research, Inc. In article <C6Assy.Ao9@fs7.ece.cmu.edu>, loss@fs7.ECE.CMU.EDU (Doug Loss) writes: > Analog SF magazine did an article on a similar subject quite a few > y"
1370,zero_shot_full_context,9,rec.sport.baseball,17,talk.politics.mideast,17,From: arc@cs.brown.edu (Anthony Cassandra) Subject: Skydome Tix Organization: Brown University Department of Computer Science Lines: 14 I plan on being in the Toronto area sometime this summer (late June or early July) and would like to attend a Blue Jay game. I would appreciate if anyone could give me information on how to obtain tickets for Blue 
1371,zero_shot_full_context,15,soc.religion.christian,15,soc.religion.christian,15,From: dan@ingres.com (a Rose arose) Subject: Re: Legal definition of religion Organization: Representing my own views here only Lines: 26 e_p@unl.edu (edgar pearlstein) writes: : : . : It's my understanding that the U.S. Supreme Court has never : given a legal definition of religion. This despite the many : cases involving religion that have come b
1372,zero_shot_full_context,7,rec.autos,7,rec.autos,7,"From: truesdal@david.wheaton.edu (Phil Truesdale) Subject: MGB questions Summary: Need pre-purchase help Organization: Wheaton College, IL Distribution: na Lines: 35 My son is considering the purchase of a 71 MGB, which has been substantially restored. The odometer has rolled over, but we can't be sure of the actual mileage. The engine and drive tr"
1373,zero_shot_full_context,1,comp.graphics,12,sci.electronics,12,"From: wilmshurst@reg.triumf.ca (WILMSHURST, PETER) Subject: Re: morphing Organization: TRIUMF: Tri-University Meson Facility Lines: 14 Distribution: world NNTP-Posting-Host: reg.triumf.ca News-Software: VAX/VMS VNEWS 1.41 In article <13742@news.duke.edu>, seth@north6.acpub.duke.edu (Seth Wandersman) writes... > >Keywords: > >I am looking for some m"
1374,zero_shot_full_context,9,rec.sport.baseball,9,rec.sport.baseball,9,"From: franjion@spot.Colorado.EDU (John Franjione) Subject: Re: Game Length (was Re: Braves Update!! Nntp-Posting-Host: spot.colorado.edu Organization: University of Colorado, Boulder Lines: 17 In article <20APR93.15151474@vax.clarku.edu> hhenderson@vax.clarku.edu writes: >I agree with Nick. What's the big deal about long games? If you want >to watc"
1375,zero_shot_full_context,4,comp.sys.mac.hardware,4,comp.sys.mac.hardware,4,"From: h01sav.dsyibm.desy.de (Michael M. Savitski) Subject: cd300 question Organization: DESY Lines: 19 Hi, there! I have a MAC LC and consider buying CD300. I've been told, however, that: 1. The double speed of CD300 is achievable only on machines with SCSI-2. 2. The double speed is a prerequisite for PhotoCD multisession capability, which I need. "
1376,zero_shot_full_context,6,misc.forsale,6,misc.forsale,6,"From: jpau@oracle.com Subject: >> Speakers forsale << Distribution: usa Organization: Oracle Corp., Redwood Shores CA Lines: 37 Nntp-Posting-Host: dvlseq.us.oracle.com X-Disclaimer: This message was written by an unauthenticated user at Oracle Corporation. The opinions expressed are those of the user and not necessarily those of Oracle. Home speake"
1377,zero_shot_full_context,7,rec.autos,7,rec.autos,7,"From: andrew@frip.WV.TEK.COM (Andrew Klossner) Subject: Re: Mercury Villager Minivan -- good buy? Reply-To: andrew@frip.wv.tek.com Organization: Tektronix Color Printers, Wilsonville, Oregon Lines: 17 ""The Villager-Quest seem like the best of the Cravan/Voyager copies to come along since the Mazda MPV."" I'll agree about villager but not MPV -- it's"
1378,zero_shot_full_context,18,talk.politics.misc,16,talk.politics.guns,16,From: V2110A@VM.TEMPLE.EDU (Richard Hoenes) Subject: Re: Janet Reno killed the Waco children Organization: Temple University Lines: 34 Nntp-Posting-Host: vm.temple.edu X-Newsreader: NNR/VM S_1.3.2 In article <1993Apr20.153450.27407@ncsu.edu> dsh@eceyv.ncsu.edu (Doug Holtsinger) writes: >Janet Reno killed the Waco children. She is responsible for >t
1379,zero_shot_full_context,16,talk.politics.guns,16,talk.politics.guns,16,"From: kennejs@a.cs.okstate.edu (KENNEDY JAMES SCOT) Subject: Re: Who's next? Mormons and Jews? Organization: Oklahoma State University Lines: 72 From article <1r0mhtINNa59@cronkite.Central.Sun.COM>, by dbernard@clesun.Central.Sun.COM (Dave Bernard): >>Does that include the right to murder little children? How about killing >>ATF officers? I do not "
1380,zero_shot_full_context,7,rec.autos,7,rec.autos,7,"From: petebre@elof.iit.edu (Brent A. Peterson) Subject: Re: The 1994 Mustang Organization: Illinois Institute of Technology, Chicago Lines: 35 In article <C5xtp7.MtB@murdoch.acc.Virginia.EDU> jmh@hopper.Virginia.EDU (Jeffrey Hoffmeister) writes: >In article <1993Apr22.192652.3032@virginia.edu> jmm4h@Virginia.EDU (""The Blade Runner"") writes: >>I jus"
1381,zero_shot_full_context,4,comp.sys.mac.hardware,4,comp.sys.mac.hardware,4,"From: knaka@diamond.riec.tohoku.AC.JP (Kensuke Nakashima) Subject: Info wanted: Upgrading SE/30 power supply Nntp-Posting-Host: diamond Distribution: comp.sys.mac.hardware, comp.sys.mac.wanted Organization: Research Institute for Electrical Communication,Tohoku uniersity Lines: 12 Hello Netter, I want to uprade the power supply of my SE/30 in which"
1382,zero_shot_full_context,10,rec.sport.hockey,17,talk.politics.mideast,17,"From: huot@cray.com (Tom Huot) Subject: Re: Pens fans reactions Lines: 26 Nntp-Posting-Host: pittpa.cray.com Organization: Cray Research Inc. X-Newsreader: TIN [version 1.1 PL8] Richard J Coyle (gomer+@pitt.edu) wrote: : That's not inner calm. It's boredom, and it's being spoiled. The Arena's : been as quiet as a church on many nights this year; to"
1383,zero_shot_full_context,8,rec.motorcycles,7,rec.autos,7,Subject: Re: Ignition problem From: manolo@taf.fundesco.es (Manuel.Arrevola) Reply-To: manolo@taf.fundesco.es Organization: TAF Dept. Fundesco. Madrid. Nntp-Posting-Host: taf.fundesco.es X-Newsreader: Tin 1.1 PL4Lines: 17 Lines: 17 snark@bmerh327.BNR.CA (Eric Nelson) writes: : My 83 Nighthawk has two (related?) problems with the ignition system: : 
1384,zero_shot_full_context,16,talk.politics.guns,18,talk.politics.misc,18,"From: cgwillme@pyr.swan.ac.uk (r b willmersdorf) Subject: Once upon a time ... Organization: Swansea University College Lines: 26 american and european universities were full of Angry Young People(tm) that wanted to overthrow the government, and wouldn't think twice about lobbing a molotov cocktail at the national guard (military police in Europe.)"
1385,zero_shot_full_context,6,misc.forsale,2,comp.os.ms-windows.misc,2,"From: rob@phavl.UUCP (Robt Ransbottom) Subject: Unix Books Distribution: na Organization: Noitazinagro Lines: 157 The following books are up for sale. All are in good to excellent condition. Make offers. rob@phavl.uucp ( uunet!phavl!rob ) Robert Ransbottom General Supply & Metals, Inc. voice: 508-999-6257 Index: Miscellany C C++ Unix & Operating Sy"
1386,zero_shot_full_context,1,comp.graphics,1,comp.graphics,1,"From: dconway@hpldsla.sid.hp.com (Dan Conway) Subject: Re: Calculating regular polyhedra vertices Organization: HP Scientific Instruments Division - Palo Alto, CA Lines: 16 I'd be interested in a copy of this code if you run across it. (Mail to the author bounced) > / hpldsla:comp.graphics / ricky@vnet.ibm.com (Rick Turner) / 12:53 am May 13, 1993 "
1387,zero_shot_full_context,4,comp.sys.mac.hardware,4,comp.sys.mac.hardware,4,"From: UC525655@mizzou1.missouri.edu (M.Eaton) Subject: (Q) Way to connect PB 145, IIsi, P LW LS? Nntp-Posting-Host: mizzou1.missouri.edu Organization: University of Missouri Lines: 7 Is there a way to connect a PowerBook 145, Mac IIsi, and Personal LaserWriter LS so that I can (not necessarily silmultaneoulsy) print from either the IIsi, or PB, and"
1388,zero_shot_full_context,19,talk.religion.misc,18,talk.politics.misc,18,"From: hexham@acs.ucalgary.ca (Irving Hexham) Subject: Re: Who's next? Mormons and Jews? Nntp-Posting-Host: acs3.acs.ucalgary.ca Organization: The University of Calgary, Alberta Lines: 22 Would someone be kind enought to document the exact nature of the evidence against the BD's without reference to hearsay or newsreports. I would also like to know "
1389,zero_shot_full_context,9,rec.sport.baseball,9,rec.sport.baseball,9,From: luriem@alleg.edu(Michael Lurie) The Liberalizer Subject: Re: Winfield's spot on THE ALL TIME GREATS TEAM Organization: Allegheny College Lines: 27 In article <9834@blue.cis.pitt.edu> dtate+@pitt.edu (David M. Tate) writes: > In article <C5wEwD.Kto@murdoch.acc.Virginia.EDU> drw3l@delmarva.evsc.Virginia.EDU (David Robert Walker) writes: > >In a
1390,zero_shot_full_context,6,misc.forsale,6,misc.forsale,6,"From: blin@groucho.gsb.columbia.edu (Bernard Lin) Subject: For Sale: 88 Toyota Supra Distribution: usa Organization: Columbia Graduate School of Business, CU Lines: 17 Nntp-Posting-Host: groucho.gsb.columbia.edu 1988 Toyota Supra, Fully loaded automatic. Maroon color with leather interior. Alpine stereo system with CD changer. Alpine car alarm 90,0"
1391,zero_shot_full_context,19,talk.religion.misc,16,talk.politics.guns,16,"From: wdstarr@athena.mit.edu (William December Starr) Subject: Re: A Message for you Mr. President: How do you know what happened? Organization: Northeastern Law, Class of '93 Lines: 40 NNTP-Posting-Host: nw12-326-1.mit.edu In-reply-to: tbrent@bank.ecn.purdue.edu (Timothy J Brent) [Note the ""Followup-To"" redirect(s) to alt.conspiracy,talk.politics."
1392,zero_shot_full_context,0,alt.atheism,16,talk.politics.guns,16,From: kmr4@po.CWRU.edu (Keith M. Ryan) Subject: Re: YOU WILL ALL GO TO HELL!!! Organization: Case Western Reserve University Lines: 16 Distribution: na NNTP-Posting-Host: b64635.student.cwru.edu In article <healta.161.735350336@saturn.wwc.edu> healta@saturn.wwc.edu (Tammy R Healy) writes: >You should wear your nicest boxer shorts and bring plenty o
1393,zero_shot_full_context,8,rec.motorcycles,17,talk.politics.mideast,17,"From: lynn@pacesetter.com (Lynn E. Hall) Subject: Re: story & respect Nntp-Posting-Host: camellia Organization: Siemens Pacesetter, Inc. Lines: 48 >> In article <1993Apr19.223026.10137@Pacesetter.COM> lynn@pacesetter.com (Lynn E. Hall) writes: >>> >> I just got back from the 11th Annual Southern California Harley Dealers >>Association Run to the Co"
1394,zero_shot_full_context,15,soc.religion.christian,15,soc.religion.christian,15,"From: aidler@sol.uvic.ca (E Alan Idler) Subject: Re: The doctrine of Original Sin Organization: University of Victoria Lines: 49 muddmj@wkuvx1.bitnet writes: >> But, haven't ""all sinned, and come short of the glory >> of God"" (Romans 3:23)? >> Those that cite this scripture to claim that even >> babes require baptism neglect that ""sin is not impute"
1395,zero_shot_full_context,19,talk.religion.misc,15,soc.religion.christian,15,"From: nrp@st-andrews.ac.uk (Norman R. Paterson) Subject: Re: After 2000 years, can we say that Christian Morality is Organization: St. Andrews University, Scotland. Lines: 16 In article <1r59na$e81@fido.asd.sgi.com> livesey@solntze.wpd.sgi.com (Jon Livesey) writes: >In article <1993Apr21.141259.12012@st-andrews.ac.uk>, nrp@st-andrews.ac.uk (Norman "
1396,zero_shot_full_context,7,rec.autos,7,rec.autos,7,From: dhepner@cup.hp.com (Dan Hepner) Subject: Re: Dirty Diesels? Distribution: na Nntp-Posting-Host: hpukldh.cup.hp.com Organization: Hewlett-Packard X-Newsreader: TIN [version 1.1 PL8.8] Lines: 31 From: nataraja@rtsg.mot.com (Kumaravel Natarajan) >But they can put out a lot of particulate matter. I heard >something about legislation being discuss
1397,zero_shot_full_context,4,comp.sys.mac.hardware,3,comp.sys.ibm.pc.hardware,3,"From: chungkuo@umcc.umcc.umich.edu (Shawn FitzGerald) Subject: Re: Quadra 900 startup w/out monitor...ya right. Organization: UMCC, Ann Arbor, MI Lines: 27 NNTP-Posting-Host: umcc.umcc.umich.edu In article <1993Apr20.104310.22861@tdb.uu.se> Mats.Bredell@udac.uu.se writes: >Shawn FitzGerald (chungkuo@umcc.umcc.umich.edu) wrote: >: Is there a fix for"
1398,zero_shot_full_context,12,sci.electronics,13,sci.med,13,"From: billn@hpcvaac.cv.hp.com (bill nelson) Subject: Re: Power, signal surges in home... Organization: Hewlett-Packard Company, Corvallis, Oregon USA Lines: 17 galen@picea.CFNR.ColoState.EDU (Galen Watts) writes: : : Why can't he record it legally? It may not be admissable in court, but : recording for personal use is legal. If he wants to play it "
1399,zero_shot_full_context,13,sci.med,13,sci.med,13,From: nyeda@cnsvax.uwec.edu (David Nye) Subject: Re: Sumatripton (spelling?) Organization: University of Wisconsin Eau Claire Lines: 21 [reply to roxannen@cruzio.santa-cruz.ca.u] >I recently heard of some testing of a new migraine drug called >sumatripton (I have no idea of the actual spelling) that supposedly >utilizes a chemical that trips neuro-
1400,zero_shot_full_context,0,alt.atheism,15,soc.religion.christian,15,From: bakerlj@augustana.edu (LLOYD BAKER) Subject: Re: some thoughts. Lines: 67 Nntp-Posting-Host: 143.226.131.186 Organization: Augustana College Lines: 67 In article <735424748.AA00437@therose.pdx.com> Alan.Olsen@p17.f40.n105.z1.fidonet.org (Alan Olsen) writes: >From: Alan.Olsen@p17.f40.n105.z1.fidonet.org (Alan Olsen) >Subject: some thoughts. >D
1401,zero_shot_full_context,3,comp.sys.ibm.pc.hardware,3,comp.sys.ibm.pc.hardware,3,"From: dpang@uafhp..uark.edu (Dennis Pang) Subject: Problem with speed Organization: Kansas State University Lines: 31 NNTP-Posting-Host: uafhp.uark.edu My 486DX2-50 has 8MB of 70ns RAM and a Trident SVGA card. Sometimes I feel it runs very slowly, especially when running Windows. I'm planning to buy an ATI Graphic Ultra + next semester. Is that all"
1402,zero_shot_full_context,2,comp.os.ms-windows.misc,5,comp.windows.x,5,"From: pgupta@magnus.acs.ohio-state.EDU (Puneet K Gupta) Subject: WordBasic - Visual Basic - Macros/Template ??? Organization: The Ohio State University Lines: 31 NNTP-Posting-Host: charm.magnus.acs.ohio-state.edu I am working with Visual Basic v2.0 for windows. Specifically, I am working on an application that generates formatted reports. Since, so"
1403,zero_shot_full_context,10,rec.sport.hockey,9,rec.sport.baseball,9,"From: huot@cray.com (Tom Huot) Subject: Re: Bowman needs credit Lines: 32 Nntp-Posting-Host: pittpa.cray.com Organization: Cray Research Inc. X-Newsreader: TIN [version 1.1 PL8] Gerald Olchowy (golchowy@alchemy.chem.utoronto.ca) wrote: : Bowman is the genius...Johnson isn't. Bowman is a great coach...Johnson, : a very good one. However, Bowman is r"
1404,zero_shot_full_context,11,sci.crypt,16,talk.politics.guns,16,"From: anovak@twain.ucs.umass.edu (Tree Hugger) Subject: Rush Limbaugh's address (oops from before) Organization: /usr/users/user3/anovak/.organization Lines: 30 NNTP-Posting-Host: twain.ucs.umass.edu I think this didn't get posted before (I've been reading USENET for the longest time, but never had much interest in posting until recently). This is "
1405,zero_shot_full_context,17,talk.politics.mideast,16,talk.politics.guns,16,"From: hamid@McRCIM.McGill.EDU (Hamid Reza Mohammadi Daniali) Subject: Re: Happy Birthday Israel! Originator: hamid@ice.mcrcim.mcgill.edu Nntp-Posting-Host: ice.mcrcim.mcgill.edu Organization: McGill Research Centre for Intelligent Machines Lines: 34 In article <C65CMD.C1M@news.cso.uiuc.edu>, eshneken@ux4.cso.uiuc.edu (Edward A Shnekendorf) writes: "
1406,zero_shot_full_context,6,misc.forsale,3,comp.sys.ibm.pc.hardware,3,"From: dnichols@d-and-d.com (DoN. Nichols) Subject: Re: Maxtor 2190 info needed (was Re: UNIX PC Software for sale) Nntp-Posting-Host: shindig Organization: D and D Data, Vienna VA Lines: 28 In article <79954@cup.portal.com> thad@cup.portal.com (Thad P Floryan) writes: >In article <colinm.735327894@cunews> >colinm@max.carleton.ca (Colin McFadyen) wr"
1407,zero_shot_full_context,17,talk.politics.mideast,16,talk.politics.guns,16,"From: bh437292@longs.LANCE.ColoState.Edu (Basil Hamdan) Subject: Re: rejoinder. Questions to Israelis Reply-To: bh437292@lance.colostate.edu Nntp-Posting-Host: keller.lance.colostate.edu Organization: Engineering College, Colorado State University Lines: 40 In article <389@jcpltyo.JCPL.CO.JP>, ohayon@jcpltyo.JCPL.CO.JP (Tsiel Ohayon) writes: |> In "
1408,zero_shot_full_context,18,talk.politics.misc,16,talk.politics.guns,16,"From: V2110A@VM.TEMPLE.EDU (Richard Hoenes) Subject: Re: Cults, Waco & Insanity Organization: Temple University Lines: 58 Nntp-Posting-Host: vm.temple.edu X-Newsreader: NNR/VM S_1.3.2 In article <C5w51C.H39@srgenprp.sr.hp.com> patk@sr.hp.com (Patrick Kearney) writes: > >Assuming, for the sake of argument, that the Branch Davidian >people immolated "
1409,zero_shot_full_context,6,misc.forsale,6,misc.forsale,6,From: emd9882@ritvax.isc.rit.edu Subject: Re: CD's for Sale Nntp-Posting-Host: vaxa.isc.rit.edu Reply-To: emd9882@ritvax.isc.rit.edu Organization: Rochester Institute of Technology Distribution: usa im interseted in buing some of those....I am a student at R.I.T. please reply saying how to contact you.....Ed
1410,zero_shot_full_context,8,rec.motorcycles,7,rec.autos,7,"From: cookson@mbunix.mitre.org (Cookson) Subject: Re: Maxima Chain wax Nntp-Posting-Host: mbunix.mitre.org Organization: The MITRE Corporation, Bedford, MA Lines: 19 In article <93Apr20.211127.44984@acs.ucalgary.ca> parr@acs.ucalgary.ca (Charles Parr) writes: >I bought it, I tried it: > >It is, truly, the miracle spooge. > >My chain is lubed, my wh"
1411,zero_shot_full_context,1,comp.graphics,14,sci.space,14,"From: ecampbel@metz.une.edu.au (Ed Campbell) Subject: libraries for text+math+graphics display? Keywords: text+math fonts display c-code Lines: 8 Nntp-Posting-Host: metz.une.edu.au Does anyone know of any c or c++ libraries for preparing and displaying quickly pages of mixed text, mathematical equations, and graphics (circles,ellipses,etc) on the v"
1412,zero_shot_full_context,8,rec.motorcycles,17,talk.politics.mideast,17,"From: klinger@ccu.umanitoba.ca (Jorg Klinger) Subject: Re: uh, der, whassa deltabox? Nntp-Posting-Host: ccu.umanitoba.ca Organization: University of Manitoba, Winnipeg, Canada Lines: 24 In <C5t6DA.7L8@news.dtc.hp.com> jjb@dtc.hp.com (Jim Brewer) writes: >In article <C5KxAL.IzC@ccu.umanitoba.ca> klinger@ccu.umanitoba.ca (Jorg Klinger) writes: >> I b"
1413,zero_shot_full_context,15,soc.religion.christian,15,soc.religion.christian,15,"From: mls@panix.com (Michael Siemon) Subject: Re: Homosexuality issues in Christianity Organization: PANIX Public Access Unix, NYC Lines: 97 In <May.13.02.31.16.1993.1569@geneva.rutgers.edu> djohnson@cs.ucsd.edu (Darin Johnson) writes: >Ok, what's more important to gay Christians? Sex, or Christianity? I'm afraid I see that question as very tendent"
1414,zero_shot_full_context,2,comp.os.ms-windows.misc,5,comp.windows.x,5,From: jdm@jumbo.Read.TASC.COM (James D. McNamara) Subject: Re: 2 MONITORS FOR WINDOWS Article-I.D.: jumbo.1t0ae9INN4j1 Organization: TASC Lines: 15 NNTP-Posting-Host: jumbo.read.tasc.com X-Newsreader: TIN [version 1.1 PL8] Alwin Hoogerdijk (alwin@zen.et.tudelft.nl) wrote: : julio.botelho@hlbbs.uucp (Julio Botelho) writes: : >IS3does anyone know whe
1415,zero_shot_full_context,3,comp.sys.ibm.pc.hardware,3,comp.sys.ibm.pc.hardware,3,"From: ebutai@ebu.ericsson.se (Paul Tai 66683) Subject: BIOS replacement Reply-To: ebutai@ebu.ericsson.se Organization: Ericsson Business Communications, Inc. Lines: 16 Nntp-Posting-Host: dudley.ebu.ericsson.se X-Disclaimer: This article was posted by a user at Ericsson. Any opinions expressed are strictly those of the user and not necessarily those"
1416,zero_shot_full_context,18,talk.politics.misc,18,talk.politics.misc,18,From: demon@desire.wright.edu (Not a Boomer) Subject: A few questions for Janet Reno Organization: ACME Products Lines: 32 A few questions for Janet Reno: Why don't you think generals have any place in law enforcement? If the ATF/FBI had proof that Koresh was: A child molester A child abuser A wife abuser Bigamist Sexual Deviant (not a crime in all
1417,zero_shot_full_context,10,rec.sport.hockey,16,talk.politics.guns,16,"From: delarocq@eos.ncsu.edu (DERRELL EMERY LAROCQUE) Subject: A few words of advice to the Stars Hater.... Originator: delarocq@c00082-100lez.eos.ncsu.edu Reply-To: delarocq@eos.ncsu.edu (DERRELL EMERY LAROCQUE) Organization: North Carolina State University, Project Eos Lines: 37 I have some advice for you, and some thoughts about your hatred of th"
1418,zero_shot_full_context,5,comp.windows.x,2,comp.os.ms-windows.misc,2,"From: sigler@hp750.itg.ti.com (John Sigler) Subject: Pixmap standard? Nntp-Posting-Host: iefhp750.itg.ti.com Organization: IEF Development, Texas Instruments Inc., Plano Texas X-Disclaimer: This message was written by a user at Texas Instruments Inc. The opinions expressed within are those of the user and not necessarily those of Texas Instruments."
1419,zero_shot_full_context,13,sci.med,14,sci.space,14,From: tung@paaiec.enet.dec.com Subject: Re: Opinions on Allergy (Hay Fever) shots? Reply-To: tung@paaiec.enet.dec.com () Organization: Digital Equipment Corporation Lines: 9 I have just started taking allergy shots a month ago and is still wondering what I am getting into. A friend of mine told me that the body change every 7 years (whatever that m
1420,zero_shot_full_context,10,rec.sport.hockey,9,rec.sport.baseball,9,"From: msanfrat@cs.ucsd.edu (Mike Sanfratello) Subject: Re: ESPN Thumbs Up your $%#@*!! Organization: =CSE Dept., U.C. San Diego Lines: 11 Nntp-Posting-Host: tartarus.ucsd.edu In article <1993Apr20.214505.6925@wkuvx1.bitnet> kozloce@wkuvx1.bitnet writes: >AAAAAAAAAAAAAAAAAAAAAAAAAAAAAAAUUUUUUUUUUUUUUUUUUUUUUUUUUUUUUUUGGGGGGGGGGGGGGGG! > >(Oh guess w"
1421,zero_shot_full_context,7,rec.autos,7,rec.autos,7,"From: jg003b@uhura.cc.rochester.edu (Outatime) Subject: Emergency Brake on '86 Nissan Maxima Keywords: Nissan Nntp-Posting-Host: uhura.cc.rochester.edu Organization: University of Rochester - Rochester, New York Lines: 12 Just a quick, simple question really... How many wheels are affected by the emergency brake on an '86 Nissan Maxima. I've heard "
1422,zero_shot_full_context,17,talk.politics.mideast,18,talk.politics.misc,18,"From: josip@eng.umd.edu (Josip Loncaric) Subject: Re: Europe vs. Muslim Bosnians Organization: Project GLUE, University of Maryland, College Park Lines: 63 NNTP-Posting-Host: orbit.src.umd.edu In article <C6x44y.3xD@cbfsb.cb.att.com> sadek@cbnewsg.cb.att.com (mohamed.s.sadek) writes: > >I like what Mr. Joseph Biden had to say yesterday 5/11/93 in t"
1423,zero_shot_full_context,7,rec.autos,18,talk.politics.misc,18,From: westes@netcom.com (Will Estes) Subject: States that charges sales tax after trade-in? Organization: Mail Group X-Newsreader: TIN [version 1.1 PL8] Lines: 11 Which Western states have laws that charge sales tax on the difference between a new car's price and the trade-in's value? I know California charges you on the full value of the new vehic
1424,zero_shot_full_context,12,sci.electronics,14,sci.space,14,"From: clewis@ferret.ocunix.on.ca (Chris Lewis) Subject: Re: Power, signal surges in home... Article-I.D.: ecicrl.4361 Organization: Elegant Communications Inc., Ottawa, Canada Lines: 36 In article <1r1jmoINN8mb@rave.larc.nasa.gov> kludge@grissom.larc.nasa.gov (Scott Dorsey) writes: >In article <DRAND.93Apr20150701@spinner.osf.org> drand@spinner.osf"
1425,zero_shot_full_context,12,sci.electronics,12,sci.electronics,12,"From: tgg@otter.hpl.hp.com (Tom Gardner) Subject: Re: Can Radio Freq. Be Used To Measure Distance? Organization: Hewlett-Packard Laboratories, Bristol, UK. Lines: 24 In sci.electronics, rgc3679@bcstec.ca.boeing.com (Robert G. Carpenter) writes: > I'm wondering if it's possible to use radio waves to measure the > distance between a transmitter(s) an"
1426,zero_shot_full_context,14,sci.space,14,sci.space,14,From: steinly@topaz.ucsc.edu (Steinn Sigurdsson) Subject: Re: Gamma Ray Bursters. WHere are they. Organization: Lick Observatory/UCO Lines: 52 <1993Apr27.132255.12653@tpl68k0.tplrd.tpl.oz.au> <STEINLY.93Apr27121443@topaz.ucsc.edu> <ETHANB.93Apr28135146@ptolemy.astro.washington.edu> NNTP-Posting-Host: topaz.ucsc.edu In-reply-to: ethanb@ptolemy.astro
1427,zero_shot_full_context,19,talk.religion.misc,16,talk.politics.guns,16,"From: eeb1@quads.uchicago.edu (E. Elizabeth Bartley) Subject: Re: What part of ""No"" don't you understand? Reply-To: eeb1@midway.uchicago.edu Organization: University of Chicago Lines: 30 In article <1993Apr21.182127.23528@advtech.uswest.com> steven@advtech.uswest.com ( Steve Novak) writes: >> = ""David R. Sacco"" writes: >>Some >>people even raised p"
1428,zero_shot_full_context,5,comp.windows.x,5,comp.windows.x,5,From: dawagner@phoenix.Princeton.EDU (David A. Wagner) Subject: Re: viewing postscript files under X windows Originator: news@nimaster Nntp-Posting-Host: phoenix.princeton.edu Organization: Princeton University Lines: 54 In article <1sk97rINNptb@polaris.isi.com> kin@isi.com (Kin Cho) writes: > >I can also live with a utility that converts postscrip
1429,zero_shot_full_context,0,alt.atheism,0,alt.atheism,0,"From: ""Robert Knowles"" <p00261@psilink.com> Subject: Re: Amusing atheists and agnostics In-Reply-To: <timmbake.735283395@mcl> Nntp-Posting-Host: 127.0.0.1 Organization: Performance Systems Int'l X-Mailer: PSILink-DOS (3.3) Lines: 17 >DATE: 20 Apr 93 05:23:15 GMT >FROM: Bake Timmons <timmbake@mcl.ucsb.edu> > >>Remember, Koresh ""dried"" for your sins."
1430,zero_shot_full_context,3,comp.sys.ibm.pc.hardware,13,sci.med,13,"From: ab245@cleveland.Freenet.Edu (Sam Latonia) Subject: Re: Upgrading the processor on 386/486 machines Organization: Case Western Reserve University, Cleveland, Ohio (USA) Lines: 61 NNTP-Posting-Host: slc10.ins.cwru.edu Boy am I glad that I didn't start out with one of thos PS/2 computers. I started the upgrade operation out by spending $235 for "
1431,zero_shot_full_context,12,sci.electronics,6,misc.forsale,6,"From: mdgoodma@apgea.army.mil (Malcolm D. Goodman <mdgoodma>) Subject: Fiber Optic Modems For Sale *** CHEAP *** Organization: APG-Edgewood, MD, USA Distribution: na Lines: 20 OK I sold all but these, I had some offers and I accepted an offer of 25.00 for the pair from bdale@gag.com ( Bdale Garbee ). I don't know what happened to him but he won't r"
1432,zero_shot_full_context,13,sci.med,18,talk.politics.misc,18,"From: grante@aquarius.rosemount.com (Grant Edwards) Subject: Re: Krillean Photography Nntp-Posting-Host: aquarius Reply-To: grante@aquarius.rosemount.com (Grant Edwards) Organization: Rosemount, Inc. Lines: 16 HOLFELTZ@LSTC2VM.stortek.com writes: : As you know all ready, it is the pattern in the bioplasmic energy : field that is significant. No, I "
1433,zero_shot_full_context,16,talk.politics.guns,16,talk.politics.guns,16,"From: cescript@mtu.edu (Charles Scripter) Subject: Re: FBI Director's Statement on Waco Standoff Nntp-Posting-Host: fishlab12.fsh.mtu.edu Organization: Michigan Tech X-Newsreader: TIN [version 1.1 PL8] Lines: 23 On 21 Apr 93 05:06:08 GMT, Tim Smith (tzs@stein.u.washington.edu) wrote: > feustel@netcom.com (David Feustel) writes: > >We have NO eviden"
1434,zero_shot_full_context,3,comp.sys.ibm.pc.hardware,12,sci.electronics,12,From: v063kcbp@ubvmsd.cc.buffalo.edu (MITCH) Subject: Re: Low Emission Monitors: Who besides NEC? Distribution: na Organization: University at Buffalo Lines: 34 News-Software: VAX/VMS VNEWS 1.41 Nntp-Posting-Host: ubvmsd.cc.buffalo.edu hartzman@kilroy.Jpl.Nasa.Gov (Les Hartzman) writes... >Does anyone else make low radiation emission monitors besid
1435,zero_shot_full_context,4,comp.sys.mac.hardware,4,comp.sys.mac.hardware,4,From: brown@gdstech.grumman.com (Richard Brown) Subject: recommendation for laser printer Organization: GRUMMAN DATA SYSTEMS Lines: 3 I'm looking for recommendations for a laser printer. It will be used mostly for text by a single user. It doesn't need to be a postscript printer. Any advice would be appreciated.
1436,zero_shot_full_context,4,comp.sys.mac.hardware,4,comp.sys.mac.hardware,4,"From: long@mcntsh.enet.dec.com (Rich Long) Subject: Good APS experience Organization: Digital Equipment Corporation Lines: 28 I just thought I would pass along my experience with APS. I recently ordered an external Quantum 240. The salesperson was friendly and knowledgeable, the order came when promised, and the invoice was at the price quoted. Ins"
1437,zero_shot_full_context,2,comp.os.ms-windows.misc,5,comp.windows.x,5,"From: dyu@maple.circa.ufl.edu Subject: memory Organization: Center for Instructional and Research Computing Activities Lines: 6 Reply-To: DYU@ufcc.ufl.edu NNTP-Posting-Host: maple.circa.ufl.edu Does anyone know how to absolute memory locations in windows, ie. hardware that is memory mapped at very high addresses 16mb++ and above? Please reply by em"
1438,zero_shot_full_context,9,rec.sport.baseball,17,talk.politics.mideast,17,From: mss@netcom.com (Mark Singer) Subject: Re: Bases loaded walk gives Reds win in 12 Organization: Netcom Online Communications Services (408-241-9760 login: guest) Lines: 179 In article <1993Apr23.120044.15627@cs.cornell.edu> tedward@cs.cornell.edu (Edward [Ted] Fischer) writes: >In article <mssC5xB3I.2CG@netcom.com> mss@netcom.com (Mark Singer)
1439,zero_shot_full_context,12,sci.electronics,14,sci.space,14,"From: csulo@csv.warwick.ac.uk (Mr M J Brown) Subject: Re: solvent for duct-tape adhesive? Organization: Computing Services, University of Warwick, UK Lines: 24 NNTP-Posting-Host: clover.csv.warwick.ac.uk In article <1993Apr26.235820.10742@mnemosyne.cs.du.edu> gvolk@nyx.cs.du.edu (Greg Volk) writes: >What I usually use...and this stuff is only good "
1440,zero_shot_full_context,15,soc.religion.christian,15,soc.religion.christian,15,From: noye@midway.uchicago.edu (vera shanti noyes) Subject: Re: Homosexuality issues in Christianity Reply-To: noye@midway.uchicago.edu Organization: University of Chicago Lines: 56 In article <May.11.02.39.05.1993.28328@athos.rutgers.edu> carlson@ab24.larc.nasa.gov (Ann Carlson) writes: [bible verses ag./ used ag. homosexuality deleted] >Anyone wh
1441,zero_shot_full_context,10,rec.sport.hockey,17,talk.politics.mideast,17,From: spiegel@sgi501.msd.lmsc.lockheed.com (Mark Spiegel) Subject: Re: SHARKS: Kingston Fired!!! Organization: Personal Opinions Inc. Lines: 89 In article <1993Apr23.063205.26192@CSD-NewsHost.Stanford.EDU> nlu@Xenon.Stanford.EDU (Nelson Lu) writes: >In article <1993Apr22.212219.23130@iscnvx.lmsc.lockheed.com> spiegel@sgi501.msd.lmsc.lockheed.com (M
1442,zero_shot_full_context,19,talk.religion.misc,15,soc.religion.christian,15,"From: lwb@cs.utexas.edu (Lance W. Bledsoe) Subject: Re: Who's next? Mormons and Jews? Organization: CS Dept, University of Texas at Austin Lines: 32 NNTP-Posting-Host: im4u.cs.utexas.edu In article <1f2P02UA40zB01@JUTS.ccc.amdahl.com> agr00@JUTS.ccc.amdahl.com (Anthony G Rose) writes: >Capser, before you deceive everone into thinking that the latte"
1443,zero_shot_full_context,0,alt.atheism,15,soc.religion.christian,15,"From: acooper@mac.cc.macalstr.edu (Turin Turambar, ME Department of Utter Misery) Subject: Re: Faith and Dogma Organization: Macalester College Lines: 123 In article <93Apr20.035421edt.47719@neat.cs.toronto.edu>, tgk@cs.toronto.edu (Todd Kelley) writes: > In light of what happened in Waco, I need to get something of my > chest. Sadly understandable"
1444,zero_shot_full_context,10,rec.sport.hockey,9,rec.sport.baseball,9,"From: jca2@cec1.wustl.edu (Joseph Charles Achkar) Subject: Blues shutout Hawks again, lead series 3-0 Nntp-Posting-Host: cec1 Organization: Washington University, St. Louis MO Lines: 118 4/23/93 BLUES SHUTOUT HAWKS AGAIN, LEAD SERIES 3-0 ----------------------------------------------------- It was a great atmosphere last night at the St. Louis Aren"
1445,zero_shot_full_context,10,rec.sport.hockey,9,rec.sport.baseball,9,"From: loh@fraser.sfu.ca (Keith Meng-Wei Loh) Subject: Canucks 3-2 over Winnipeg Organization: Simon Fraser University, Burnaby, B.C., Canada Lines: 51 The Jets gave the Canucks another run for their money in an almost identical game to the first of the series but once again came up short as Vancouver outscored Winnipeg 3-2. The pattern of the first"
1446,zero_shot_full_context,10,rec.sport.hockey,17,talk.politics.mideast,17,"From: ketolain@messi.uku.fi (Jarkko Ketolainen) Subject: WC/Finland Organization: University of Kuopio, Finland Lines: 8 Disaster! Finland was beaten by Czech 1-3 (0-0,1-1,0-2). Finland will be 4th of pool B and will most certainly meet Canada in the quarter final on wednesday 28th. Lack of scoring skills has been the major problem of team Finland "
1447,zero_shot_full_context,19,talk.religion.misc,15,soc.religion.christian,15,"From: bevan@cs.man.ac.uk (Stephen J Bevan) Subject: Re: To Rob Lanphier <bskendigC5vCn2.401@netcom.com> <1993Apr23.225933.22683@organpipe.uug.arizona.edu> Organization: Department of Computer Science, University of Manchester Lines: 7 In-reply-to: brian@lpl.arizona.edu's message of 23 Apr 93 22:59:33 GMT In article <1993Apr23.225933.22683@organpipe"
1448,zero_shot_full_context,13,sci.med,14,sci.space,14,"From: abruno@adobe (Andrea Bruno) Subject: Re: thyroidal deficiency Organization: Adobe Systems Incorporated Lines: 8 In article <19930430140738SFB2763@MVS.draper.com> SFB2763@MVS.draper.com (Eileen Bauer) writes: > Thyroxin controls energy production which explains sleepiness, coldness, > and weight gain. There is also water retention (possibly ar"
1449,zero_shot_full_context,6,misc.forsale,6,misc.forsale,6,From: hsano@cs.ulowell.edu (Hitoshi Sano) Subject: WANTED: WWF Album Organization: UMass-Lowell Computer Science Lines: 10 I am looking for a copy of the first World Wrestling Federation album in Record format. Will pay $10 for a good condition record and original album jacket and inserts. The album I am looking for has a picture of a bunch of the 
1450,zero_shot_full_context,18,talk.politics.misc,16,talk.politics.guns,16,"From: houts@zelda.ehs.uiuc.edu (Todd Houts) Subject: Re: New Study Out On Gay Percentage Keywords: MOW, homosexual, march, millions, percentage Organization: University of Illinois at Urbana Lines: 28 In article <Apr.20.10.27.01.1993.9195@romulus.rutgers.edu> kaldis@romulus.rutgers.edu (Theodore A. Kaldis) writes: > I wouldn't worry too much about "
1451,zero_shot_full_context,9,rec.sport.baseball,9,rec.sport.baseball,9,"From: jeffyg@gemini.ksu.ksu.edu (Jeffy) Subject: Re: A rooky question about the ERA Organization: Kansas State University Lines: 51 NNTP-Posting-Host: gemini.ksu.ksu.edu whitty@cv.hp.com (Joe Whitty) writes: >Thomas Theiner (thein@damabus.informatik.rwth-aachen.de) wrote: >: Hi there, >: >: I'm german and I have been into this MLB stuff since almos"
1452,zero_shot_full_context,1,comp.graphics,1,comp.graphics,1,"From: harvey@oasys.dt.navy.mil (Betty Harvey) Subject: Re: Arts&Letters Graphics Editor Reply-To: harvey@oasys.dt.navy.mil (Betty Harvey) Organization: Carderock Division, NSWC, Bethesda, MD Lines: 28 In comp.graphics, menchett@dws012.unr.edu (Peter J Menchetti) writes: >Does anyone on this group use this program? It stacks up pretty well to >Corel"
1453,zero_shot_full_context,10,rec.sport.hockey,9,rec.sport.baseball,9,"From: golchowy@alchemy.chem.utoronto.ca (Gerald Olchowy) Subject: Re: Bowman needs credit Organization: University of Toronto Chemistry Department Lines: 22 In article <0fq1Vru00WBNA3L3pI@andrew.cmu.edu> ""Matthew T. Keating"" <mk55+@andrew.cmu.edu> writes: >During the first three games of the Pens-Devils series, I have been >impressed time and time "
1454,zero_shot_full_context,17,talk.politics.mideast,15,soc.religion.christian,15,From: sera@zuma.UUCP (Serdar Argic) Subject: Re: The Greek authorities deny even the existence of a Turkish minority Reply-To: sera@zuma.UUCP (Serdar Argic) Distribution: world Lines: 133 In article <1993May11.061308.17897@news.uiowa.edu> mau@herky.cs.uiowa.edu (Mau Napoleon) writes: >A few thousand!!!!!!!! Yup. >Yes there are a few thousand left t
1455,zero_shot_full_context,19,talk.religion.misc,15,soc.religion.christian,15,"From: mlee@post.RoyalRoads.ca (Malcolm Lee) Subject: Re: A KIND and LOVING God!! Organization: Royal Roads Military College, Victoria, B.C. Lines: 35 In article <1993Apr22.203851.3081@nntpd2.cxo.dec.com>, bittrolff@evans.enet.dec.com () writes: |> |> In article <1993Apr20.143754.643@ra.royalroads.ca>, mlee@post.RoyalRoads.ca (Malcolm Lee) writes: |"
1456,zero_shot_full_context,7,rec.autos,17,talk.politics.mideast,17,From: sjcostan@magnus.acs.ohio-state.edu (Scott J Costanzo) Subject: Re: RFI: Art of clutchless shifting Nntp-Posting-Host: magnusug.magnus.acs.ohio-state.edu Organization: The Ohio State University Lines: 7 I used to drive a truck a few years back. I once rode with an old codger that had been driving for about 30 yrs. The only time he would use th
1457,zero_shot_full_context,5,comp.windows.x,3,comp.sys.ibm.pc.hardware,3,"From: kaleb@expo.lcs.mit.edu (Kaleb Keithley) Subject: Re: Seeking a simple wm Organization: X Consortium, MIT Laboratory for Computer Science Lines: 17 pmartz@dsd.es.com (Paul Martz) writes: >In article basile@soleil.serma.cea.fr (Basile STARYNKEVITCH) writes: >> I'm seeking a *simple* window manager (ICCCM compliant) with a minimal doc. >> I don'"
1458,zero_shot_full_context,7,rec.autos,7,rec.autos,7,"From: johnn@eskimo.com (John Navitsky) Subject: Re: Ford Probe - Opinions? (centered around the GT) Organization: =>ESKIMO NORTH (206) 367-3837 SEATTLE, WA.<= Lines: 132 In article <...> heiser@acs2.bu.edu (Bill Heiser) writes: >In article <...> chuck@eos.ncsu.edu (Chuck Kesler) writes: >>>""Jeremy G. Mereness"" <zonker+@CMU.EDU> says: >>>>Can anyone"
1459,zero_shot_full_context,12,sci.electronics,14,sci.space,14,"From: jimc@tau-ceti.isc-br.com (Jim Cathey) Subject: Re: UART needed (really BREAK detect) Organization: Olivetti North America, Spokane, WA Lines: 41 In article <alan-210493163447@17.129.12.26> alan@apple.com (Alan Mimms) writes: >Actually detecting a BREAK is done by watching for a ""character"" containing >all zero bits with the framing error resu"
1460,zero_shot_full_context,12,sci.electronics,12,sci.electronics,12,From: jott@scarecrow.cse.nd.edu (John Ott) Subject: RE: Food Deydrators Reply-To: jott@scarecrow.cse.nd.edu (John Ott) Organization: Univ. of Notre Dame Lines: 26 Article: 41686 of sci.electronics Newsgroups: sci.electronics Path: news.nd.edu!spool.mu.edu!howland.reston.ans.net!bogus.sura.net!news-feed-1.peachnet.edu!gatech!asuvax!ennews!mcdphx!sch
1461,zero_shot_full_context,16,talk.politics.guns,16,talk.politics.guns,16,"From: viking@iastate.edu (Dan Sorenson) Subject: Re: guns=Amex AND new name..... Organization: Iowa State University, Ames IA Lines: 107 Thomas Parsli <thomasp@ifi.uio.no> writes: Remember me, Tom? I hope you'll respond, and I seem to be a Voice of Reason or some such (I've been recieving fan mail, so naturally my ego is somehwat inflated of late),"
1462,zero_shot_full_context,12,sci.electronics,14,sci.space,14,"From: Mike Diack <mike-d@staff.tc.umn.edu> Subject: FREE! EPROM eraser/PCB exposer(Twin cities collect) X-Xxmessage-Id: <A80308948F01650F@dialup-slip-1-15.gw.umn.edu> X-Xxdate: Tue, 27 Apr 93 15:58:12 GMT Nntp-Posting-Host: dialup-slip-1-15.gw.umn.edu Organization: persian cat & carpet co. X-Useragent: Nuntius v1.1.1d7 Lines: 5 This inelegant devic"
1463,zero_shot_full_context,4,comp.sys.mac.hardware,4,comp.sys.mac.hardware,4,"From: Dale_Adams@gateway.qm.apple.com (Dale Adams) Subject: Re: 72-pin SIMMS for Q-800, be careful before buying Organization: Apple Computer, Inc., Cupertino, CA Lines: 22 In article <C5w9v0.FCE@news.cso.uiuc.edu> Marty Sachs <msachs@ux1.cso.uiuc.edu> writes: > I purchased 2x8 MB 72-pin (60 ns) SIMMs for my Quadra 800 from Chip > Merchant (I've be"
1464,zero_shot_full_context,5,comp.windows.x,3,comp.sys.ibm.pc.hardware,3,"From: mich@lin.infolog.se (Thomas Michanek) Subject: Re: GUI builders for VMS Organization: Infologics, Linkoping, Sweden Lines: 28 In article <352@trident.datasys.swri.edu> mark@trident.datasys.swri.edu (Mark D. Collier) writes: >I am looking for GUI Builders/UIMS's which run in a VMS/OpenVMS >environment. I am interested in both Motif tools and G"
1465,zero_shot_full_context,11,sci.crypt,12,sci.electronics,12,"From: lefty@apple.com (Lefty) Subject: Re: freely distributable public key cryptography c++ code: where? Organization: Our Lady of Heavy Artillery Lines: 26 In article <gradyC5wGrz.CvC@netcom.com>, grady@netcom.com (1016/2EF221) wrote: > > Victor Iseli (victori@xetron.com) wrote: > : > : > : ""Numerical Recipes in C""..Fortran..Pascal has a nice sect"
1466,zero_shot_full_context,11,sci.crypt,11,sci.crypt,11,"From: cme@ellisun.sw.stratus.com (Carl Ellison) Subject: Strong Encryption Organization: Stratus Computer, Software Engineering Lines: 33 Distribution: world NNTP-Posting-Host: ellisun.sw.stratus.com I just posted this reply to comp.risks (answering RISKS DIGEST 14.53). Summary: Re: [14.53 Mark Seecof] ""key escrow"" >From: Mark Seecof <marks@wimsey."
1467,zero_shot_full_context,8,rec.motorcycles,8,rec.motorcycles,8,From: speedy@engr.latech.edu (Speedy Mercer) Subject: Re: First bike: Honda Ascot? Organization: Louisiana Tech University Lines: 22 NNTP-Posting-Host: bhm116e-spc.engr.latech.edu In article <C5tH9w.78o@csi.compuserve.com> nbetz@csi.compuserve.com (Nathan Betz) writes: >Hi folks. > >I'm going to be buying my first bike and I'm considering an 82 >Ho
1468,zero_shot_full_context,5,comp.windows.x,14,sci.space,14,"From: gml4410@ggr.co.UK (Lack Mr G M) Subject: Re: xdm and env. vars Organization: The Internet Lines: 18 NNTP-Posting-Host: enterpoop.mit.edu To: xpert@expo.lcs.mit.edu In article <9304292140.AA29951@haji.haji_sun>, fwr8bv@fin.af.MIL writes: > I am using xdm on X11R5 with OW3 and Xview3 on Sun3s and SPARCs running > SunOS 4.1.1. Prior to using xdm"
1469,zero_shot_full_context,6,misc.forsale,18,talk.politics.misc,18,"From: felicia@csd4.csd.uwm.edu (Chu Peng Cheong) Subject: ** 16 pg/min Talaris Laser printer SALE ** Organization: Computing Services Division, University of Wisconsin - Milwaukee Lines: 16 Distribution: usa NNTP-Posting-Host: 129.89.7.4 Originator: felicia@csd4.csd.uwm.edu ** Talaris Lazer printer, 16pg/min ** I have a lazer printer from Talaris t"
1470,zero_shot_full_context,19,talk.religion.misc,15,soc.religion.christian,15,"From: bskendig@netcom.com (Brian Kendig) Subject: Re: Is it good that Jesus died? Organization: Starfleet Headquarters: San Francisco Lines: 15 sandvik@newton.apple.com (Kent Sandvik) writes: > >I've done all those things, and I've regretted it, and I learned >a lesson or two. So far an aspirin, a good talk with your wife, >or a one week vacation h"
1471,zero_shot_full_context,17,talk.politics.mideast,16,talk.politics.guns,16,"From: adams@bellini.berkeley.edu (Adam L. Schwartz) Subject: Re: Volume Nntp-Posting-Host: bellini.berkeley.edu Organization: U.C. Berkeley -- ERL Lines: 9 In article <1993Apr28.230749.18198@Virginia.EDU> ab4z@Virginia.EDU (""Andi Beyer"") writes: >P.P.S. Just to clear up something, I don't think than the Jews >are necessarily any worse than other pe"
1472,zero_shot_full_context,15,soc.religion.christian,0,alt.atheism,0,"From: JEK@cu.nih.gov Subject: Re: Atheists and Hell Lines: 21 On Sunday 9 May 1993, Kenneth Engel writes (in substance): We are told that the penalty for sin is an eternity in Hell. We are told that Jesus paid the penalty, suffering in our stead. But Jesus did not spend an eternity in Hell. This objection presupposes the ""forensic substitution"" the"
1473,zero_shot_full_context,11,sci.crypt,12,sci.electronics,12,"From: burt@chirality.rsa.com (Burt Kaliski) Subject: Pseudocollisions in MD5 Organization: RSA Data Security, Inc. Lines: 89 Distribution: sci NNTP-Posting-Host: chirality.rsa.com Following is a short note commenting on den Boer and Bosselaers' recent work on the MD5 message-digest algorithm. Feel free to email questions or further comments. -- Bur"
1474,zero_shot_full_context,7,rec.autos,7,rec.autos,7,"From: rjwade@rainbow.ecn.purdue.edu (Robert J. Wade) Subject: geico annoyance Organization: Purdue University Engineering Computer Network Distribution: rec.autos Lines: 6 if you want to annoy geico, call them up...give fake name...but real car specs..get a quote and then tell them they are more expensive than your current state farm/allstate insur"
1475,zero_shot_full_context,1,comp.graphics,4,comp.sys.mac.hardware,4,"From: sahr@piglet.uccs.edu (Kevin Sahr) Subject: Looking for polygon ""convexifier"" Organization: University of Colorado at Colorado Springs Lines: 8 Distribution: world NNTP-Posting-Host: piglet.uccs.edu Does anyone know where I can find a code which would take concave polygons and break them up into a set of convex polygons? Thanks, Kevin sahr@pig"
1476,zero_shot_full_context,7,rec.autos,7,rec.autos,7,"From: jahonen@cc.lut.fi (Jarmo Ahonen) Subject: Re: Manual Shift Bigots Nntp-Posting-Host: cc.lut.fi Organization: Lappeenranta University of Technology, Finland Lines: 13 kissane@black.Berkeley.EDU (John G. Kissane) writes: >As a matter of interest does anyone know why autos are so popular in the US while >here in Europe they are rare??? Just wond"
1477,zero_shot_full_context,16,talk.politics.guns,16,talk.politics.guns,16,"From: jon@atlas.MITRE.org (J. E. Shum) Subject: Re: Nature of the Waco gas Originator: jon@atlas Nntp-Posting-Host: atlas.mitre.org Organization: The MITRE Corp. McLean Va. Lines: 32 In article <1r6170INNdlu@cronkite.Central.Sun.COM>, dbernard@clesun.Central.Sun.COM (Dave Bernard) writes: > Just heard on the network radio news a spokesman from the "
1478,zero_shot_full_context,10,rec.sport.hockey,17,talk.politics.mideast,17,"From: thomas@cmgm.stanford.edu (Thomas Kiefhaber) Subject: Re: German audience is lunatic?? Organization: Stanford University Lines: 57 In article <1993Apr21.114335.7071@ousrvr.oulu.fi>, golf@phoenix.oulu.fi (Jouko Kylmaoja) wrote: > > I watched the game Germany-Czechs in WC today...and i was astonished about > the behaviour of the German audience!"
1479,zero_shot_full_context,8,rec.motorcycles,18,talk.politics.misc,18,"From: infante@acpub.duke.edu (Andrew Infante) Subject: Re: Ok, So I was a little hasty... Organization: Duke University; Durham, N.C. Lines: 34 Nntp-Posting-Host: north1.acpub.duke.edu In article <jnmoyne-210493143813@moustic.lbl.gov> jnmoyne@lbl.gov (Jean-Noel Moyne) writes: >In article <1r3qeb$k35@sixgun.East.Sun.COM>, egreen@east.sun.com (Ed Gre"
1480,zero_shot_full_context,1,comp.graphics,4,comp.sys.mac.hardware,4,"From: tmc@spartan.ac.BrockU.CA (Tim Ciceran) Subject: Re: Turning photographic images into thermal print and/or negatives Organization: Brock University, St. Catharines Ontario X-Newsreader: TIN [version 1.1 PL9] Lines: 22 Jennifer Lynn Urso (ju23+@andrew.cmu.edu) wrote: : : well, i have lots of experience with scanning in images and altering : the"
1481,zero_shot_full_context,6,misc.forsale,6,misc.forsale,6,"From: oplinger@meson.crd.ge.com (Brian Oplinger) Subject: LDs forsale Nntp-Posting-Host: meson.crd.ge.com Organization: GE Corp. Research & Development, Schenectady, NY Distribution: na Lines: 21 I have the following LDs for sale 20 for 1st 15 each additional, postage (3rd class) paid. Project A-ko (Japanese - NO ENGLISH) Dominion Act-I (Japanese -"
1482,zero_shot_full_context,19,talk.religion.misc,15,soc.religion.christian,15,"From: pharvey@quack.kfu.com (Paul Harvey) Subject: What is a Christian? was Re: Davidians and compassion <f2dutxH@quack.kfu.com> <1993Apr21.211707.7828@ra.royalroads.ca> Organization: The Duck Pond public unix: +1 408 249 9630, log in as 'guest'. Lines: 22 In article <1993Apr21.211707.7828@ra.royalroads.ca> mlee@post.RoyalRoads.ca (Malcolm Lee) wri"
1483,zero_shot_full_context,6,misc.forsale,16,talk.politics.guns,16,"From: smb@col.hp.com (Sam Bauer) Subject: >>For Sale: [SNES] Star Fox, Home Alone II Organization: HP Colorado Springs Division Lines: 36 NNTP-Posting-Host: hpctdib.col.hp.com *****************[ SNES Games For Sale ]***************** Home Alone 2 $35 Star Fox $42 Will trade for a good condition copy (must have box & docs) of one of the following (S"
1484,zero_shot_full_context,3,comp.sys.ibm.pc.hardware,14,sci.space,14,"From: sinn@carson.u.washington.edu (Philip Sinn) Subject: ET4000/W32 chip graphics accelerator. Summary: 10Mpixel/sec Winmark 3.11 at 800x600 256 colours Keywords: winmark, accelerator, chip, Hint Article-I.D.: shelley.1r9r5rINNps6 Distribution: world Organization: University of Washington, Seattle Lines: 43 NNTP-Posting-Host: carson.u.washington.e"
1485,zero_shot_full_context,2,comp.os.ms-windows.misc,2,comp.os.ms-windows.misc,2,Nntp-Posting-Host: fac-csr.byu.edu Lines: 33 From: ecktons@ucs.byu.edu (Sean Eckton) Subject: Re: Why is my mouse so JUMPY? (MS MOUSE) Organization: Fine Arts and Communications -- Brigham Young University Distribution: world My original post: >Subject: Re: Why is my mouse so JUMPY? (MS MOUSE) >> I have a Microsoft Serial Mouse and am using mouse.c
1486,zero_shot_full_context,6,misc.forsale,6,misc.forsale,6,"From: cheung_d@kosmos.wcc.govt.nz Subject: WANTED - TRANSFORMERS (the Toys) Organization: Wellington City Council (Public Access), Wgtn, Nz Lines: 15 Reply-To: cheung_d@kosmos.wcc.govt.nz NNTP-Posting-Host: kosmos.wcc.govt.nz Hey, collection. I am interested in buying any in good condition. I am particularly interested in any of the older, exotic m"
1487,zero_shot_full_context,9,rec.sport.baseball,9,rec.sport.baseball,9,"From: cogar@g24mac1.nswc.navy.mil (John R Cogar) Subject: Re: Indians' Pitching Organization: NSWCDD Lines: 37 In article <23APR199309564175@ariel.lerc.nasa.gov>, ecaxron@ariel.lerc.nasa.gov (Ron Graham) wrote: > > In article <1993Apr23.132700.6687@bme.ri.ccf.org>, tknuth@bio.ri.ccf.org > writes... > > >Wow! The tribe gave up 8 more runs last night"
1488,zero_shot_full_context,8,rec.motorcycles,16,talk.politics.guns,16,"From: dsc3jfs@nmrdc1.nmrdc.nnmc.navy.mil (Jim Small) Subject: Re: Your opinion and what it means to me. Organization: Naval Medical Research & Development Command Lines: 28 In article <13608@news.duke.edu> infante@acpub.duke.edu (Andrew Infante) writes: > >Since the occurance, I've paid many >dollars in renumerance, taken the drunk class, >and, yes"
1489,zero_shot_full_context,8,rec.motorcycles,8,rec.motorcycles,8,From: cassidy@elan.rowan.edu (Kyle Cassidy) Subject: Re: Question???? Lines: 11 Nntp-Posting-Host: bizlab37.rowan.edu Organization: Rowan College of New Jersey Distribution: usa In article <1993Apr21.030201.27904@research.nj.nec.com> behanna@syl.nj.nec.com (Chris BeHanna) writes: >In article <1r25ldINN9rp@frigate.cis.ohio-state.edu> fields@cis.ohio
1490,zero_shot_full_context,0,alt.atheism,0,alt.atheism,0,"From: madhaus@netcom.com (Maddi Hausmann) Subject: Re: Amusing atheists and agnostics Organization: Society for Putting Things on Top of Other Things Lines: 26 timmbake@mcl.ucsb.edu (""Half"" Bake Timmons) writes: > Maddi: >> >>Whirr click whirr...Frank O'Dwyer might also be contained >>in that shell...pop stack to determine...whirr...click..whirr > "
1491,zero_shot_full_context,13,sci.med,14,sci.space,14,From: aldridge@netcom.com (Jacquelin Aldridge) Subject: Sweet's Syndrome ? Organization: NETCOM On-line Communication Services (408 241-9760 guest) Lines: 28 My brother's affine has recently been diagnosed with Sweet's syndrome. Also called steroid resistant Sweet's syndrome. This syndrome started after she had had Iodine 131 treatment for hyperthy
1492,zero_shot_full_context,17,talk.politics.mideast,15,soc.religion.christian,15,"From: dbd@urartu.sdpa.org (David Davidian) Subject: Re: Armenians of Karabakh deserve independence! Summary: Karabakh Armenians & Native Americans Organization: S.D.P.A. Center for Regional Studies Lines: 44 In article <3044@cronos.metaphor.com> covdy@shemesh.metaphor.com (Ivan Covdy) wrote in response to article <30975@galaxy.ucr.edu>, raffi@watnx"
1493,zero_shot_full_context,9,rec.sport.baseball,9,rec.sport.baseball,9,"From: vpg41274@uxa.cso.uiuc.edu (Vincent Paul Guthrie) Subject: Re: MLB = NBA? Organization: University of Illinois at Urbana Lines: 36 <RVESTERM@vma.cc.nd.edu> writes: >In article <mssC5qrrz.91H@netcom.com>, mss@netcom.com (Mark Singer) says: >> >>In article <93108.165218RVESTERM@vma.cc.nd.edu> <RVESTERM@vma.cc.nd.edu> : >>writes >>> >>>so you wan"
1494,zero_shot_full_context,8,rec.motorcycles,17,talk.politics.mideast,17,"From: howland@noc2.arc.nasa.gov (Curt Howland) Subject: Re: Looking for MOVIES w/ BIKES Organization: NASA Science Internet Project Office Lines: 9 Knight Riders has got to be one of the silliest movies I've ever seen. --- Curt Howland ""Ace"" DoD#0663 EFF#569 howland@nsipo.nasa.gov '82 V45 Sabre Meddle not in the afairs of Wizards, for it makes them"
1495,zero_shot_full_context,7,rec.autos,7,rec.autos,7,From: scheer@faw.uni-ulm.de ((T.M.)) Subject: MARTEN (PROBLEMS) Organization: FAW (Research Institute For Applied Knowledge Processing) Lines: 29 Hi everybody ... Well I don't know if this is a known problem to you in the big state but over here in Europe it is in some places ... It just happened to me and I payed A LOT to get my new Honda Civic re
1496,zero_shot_full_context,12,sci.electronics,14,sci.space,14,"From: rdell@cbnewsf.cb.att.com (richard.b.dell) Subject: Re: How to the disks copy protected. Organization: AT&T Lines: 64 In article <C5x75A.48H@ms.uky.edu> msunde01@mik.uky.edu writes: >In article <1r76sbINNkap@flop.ENGR.ORST.EDU> noeler@xanth.CS.ORST.EDU >(Eric Richard Noel) writes: >> I hate hard copy manuals, and would rather have all docs onl"
1497,zero_shot_full_context,19,talk.religion.misc,18,talk.politics.misc,18,"From: pgf@srl03.cacs.usl.edu (Phil G. Fraering) Subject: Re: Why did they behave as they did (Waco--reading suggestion) Organization: Univ. of Southwestern Louisiana Lines: 9 How come noone mentions Eric Hoffer when talking about fanatic behavior anymore? -- Phil Fraering |""Seems like every day we find out all sorts of stuff. pgf@srl02.cacs.usl.edu"
1498,zero_shot_full_context,0,alt.atheism,0,alt.atheism,0,From: Edwin Gans Subject: Atheism Nntp-Posting-Host: 47.107.76.97 Organization: Bell-Northern Research Lines: 1
1499,zero_shot_full_context,10,rec.sport.hockey,10,rec.sport.hockey,10,"From: schock@flip.cpsc.ucalgary.ca (Craig-Richard Schock) Subject: Re: NHL Team Captains Reply-To: schock@flip.cpsc.ucalgary.ca Organization: University of Calgary Computer Science Lines: 14 In article <1993Apr22.121035.3394@mtroyal.ab.ca> writes: > >And, while we are on the subject, has a captain ever been traded, > >resigned, or been striped of h"
1500,zero_shot_full_context,17,talk.politics.mideast,18,talk.politics.misc,18,"From: bakken@cs.arizona.edu (Dave Bakken) Subject: Re: Saudi clergy condemns debut of human rights group! Keywords: international, non-usa government, government, civil rights, social issues, politics Organization: U of Arizona CS Dept, Tucson Lines: 101 In article <benali.737307554@alcor> benali@alcor.concordia.ca ( ILYESS B. BDIRA ) writes: >It l"
1501,zero_shot_full_context,2,comp.os.ms-windows.misc,2,comp.os.ms-windows.misc,2,"From: rhudson@gomez.intel.com (Ron A. Hudson) Subject: Re: SOLUTION: Multi-setups on standalone EASY!!! Nntp-Posting-Host: gomez Organization: Software Technology, Intel Corp, Santa Clara, CA X-Newsreader: TIN [version 1.1 PL8] Lines: 16 Peter Goudswaard (goudswaa@fraser.sfu.ca) wrote: >-- Setup deleted... > Finally, in order to run _your_ specific"
1502,zero_shot_full_context,15,soc.religion.christian,15,soc.religion.christian,15,"From: jhpb@sarto.budd-lake.nj.us (Joseph H. Buehler) Subject: Re: Catholic doctrine of predestination Organization: none Lines: 26 (Stephen A. Creps) writes: The Catholic doctrine of predestination does not exclude free will in any way. Since God knows everything, He therefore knows everything that is going to happen to us. We have free will, and a"
1503,zero_shot_full_context,18,talk.politics.misc,18,talk.politics.misc,18,"From: weverett@jarthur.claremont.edu (William M. Everett) Subject: Re: Top Ten Comments Overheard in the Secret Service Lounge Organization: Harvey Mudd College, Claremont, CA 91711 Lines: 43 In article <1qocun$h2r@access.digex.net> carlaron@access.digex.com (Carl Aron) writes: >>and the word ""liberal"" definitely has a different connotation >>than "
1504,zero_shot_full_context,4,comp.sys.mac.hardware,4,comp.sys.mac.hardware,4: comp.sys,"From: avery@gestalt.Stanford.EDU (Avery Wang) Subject: Powerbook Duo Memory system -- SLOW Organization: DSO, Stanford University Lines: 17 Hi- Do any of you hardware gurus out there know what kind of memory architecture Apple uses in the powerbook Duos? Or in the powerbook in general? What are the factors that make the Duo 210 so slow compared to "
1505,zero_shot_full_context,10,rec.sport.hockey,9,rec.sport.baseball,9,"From: jca2@cec1.wustl.edu (Joseph Charles Achkar) Subject: They're real and they're spectacular Keywords: Blues, Hawks, Seinfeld Nntp-Posting-Host: cec1 Organization: Washington University, St. Louis MO Lines: 36 ""They're real and they're spectacular"", the Blues shutout the Blackhawks in consecutive playoff games. If the Blues sweep the Hawks on Su"
1506,zero_shot_full_context,10,rec.sport.hockey,9,rec.sport.baseball,9,From: hammerl@acsu.buffalo.edu (Valerie S. Hammerl) Subject: Re: LET'S GO BUFFALO! Organization: UB Lines: 22 Nntp-Posting-Host: lictor.acsu.buffalo.edu In article <ltdi2pINN7km@appserv.Eng.Sun.COM> mre@teal.Eng.Sun.COM (Mike Eisler) writes: >In article <93111.205214RAP115@psuvm.psu.edu> Robbie Po <RAP115@psuvm.psu.edu> writes: >>In article <AfpIKN
1507,zero_shot_full_context,8,rec.motorcycles,17,talk.politics.mideast,17,"From: nelson@seahunt.imat.com (Michael Nelson) Subject: Re: Looking for MOVIES w/ BIKES Nntp-Posting-Host: seahunt.imat.com Organization: SeaHunt, San Francisco CA Lines: 17 In article <C5w18w.DpD@dcs.qmw.ac.uk> davide@dcs.qmw.ac.uk (Dave Edmondson) writes: >Charles Sundheim (csundh30@ursa.calvin.edu) wrote: >: Folks, > >: I am assembling info for "
1508,zero_shot_full_context,17,talk.politics.mideast,16,talk.politics.guns,16,"From: goykhman@apollo.hp.com (Red Herring) Subject: Re: Europe vs. Muslim Bosnians Nntp-Posting-Host: vishnu.ch.apollo.hp.com Organization: Hewlett-Packard Company, Chelmsford, MA Lines: 34 In article <1993May12.111030@IASTATE.EDU> jakhan@IASTATE.EDU (Javed Ahmed Khan) writes: >In article <C6x81M.EJF@news.cis.umn.edu>, prabhak@giga.cs.umn.edu (Saty"
1509,zero_shot_full_context,3,comp.sys.ibm.pc.hardware,17,talk.politics.mideast,17,"From: rbuyaky@mr.com (Reid R. Buyaky) Subject: Re: MODEM PROBLEM: ""No Dialtone"" Organization: Micro Resources X-Newsreader: Tin 1.1 PL3 Lines: 24 dudek@acsu.buffalo.edu (The Cybard) writes: : worked fine.) Please note: none of the software or hardware parameters : were changed, only the phone line itself. Is my new modem faulty? What : can I do? : "
1510,zero_shot_full_context,13,sci.med,18,talk.politics.misc,18,"Subject: Vasectomy: Health Effects on Women? From: eskagerb@nermal.santarosa.edu (Eric Skagerberg) Organization: Santa Rosa Junior College, Santa Rosa, CA Keywords: vasectomy woman women contraception sterilization men health Summary: What might a vasectomy do to a female partner's long-term health? Nntp-Posting-Host: nermal.santarosa.edu X-Newsrea"
1511,zero_shot_full_context,15,soc.religion.christian,15,soc.religion.christian,15,From: mdw33310@uxa.cso.uiuc.edu (Michael D. Walker) Subject: Re: New thought on Deuterocanonicals Organization: University of Illinois at Urbana Lines: 29 > 2. It is more likely than not that when St. John (or whomever) wrote > the book of Revelation WHAT WAS THEN CONSIDERED SCRIPTURE was > ** NOT ** the same thing you and I are holding in our hand
1512,zero_shot_full_context,3,comp.sys.ibm.pc.hardware,14,sci.space,14,From: penev@rockefeller.edu (Penio Penev) Subject: Re: modems and noisy lines. Reply-To: penev@venezia.rockefeller.edu Organization: Rockefeller University X-Newsreader: TIN [version 1.1 PL8] X-Posted-From: venezia.rockefeller.edu NNTP-Posting-Host: sol.ctr.columbia.edu Lines: 17 On 21 Apr 93 17:03:00 GMT Chris Crayton (chris.crayton@ozonehole.com)
1513,zero_shot_full_context,1,comp.graphics,14,sci.space,14,"From: mike@leah.prc.utexas.edu (Michael Kline) Subject: IGES and e00 formats Organization: Population Research Center, UT-Austin Lines: 10 I am trying to find out anything I can about available documentation for IGES and e00(Arc/Info) formats. If you know anything about these formats (or just one) PLEASE send me a note. I don't read this group, so "
1514,zero_shot_full_context,11,sci.crypt,16,talk.politics.guns,16,"From: mg@elan (Michael Golan) Subject: Re: Clipper scope [was: Overreacting] Originator: news@nimaster Nntp-Posting-Host: elan.princeton.edu Organization: Princeton University Distribution: na Lines: 51 pat@rwing.UUCP (Pat Myrto) writes: >The problem is, the people are not having the scope, or implicataions >pointed out to them. Hell, most haven't "
1515,zero_shot_full_context,12,sci.electronics,14,sci.space,14,Subject: Re: How to the disks copy protected. From: sjmadsen@nextsrv.cas.muohio.edu (Steve Madsen) Nntp-Posting-Host: nextsrv.cas.muohio.edu X-Newsreader: TIN [version 1.1 PL9] Lines: 65 Kuo-Sheng (Kasey) Chang (kschang@sfsuvax1.sfsu.edu) wrote: > In article <1993Apr23.102935.17390@miavx1.acs.muohio.edu> > sjmadsen@nextsrv.cas.muohio.edu (Steve Mad
1516,zero_shot_full_context,5,comp.windows.x,2,comp.os.ms-windows.misc,2,"From: cornhead@netcom.com (Jeff Miller) Subject: O'Reilly X, Adobe P'Script, Sun OpenLook books cheap Organization: Netcom Online Communications Services (408-241-9760 login: guest) Distribution: usa Lines: 37 I have some brand new copies of the following books for sale. Some are down-rev, don't know which or by how much: look to # of pages, copyri"
1517,zero_shot_full_context,0,alt.atheism,15,soc.religion.christian,15,"From: livesey@solntze.wpd.sgi.com (Jon Livesey) Subject: Re: Requests Organization: sgi Lines: 28 Distribution: world NNTP-Posting-Host: solntze.wpd.sgi.com In article <C5qLLG.4BC@mailer.cc.fsu.edu>, mayne@pipe.cs.fsu.edu (William Mayne) writes: |> In article <pww-190493085759@spac-at1-59.rice.edu> pww@spacsun.rice.edu (Peter Walker) writes: |> > |"
1518,zero_shot_full_context,15,soc.religion.christian,15,soc.religion.christian,15,From: noye@midway.uchicago.edu (vera shanti noyes) Subject: Re: Why do people become atheists? Reply-To: noye@midway.uchicago.edu Organization: University of Chicago Lines: 53 In article <May.9.05.41.56.1993.27583@athos.rutgers.edu> gt7122b@prism.gatech.edu (Randal Lee Nicholas Mandock) writes: [much stuff deleted] >Now I have a question for Bob. W
1519,zero_shot_full_context,7,rec.autos,17,talk.politics.mideast,17,"From: yavo@sdosrv2.gvl.unisys.com (Steve Yavorski) Subject: Re: Mercury Villager Minivan -- good buy? Distribution: usa Organization: Paramax Systems, Ivyland, PA Lines: 15 Nntp-Posting-Host: sdosrv2.ivy.paramax.com In article <C5yDwp.6G0@ncube.com> bob@ncube.com (Bob Kehoe) writes: > >Curiously (and consider these are test >vehicles), I found the "
1520,zero_shot_full_context,8,rec.motorcycles,4,comp.sys.mac.hardware,4,"From: rbp@netcom.com (Bob Pasker) Subject: Re: A Kinder, Gentler BMW Mailing List Organization: NETCOM On-line Communication Services (408 241-9760 guest) Lines: 45 hesh@cup.hp.com (Chris Steinbroner) writes: >[sorry, had to take out tx.motorcycles because >my news server rejected it. -- hesh] >Bob Pasker (rbp@netcom.com) wrote: >: it would be a sh"
1521,zero_shot_full_context,13,sci.med,13,sci.med,13,"From: bpeters@oasys.dt.navy.mil (Brenda Peters) Subject: Re: allergic reactions against laser printers?? Reply-To: bpeters@oasys.dt.navy.mil (Brenda Peters) Organization: Carderock Division, NSWC, Bethesda, MD Lines: 34 In sci.med, rdd@uts.ipp-garching.mpg.de (Reinhard Drube) writes: >Hello, > >does anyone know about allergic reactions caused by th"
1522,zero_shot_full_context,11,sci.crypt,13,sci.med,13,"From: dougb@comm.mot.com (Doug Bank) Subject: Re: Encryption Chip Availibility Reply-To: dougb@ecs.comm.mot.com Organization: Motorola Land Mobile Products Sector Distribution: usa Nntp-Posting-Host: 145.1.146.35 Lines: 21 In article <93113.11034134AEJ7D@CMUVM.BITNET>, <34AEJ7D@CMUVM.BITNET> writes: |> In article <ofppPcS00iUy0_k3Mr@andrew.cmu.edu>"
1523,zero_shot_full_context,11,sci.crypt,18,talk.politics.misc,18,"From: lkimes@alshain.usc.edu (Lance 'Moof' Kimes) Subject: Re: Overreacting (was Re: Once tapped, your code is no good any more) Organization: University of Southern California, Los Angeles, CA Lines: 25 Distribution: na NNTP-Posting-Host: alshain.usc.edu In article <116530@bu.edu>, uni@acs.bu.edu (Shaen Bernhardt) writes: |> I am a conserveative b"
1524,zero_shot_full_context,4,comp.sys.mac.hardware,5,comp.windows.x,5,"From: dan@coyote.trw.com (Dan Antzoulatos) Subject: Re: Duo price reduction? Organization: TRW, Inc Lines: 13 In article <1r1a5vINNt3d@senator-bedfellow.MIT.EDU>, cam@athena.mit.edu (Daniel Cameron Daly) wrote: > > Someone mentioned a while ago that the Duos were scheduled for a > 10-18% price reduction, according to 'newsbytes'. Is this definite? "
1525,zero_shot_full_context,9,rec.sport.baseball,9,rec.sport.baseball,9,"From: hhenderson@vax.clarku.edu Subject: RE: bob vesterman's plan to generate fan interest Organization: Clark University Lines: 14 <RVESTERM@vma.cc.nd.edu> writes: >let's face it, sex and violence are the only things that sell in >america. here's how we can implement them in the game: Bob, sex is already ALL OVER baseball! Do you think those unifo"
1526,zero_shot_full_context,6,misc.forsale,16,talk.politics.guns,16,"From: ejs16@cunixb.cc.columbia.edu (Eric Jaron Stieglitz) Subject: Movie: Plan 9 From Outer Space WANTED Nntp-Posting-Host: cunixb.cc.columbia.edu Reply-To: ejs16@cunixb.cc.columbia.edu (Eric Jaron Stieglitz) Organization: Me, Myself, and I Lines: 8 I'm looking for a copy of ""Bela Lugosi's last film."" If anyone has a copy of this stinker, please e-"
1527,zero_shot_full_context,3,comp.sys.ibm.pc.hardware,2,comp.os.ms-windows.misc,2,"From: marka@hcx1.ssd.csd.harris.com (Mark Ashley) Subject: Everex Cubes Organization: Ft. Lauderdale, FL Lines: 11 Distribution: usa NNTP-Posting-Host: hcx1.ssd.csd.harris.com Has anybody seen empty Everex's being sold ? I want the cube. Not the computer inards. Will it take standard AT-size motherboards ? Thanks. e-mail please. -- ----------------"
1528,zero_shot_full_context,5,comp.windows.x,14,sci.space,14,"From: sadie@cs.sun.ac.za (Sadie HF) Subject: Looking for Article Organization: Rhodes University, Grahamstown, South Africa X-Newsreader: TIN [version 1.1 PL8] Lines: 19 I am urgently looking for the following article, can I cannot find it anywhere in our local libraries: John Allen Smith ""The Multi-Threaded X Server"" The X Resource Issue 1, pp. 73"
1529,zero_shot_full_context,3,comp.sys.ibm.pc.hardware,6,misc.forsale,6,"From: hielsche@aragorn.CSEE.Lehigh.Edu (Frank Hielscher) Subject: Re: Monitors - Nanao? Organization: Lehigh University Lines: 12 Nntp-Posting-Host: aragorn.csee.lehigh.edu johnn@eskimo.com (John Navitsky) writes: >Hello, I've been following discussions on 17"" monitors in >comp.sys.ibm.pc.hardware and noted that the Nanao seems to get very good >re"
1530,zero_shot_full_context,0,alt.atheism,18,talk.politics.misc,18,"From: edm@twisto.compaq.com (Ed McCreary) Subject: Re: Age of Reason Was: Who has read Rushdie's In-Reply-To: sandvik@newton.apple.com's message of Wed, 21 Apr 1993 06: 38:30 GMT Organization: Compaq Computer Corp <EDM.93Apr20145436@gocart.twisto.compaq.com> <11867@vice.ICO.TEK.COM> <sandvik-200493233434@sandvik-kent.apple.com> Lines: 35 >>>>> On W"
1531,zero_shot_full_context,6,misc.forsale,6,misc.forsale,6,From: wgs1@Ra.MsState.Edu (Walter G. Seefeld) Subject: SyQuest Drive and Cartridges: Lower Price Nntp-Posting-Host: ra.msstate.edu Organization: Mississippi State University Distribution: na Lines: 41 I will take $375 for the whole package. Original post follows: ---------------------------------------------------------------------------- Article: 
1532,zero_shot_full_context,0,alt.atheism,15,soc.religion.christian,15,"From: bcash@crchh410.NoSubdomain.NoDomain (Brian Cash) Subject: Re: Room for Metaphor? Nntp-Posting-Host: crchh410 Organization: Bell Northern Research Lines: 7 I can (and do) take religious writings as a metaphor for life. I do this with all sorts of fiction, from Beowolf to Deep Space Nine. The idea is to not limit yourself to one book, screen ou"
1533,zero_shot_full_context,9,rec.sport.baseball,18,talk.politics.misc,18,"From: snichols@adobe.com (Sherri Nichols) Subject: Re: Harry Caray Organization: Adobe Systems Incorporated Lines: 8 In article <9500@blue.cis.pitt.edu> traven@pitt.edu (Neal Traven) writes: >BTW, have we had a show of hands about who will be attending this year's >SABR National in San Diego? I'll be there... As will I, and the Ultimate Lurker. She"
1534,zero_shot_full_context,17,talk.politics.mideast,16,talk.politics.guns,16,"From: bsadeghi@phoenix.Princeton.EDU (Behzad Sadeghi) Subject: stop all the cross-postings Originator: news@nimaster Nntp-Posting-Host: phoenix.princeton.edu Organization: Princeton University Lines: 14 do not, and i repeat, do not, cross post the following subjects to soc.culture.iranian: Re: Jews Supports Serbs Re: Arab Leaders and Bosnia Re: Hiz"
1535,zero_shot_full_context,8,rec.motorcycles,7,rec.autos,7,"From: sheppamj@sun.soe.clarkson.edu (Matthew Sheppard) Subject: Help me adjust my tappits Organization: Clarkson University Lines: 15 Nntp-Posting-Host: sun.soe.clarkson.edu Well, just got all the parts replaced that needed replced (sprokets+chain) and notice that engine still taps like it did before. All our local 'experts' say it's the tappits th"
1536,zero_shot_full_context,18,talk.politics.misc,16,talk.politics.guns,16,"From: gld@cunixb.cc.columbia.edu (Gary L Dare) Subject: Re: F<O>CUS/HEALTH: The ""Big Secret"" Nntp-Posting-Host: cunixb.cc.columbia.edu Reply-To: gld@cunixb.cc.columbia.edu (Gary L Dare) Organization: PhDs In The Hall Lines: 40 demon@desire.wright.edu (Not a Boomer) writes: >harelb@math.cornell.edu writes: > >> ""IT IS A MATTER OF LOGIC that governme"
1537,zero_shot_full_context,4,comp.sys.mac.hardware,4,comp.sys.mac.hardware,4: comp.sys,"From: gene@theporch.raider.net (Gene Wright) Subject: re: mac portable vs. powerbook 100 answers (?) Organization: The MacInteresteds of Nashville, Tn. Lines: 27 Eric.Choi@p5.f175.n2240.z1.fidonet.org (Eric Choi) writes: > Can the internal hard drive of the MacPortable upgraded to larger capacity? W > > Is there any third party modem greater than 2"
1538,zero_shot_full_context,9,rec.sport.baseball,9,rec.sport.baseball,9,From: snichols@adobe.com (Sherri Nichols) Subject: Re: Relative value of players Organization: Adobe Systems Incorporated Lines: 14 In article <C5ro4H.Lww@world.std.com> jle@world.std.com (Joe M Leonard) writes: >I always thought that a reasonable means of measuring value between >players was to attempt to determine if a team would trade one for >a
1539,zero_shot_full_context,5,comp.windows.x,14,sci.space,14,"From: rtparies@b8.b8.ingr.com (Randy Paries) Subject: :Help with XClearArea Keywords: XDraw,XClearArea Organization: Intergraph Lines: 30 Hi, Could some please tell me the errors of my ways. I am trying to update a drawable. This drawable happens to be a Pixmap on a button. The problem is that after I do the : XClearArea(XtDisplay(m_usr[0]),XtWindo"
1540,zero_shot_full_context,7,rec.autos,16,talk.politics.guns,16,"From: ivab015@chpc.utexas.edu (Albert Wu) Subject: A/C Service Rip-off Organization: The University of Texas System - CHPC Lines: 8 I went to a place called American Car Care Centers to check my car for A/C leak. After ""checking"", I was told that there is a leak in the compressor seal. At the end, in addition to the labor for the check, I was charg"
1541,zero_shot_full_context,19,talk.religion.misc,15,soc.religion.christian,15,"From: psyrobtw@ubvmsd.cc.buffalo.edu (Robert Weiss) Subject: 25 Apr 93 God's Promise in Psalm 56:4 Organization: University at Buffalo Lines: 9 News-Software: VAX/VMS VNEWS 1.41 Nntp-Posting-Host: ubvmsd.cc.buffalo.edu In God, whose word I praise, in God I trust; I will not be afraid. What can mortal man do to me? Psalm 56:4 (NIV)"
1542,zero_shot_full_context,10,rec.sport.hockey,9,rec.sport.baseball,9,"From: roney@selkirk.sfu.ca (Chris J. Roney) Subject: Re: Hey, What about teh Cannucks? Organization: Simon Fraser University, Burnaby, B.C., Canada Lines: 24 grogers@slacvx.slac.stanford.edu (Greg Rogers) writes: >Hi all, >Due to living in the Bay Area, I as unable to see Vancouver's victory over >the Jets last night. I know the score, but that rar"
1543,zero_shot_full_context,11,sci.crypt,16,talk.politics.guns,16,From: strnlght@netcom.com (David Sternlight) Subject: Re: Secret algorithm [Re: Clipper Chip and crypto key-escrow] Organization: DSI/USCRPAC Lines: 23 In article <MJS.93Apr22194125@behemoth.genetics.wisc.edu> mjs@behemoth.genetics.wisc.edu (Mike Schmelzer) writes: > >>> Let me ask you this. Would you trust Richard Nixon with your >>>crypto keys? I
1544,zero_shot_full_context,2,comp.os.ms-windows.misc,4,comp.sys.mac.hardware,4,"From: h8714031@hkuxa.hku.hk (Mok Kam Wah) Subject: Driver for S3801 2MB Card Nntp-Posting-Host: hkuxa.hku.hk Organization: The University of Hong Kong X-Newsreader: TIN [version 1.1 PL6] Lines: 13 Dear Netters, My friend have brought a S3801 card with 2Mb RAM. Is there any new driver for the card available on ftp cites? What is the newest version? "
1545,zero_shot_full_context,14,sci.space,11,sci.crypt,11,"From: thierry@curlie.UUCP (Thierry Lach) Subject: Re: Who is Henry Spencer anyway? Reply-To: thierry@curlie.UUCP (Thierry Lach) Organization: None at all Lines: 32 cam@hawk.adied.oz.au (The Master) writes: > etoyoc@leland.Stanford.EDU (aaron thode) writes: > > >Having tracked sci.space for quite a while, I have some questions > >about a mysterious "
1546,zero_shot_full_context,11,sci.crypt,11,sci.crypt,11,"From: mlm@fuzine.mt.cs.cmu.edu (Michael Mauldin) Subject: Re: Dorothy Denning opposes Clipper, Capstone wiretap chips Nntp-Posting-Host: fuzine.mt.cs.cmu.edu Reply-To: mlm@nl.cs.cmu.edu Organization: School of Computer Science, Carnegie Mellon Lines: 16 In article <1993Apr26.063532.10120@eff.org> mnemonic@eff.org (Mike Godwin) writes: > In article "
1547,zero_shot_full_context,7,rec.autos,7,rec.autos,7,"From: mwalker@chama.eece.unm.edu (Mark Walker) Subject: Re: RFI: Art of clutchless shifting Organization: University of New Mexico, Albuquerque Lines: 13 Distribution: world NNTP-Posting-Host: warlock.eece.unm.edu In article <1993Apr22.133415.21443@magnus.acs.ohio-state.edu>, sjcostan@magnus.acs.ohio-state.edu (Scott J Costanzo) writes: >... He was"
1548,zero_shot_full_context,17,talk.politics.mideast,16,talk.politics.guns,16,"From: aap@wam.umd.edu (Alberto Adolfo Pinkas) Subject: Re: Zionist leaders' frank statements Organization: University of Maryland, College Park Lines: 79 NNTP-Posting-Host: rac3.wam.umd.edu In article <2BF69FC7.2150@news.service.uci.edu> tclock@orion.oac.uci.edu (Tim Clock) writes: >In article <1t5muj$8vt@cville-srv.wam.umd.edu> aap@wam.umd.edu (Al"
1549,zero_shot_full_context,4,comp.sys.mac.hardware,14,sci.space,14,"From: roy@mchip00.med.nyu.edu (Roy Smith) Subject: Re: Monitors - should they be kept on 24 hours a day??? Organization: New York University, School of Medicine Lines: 29 NNTP-Posting-Host: mchip00.med.nyu.edu stubbs@hawk.cs.ukans.edu (Jerry Stubbs) writes: > The electricy consumption will go down if you turn them off overnight, > along with heat. "
1550,zero_shot_full_context,1,comp.graphics,5,comp.windows.x,5,"From: robertw@tekig1.PEN.TEK.COM (Robert J Woolridge) Subject: anonymous ftp sites for graphics Distribution: usa Organization: Tektronix, Inc., Beaverton, OR. Lines: 9 Can someone please give me a couple names of anonymous ftp sites that cater to graphics. I am looking for info/ sources/images for building a ray tracer. Thanks, Robert Woolridge ro"
1551,zero_shot_full_context,9,rec.sport.baseball,9,rec.sport.baseball,9,"From: cs902060@ariel.yorku.ca (GEOFFREY E DIAS) Subject: How does a pitcher get a save? Organization: York University, Toronto, Canada Lines: 4 The subject line says it all. What is the rule that qualifies a pitcher as making a save?"
1552,zero_shot_full_context,8,rec.motorcycles,7,rec.autos,7,"From: tobias@convex.com (Allen Tobias) Subject: Re: Starting trouble CBR600F2 Nntp-Posting-Host: hydra.convex.com Organization: CONVEX Computer Corporation, Richardson, Tx., USA X-Disclaimer: This message was written by a user at CONVEX Computer Corp. The opinions expressed are those of the user and not necessarily those of CONVEX. Lines: 82 In art"
1553,zero_shot_full_context,13,sci.med,14,sci.space,14,"From: FOO@MHFOO.PC.MY (Dr. Foo Meng How) Subject: How to gain access? Organization: Klinik Foo Lines: 11 To Whomever who can help me, I am a doctor from Kota Bharu, Kelantan, Malaysia. I have recently hooked up my private home computer to EMail via the local telephone company. I am really interested in corresponding with other Doctors or medical re"
1554,zero_shot_full_context,6,misc.forsale,6,misc.forsale,6,From: jhdicker@unix.amherst.edu (JAMES HENRY DICKERSON) Subject: WANTED: Pasadenas Cassette or CD Nntp-Posting-Host: amhux1.amherst.edu Organization: Amherst College X-Newsreader: TIN [version 1.1 PL7] Lines: 14 A very good R&B group came out in 1988 called the Pasadenas. I bought their cassette single and fell in love with it. I've tried to find t
1555,zero_shot_full_context,6,misc.forsale,6,misc.forsale,6,"From: vincent@garnet.berkeley.edu (Vincent J. Lee) Subject: Wanted center channel. Pref Infinity or Polk Organization: University of California, Berkeley Lines: 4 Distribution: ba NNTP-Posting-Host: garnet.berkeley.edu I'm interested in a center channel for my home theater. If yu have one and would be interested in selling one please let me know. T"
1556,zero_shot_full_context,15,soc.religion.christian,15,soc.religion.christian,15,"From: JEK@cu.nih.gov Subject: Trinity Lines: 27 James Green writes: > Can't someone describe someone's trinity in simple declarative > sentences that have common meaning? I offer him four attempts. First is an essay by me (largely indebted to Attempts Two and Three), obtainable by sending the message GET TRINITY ANALOGY to LISTSERV@ASUACAD.BITNET o"
1557,zero_shot_full_context,5,comp.windows.x,5,comp.windows.x,5,"From: brown@ftms.UUCP (Vidiot) Subject: Re: program to display .gif files? Reply-To: brown@ftms.UUCP (Vidiot) Organization: Vidiot's Other Hangout Lines: 19 In article <1465@minya.UUCP> jc@minya.UUCP (John Chambers) writes: <It seems silly, but while I've located things like tgif that can edit <gif files, and various tools to convert to/from gif fo"
1558,zero_shot_full_context,19,talk.religion.misc,18,talk.politics.misc,18,"From: eeb1@quads.uchicago.edu (E. Elizabeth Bartley) Subject: Re: What part of ""No"" don't you understand? Reply-To: eeb1@midway.uchicago.edu Organization: University of Chicago Lines: 44 In article <1993Apr26.150845.28537@advtech.uswest.com> > = steven@advtech.uswest.com ( Steve Novak) writes: >> = eeb1@midway.uchicago.edu writes: >>> = Steve Novak"
1559,zero_shot_full_context,0,alt.atheism,0,alt.atheism,0,"From: kmr4@po.CWRU.edu (Keith M. Ryan) Subject: Re: free moral agency Organization: Case Western Reserve University Lines: 29 NNTP-Posting-Host: b64635.student.cwru.edu In article <C5uxJ9.pJ@darkside.osrhe.uoknor.edu> bil@okcforum.osrhe.edu (Bill Conner) writes: >See, I told you there was an atheist mythology, thanks for proving my >point. > >Bill "
1560,zero_shot_full_context,1,comp.graphics,14,sci.space,14,From: u7711501@bicmos.ee.nctu.edu.tw (jih-shin ho) Subject: disp140 [0/7] Organization: National Chiao Tung University X-Newsreader: TIN [version 1.1 PL8] Lines: 299 I have posted DISP140.ZIP to alt.binaries.pictures.utilities. I will upload this package to SIMTEL20 later. ****** You may distribute this program freely for non-commercial use if no f
1561,zero_shot_full_context,13,sci.med,16,talk.politics.guns,16,"From: green@island.COM (Robert Greenstein) Subject: Re: Iridology - Any credence to it??? Organization: Strawman Incorporated Lines: 11 In article <9304261811.AA07821@DPW.COM> jprice@dpw.com (Janice Price) writes: > >I saw a printed up flyer that stated the person was a >""licensed herbologist and iridologist"" I don't believe any state licenses herb"
1562,zero_shot_full_context,12,sci.electronics,12,sci.electronics,12,From: davidj@rahul.net (David Josephson) Subject: Re: Blue LED's Nntp-Posting-Host: bolero Organization: a2i network Distribution: sci.electronics Lines: 27 In <C5yqDE.Cq0@ecf.toronto.edu> gladman@ecf.toronto.edu (GLADMAN AVIV) writes: >In article <Zw6F3B1w165w@inqmind.bison.mb.ca> baden@inqmind.bison.mb.ca (Baden de Bari) writes: >> >> So what's t
1563,zero_shot_full_context,19,talk.religion.misc,18,talk.politics.misc,18,"From: isaackuo@skippy.berkeley.edu (Isaac Kuo) Subject: Re: Who's next? Mormons and Jews? Organization: U.C. Berkeley Math. Department. Lines: 41 NNTP-Posting-Host: skippy.berkeley.edu In article <GERRY.93Apr21132149@onion.cmu.edu> gerry@cmu.edu (Gerry Roston) writes: >No, a no-knock warrant is in clear violation of the 4th amendment. >Okay, what a"
1564,zero_shot_full_context,9,rec.sport.baseball,9,rec.sport.baseball,9,"From: dtate+@pitt.edu (David M. Tate) Subject: Re: How to speed up games (marginally realistic) Organization: Department of Industrial Engineering Lines: 25 ez027993@chip.ucdavis.edu (Gary Built Like Villanova Huckabay) said: >Baseball games take about 2:51 in the NL, and just a shade under 3 hours >in the AL. That's just too damn long. I don't lik"
1565,zero_shot_full_context,9,rec.sport.baseball,9,rec.sport.baseball,9,"From: tknuth@bio.ri.ccf.org (Todd Knuth) Subject: Re: Wounded Redbirds Nntp-Posting-Host: satchmo.bio.ri.ccf.org Reply-To: tknuth@bio.ri.ccf.org Organization: The Cleveland Clinic Foundation Lines: 7 In article 1@acad.drake.edu, sbp002@acad.drake.edu () writes: >Does anyone know the status of Jeffries or Arocha? Arocha broke his finger trying to fi"
1566,zero_shot_full_context,19,talk.religion.misc,18,talk.politics.misc,18,"From: ash@sumex-aim.stanford.edu (David Ash) Subject: Theory on David Koresh Originator: dash@Xenon.Stanford.EDU Organization: Computer Science Department, Stanford University. Lines: 15 My theory is that Koresh was seriously wounded in the initial gunbattle and died on Day 9 of the siege. On Day 11 of the siege he rose from the dead and periodical"
1567,zero_shot_full_context,1,comp.graphics,1,comp.graphics,1,"From: Scott_Rindfleisch@vos.stratus.com Subject: LOOKING FOR GRAIG@TOONTOWN Summary: Do I know you Organization: Stratus Computer, Marlboro Ma. Lines: 10 NNTP-Posting-Host: m72.eng.stratus.com I noticed you post in comp.graphics and know a person with your name. I was wondering if you used to live in Paxton Mass. If so, I have a friend that would l"
1568,zero_shot_full_context,11,sci.crypt,5,comp.windows.x,5,"From: amanda@intercon.com (Amanda Walker) Subject: Re: Once tapped, your code is no good any more. Organization: InterCon Systems Corporation - Herndon, VA USA Lines: 23 Distribution: world Reply-To: amanda@intercon.com (Amanda Walker) NNTP-Posting-Host: chaos.intercon.com X-Newsreader: InterCon TCP/Connect II 1.1 In article <116664@bu.edu>, uni@ac"
1569,zero_shot_full_context,9,rec.sport.baseball,9,rec.sport.baseball,9,"From: nlu@Xenon.Stanford.EDU (Nelson Lu) Subject: Re: Why is Barry Bonds not batting 4th? Organization: Computer Science Department, Stanford University. Lines: 37 In article <1r93di$car@apple.com> chuq@apple.com (Chuq Von Rospach) writes: >punjabi@leland.Stanford.EDU (sanjeev punjabi) writes: > >>Some evidence that is NOT working: > >Take a look a"
1570,zero_shot_full_context,19,talk.religion.misc,15,soc.religion.christian,15,"From: scharle@lukasiewicz.cc.nd.edu (scharle) Subject: Re: Branch Athiests Cult (was Rawlins debunks creationism) Reply-To: scharle@lukasiewicz.cc.nd.edu (scharle) Organization: Univ. of Notre Dame Lines: 82 Please excuse the length of this post, but for personal reasons, I must go on at some length. In article <1r9dd7INNqfk@ctron-news.ctron.com>, "
1571,zero_shot_full_context,16,talk.politics.guns,16,talk.politics.guns,16,"From: andy@SAIL.Stanford.EDU (Andy Freeman) Subject: Re: Some more about gun control... Organization: Computer Science Department, Stanford University. Lines: 24 In article <23APR199302461670@zeus.tamu.edu> djh4484@zeus.tamu.edu (HARTY, DANIEL JOSEPH) writes: > "" A well regulated militia, being necessarry to the security of a free state, > the righ"
1572,zero_shot_full_context,6,misc.forsale,6,misc.forsale,6,"From: tsmith@cerritos.edu Subject: Wanted: Searching for music videos Distribution: world Organization: Cerritos College, Norwalk CA Lines: 26 I am currently searching for old video tapes of music groups of the early 80's to the late 80's. At first I requested VHS formats, but now i'm accepting either VHS, 8MM, OR BETA. The type of format i'm inter"
1573,zero_shot_full_context,1,comp.graphics,12,sci.electronics,12,"From: ket01@rrz.Uni-Koeln.DE (Dr. Reinhard Moeller) Subject: Real Time Visualization Organization: Regional Computing Center, University of Cologne Lines: 19 Distribution: world NNTP-Posting-Host: rs1.rrz.uni-koeln.de Keywords: graphics, simulation Cc: ket01 Hello, I am interested to hear from people working in the field of visual simulation, ie dr"
1574,zero_shot_full_context,3,comp.sys.ibm.pc.hardware,2,comp.os.ms-windows.misc,2,"From: scott@hpcvccl.cv.hp.com (Scott Linn) Subject: Re: Gateway 4DX-33V - too high a price? Nntp-Posting-Host: hpcvccl.cv.hp.com Organization: Hewlett-Packard Company, Corvallis, Oregon USA Lines: 18 gkoh@athena.mit.edu (Glenn Koh) writes: : : Then again, maybe $2445 for the gateway system isn't too cheap. : : I have a system from Micron computers:"
1575,zero_shot_full_context,4,comp.sys.mac.hardware,4,comp.sys.mac.hardware,4,"From: lepard@mayo.edu (Kevin O. Lepard) Subject: Monitor Pinouts needed Reply-To: lepard@mayo.edu Organization: Mayo Foundation Lines: 16 --- I was wondering if someone could send me the pinouts to the Apple 13"" and 14"" RGB monitors. Those parts of the docs seem to have been misplaced around here. Thanks a _lot_ for your help. Kevin ---------------"
1576,zero_shot_full_context,17,talk.politics.mideast,18,talk.politics.misc,18,"From: sunder@grusin.crhc.uiuc.edu (Srinivas Sunder) Subject: Re: The Stage is Being Set Organization: Center for Reliable and High-Performance Computing, University of Illinois at Urbana-Champaign Lines: 33 Distribution: world NNTP-Posting-Host: grusin.crhc.uiuc.edu In article <C6sqCo.IID@ucdavis.edu>, ez000281@hamlet.ucdavis.edu () writes: |> Afte"
1577,zero_shot_full_context,17,talk.politics.mideast,15,soc.religion.christian,15,"From: prabhak@giga.cs.umn.edu (Satya Prabhakar) Subject: Re: Europe vs. Muslim Bosnians Nntp-Posting-Host: giga.cs.umn.edu Organization: University of Minnesota, Minneapolis, CSci dept. Lines: 27 (Mohammed Elabdellaoui) writes: > >Muslims helping the Nazis??? Where on earth do you come up with such >accuusation?? Do you have proofs?? If not, you sh"
1578,zero_shot_full_context,18,talk.politics.misc,16,talk.politics.guns,16,"From: cramer@optilink.COM (Clayton Cramer) Subject: Re: Are Americans sexually repressed? Organization: Optilink Corporation, Petaluma, CA Lines: 86 In article <1993Apr16.174605.21907@a.cs.okstate.edu>, kennejs@a.cs.okstate.edu (KENNEDY JAMES SCOT) writes: # Recent studies have shown that the number of men who have # engaged in homosexual activitie"
1579,zero_shot_full_context,19,talk.religion.misc,16,talk.politics.guns,16,"From: rwd4f@poe.acc.Virginia.EDU (Rob Dobson) Subject: Re: That Kill by Sword, Must be Killed by Sword Organization: University of Virginia Lines: 30 In article <sandvik-210493225738@sandvik-kent.apple.com> sandvik@newton.apple.com (Kent Sandvik) writes: >In article <C5uvvD.GDD@murdoch.acc.Virginia.EDU>, >rwd4f@poe.acc.Virginia.EDU (Rob Dobson) wro"
1580,zero_shot_full_context,5,comp.windows.x,5,comp.windows.x,5,"From: earle@isolar.Tujunga.CA.US (Greg Earle) Subject: Re: Blinking Cursor in Xterm??? Organization: Personal Usenet site, Tujunga, CA USA Lines: 17 Distribution: world NNTP-Posting-Host: isolar.tujunga.ca.us Summary: xneko Keywords: xneko cursor In article <1993May10.022806.8186@griffin.itc.gu.edu.au> michaelw@itc.gu.edu.au writes: >Does anyone ha"
1581,zero_shot_full_context,19,talk.religion.misc,18,talk.politics.misc,18,"From: ekr@kyle.eitech.com (Eric Rescorla) Subject: Re: What part of ""No"" don't you understand? Organization: EIT Lines: 37 NNTP-Posting-Host: kyle.eitech.com In article <1993Apr24.214843.10940@midway.uchicago.edu> eeb1@midway.uchicago.edu writes: >In article <1rbh3n$hav@kyle.eitech.com> >ekr@kyle.eitech.com (Eric Rescorla) writes: >>In article <199"
1582,zero_shot_full_context,10,rec.sport.hockey,9,rec.sport.baseball,9,From: mashumka@fish.Princeton.EDU (Mark Andrew Shumka) Subject: Canucks score Originator: news@nimaster Nntp-Posting-Host: fish.princeton.edu Organization: Princeton University Distribution: na Lines: 5 HELP! I'm stuck here at a computer in New Jersey and have no access to a radio or TV. Could someone kindly post the score of the Canucks-Jets game?
1583,zero_shot_full_context,4,comp.sys.mac.hardware,2,comp.os.ms-windows.misc,2,"From: gunawan@envmsa.eas.asu.edu (iwan gunawan) Subject: Need latest model developer notes ** News-Software: VAX/VMS VNEWS 1.4-b1 Organization: Arizona State University, Tempe, AZ Lines: 17 Hi, Does anyone know where I can get the developer notes for the new Mac models (like IIvx, LC III, Centris)? Thank's for any information. Please reply by email"
1584,zero_shot_full_context,1,comp.graphics,4,comp.sys.mac.hardware,4,From: nfotis@ntua.gr (Nick C. Fotis) Subject: (27 Apr 93) Computer Graphics Resource Listing : WEEKLY [part 2/3] Lines: 1029 Reply-To: nfotis@theseas.ntua.gr (Nick (Nikolaos) Fotis) Organization: National Technical Univ. of Athens Archive-name: graphics/resources-list/part2 Last-modified: 1993/04/27 Computer Graphics Resource Listing : WEEKLY POSTI
1585,zero_shot_full_context,12,sci.electronics,18,talk.politics.misc,18,"From: pat@fegmania.wustl.edu (Pat Niemeyer) Subject: Re: Self-destructing copy protection on VHS tape? Organization: Washington University in Saint Louis, MO USA Lines: 22 Reply-To: pat@fegmania.wustl.edu NNTP-Posting-Host: fegmania.wustl.edu Originator: pat@fegmania schuch@phx.mcd.mot.com (John Schuch) writes: >I have always thought that if I want"
1586,zero_shot_full_context,11,sci.crypt,11,sci.crypt,11,"From: steve-b@access.digex.com (Steve Brinich) Subject: Re: Is it illegal to transmit encrypted data? Organization: Express Access Online Communications, Greenbelt, MD USA Lines: 7 NNTP-Posting-Host: access.digex.net > I'm afraid I have to disagree with you on that point. NSA will *not* >tell RSA or any other non-DOD entity anything that its eavesd"
1587,zero_shot_full_context,0,alt.atheism,15,soc.religion.christian,15,From: bil@okcforum.osrhe.edu (Bill Conner) Subject: Re: free moral agency Nntp-Posting-Host: okcforum.osrhe.edu Organization: Okcforum Unix Users Group X-Newsreader: TIN [version 1.1 PL9] Distribution: na Lines: 142 Andrew Newell (TAN102@psuvm.psu.edu) wrote: : > : >I think you're letting atheist mythology confuse you on the issue of : (WEBSTER: my
1588,zero_shot_full_context,15,soc.religion.christian,15,soc.religion.christian,15,"From: JEK@cu.nih.gov Subject: Bernadette dates Lines: 14 Joe Moore writes: > Mary at that time appeared to a girl named Bernadette at > Lourdes. She referred to herself as the Immaculate Conception. > Since a nine year old would have no way of knowing about the > doctrine, the apparition was deemed to be true and it sealed > the case for the doctri"
1589,zero_shot_full_context,10,rec.sport.hockey,17,talk.politics.mideast,17,From: cuorg@uxa.ecn.bgu.edu (Orazio Guagliano) Subject: Re: Schedule... Organization: Educational Computing Network Lines: 27 NNTP-Posting-Host: uxa.ecn.bgu.edu In article <1993Apr20.233724.26553@news.columbia.edu> gld@cunixb.cc.columbia.edu (Gary L Dare) writes: >mre@teal.Eng.Sun.COM (Mike Eisler) writes: >>gld@cunixb.cc.columbia.edu (Gary L Dare)
1590,zero_shot_full_context,19,talk.religion.misc,15,soc.religion.christian,15,"From: geb@cs.pitt.edu (Gordon Banks) Subject: Re: [lds] Birth of a Church Reply-To: geb@cs.pitt.edu (Gordon Banks) Organization: Univ. of Pittsburgh Computer Science Lines: 22 In article <C5x97x.1EA@acsu.buffalo.edu> psyrobtw@ubvmsb.cc.buffalo.edu (Robert Weiss) writes: > >""No church will admit that I am right except the one with which I am >associ"
1591,zero_shot_full_context,5,comp.windows.x,5,comp.windows.x,5,"From: brown@ftms.UUCP (Vidiot) Subject: Re: viewing postscript files under X windows Reply-To: brown@ftms.UUCP (Vidiot) Organization: Vidiot's Other Hangout Lines: 30 In article <gordons.737605006@mon.sps.mot.com> gordons@mon.sps.mot.com (Gordon Sasamori) writes: <In <604@ftms.UUCP> brown@ftms.UUCP (Vidiot) writes: < <>OW 3.0 is the same. But, the "
1592,zero_shot_full_context,15,soc.religion.christian,15,soc.religion.christian,15,"From: carlson@ab24.larc.nasa.gov (Ann Carlson) Subject: Re: Homosexuality issues in Christianity Organization: NASA Langley Research Center, Hampton, VA USA Lines: 26 In article <May.7.01.08.16.1993.14381@athos.rutgers.edu>, whitsebd@nextwork.rose-hulman.edu (Bryan Whitsell) writes: |> Any one who thinks that Homosexuality and Christianity are comp"
1593,zero_shot_full_context,6,misc.forsale,6,misc.forsale,6,"From: gld@cunixb.cc.columbia.edu (Gary L Dare) Subject: Physically sound LP RECORDS 4 sale, trade or barter Nntp-Posting-Host: cunixb.cc.columbia.edu Reply-To: gld@cunixb.cc.columbia.edu (Gary L Dare) Organization: PhDs In The Hall Distribution: usa Lines: 34 I still have about 70 records left on hand, all in pristine condition (except where noted)"
1594,zero_shot_full_context,16,talk.politics.guns,16,talk.politics.guns,16,"From: lvc@cbnews.cb.att.com (Larry Cipriani) Subject: Re: Two Questions Organization: Ideology Busters, Inc. Lines: 25 In article <16BB910F7.PA146008@UTKVM1.UTK.EDU> PA146008@UTKVM1.UTK.EDU (David Veal) writes: >In article <16BB8C820.SBANKA@VM.TEMPLE.EDU> >SBANKA@VM.TEMPLE.EDU writes: > >>I'd appreciate any help anyone could give me on these two qu"
1595,zero_shot_full_context,10,rec.sport.hockey,9,rec.sport.baseball,9,"From: joe13+@pitt.edu (Joseph B Stiehm) Subject: Bruins Organization: University of Pittsburgh Lines: 13 Come on Boston, where the hell are you? Seven wins in a row and what, choke? I'd much rather see the Bruins in the Wales Conference finals vs. Pitt than Buffalo or Quebec, if only because it would be more interesting. Not that Buffalo or Quebec "
1596,zero_shot_full_context,16,talk.politics.guns,16,talk.politics.guns,16,"From: loki@acca.nmsu.edu (Entropic Destroyer) Subject: Letter in Colorado Daily Organization: New Mexico State University Lines: 85 NNTP-Posting-Host: kazak.nmsu.edu X-Newsreader: TIN [version 1.1 PL9] The Colorado Daily recently reprinted the Wall Street Journal's article on Paxton Quigley, including the nefarious little paragraph the Journal tack"
1597,zero_shot_full_context,15,soc.religion.christian,15,soc.religion.christian,15,"From: shellgate!llo@uu4.psi.com (Larry L. Overacker) Subject: Re: If There Were No Hell Organization: Shell Oil Lines: 21 In article <May.9.05.38.07.1993.27316@athos.rutgers.edu> u0mrm@csc.liv.ac.uk (M.R. Mellodew) writes: >In article <May.5.02.51.25.1993.28737@athos.rutgers.edu>, shellgate!llo@uu4.psi.com (Larry L. Overacker) writes: > >> Fear-bas"
1598,zero_shot_full_context,9,rec.sport.baseball,9,rec.sport.baseball,9,"From: cka52397@uxa.cso.uiuc.edu (OrioleFan@uiuc) Subject: Re: BEST FIRST BASEMEN... Organization: University of Illinois at Urbana Lines: 26 (Sean Garrison) writes: >In article <1993Apr20.102857.1@tesla.njit.edu>, drm6640@tesla.njit.edu >wrote: >> >> DON MATTINGLY IS THE BEST FIRST BASEMAN IN THE HISTORY OF BASEBALL.....ALWAYS >> HAS BEEN.....ALWAY"
1599,zero_shot_full_context,18,talk.politics.misc,18,talk.politics.misc,18,"From: walsh@optilink.COM (Mark Walsh) Subject: Re: Can't have it both ways- News as enemy, News as supporter. Organization: Optilink Corporation, Petaluma, CA Lines: 60 From article <1qvampINNmhf@darkstar.UCSC.EDU>, by stephen@orchid.UCSC.EDU: > Mr Cramer- > You are on one hand condemning the news media as; > ""The Role of the National News Media in"
1600,zero_shot_full_context,2,comp.os.ms-windows.misc,5,comp.windows.x,5,"From: louray@seas.gwu.edu (Michael Panayiotakis) Subject: Re: Help with changing Startup logo Organization: George Washington University Lines: 69 In article <735952415.AA01739@f-454.fidonet.org> C..Doelle@p26.f3333.n106.z1.fidonet.org (C. Doelle) writes: >Hello Brad! > >Monday April 26 1993 17:24, Brad Smalling wrote to (crosspost 1) All: > > BS> "
1601,zero_shot_full_context,7,rec.autos,17,talk.politics.mideast,17,"From: behanna@syl.nj.nec.com (Chris BeHanna) Subject: Re: Best Radar Detector Keywords: PHOTOTRAPS.... Organization: NEC Systems Laboratory, Inc. Lines: 19 In article <1993Apr26.150614.27597@westminster.ac.uk> jkjec@westminster.ac.uk (Shazad Barlas) writes: >Hi - now that we have these GATSO photo speed traps here, I was wondering if >anyone knows "
1602,zero_shot_full_context,16,talk.politics.guns,16,talk.politics.guns,16,From: roby@chopin.udel.edu (Scott W Roby) Subject: Re: What if the Dividians were black? Nntp-Posting-Host: chopin.udel.edu Organization: University of Delaware Lines: 17 In article <1993Apr9.134525.21567@medtron.medtronic.com> rn11195@medtronic.COM (Robert Nehls) writes: >Kenneth D. Whitehead (kdw@icd.ab.com) wrote: >: oleary@cbnewsh.cb.att.com (b
1603,zero_shot_full_context,2,comp.os.ms-windows.misc,2,comp.os.ms-windows.misc,2,"From: cfw@world.std.com (Christopher F Wroten) Subject: Problem on DOS box from Windows - ""this file is compressed..."" Organization: The World Public Access UNIX, Brookline, MA Lines: 16 I've started getting a message from Windows 3.1 whenever I try to execute a DOS program from Windows, either thru the Program Manager or the File Manager. A messag"
1604,zero_shot_full_context,0,alt.atheism,15,soc.religion.christian,15,From: Alan.Olsen@p17.f40.n105.z1.fidonet.org (Alan Olsen) Subject: some thoughts. Lines: 47 rh> From: house@helios.usq.EDU.AU (ron house) rh> Newsgroups: alt.atheism rh> Organization: University of Southern Queensland rh> bissda@saturn.wwc.edu (DAN LAWRENCE BISSELL) writes: > First I want to start right out and say that I'm a Christian. It rh> I _k
1605,zero_shot_full_context,17,talk.politics.mideast,15,soc.religion.christian,15,"From: aap@wam.umd.edu (Alberto Adolfo Pinkas) Subject: Re: Israel: An Apartheid state. Organization: University of Maryland, College Park Lines: 22 NNTP-Posting-Host: rac2.wam.umd.edu In article <2710@spam.maths.adelaide.edu.au> jaskew@spam.maths.adelaide.edu.au (Joseph Askew) writes: >In article <1smllm$m06@cville-srv.wam.umd.edu> aap@wam.umd.edu "
1606,zero_shot_full_context,4,comp.sys.mac.hardware,3,comp.sys.ibm.pc.hardware,3,"From: RUTIJOH1@chico.acc.iit.edu (USERS) Subject: Re: Quadra 900/950 Article-I.D.: iitmax.1993Apr22.232256.20899 Organization: ILLINOIS INSTITUTE OF TECHNOLOGY, CHICAGO Lines: 17 In-Reply-To: armani@edgeway.wimsey.bc.ca's message of Wed, 21 Apr 1993 16:59:07 PST X-News-Reader: VMS NEWS 1.24 In <1993Apr21.165907.189558@edgeway.wimsey.bc.ca> armani@e"
1607,zero_shot_full_context,19,talk.religion.misc,15,soc.religion.christian,15,"From: lionel@cs.city.ac.uk (Lionel Tun) Subject: Re: Burden of Proof Organization: Computer Science Dept, City University, London Lines: 23 NNTP-Posting-Host: barney.cs.city.ac.uk In article <C5t5sF.8oz@mentor.cc.purdue.edu> frittsbc@sage.cc.purdue.edu (Brian Fritts) writes: > I saw one theist on this net talking about the absurdity of one saying h"
1608,zero_shot_full_context,13,sci.med,15,soc.religion.christian,15,"From: Lawrence Curcio <lc2b+@andrew.cmu.edu> Subject: Athlete's Heart Organization: Doctoral student, Public Policy and Management, Carnegie Mellon, Pittsburgh, PA Lines: 16 NNTP-Posting-Host: andrew.cmu.edu I've read that exercise makes the heart pump more blood at a stroke, and that it also makes the heart pumb slower, in order to make up for the"
1609,zero_shot_full_context,2,comp.os.ms-windows.misc,2,comp.os.ms-windows.misc,2,"From: ece_0027@bigdog.engr.arizona.edu (The Crazy Diamond) Subject: WinPrinter 800 - A real deal !?!? Keywords: WinPrinter from LaserMaster Corp. Organization: University of Arizona Lines: 21 Hello Netters I recenlty aquired enough money to purchase a laser printer. The other day, I bought the COMPUTER SHOPPER mag. I was looking through printer rev"
1610,zero_shot_full_context,0,alt.atheism,15,soc.religion.christian,15,"From: I3150101@dbstu1.rz.tu-bs.de (Benedikt Rosenau) Subject: Re: Yet more Rushdie [Re: ISLAMIC LAW] Organization: Technical University Braunschweig, Germany Lines: 32 In article <116172@bu.edu> jaeger@buphy.bu.edu (Gregg Jaeger) writes: >> I'm not in a position to say, since I know nothing >> about the situation. That does not, in my estimation, q"
1611,zero_shot_full_context,7,rec.autos,7,rec.autos,7,"From: leapman@austin.ibm.com (Scott Leapman) Subject: Car Alarms- Which One? Originator: leapman@junior.austin.ibm.com Reply-To: $LOGIN@austin.ibm.com Organization: IBM Austin Lines: 9 Before we get into another discussion on the relative merits of a car alarm, let's go on the assumption that one is desired. The question then remains, which one? I'"
1612,zero_shot_full_context,10,rec.sport.hockey,9,rec.sport.baseball,9,"From: sesrock@andy.bgsu.edu (Stuart Esrock) Subject: Re: Joseph and Blues Shut down WartHAwks Blues up 2-0 Organization: Bowling Green State University B.G., Oh. Lines: 22 cr292@cleveland.Freenet.Edu (Jim Schenk) writes: > > One last point, Darryl Sutter is getting badly out coached by Bob Berry. The > madder Darryl gets the more he reminds me of B"
1613,zero_shot_full_context,13,sci.med,16,talk.politics.guns,16,"From: carl@SOL1.GPS.CALTECH.EDU (Carl J Lydick) Subject: Re: Is MSG sensitivity superstition? Organization: HST Wide Field/Planetary Camera Lines: 29 Distribution: world Reply-To: carl@SOL1.GPS.CALTECH.EDU NNTP-Posting-Host: sol1.gps.caltech.edu In article <1rcfj2INNmds@roundup.crhc.uiuc.edu>, mary@uicsl.csl.uiuc.edu (Mary E. Allison) writes: =Whic"
1614,zero_shot_full_context,4,comp.sys.mac.hardware,14,sci.space,14,"From: b91926@fnclub.fnal.gov (David Sachs) Subject: Re: What's that chime? Organization: Fermi National Accelerator Laboratory, Batavia IL Lines: 18 Distribution: usa NNTP-Posting-Host: fnclub.fnal.gov In article <1993Apr22.055150.28215@nmt.edu>, changw@nmt.edu (willie* chang) writes: |> It happened to my classic ii once. At startup, after the usua"
1615,zero_shot_full_context,16,talk.politics.guns,18,talk.politics.misc,18,"From: mroberts@ptdcs2.intel.com (Mark Roberts ~) Subject: Re: FYI - BATF reply on Waco Organization: Intel Corporation -- Aloha, Oregon Lines: 25 In article <1993Apr20.060635.26568@ke4zv.uucp> gary@ke4zv.UUCP (Gary Coffman) writes: >In article <nagleC5n2sz.5IA@netcom.com> nagle@netcom.com (John Nagle) writes: >> The San Francisco Examiner reports t"
1616,zero_shot_full_context,19,talk.religion.misc,18,talk.politics.misc,18,"From: ""David R. Sacco"" <dsav+@andrew.cmu.edu> Subject: Re: ABORTION and private health coverage -- letters regarding Organization: Misc. student, Carnegie Mellon, Pittsburgh, PA Lines: 8 <1993Apr21.123812.8822@desire.wright.edu> NNTP-Posting-Host: po2.andrew.cmu.edu In-Reply-To: <1993Apr21.123812.8822@desire.wright.edu> On 21-Apr-93 in Re: ABORTION"
1617,zero_shot_full_context,6,misc.forsale,6,misc.forsale,6,"Subject: VHS Movies [must sell because I am moving] From: koutd@hiramb.hiram.edu (DOUGLAS KOU) Organization: Hiram College Nntp-Posting-Host: hiramb.hiram.edu Lines: 22 Those VHS movies have to be sold because I am moving in 6 weeks. And I have no idea what happend to those people who made the deal with me before. So here I am, trying to post anoth"
1618,zero_shot_full_context,18,talk.politics.misc,14,sci.space,14,"Subject: Re: some scientists do not believe in the green house effect From: rodger-scoggin@ksc.nasa.gov (Rodger C. Scoggin) Nntp-Posting-Host: 128.159.2.197 Lines: 7 In article <26VB3B9w164w@cellar.org>, techie@cellar.org (William A Bacon) says: The word some sums it up, alot of scientist have concluded that without a doubt Global Climate will/is o"
1619,zero_shot_full_context,6,misc.forsale,4,comp.sys.mac.hardware,4,"From: jla@priam.CS.Berkeley.EDU (Joseph Arceneaux) Subject: Mac Software For Sale Organization: University of California, Berkeley Lines: 8 Distribution: usa NNTP-Posting-Host: priam.cs.berkeley.edu Summary: Claris Filemaker Pro Database Manager for sale Claris Filemaker Pro Database Manager for sale. Still in package. $240 or best offer. Call (415"
1620,zero_shot_full_context,17,talk.politics.mideast,15,soc.religion.christian,15,"From: sera@zuma.UUCP (Serdar Argic) Subject: The Armenians did not form a distinct race. Reply-To: sera@zuma.UUCP (Serdar Argic) Distribution: world Lines: 147 In article <C7185t.9xJ@unix.amherst.edu> eerginel@unix.amherst.edu (ERDEM ERGINEL) writes: >My question is, given so many separations in the Armenian community, what >was the common denomina"
1621,zero_shot_full_context,12,sci.electronics,12,sci.electronics,12,"From: jaeger.ka.sub.org!stephan (Stephan Jaeger) Subject: Study as audio control engineer in the U.S.A. Organization: Stephan's Unox Bastelladen Lines: 32 Hi, folks out there ! I don't know whether I am in the right newsgroup, but I have a question. If I am completely wrong here in this group, could you mail me the right name of the correct newsgro"
1622,zero_shot_full_context,11,sci.crypt,11,sci.crypt,11,"From: steve-b@access.digex.com (Steve Brinich) Subject: Re: New Encryption Algorithm Organization: Express Access Online Communications, Greenbelt, MD USA Lines: 8 NNTP-Posting-Host: access.digex.net Keywords: NEA > Well, actually, this one's easy. It's their job. The NSA is >supposed to develop cryptosystems. If the government chooses to go >ahead"
1623,zero_shot_full_context,14,sci.space,14,sci.space,14,"From: kjenks@gothamcity.jsc.nasa.gov Subject: Re: Single Launch Space Station Organization: NASA/JSC/GM2, Space Shuttle Program Office X-Newsreader: TIN [version 1.1 PL8] X-Posted-From: algol.jsc.nasa.gov NNTP-Posting-Host: sol.ctr.columbia.edu Lines: 26 : Andy Cohen <Cohen@ssdgwy.mdc.com> writes: : >the Single Launch Core Station concept. A Shuttl"
1624,zero_shot_full_context,15,soc.religion.christian,15,soc.religion.christian,15,"From: norris@athena.mit.edu (Richard A Chonak) Subject: 'Latin' mailing list Reply-To: norris@mit.edu Organization: l'organisation, c'est moi Lines: 16 From the June newsletter of the Latin Liturgy Association: There is a new e-mail discussion group: LATIN-L, a forum for people interested in classical Latin, medieval Latin, Neo-Latin; the languages"
1625,zero_shot_full_context,16,talk.politics.guns,18,talk.politics.misc,18,"From: bixledn@eng.auburn.edu (David N. Bixler) Subject: Re: Repeat violent criminals--is reform often Nntp-Posting-Host: lab9.eng.auburn.edu Reply-To: bixledn@eng.auburn.edu Organization: Auburn University Engineering Lines: 42 In article 23303@husc3.harvard.edu, kim39@scws8.harvard.edu (John Kim) writes: > > > From the Boston Globe, Thursday April"
1626,zero_shot_full_context,13,sci.med,14,sci.space,14,"From: dyer@spdcc.com (Steve Dyer) Subject: Re: Antihistamine for sleep aid Organization: S.P. Dyer Computer Consulting, Cambridge MA In article <1993Apr29.052044.23918@nmt.edu> houle@nmt.edu (Paul Houle) writes: > Anyway, I am looking for advice for the use of >antihistamines as sleep aids, and if there are any dangers of such use >(Seems safe to m"
1627,zero_shot_full_context,18,talk.politics.misc,16,talk.politics.guns,16,"From: thyat@sdf.lonestar.org (Tom Hyatt) Subject: Re: Waco survivors 1715 19 April Summary: Lessons and clarifications in weapons calibres. Organization: sdf public access Unix, Dallas TX 214/436-3281 Lines: 52 In article <1993Apr20.135819.14473@e2big.mko.dec.com> busta@kozmic.enet.dec.com writes: > >In article <C5sEGz.Mwr@dscomsa.desy.de>, hallam@"
1628,zero_shot_full_context,8,rec.motorcycles,17,talk.politics.mideast,17,"Subject: Re: CB750 C with flames out the exhaust!!!!---->>> From: Stafford@Vax2.Winona.MSUS.Edu (John Stafford) Distribution: world Organization: Winona State University Nntp-Posting-Host: stafford.winona.msus.edu Lines: 16 In article <C5w9y0.EBt@cmptrc.lonestar.org>, neal@cmptrc.lonestar.org (Neal Howard) wrote: > > > Hey, the Lone Biker of the Ap"
1629,zero_shot_full_context,16,talk.politics.guns,16,talk.politics.guns,16,"From: HADCRJAM@admin.uh.edu (MILLER, JIMMY A.) Subject: Re: ATF BURNS DIVIDIAN RANCH! NO SURVIVORS!!! Organization: University of Houston Administrative Computing Lines: 30 Distribution: world NNTP-Posting-Host: uhad2.admin.uh.edu X-News-Reader: VMS NEWS 1.24 In-Reply-To: dbernard@clesun.Central.Sun.COM's message of 22 Apr 1993 11:36:47 GMT In <1r6"
1630,zero_shot_full_context,1,comp.graphics,4,comp.sys.mac.hardware,4,From: abig@netcom.com (Access Bus Industry Gp) Subject: ACCESS.bus (Re: ACCESS.bus Software Creator's Contest) Organization: NETCOM On-line Communication Services (408 241-9760 guest) Lines: 92 Intro to ACCESS.bus (RE: the ACCESS.bus Software Creator's Contest Announcement) WHAT IS ACCESS.bus? ACCESS.bus is a new open industry standard for computer
1631,zero_shot_full_context,9,rec.sport.baseball,2,comp.os.ms-windows.misc,2,"From: hagins@avlin8.us.dg.com (Jody Hagins) Subject: Bitmaps of team logos Reply-To: hagins@avlin8.us.dg.com Organization: Data General Corporation, Linthicum, MD Lines: 13 I heard they were posted somewhere, but I can not find them. Please e-mail location. Thanks, -Jody -- Jody Hagins -- hagins@avlin8.us.dg.com Data General Corporation, Linthicum,"
1632,zero_shot_full_context,11,sci.crypt,14,sci.space,14,From: jebright@magnus.acs.ohio-state.edu (James R Ebright) Subject: Re: The [secret] source of that announcement Nntp-Posting-Host: bottom.magnus.acs.ohio-state.edu Organization: The Ohio State University Distribution: inet Lines: 57 In article merlin@lerami.lerctr.org (David Hayes) writes: >In article amolitor@nmsu.edu (Andrew Molitor) writes: >>I
1633,zero_shot_full_context,8,rec.motorcycles,8,rec.motorcycles,8,"From: nelson@seahunt.imat.com (Michael Nelson) Subject: Re: Need Maintenance tips Nntp-Posting-Host: seahunt.imat.com Organization: SeaHunt, San Francisco CA Lines: 20 In article <C5rIwA.2or@world.std.com> CGKarras@world.std.com (Christopher G Karras) writes: > >After reading the service manual for my bike (Suzuki GS500E--1990) I have >a couple of "
1634,zero_shot_full_context,16,talk.politics.guns,18,talk.politics.misc,18,"From: jtrascap@nyx.cs.du.edu (Jim Trascapoulos) Subject: Re: Denver Post Classifieds: No assault weapons Organization: University of Denver, Dept. of Math & Comp. Sci. Lines: 51 eesnyder@boulder.Colorado.EDU (Eric E. Snyder) writes: >I came across the following notice in the Denver Post classified secctio >this morning (April 26, 1993): >\begin{quo"
1635,zero_shot_full_context,8,rec.motorcycles,7,rec.autos,7,"From: essbaum@rchland.vnet.ibm.com (Alexander Essbaum) Subject: exhaust coating Disclaimer: This posting represents the poster's views, not necessarily those of IBM Nntp-Posting-Host: relva.rchland.ibm.com Organization: IBM Rochester Lines: 29 since at least one other person was interested in this: my FZR's black exhaust pipes are rusty and i resea"
1636,zero_shot_full_context,9,rec.sport.baseball,9,rec.sport.baseball,9,From: IO20456@MAINE.MAINE.EDU (Ryan Robbins) Subject: Re: Infield Fly Rule <1993Apr15.200624.14745@scott.skidmore.edu> <93106.202527IO20456@MAINE.MAINE.EDU> <1993Apr20.212819.23902@holos0.uucp> Organization: University of Maine System Lines: 7 You can't call time when there's a play in progress. Ryan Robbins Penobscot Hall University of Maine IO204
1637,zero_shot_full_context,1,comp.graphics,4,comp.sys.mac.hardware,4: comp.sys,"From: rickt@sapphire.zed.com (Rickey Thomas Tom) Subject: wanted, how to do a screen dump of a VGA screen Organization: Project Zed Lines: 14 How can one dump to the printer, the content of a VGA screen. If it were a text screen, we can execute a shift printscr. but with graphics, we have to do a pixed by pixel print. It would be greatly appreciate"
1638,zero_shot_full_context,18,talk.politics.misc,16,talk.politics.guns,16,"From: jlodman@cs.ucsd.edu (Michael Lodman) Subject: Re: Welcome to Police State USA Organization: CSE Department, UC San Diego Lines: 18 Nntp-Posting-Host: beowulf.ucsd.edu In article <C5sI9G.Hx@dscomsa.desy.de> hallam@zeus02.desy.de writes: >The above conveniently ignores the murder of four BATF agents by the >Branch Davidians in an unprovoked amb"
1639,zero_shot_full_context,17,talk.politics.mideast,18,talk.politics.misc,18,"From: cshi@cs.ulowell.edu (Godada Shi) Subject: Re: Egypt cuts phone lines with Independent Muslim states Keywords: international, non-usa government, government, intelligence, politics, religion Organization: UMass-Lowell Computer Science Lines: 9 In article <benali.737302463@alcor> benali@alcor.concordia.ca ( ILYESS B. BDIRA ) writes: >clarinews@"
1640,zero_shot_full_context,5,comp.windows.x,5,comp.windows.x,5,"From: xmplus@ani.univie.ac.AT (Bernhard Strassl) Subject: ANNOUNCE: Xm++/CommonInteract UI Development Sys Organization: Vienna University Computer Center, Austria Lines: 157 NNTP-Posting-Host: enterpoop.mit.edu To: xannounce@expo.lcs.mit.edu Xm++/CommonInteract Another User Interface Development System ------------------- If you would like to impl"
1641,zero_shot_full_context,11,sci.crypt,16,talk.politics.guns,16,"From: Grant@DOCKMASTER.NCSC.MIL (Lynn R Grant) Subject: Re: Once they get your keys.... Organization: Yale CS Mail/News Gateway Lines: 16 About 50 people so far have asked, ""Once the FBI gets your Clipper keys, won't they be able to read all your future and past traffic?"" There has been no response from NIST, NSA, Ms. Denning, Mr. Hellman, or anyon"
1642,zero_shot_full_context,12,sci.electronics,4,comp.sys.mac.hardware,4,"From: erini@enterprise.ifp.uiuc.edu (Erini Doss) Subject: CELLULAR ANTENNAS Organization: University of Illinois at Urbana Lines: 14 i need to get some info a.s.a.p. about the cellular antenna market out there right now: who are the main companies making them, how much do they cost, what are the specs (such as gain , directivity, etc.), and who is "
1643,zero_shot_full_context,16,talk.politics.guns,16,talk.politics.guns,16,"From: cdt@sw.stratus.com (C. D. Tavares) Subject: Re: ATF BURNS DIVIDIAN RANCH! NO SURVIVORS!!! Organization: Stratus Computer, Inc. Lines: 61 Distribution: world NNTP-Posting-Host: rocket.sw.stratus.com Keywords: Nata thing !! In article <1993Apr21.053035.29591@mcs.kent.edu>, mhamilto@Nimitz.mcs.kent.edu (The Lawnmowerman) writes: > > Oh, then, I "
1644,zero_shot_full_context,1,comp.graphics,4,comp.sys.mac.hardware,4,"From: deb47099@uxa.cso.uiuc.edu (Daniel E. Bradley) Subject: Fractal terrain generator? Keywords: fractal terrain mac Organization: University of Illinois at Urbana Lines: 10 Does anyone know of a fractal terrain generator for Mac, something I could hopefully import into a 3D program like Swivel or Stratavision? I know Infini-D has built in capabil"
1645,zero_shot_full_context,14,sci.space,18,talk.politics.misc,18,From: clements@vax.oxford.ac.uk Subject: Re: U.S. Government and Science and Technolgy Investment Organization: Oxford University VAX 6620 Lines: 16 It should be noted that the US benefitted not only from German science and technology after WW2 but also from British science and technology. From the discovery and manufacture of penicillin to jet eng
1646,zero_shot_full_context,14,sci.space,14,sci.space,14,"From: wcsbeau@superior.carleton.ca (OPIRG) Subject: Re: Space Marketing would be wonderfull. Organization: Carleton University, Ottawa, Canada Lines: 19 In article <C73u77.84x@world.std.com> vis@world.std.com (Tom R Courtney) writes: >I got incensed when I read that Carl Sagan called this idea an ""abomination."" >I don't think that word means what h"
1647,zero_shot_full_context,5,comp.windows.x,5,comp.windows.x,5,From: brown@ftms.UUCP (Vidiot) Subject: Re: viewing postscript files under X windows Reply-To: brown@ftms.UUCP (Vidiot) Organization: Vidiot's Other Hangout Lines: 25 In article <gordons.737161050@mon> gordons@mon.sps.mot.com (Gordon Sasamori) writes: <In <C6tGoJ.20J@inmet.camb.inmet.com> gjs@corsica.camb.inmet.com (George Snyder) writes: < <>In ar
1648,zero_shot_full_context,17,talk.politics.mideast,18,talk.politics.misc,18,"From: tclock@orion.oac.uci.edu (Tim Clock) Subject: Re: Peace Talks Nntp-Posting-Host: orion.oac.uci.edu Organization: University of California, Irvine Lines: 47 In article <1993May15.020244.9629@news.columbia.edu> pgf5@cunixb.cc.columbia.edu (Peter Garfiel Freeman) writes: >In article <2BF36F14.21492@news.service.uci.edu> tclock@orion.oac.uci.edu "
1649,zero_shot_full_context,11,sci.crypt,16,talk.politics.guns,16,"From: mnemonic@eff.org (Mike Godwin) Subject: Re: Dorothy Denning opposes Clipper, Capstone wiretap chips Originator: mnemonic@eff.org Nntp-Posting-Host: eff.org Organization: Electronic Frontier Foundation Lines: 17 In article <C614BJ.BK6@agora.rain.com> jhart@agora.rain.com (Jim Hart) writes: >""The security of the system should depend only on the"
1650,zero_shot_full_context,0,alt.atheism,15,soc.religion.christian,15,From: ed@wente.llnl.gov (Ed Suranyi) Subject: Re: Asimov stamp Organization: UC Davis Dept of Applied Science at LLNL Lines: 18 NNTP-Posting-Host: wente.llnl.gov In article <C61H4H.8D4@dcs.ed.ac.uk> pdc@dcs.ed.ac.uk (Paul Crowley) writes: >Quoting schnitzi@eustis.cs.ucf.edu (Mark Schnitzius) in article <schnitzi.735603785@eustis>: >>I'm sure all th
1651,zero_shot_full_context,1,comp.graphics,11,sci.crypt,11,From: nfotis@ntua.gr (Nick C. Fotis) Subject: (27 Apr 93) Computer Graphics Resource Listing : WEEKLY [part 3/3] Lines: 1529 Reply-To: nfotis@theseas.ntua.gr (Nick (Nikolaos) Fotis) Organization: National Technical Univ. of Athens Archive-name: graphics/resources-list/part3 Last-modified: 1993/04/27 Computer Graphics Resource Listing : WEEKLY POSTI
1652,zero_shot_full_context,4,comp.sys.mac.hardware,4,comp.sys.mac.hardware,4,"From: blakey@ug.cs.dal.ca (Jason ""Fish"" Blakey) Subject: OOps, probably should of been more specific on the Newlife Nntp-Posting-Host: ug.cs.dal.ca Organization: Math, Stats & CS, Dalhousie University, Halifax, NS, Canada Lines: 15 Here's my system desc: 4 megs on the main board, 1 on the accelerator board mac -plus, with the most recent roms (D) t"
1653,zero_shot_full_context,19,talk.religion.misc,15,soc.religion.christian,15,"Subject: Re: Albert Sabin From: lippard@skyblu.ccit.arizona.edu (James J. Lippard) Distribution: world,local Organization: University of Arizona Nntp-Posting-Host: skyblu.ccit.arizona.edu News-Software: VAX/VMS VNEWS 1.41 Lines: 26 In article <1r67ruINNmle@ctron-news.ctron.com>, king@ctron.com (John E. King) writes... > >rfox@charlie.usd.edu writes"
1654,zero_shot_full_context,2,comp.os.ms-windows.misc,17,talk.politics.mideast,17,"From: thg@cam-orl.co.uk (Tim Glauert) Subject: Re: Challenge to Microsoft supporters. Nntp-Posting-Host: okra.cam-orl.co.uk Organization: Olivetti Research Ltd, Cambridge, England. Lines: 15 In article <14957@news.duke.edu>, kdb@sunbar.mc.duke.edu (Kurt Bollacker) writes: |> None of this changes the fact that MSW3.1 is objectively inferior to its |"
1655,zero_shot_full_context,18,talk.politics.misc,16,talk.politics.guns,16,"From: mikeq@freddy.CNA.TEK.COM (Mike Quigley) Subject: Re: Janet Reno killed the Waco children Distribution: na Organization: Tektronix, Inc., Redmond, OR. Lines: 17 In article <C5sno8.H5p@boi.hp.com> dianem@boi.hp.com (Diane Mathews) writes: >In article <1993Apr20.153450.27407@ncsu.edu> dsh@eceyv.ncsu.edu (Doug Holtsinger) writes: >>Janet Reno kil"
1656,zero_shot_full_context,11,sci.crypt,11,sci.crypt,11,"From: quilty@twain.ucs.umass.edu (Lulu of the lotus-eaters) Subject: Information on Mathematics of Cryptography (followup) Organization: University of Massachusetts, Amherst Lines: 27 Distribution: world NNTP-Posting-Host: twain.ucs.umass.edu I posted an informational request about any electronically available articles on cryptographic algorithms a"
1657,zero_shot_full_context,18,talk.politics.misc,18,talk.politics.misc,18,"From: cdt@sw.stratus.com (C. D. Tavares) Subject: Re: We're from the government and we're here to help you Organization: Stratus Computer, Inc. Lines: 57 Distribution: world NNTP-Posting-Host: rocket.sw.stratus.com In article <1993Apr18.192508.12442@isc-br.isc-br.com>, steveh@thor.isc-br.com (Steve Hendricks) writes: > In article <1993Apr8.200326.2"
1658,zero_shot_full_context,0,alt.atheism,18,talk.politics.misc,18,"From: jgreen@trumpet.calpoly.edu (James Thomas Green) Subject: Re: ""So help you God"" in court? Organization: California Polytechnic State University, San Luis Obispo Lines: 11 I've heard that in California they ask you to swear without any mention of a god. What states actually include ""god"" in the courtroom oath? /~~~(-: James T. Green :-)~~~~(-: "
1659,zero_shot_full_context,10,rec.sport.hockey,9,rec.sport.baseball,9,"From: ua256@freenet.Victoria.BC.CA (Tom Moffat) Subject: Pwter Forsberg Nntp-Posting-Host: freenet.victoria.bc.ca Organization: Camosun College, Victoria B.C, Canada Lines: 9 Can some on e give me some stats on Forsrg in the World Championships If sao mail to ua256@freenet.victoria.bc.ca -- Tom Moffat Victoria B.C. Canada"
1660,zero_shot_full_context,19,talk.religion.misc,15,soc.religion.christian,15,"From: jmeritt@mental.mitre.org Subject: Rawlins has been listening to the Devil Organization: UTexas Mail-to-News Gateway Lines: 5 NNTP-Posting-Host: cs.utexas.edu God ItSelf appeared to me and spoke to me, saying ""Rawlins has been listening to a deamon, and has been taken in by its satanic words!"" Now, how we tell which divine inspiration comes fr"
1661,zero_shot_full_context,10,rec.sport.hockey,10,rec.sport.hockey,10,"From: duncan@ (Nicholas Duncan) Subject: Where's Roger? Nntp-Posting-Host: burrito Organization: MPR Teltech Ltd Lines: 9 I really feel the need for a knowledgable hockey observer to explain this year's playoffs to me. I mean, the obviously superior Toronto team with the best center and the best goalie in the league keeps losing. What gives? --"
1662,zero_shot_full_context,4,comp.sys.mac.hardware,4,comp.sys.mac.hardware,4,From: snyder@ttb.jsc.nasa.gov (russ snyder) Subject: How fast is M6775 LL/A (Apple FPU)? Organization: nasa-jsc Distribution: usa Lines: 6 What is the maximum rate of the 6882 FPU that Apple sells directly (Apple Part No. M6775 LL/A)? The Apple literature labels the FPU for Classics and LC III's so I assume it will do at least 25MHz. My question is
1663,zero_shot_full_context,2,comp.os.ms-windows.misc,13,sci.med,13,"From: mono@rad.nd.edu Subject: Biobliography program: INFO needed, please. Distribution: world, local Organization: Radiation Laboratory U of Notre Dame Lines: 11 I think somebody posted some info about a biobliography program one or two months ago. I don't rember the detail. What I'd like to have is one software to organize the literature I'm refe"
1664,zero_shot_full_context,13,sci.med,14,sci.space,14,"From: cindy@berkp.uadv.uci.edu (Cindy Windham) Subject: What's a bone scan? Nntp-Posting-Host: 128.200.129.76 Organization: University Advancement, University of Calif., Irvine Lines: 7 My mother has been advised to have a bone scan performed? What is this procedure for, and is it painful? She's been having leg and back pain which her GP said was s"
1665,zero_shot_full_context,8,rec.motorcycles,17,talk.politics.mideast,17,From: crucej@osshe.edu (Jerry Cruce) Subject: Re: Inner tube in tyre... Safe ? Organization: Oregon State System of Higher Education Lines: 20 NNTP-Posting-Host: osshe.edu X-Newsreader: TIN [version 1.1 PL8] Speedy Mercer (speedy@engr.latech.edu) wrote: : In article <1993Apr27.133202.3934@csdvax.csd.unsw.edu.au> exb0405@csdvax.csd.unsw.edu.au write
1666,zero_shot_full_context,17,talk.politics.mideast,16,talk.politics.guns,16,"From: effie@eskimo.com (Herb Effron) Subject: Re: Rabin and his Palestinians kapos Organization: =>ESKIMO NORTH (206) 367-3837 SEATTLE, WA.<= Lines: 12 Providing safety and security for one's own people is the most fundamental responsibility of any political entity. For the Palestinian leadership to refuse to accept this responsibility, i.e. take t"
1667,zero_shot_full_context,8,rec.motorcycles,8,rec.motorcycles,8,"From: binger@hsh.com Subject: Re: Wanted: Advice for New Cylist Organization: HSH Associates Lines: 26 In article <1993Apr20.150337.2963@rd.hydro.on.ca>, jlevine@rd.hydro.on.ca (Jody Levine) writes: >>So the question I have is ""HOW DANGEROUS IS RIDING""? > > It's exactly as dangerous as it looks. You're hard to see and have little > protection. Keep"
1668,zero_shot_full_context,15,soc.religion.christian,15,soc.religion.christian,15,"From: pauley@tai.jkj.sii.co.jp (Martin Pauley) Subject: Re: Question about Virgin Mary Lines: 27 In article <May.6.00.35.45.1993.15465@geneva.rutgers.edu>, marka@hcx1.ssd.csd.harris.com (Mark Ashley) wrote: > >countries. That event is ""approved"" by the Pope. Currently, >images of Mary in Japan, Korea, Yugoslavia, Philippines, Africa >are showing te"
1669,zero_shot_full_context,18,talk.politics.misc,14,sci.space,14,"Subject: Re: The earth also pollutes...... From: rodger-scoggin@ksc.nasa.gov (Rodger C. Scoggin) Nntp-Posting-Host: 128.159.2.197 Lines: 14 In article <1993Apr21.211635.3737@isc-br.isc-br.com>, steveh@thor.isc-br.com (Steve Hendricks) says: >I'm no defender of the AEC, but it is worth noting that it is unfair to tar >that organization with the deci"
1670,zero_shot_full_context,6,misc.forsale,6,misc.forsale,6,"From: kmgoh@leland.Stanford.EDU (Kwangmeng Goh) Subject: for sale: lifecall system Organization: DSG, Stanford University, CA 94305, USA Distribution: usa Lines: 36 For sale: --------- One complete set of Lifecall Equipment, including the base unit, portable transmitter and pendant plus 30 days free monitering service. Description of item: --------"
1671,zero_shot_full_context,3,comp.sys.ibm.pc.hardware,13,sci.med,13,"From: mw@rrz.Uni-Koeln.DE (Markus Wischerath) Subject: Re: Soundblaster IRQ and Port settings Organization: Reg. Computing Center, University of Cologne Lines: 21 Distribution: world Reply-To: mw@spinfo.uni-koeln.de NNTP-Posting-Host: tuennes.spinfo.uni-koeln.de In article <pdb059-210493145738@kilimanjaro.jpl.nasa.gov>, pdb059@ipl.jpl.nasa.gov (Pau"
1672,zero_shot_full_context,17,talk.politics.mideast,16,talk.politics.guns,16,"From: ab4z@Virginia.EDU (""Andi Beyer"") Subject: Re: Israeli Terrorism Organization: University of Virginia Lines: 88 tclock@orion.oac.uci.edu writes: OB> In article <1993Apr28.143720.9580@Virginia.EDU> ab4z@Virginia.EDU (""Andi Beyer"") writes: > >adam@endor.uucp writes: > >> In article <1993Apr25.181351.1373@Virginia.EDU> ab4z@Virginia.EDU (""Andi Be"
1673,zero_shot_full_context,2,comp.os.ms-windows.misc,2,comp.os.ms-windows.misc,2,"From: raman@cs.cornell.edu (T. V. Raman) Subject: Screenreading programs for MS Windows: Summary: Looking for a screen access program for ms windows: Keywords: Talking workstations, screenreading programs, screen access for window Organization: Cornell Univ. CS Dept, Ithaca NY 14853 Lines: 20 Hi, I use a PC with a screen access program (IBM Screen "
1674,zero_shot_full_context,16,talk.politics.guns,16,talk.politics.guns,16,From: irvine@uxh.cso.uiuc.edu (Brent Irvine) Subject: Re: ATF BURNS DIVIDIAN RANCH - UPDATE Distribution: usa Organization: University of Illinois at Urbana-Champaign Lines: 53 In article <C5vGME.GoA@usenet.ucs.indiana.edu> wwarf@silver.ucs.indiana.edu (Wayne J. Warf) writes: >In article <C5v9Fv.Krt@news.cso.uiuc.edu> irvine@uxh.cso.uiuc.edu (Brent
1675,zero_shot_full_context,13,sci.med,13,sci.med,13,"From: banschbach@vms.ocom.okstate.edu Subject: Re: INFO: Colonics and Purification? Lines: 63 Nntp-Posting-Host: vms.ocom.okstate.edu Organization: OSU College of Osteopathic Medicine In article <80651@cup.portal.com>, mmm@cup.portal.com (Mark Robert Thorson) writes: >> Not everything that goes in comes out, and personaly I don't mind giving >> my "
1676,zero_shot_full_context,14,sci.space,14,sci.space,14,"From: vandenbe@crayxmp.lmsc.lockheed.com (J.A. Vanden Beukel) Subject: Re: Drag Free Satellites Organization: Lockheed Missiles & Spaces Co. Lines: 4 Regarding drag free satellites, Joe Cain gives a good description of the concept. It is however more than a concept. The Navy's Triad satellite succesfully used drag free control. Drag free control is"
1677,zero_shot_full_context,1,comp.graphics,3,comp.sys.ibm.pc.hardware,3,"From: ricky@vnet.ibm.com (Rick Turner) Subject: Re: raw2gif ? Disclaimer: This posting represents the poster's views, not necessarily those of IBM. Nntp-Posting-Host: danebury.hursley.ibm.com Organization: IBM UK Labs Lines: 5 You can use PBM's 'rawtopgm' to convert three raw (r, g, b) files to pgm format. Then you can use pgm3toppm to convert the "
1678,zero_shot_full_context,4,comp.sys.mac.hardware,3,comp.sys.ibm.pc.hardware,3,"From: guykuo@carson.u.washington.edu (Guy Kuo) Subject: Re: Quadra clock chip - followup Keywords: quadra,clock,oscillator Article-I.D.: shelley.1r6i52INNo39 Organization: University of Washington Lines: 3 NNTP-Posting-Host: carson.u.washington.edu I have also moved on to a 66.6 mhz clock. Thus far not problems. I'm not totallysurprised as I've had"
1679,zero_shot_full_context,6,misc.forsale,6,misc.forsale,6,"From: ychen@hubcap.clemson.edu (Eric Chen) Subject: transformer wanted for my dead compacq vga monitor Organization: Clemson University, Clemson SC Lines: 8 my 14"" compacq vga monitor id dead due to the transformer's failure. if you have this part and would like to get rid of it, pls let me know. thanks. eric"
1680,zero_shot_full_context,19,talk.religion.misc,16,talk.politics.guns,16,"From: prl@csis.dit.csiro.au (Peter Lamb) Subject: Re: Branch Athiests Cult (was Rawlins debunks creationism) Organization: CSIRO Division of Information Technology Lines: 71 king@ctron.com (John E. King) writes: >scharle@lukasiewicz.cc.nd.edu (scharle) writes: >> For your information, I checked the Library of Congress catalog, >>and they list the f"
1681,zero_shot_full_context,18,talk.politics.misc,18,talk.politics.misc,18,"From: jpr1@ns1.cc.lehigh.edu (James P. Reynolds) Subject: HE JUST DOESN'T GET IT (Re: will they ever learn?) Organization: Lehigh University Lines: 135 In article <D3F72B1w164w@cellar.org>, techie@cellar.org (William A Bacon) writes : >They Refuse To Learn From History Or From the Present >Pointing to Canada's vaunted socialized medical care progra"
1682,zero_shot_full_context,5,comp.windows.x,4,comp.sys.mac.hardware,4,"From: smeets@speedy.cci.de (Vincent Smeets) Subject: Sun 3/80 with SunOS 4.0.3 as X-Terminal Organization: Competence Center Informatik GmbH, Meppen, Germany Lines: 23 At the moment, I am using a Sun 3/80 (cgfour/bwtwo) with SunOS 4.0.3 and OpenWindows 2.0. This configuration is slow and I can't run all the programs on OW2. For example, when I star"
1683,zero_shot_full_context,17,talk.politics.mideast,16,talk.politics.guns,16,"From: khan0095@nova.gmi.edu (Mohammad Razi Khan) Subject: Re: What a HATE filled newsgroup!!!! Organization: GMI Engineering&Management Institute, Flint, MI Distribution: world Lines: 25 ab4z@Virginia.EDU (""Andi Beyer"") writes: Geez, I think some of these people have been too long on the net, you are not going to convince anyone of anything through"
1684,zero_shot_full_context,9,rec.sport.baseball,9,rec.sport.baseball,9,"From: sac@asdi.saic.com (Steve A. Conroy x6172) Subject: Re: Game Length (was Re: Braves Update!! Organization: SAIC Lines: 37 In article <1993Apr20.085508.5787@wvnvms.wvnet.edu>, nflynn@wvnvms.wvnet.edu writes: |> In article <1993Apr19.194025.8967@adobe.com>, |> snichols@adobe.com (Sherri Nichols) writes: |> [...] However, what is with this policy"
1685,zero_shot_full_context,4,comp.sys.mac.hardware,3,comp.sys.ibm.pc.hardware,3,"From: blaine@catt.ncsu.edu (Grey Mull) Subject: HELP formatting NT disk array Organization: North Carolina State University Lines: 16 I have a Northern Telecom disk array dated 1987 that has two 253MB drives units in it and I cannot get it formatted. I set the SCSI ID on 1 and my software recognizes the unit, but I cannot mount it or anything - do "
1686,zero_shot_full_context,18,talk.politics.misc,16,talk.politics.guns,16,"From: phil@netcom.com (Phil Ronzone) Subject: Re: Using California's Antidiscrimination: The Sort Of Case I Predicted Organization: Generally in favor of, but mostly random. Lines: 30 In article <1993Apr20.131452.23310@cs.nott.ac.uk> eczcaw@mips.nott.ac.uk (A.Wainwright) writes: >Clayton, babe, please define the word `molest`. Are you using >a lega"
1687,zero_shot_full_context,11,sci.crypt,16,talk.politics.guns,16,"From: cme@ellisun.sw.stratus.com (Carl Ellison) Subject: Re: text of White House announcement and Q&As on clipper chip encryption Organization: Stratus Computer, Software Engineering Lines: 20 NNTP-Posting-Host: ellisun.sw.stratus.com In article <2079@rwing.UUCP> pat@rwing.UUCP (Pat Myrto) writes: >For example, a conversation between a suspect and "
1688,zero_shot_full_context,1,comp.graphics,2,comp.os.ms-windows.misc,2,"Subject: DXF to PCX,GIF,TIF or TGA? From: murashiea@mail.beckman.com (Ed Murashie) Organization: DSG Development Eng Beckman Instruments Inc. Nntp-Posting-Host: 134.217.245.87 Lines: 11 Does anyone know of a program for the PC that will take AutoCad DXF format files and convert them to a raster format, like PCX, GIF, etc? Thanks in advance.... ED -"
1689,zero_shot_full_context,17,talk.politics.mideast,18,talk.politics.misc,18,"From: Michael Sells <m_sells@haverford.edu> Subject: Re: PLEASE! SHOW UP IN WASHINGTON DC FOR BOSNIA (MAY 15th) Organization: Haverford College Lines: 71 Distribution: world NNTP-Posting-Host: 130.58.172.17 X-UserAgent: Nuntius v1.1.1d20 X-XXDate: Wed, 12 May 93 13:19:12 GMT Subject: Re: Europe vs. Muslim Bosnians From: Satya Prabhakar, prabhak@gig"
1690,zero_shot_full_context,19,talk.religion.misc,15,soc.religion.christian,15,"From: sandvik@newton.apple.com (Kent Sandvik) Subject: Re: Is it good that Jesus died? Organization: Cookamunga Tourist Bureau Lines: 20 In article <1993Apr25.194144.8358@organpipe.uug.arizona.edu>, brian@lpl.arizona.edu (Brian Ceccarelli 602/621-9615) wrote: > In article <C5yMIr.FnE@blaze.cs.jhu.edu> arromdee@jyusenkyou.cs.jhu.edu (Ken Arromdee) w"
1691,zero_shot_full_context,4,comp.sys.mac.hardware,3,comp.sys.ibm.pc.hardware,3,"Distribution: world From: Mario_Murphy@bmug.org Organization: BMUG, Inc. Subject: Re: The 25MHz IIsi Lines: 16 I have done several of these upgrades (about 6 IIsi's, and 1 Quadra 700), and the best thing to use would be some sort of ""heat sink compound"". If possible, you should look for the silicon-free stuff. There's a comany who makes the stuff c"
1692,zero_shot_full_context,9,rec.sport.baseball,9,rec.sport.baseball,9,"From: roney@selkirk.sfu.ca (Chris J. Roney) Subject: Re: The Babe v. The Pride of the Yankees Organization: Simon Fraser University, Burnaby, B.C., Canada Lines: 25 behrens@cc.swarthmore.edu (Eric Behrens) writes: >The Babe and The Pride of the Yankees offer very different renditions of >the sotry about Ruth and Gherig hitting home runs for the boy"
1693,zero_shot_full_context,18,talk.politics.misc,18,talk.politics.misc,18,"From: rrl@scotty.hco.tek.com (Richard Lynn) Subject: Re: ""Quality Time,"" a one-act play. Organization: Tektronix, Inc. Lines: 9 ((fluffy bi fantasy squelched)) Dear Mr. Elf, Please post this shit where it belongs. I believe you know where that is, you overweening weenie-biter."
1694,zero_shot_full_context,6,misc.forsale,6,misc.forsale,6,From: gt7187c@prism.gatech.EDU (Thomas Oates) Subject: PC TOOLS 7.1 FOR SALE Organization: Georgia Institute of Technology Lines: 16 FOR SALE PC TOOLS VERSION 7.1 All original disks and manuals included. $50 or best offer Please send replies to gt7187c@prism.gatech.edu -- Thomas Oates ATLANTA BRAVES gt7187c@prism.gatech.edu 1992 NATIONAL LEAGUE CHA
1695,zero_shot_full_context,13,sci.med,13,sci.med,13,"From: Donald Mackie <Donald_Mackie@med.umich.edu> Subject: Re: re:use of haldol and the elderly Organization: UM Anesthesiology Lines: 40 Distribution: world NNTP-Posting-Host: 141.214.86.38 X-UserAgent: Nuntius v1.1.1d9 X-XXMessage-ID: <A8009C58410C5626@38.86.214.141.in-addr.arpa> X-XXDate: Sun, 25 Apr 93 01:51:52 GMT In article <C623Az.M85@mailer"
1696,zero_shot_full_context,4,comp.sys.mac.hardware,4,comp.sys.mac.hardware,4,"Subject: Re: Monitors - should they be kept on 24 hours a day??? From: stubbs@hawk.cs.ukans.edu (Jerry Stubbs) Organization: University of Kansas Computer Science Dept Lines: 17 >In article <ltdpedINNrsj@exodus.Eng.Sun.COM>, gsager@heliacal.Eng.Sun.COM (Gary Sager) writes... >>work, it was pointed out that this should only be done with monitors >>w"
1697,zero_shot_full_context,13,sci.med,16,talk.politics.guns,16,"From: ebrandt@jarthur.claremont.edu (Eli Brandt) Subject: Re: Krillean Photography Organization: Harvey Mudd College, Claremont, CA 91711 Lines: 9 In article <MMEYER.93Apr26102056@m2.dseg.ti.com> mmeyer@m2.dseg.ti.com (Mark Meyer) writes: > Besides, Kirilian photography is actually photography of my >friend's two-year-old son Kiril. Perhaps you mea"
1698,zero_shot_full_context,1,comp.graphics,3,comp.sys.ibm.pc.hardware,3,"From: beck@irzr17.inf.tu-dresden.de (Andre Beck) Subject: Re: POV-Ray for VAX computer????????? Organization: Dept. of Computer Science, TU Dresden, Germany. Lines: 15 Distribution: world Reply-To: Andre_Beck@IRS.Inf.TU-Dresden.DE NNTP-Posting-Host: irzr17.inf.tu-dresden.de Get the generic version (for Unix and VMS) and build it. IMHO a VMS .com fi"
1699,zero_shot_full_context,11,sci.crypt,16,talk.politics.guns,16,"From: ""Josh N. Pritikin"" <jpab+@andrew.cmu.edu> Subject: Re: From Crossbows to Cryptography Organization: Sponsored account, School of Computer Science, Carnegie Mellon, Pittsburgh, PA Lines: 46 Distribution: world NNTP-Posting-Host: po5.andrew.cmu.edu In-Reply-To: <735953756snz@eternity.demon.co.uk> > But I think that mind-set is a mistake. Before"
1700,zero_shot_full_context,12,sci.electronics,14,sci.space,14,"From: then@snakemail.hut.fi (Tomi H Engdahl) Subject: Re: flash LEDs with sound? Organization: Helsinki University of Technology, Finland Lines: 20 NNTP-Posting-Host: lk-hp-11.hut.fi In-reply-to: dmn@kepler.unh.edu's message of 24 Apr 1993 09:05:22 -0500 In article <199304241405.AA11067@kepler.unh.edu> dmn@kepler.unh.edu (There's a seeker born ever"
1701,zero_shot_full_context,6,misc.forsale,6,misc.forsale,6,"From: tatsuya@zapotec.math.byu.edu (Tatsuya kawasaki) Subject: stering silver necklace for sale Organization: Brigham Young University Lines: 15 NNTP-Posting-Host: zapotec.math.byu.edu I have a few italian made stering silver necklace for sale. size are 20"" , 24"" or 26""(?) I have it as low as 2.00$+shipping(less than .29cents) rope design necklace "
1702,zero_shot_full_context,1,comp.graphics,3,comp.sys.ibm.pc.hardware,3,From: crgruen@sony1.sdrc.com (robert gruen) Subject: Bit Planes Lines: 12 Could anyone please explain what Bit Planes are? We have an SGI here at work that says it has 64 Bit Planes - what does this mean? How does this relate to PC graphics? What do they usually have? Please reply via Email as most of this group is over my head. Thanks in advance!!
1703,zero_shot_full_context,7,rec.autos,9,rec.sport.baseball,9,"From: mauritz_c@spcvxb.spc.edu Subject: Weird problem with GM 4-banger transmission Organization: SPC Community Access System Lines: 34 I'm having an interesting problem with my girlfriend's car. Before I delve into its innards, I thought I'd check ""net.wisdom"" on the subject. :) It's a 1985 Buick Skyhawk (I know...I know) 2.0l EFI 4-banger auto 35"
1704,zero_shot_full_context,15,soc.religion.christian,15,soc.religion.christian,15,From: poram@ihlpb.att.com Subject: Re: Dreams and out of body incidents Organization: AT&T Lines: 44 In article <May.11.02.37.40.1993.28185@athos.rutgers.edu> dt4%cs@hub.ucsb.edu (David E. Goggin) writes: > >I'd like to get your comments on a question that has been on my mind a >lot: What morals/ethics apply to dreams and out-of-body incidents? Dav
1705,zero_shot_full_context,9,rec.sport.baseball,9,rec.sport.baseball,9,"From: mjones@watson.ibm.com (Mike Jones) Subject: Re: HBP? BB? BIG-CAT? Distribution: na Reply-To: mjones@donald.aix.kingston.ibm.com Disclaimer: This posting represents the poster's views, not necessarily those of IBM. Nntp-Posting-Host: fenway.aix.kingston.ibm.com Organization: IBM AIX/ESA Development, Kingston NY Lines: 26 kubey@sgi.com (Ken Kub"
1706,zero_shot_full_context,1,comp.graphics,1,comp.graphics,1,"X-To: mek@hydrox.enet.dec.com comp-graphics Subject: Re: TIFF complexity Organization: I.E.C.C. X-Cc: From: johnl@iecc.cambridge.ma.us (John R. Levine) Lines: 34 In article <9304271755.AA23355@enet-gw.pa.dec.com> you write: >Anyone who thinks that TIFF is too complex hasn't dealt with >CGM, ASN.1, CDA, DCA, SGML, or any one of a number of other >ve"
1707,zero_shot_full_context,16,talk.politics.guns,16,talk.politics.guns,16,"From: <34AEJ7D@CMUVM.BITNET> Subject: Re: ATF BURNS DIVIDIAN RANCH! NO SURVIVORS!!! <1993Apr20.143255.12711@mcs.kent.edu> <1r1j1l$4t@transfer.stratus.com> <1993Apr21.053035.29591@mcs.kent.edu> Lines: 21 In article <1993Apr21.053035.29591@mcs.kent.edu>, mhamilto@Nimitz.mcs.kent.edu (The Lawnmowerman) says: >[deleted] >lives for <<<<HIS>>>> cause. Th"
1708,zero_shot_full_context,8,rec.motorcycles,14,sci.space,14,"From: asphaug@lpl.arizona.edu (Erik Asphaug x2773) Subject: Re: Maxima Chain wax Organization: Lunar & Planetary Laboratory, Tucson AZ. Lines: 21 In article <C60Itu.4Dn@myrddin.imat.com> nelson@seahunt.imat.com (Michael Nelson) writes: >In article <1993Apr23.163805.9516@research.nj.nec.com> behanna@syl.nj.nec.com (Chris BeHanna) writes: >> >> Spray"
1709,zero_shot_full_context,2,comp.os.ms-windows.misc,3,comp.sys.ibm.pc.hardware,3,From: bwright@msi.com (Barton Wright) Subject: Re: (Some info) The DOS/MSW meltdown is progressing nicely Reply-To: bwright@msi.com Organization: Molecular Simulations Inc. X-Newsreader: TIN [version 1.1 PL8] X-Posted-From: kozloid.msi.com NNTP-Posting-Host: sol.ctr.columbia.edu Lines: 17 Bruce Dubbs (bdubbs@cs.tamu.edu) wrote: > Another comment. A
1710,zero_shot_full_context,2,comp.os.ms-windows.misc,5,comp.windows.x,5,"From: charlea@eng.clemson.edu (charles allen) Subject: Re: emm386 and windows Organization: Clemson University Lines: 18 From article <ardie.313.736188058@ux1.cso.uiuc.edu>, by ardie@ux1.cso.uiuc.edu (Ardie Mack): >>On my PC I almost exclusively run windows. The only dos based application >>I have is ProcommPlus. In my config.sys I have emm386 load"
1711,zero_shot_full_context,18,talk.politics.misc,16,talk.politics.guns,16,"Subject: Carpeting in Bosnia From: <F36SI@CUNYVM.BITNET> Organization: City University of New York Lines: 2 Anybody for carpeting in Bosnia/Serbia? I mean like, carpet bombing of Serbian positions?"
1712,zero_shot_full_context,4,comp.sys.mac.hardware,4,comp.sys.mac.hardware,4,"From: goyal@utdallas.edu (MOHIT K GOYAL) Subject: Data-transfer-rate of the new 2100 series FS-2 Micropolis hd's Nntp-Posting-Host: apache.utdallas.edu Organization: Univ. of Texas at Dallas Lines: 19 I have a question for y'all: I'm looking at an ad for the new 3.5"" FAST SCSI-2 drives from Micropolis in the June, 1993, MacWorld. (I have seen simil"
1713,zero_shot_full_context,1,comp.graphics,4,comp.sys.mac.hardware,4,"From: lilley@v5.cgu.mcc.ac.uk (Chris Lilley) Subject: Re: XV problems Lines: 69 Reply-To: C.C.Lilley@mcc.ac.uk Organization: Computer Graphics Unit, MCC Distribution: inet In article <1rohjc$avt@cc.tut.fi>, jk87377@lehtori.cc.tut.fi (Kouhia Juhana) writes: >In article <1993Apr27.143603.9351@nessie.mcc.ac.uk> >C.C.Lilley@mcc.ac.uk writes: >> [moved "
1714,zero_shot_full_context,12,sci.electronics,6,misc.forsale,6,"From: mxmora@unix.sri.com (Matt Mora) Subject: Re: solvent for duct-tape adhesive? Organization: SRI International, Menlo Park, CA Lines: 39 In article <1993Apr26.210417.2984@socrates.umd.edu> johng@socrates.umd.edu (John Gustafson) writes: >ruck@beach.cis.ufl.edu (John Ruckstuhl) writes: >>I know this is a long shot, but does anyone know what solv"
1715,zero_shot_full_context,2,comp.os.ms-windows.misc,5,comp.windows.x,5,"From: oddjob@oz.plymouth.edu (Andrew C. Stoffel) Subject: Re: Help with changing Startup logo Organization: Plymouth State College - Plymouth, NH. Lines: 17 There has been a long running discussion over changing the Startup logo for Windows for a few weeks here. While all the COPY methods are great & haven't seen any mention of a program that will "
1716,zero_shot_full_context,14,sci.space,14,sci.space,14,"From: khayash@hsc.usc.edu (Ken Hayashida) Subject: Long term Human Missions Organization: University of Southern California, Los Angeles, CA Lines: 38 NNTP-Posting-Host: hsc.usc.edu Mike Adams suggested discussions on long-term effects of spaceflight to the human being. I love this topic, as some of you regulars know. So, having seen Henry's encour"
1717,zero_shot_full_context,8,rec.motorcycles,7,rec.autos,7,"From: txd@ESD.3Com.COM (Tom Dietrich) Subject: Re: Please tell me they're not permenant scratches! Lines: 25 Nntp-Posting-Host: able.mkt.3com.com mjs@sys.uea.ac.uk (Mike Sixsmith) writes: >bobm@brimstone (Bob Morley) writes: >>In article <sfpPIsK00WB64HPO5e@andrew.cmu.edu>, Catherine Barbara Saum <cs20+@andrew.cmu.edu> writes: >>> While ""passngerin"
1718,zero_shot_full_context,2,comp.os.ms-windows.misc,2,comp.os.ms-windows.misc,2,From: condor@tramp.cc.utexas.edu (George Kontoravdis) Subject: Problem with WinQVT/Net 2.81 and DOS 6.0 Organization: The University of Texas - Austin Lines: 13 Distribution: world NNTP-Posting-Host: tramp.cc.utexas.edu I have been using WinQVT/Net 2.81 under Win3.1 (dos 5.0) for quite sometime without any problem. I recently installed DOS 6.0 on m
1719,zero_shot_full_context,14,sci.space,14,sci.space,14,"From: carl@SOL1.GPS.CALTECH.EDU (Carl J Lydick) Subject: Re: Command Loss Timer (Re: Galileo Update - 04/22/93) Organization: HST Wide Field/Planetary Camera Lines: 23 Distribution: world Reply-To: carl@SOL1.GPS.CALTECH.EDU NNTP-Posting-Host: sol1.gps.caltech.edu In article <1993Apr26.193924.1189@bnr.ca>, jcobban@bnr.ca (Jim Cobban) writes: =Having"
1720,zero_shot_full_context,17,talk.politics.mideast,18,talk.politics.misc,18,"From: tclock@orion.oac.uci.edu (Tim Clock) Subject: Re: Egypt call for fighting fundamentalists, objects to pro-Bosnian steps Nntp-Posting-Host: orion.oac.uci.edu Organization: University of California, Irvine Keywords: international, united nations, government, non-usa government, fighting Lines: 14 In article <1993Apr29.021345.22510@ucsu.Colorado"
1721,zero_shot_full_context,19,talk.religion.misc,16,talk.politics.guns,16,From: tbrent@ecn.purdue.edu (Timothy J Brent) Subject: Re: A Message for you Mr. President: How do you know what happened? Keywords: Success Organization: Purdue University Engineering Computer Network Lines: 39 |> >One more thought. The government claimed that they believed he had automatic |> >weapons on the premises. |> |> > HE HAD A LICENSE FOR
1722,zero_shot_full_context,17,talk.politics.mideast,16,talk.politics.guns,16,"From: barrak@rintintin.Colorado.EDU (Mohammed F. Hadi) Subject: Re: Egypt call for fighting fundamentalists, objects to pro-Bosnian steps Keywords: international, united nations, government, non-usa government, fighting Nntp-Posting-Host: rintintin.colorado.edu Organization: University of Colorado, Boulder Lines: 35 In article <benali.735954392@alc"
1723,zero_shot_full_context,18,talk.politics.misc,18,talk.politics.misc,18,"From: demon@desire.wright.edu (Not a Boomer) Subject: Re: Not talking to soldiers, part II Summary: Hmmmm, I seem to remember US troops on college campuses... Organization: ACME Products Lines: 18 In article <C5trFx.B38@csulb.edu>, sichermn@beach.csulb.edu (Jeff Sicherman) writes: >> Janet, some advice: go with the SEALs/Delta Force/Green Berets ne"
1724,zero_shot_full_context,11,sci.crypt,14,sci.space,14,"From: jim@rand.org (Jim Gillogly) Subject: Re: Clipper considered harmful Organization: Banzai Institute Lines: 49 Nntp-Posting-Host: mycroft.rand.org Steve Bellovin writes a well-thought-out and nearly persuasive article about why the Clipper (are we still calling it Clipper today, or have they figured out a non-infringing word yet?) protocol is a"
1725,zero_shot_full_context,16,talk.politics.guns,16,talk.politics.guns,16,"From: gt5311b@prism.gatech.EDU (BHATTACHARYA,ABHIJIT) Subject: Re: ATF BURNS DIVIDIAN RANCH! NO SURVIVORS!!! Organization: Georgia Institute of Technology Lines: 22 In article <1r4ef7$408@transfer.stratus.com> cdt@sw.stratus.com (C. D. Tavares) writes: >Do you think a $200 tax evasion justifies an armed assault by the government >with 100 armed men"
1726,zero_shot_full_context,14,sci.space,12,sci.electronics,12,From: prb@access.digex.net (Pat) Subject: Re: Gamma Ray Bursters How energetic could they be? Organization: Express Access Online Communications USA Lines: 21 NNTP-Posting-Host: access.digex.net In article <1rou8gINN7s4@gap.caltech.edu> palmer@cco.caltech.edu (David M. Palmer) writes: |prb@access.digex.com (Pat) writes: | |>In article <1993Apr26.20
1727,zero_shot_full_context,3,comp.sys.ibm.pc.hardware,13,sci.med,13,"From: D.L.P.Li1@lut.ac.uk (DLP Li) Subject: Re: CRYIX 486DLC CPU Reply-To: D.L.P.Li1@lut.ac.uk (DLP Li) Organization: Loughborough University, UK. Lines: 11 To all netters, In my last post that concerning about the CYRIX 486DLC CPU, I said the benchmark program COMPTEST stated there is a bug in CYRIX CPUs. This is NOT true and I must apologize to t"
1728,zero_shot_full_context,17,talk.politics.mideast,16,talk.politics.guns,16,From: Center for Policy Research <cpr@igc.apc.org> Subject: Re: Israel: An Apartheid state. Nf-ID: #R:cdp:1483500368:cdp:1483500380:000:1939 Nf-From: cdp.UUCP!cpr May 11 05:56:00 1993 Lines: 39 I think there are some generally accepted criteria according to which one can evaluate whether certain policies or practices constitute racial discriminatio
1729,zero_shot_full_context,8,rec.motorcycles,7,rec.autos,7,From: nak@cbnews.cb.att.com (neil.a.kirby) Subject: Re: Boom! Dog attack! Organization: AT&T Lines: 10 What worked for me on my RD350 was to lean towards the dog as I modulated throttle to keep my ankle just ahead of his teeth. After a few seconds of warm pipe firmly wedged on his shoulder he turned his face sideways to see what was so warm and got
1730,zero_shot_full_context,15,soc.religion.christian,15,soc.religion.christian,15,"From: rodger@zeisler.lonestar.org (Rodger B. Zeisler) Subject: 05/28/93 PastorTalk Organization: Rodger B. Zeisler, Plano, Tx USA Lines: 97 -= PASTORTALK =- A weekly dialogue with a local pastor on the news of the day by Carl (Gene) Wilkes Startext: MC344578 CompuServe: 70423,600 Internet: 70423.600@compuserve.com -= THIS WEEK'S THOUGHTS =- Last we"
1731,zero_shot_full_context,2,comp.os.ms-windows.misc,5,comp.windows.x,5,"Subject: HP Laser Jet 4L and Windows From: royer@uni2a.unige.ch Organization: University of Geneva, Switzerland Lines: 4 Has anybody had a chance to find out how the new HP Laser Jet 4L behaves with Windows ? Daniel Royer"
1732,zero_shot_full_context,6,misc.forsale,6,misc.forsale,6,"From: Peter Todd Chan <pc1o+@andrew.cmu.edu> Subject: Klipsch Forte 2 SPKRS 4 Sale Organization: Fifth yr. senior, Electrical and Computer Engineering, Carnegie Mellon, Pittsburgh, PA Lines: 16 NNTP-Posting-Host: po2.andrew.cmu.edu ITEM: Klipsch Forte 2 Speakers CONDITION: Mint AGE: 6 months old PRICE: $1000/pair (retail: $1400/pair) These speakers"
1733,zero_shot_full_context,0,alt.atheism,15,soc.religion.christian,15,From: jaeger@buphy.bu.edu (Gregg Jaeger) Subject: Re: Yet more Rushdie [Re: ISLAMIC LAW] Organization: Boston University Physics Department Lines: 35 In article <C5qt5p.Mvo@blaze.cs.jhu.edu> arromdee@jyusenkyou.cs.jhu.edu (Ken Arromdee) writes: >In article <115694@bu.edu> jaeger@buphy.bu.edu (Gregg Jaeger) writes: >>I think many reading this group 
1734,zero_shot_full_context,1,comp.graphics,14,sci.space,14,"From: sull@focus.csl.uiuc.edu (Sanghoon Sull) Subject: Final call for papers Organization: Center for Reliable and High-Performance Computing, University of Illinois at Urbana-Champaign Lines: 62 NNTP-Posting-Host: focus.csl.uiuc.edu Summary: Final CFP: Neural networks on shape analysis Keywords: paper,neural networks,shape analysis CALL FOR PAPERS"
1735,zero_shot_full_context,6,misc.forsale,17,talk.politics.mideast,17,"From: johnson@sleipnir.pb.wes.mot.com (""Johnson"") Subject: NW Chicago suburbs CHEAP car for sale Organization: Motorola Land Mobile Products Sector Distribution: usa Nntp-Posting-Host: 129.188.176.18 Lines: 9 79 Toyota Corolla 4D hatchback, runs OK, needs dents smoothed, serious brake work and miscellaneous TLC. Excellent auto shop project. $250 OB"
1736,zero_shot_full_context,19,talk.religion.misc,16,talk.politics.guns,16,From: jwmorris@netcom.com (John W. Morris) Subject: Re: Davidians and compassion Organization: NETCOM On-line Communication Services (408 241-9760 guest) X-Newsreader: TIN [version 1.1 PL6] Lines: 26 : : > Surely you are not equating David Koresh with Christianity? The two are : > not comparable. : : This is always an option: when the sect is causi
1737,zero_shot_full_context,9,rec.sport.baseball,9,rec.sport.baseball,9,From: drw3l@delmarva.evsc.Virginia.EDU (David Robert Walker) Subject: Re: How to speed up games (marginally realistic) Organization: University of Virginia Lines: 21 In article <9304202040.PN27738@LL.MIT.EDU> ejb@ll.mit.edu ( Ed Baranoski) writes: >In article <1993Apr20.181245.11319@VFL.Paramax.COM> davidm@gvls2.vfl.paramax.com (David Madden) write
1738,zero_shot_full_context,16,talk.politics.guns,18,talk.politics.misc,18,"From: Seth Adam Eliot <se08+@andrew.cmu.edu> Subject: senate and house addresses Organization: Doctoral student, Materials Science and Engineering, Carnegie Mellon, Pittsburgh, PA Lines: 27 Distribution: usa NNTP-Posting-Host: po4.andrew.cmu.edu In-Reply-To: <1993Apr21.160803.4272@ccsvax.sfasu.edu> > In article <C5uA7r.DAD@da_vinci.it.uswc.uswest.c"
1739,zero_shot_full_context,16,talk.politics.guns,18,talk.politics.misc,18,"From: cdt@sw.stratus.com (C. D. Tavares) Subject: Re: WACO: Clinton press conference, part 1 Organization: Stratus Computer, Inc. Lines: 18 Distribution: world NNTP-Posting-Host: rocket.sw.stratus.com In article <1993Apr21.021301.25113@r-node.hub.org>, ndallen@r-node.hub.org (Nigel Allen) writes: > Here is a press release from the White House. > Nu"
1740,zero_shot_full_context,18,talk.politics.misc,16,talk.politics.guns,16,"From: busta@kozmic.enet.dec.com Subject: Re: Waco survivors 1715 19 April Organization: Digital Equipment Corporation Lines: 41 In article <C5sEGz.Mwr@dscomsa.desy.de>, hallam@dscomsa.desy.de (Phill Hallam-Baker) writes... > >In article <APM.93Apr20090558@hpopdlau.pwd.hp.com>, apm@hpopdlau.pwd.hp.com (Andrew Merritt) writes: >|>Path: dscomsa!dxcern"
1741,zero_shot_full_context,14,sci.space,13,sci.med,13,"From: mckay@alcor.concordia.ca (John McKay) Subject: Re: Math?? (Was US govt & Technolgy Investment Keywords: science? Nntp-Posting-Host: alcor.concordia.ca Organization: Concordia University, Montreal, Canada Lines: 21 mwilson@ncratl.AtlantaGA.NCR.COM (Mark Wilson) writes: >|>Report called it The Science of Order, but that's probably pomposity. >|"
1742,zero_shot_full_context,14,sci.space,16,talk.politics.guns,16,"From: pgf@srl03.cacs.usl.edu (Phil G. Fraering) Subject: Re: Who is Henry Spencer anyway? Organization: Univ. of Southwestern Louisiana Lines: 15 Someone named Hansk asked about pictures. Well, there is an archive of portraits in xfaces format at ftp.uu.net. Henry Spencer's picture is there somewhere, along with several thousand others. I don't rem"
1743,zero_shot_full_context,15,soc.religion.christian,15,soc.religion.christian,15,"From: gt7122b@prism.gatech.edu (Randal Lee Nicholas Mandock) Subject: Re: homosexual issues in Christianity Organization: Georgia Institute of Technology Lines: 21 In response to alleged circular reasoning concerning the morality of homosexuality, clh poses the following challenge: >In order to break the circle there's got to be some other >reason "
1744,zero_shot_full_context,12,sci.electronics,14,sci.space,14,From: tchannon@black.demon.co.uk (Tim Channon) Subject: Re: Lead Acid batteries & Concrete? Reply-To: tchannon@black.demon.co.uk Distribution: world X-Mailer: cppnews $Revision: 1.20 $ Organization: null Lines: 29 > Why does a lead acid battery discharge and become dead (totally unuseable) > when stored on a concrete floor? When will people learn! 
1745,zero_shot_full_context,18,talk.politics.misc,18,talk.politics.misc,18,"From: eck@panix.com (Mark Eckenwiler) Subject: Re: Watergate (was: Temper tantrums from the 1960's Organization: NWO Steering Committee Distribution: usa Lines: 20 In <1993Apr19.221331.26203@pony.Ingres.COM>, garrett@Ingres.COM sez: [re Michael Friedman and Phil Ronzone] > >O.K. So far you guys have called me: >1) An ignorant asshole >2) Ignorant s"
1746,zero_shot_full_context,4,comp.sys.mac.hardware,4,comp.sys.mac.hardware,4,"From: c60c-2mh@web-2h.berkeley.edu (Collin Ong) Subject: Re: PC Logitec hand scan on Mac? Keywords: scanner Nntp-Posting-Host: web-2h.berkeley.edu Organization: University of California, Berkeley Lines: 14 I have the Logitech hand scanner for the Mac. It uses a SCSI interface box that the standard scanner unit plugs into. I have tried my friend's I"
1747,zero_shot_full_context,15,soc.religion.christian,15,soc.religion.christian,15,"From: mmh@dcs.qmw.ac.uk (Matthew Huntbach) Subject: Re: SATANIC TOUNGES Organization: Computer Science Dept, QMW, University of London, UK. Lines: 23 In article <May.10.05.08.50.1993.3730@athos.rutgers.edu> bjorn.b.larsen@delab.sintef.no writes: >We chose to believe whetever we want, but we are not allowed to define >our own Christianity. we see in"
1748,zero_shot_full_context,11,sci.crypt,18,talk.politics.misc,18,"From: hshubs@cis.umassd.edu (Howard S Shubs) Subject: Re: Overreacting (was Re: Once tapped, your code is no good any more) Organization: University of Massachusetts Dartmouth Distribution: na Lines: 19 In <4fplPDH0BwwbEDweNJ@transarc.com> Lyle_Seaman@transarc.com writes: >Look, we (collectively) have the power to throw the bums out, but we >don't "
1749,zero_shot_full_context,17,talk.politics.mideast,18,talk.politics.misc,18,From: golchowy@alchemy.chem.utoronto.ca (Gerald Olchowy) Subject: Re: Europe vs. Muslim Bosnians Organization: University of Toronto Chemistry Department Lines: 40 In article <1stk81INNf6q@SUNED.ZOO.CS.YALE.EDU> morris-jay@cs.yale.edu (Jay Morris) writes: > >I also understand that the administration is planning to position >troops in Macedonia. Any
1750,zero_shot_full_context,12,sci.electronics,14,sci.space,14,"Subject: help with phone wire: which ones are ""tip"" & ""ring""? From: mlevin@husc8.harvard.edu (Michael Levin) Distribution: usa Organization: Harvard University Science Center Nntp-Posting-Host: husc8.harvard.edu Lines: 11 I just bought a little gizmo that is supposed to be installed ""in series with the tip or ring lines"" of the phone wire. Which on"
1751,zero_shot_full_context,18,talk.politics.misc,18,talk.politics.misc,18,"From: demon@desire.wright.edu (Not a Boomer) Subject: Re: F<O>CUS/HEALTH: The ""Big Secret"" Organization: ACME Products Lines: 24 Summary: That should be ""Blue Cross is the government health care insurer"" In article <9304182100.AA08789@poly.math.cor>, harelb@math.cornell.edu writes: > ****************************************************** > ""IT IS A"
1752,zero_shot_full_context,16,talk.politics.guns,16,talk.politics.guns,16,"From: dlb5404@tamuts.tamu.edu (Daryl Biberdorf) Subject: Re: HB 1776 passes the Texas House! Organization: Texas A&M University, College Station Lines: 14 NNTP-Posting-Host: tamuts.tamu.edu HB 1776 is for Concealed Carry in Texas. It provides for licensing citizens to carry concealed firearms if they pass an instruction course (30 hours, if I remem"
1753,zero_shot_full_context,16,talk.politics.guns,18,talk.politics.misc,18,"From: cdt@sw.stratus.com (C. D. Tavares) Subject: Re: ATF BURNS DIVIDIAN RANCH - UPDATE Organization: Stratus Computer, Inc. Lines: 33 Distribution: usa NNTP-Posting-Host: rocket.sw.stratus.com In article <C5v9Fv.Krt@news.cso.uiuc.edu>, irvine@uxh.cso.uiuc.edu (Brent Irvine) writes: > In article <C5uHuo.Awq@usenet.ucs.indiana.edu> wwarf@silver.ucs."
1754,zero_shot_full_context,13,sci.med,13,sci.med,13,"From: banschbach@vms.ocom.okstate.edu Subject: Re: Chromium as dietary suppliment for weight loss Organization: OSU College of Osteopathic Medicine Lines: 126 Nntp-Posting-Host: vms.ocom.okstate.edu In article <1993Apr29.145140.10559@newsgate.sps.mot.com>, rhca80@melton.sps.mot.com (Henry Melton) writes: > > My wife has requested that I poll the Sa"
1755,zero_shot_full_context,6,misc.forsale,6,misc.forsale,6,"From: Kam-Chung Cheung <kc35+@andrew.cmu.edu> Subject: moving sale Organization: Masters student, Industrial Administration, Carnegie Mellon, Pittsburgh, PA Lines: 11 NNTP-Posting-Host: po2.andrew.cmu.edu Moving Sale ~ Large table $25 ~ Four-drawer dresser $29 ~ Five-shelf book case $19 ~ Chair $19 ~ 15-speed Bicycle (KHS brand) $69 ~ Microwave ove"
1756,zero_shot_full_context,18,talk.politics.misc,18,talk.politics.misc,18,"From: nelson_p@apollo.hp.com (Peter Nelson) Subject: Re: Employment (was Re: Why not concentrate on child molesters? Nntp-Posting-Host: c.ch.apollo.hp.com Organization: Hewlett-Packard Corporation, Chelmsford, MA Lines: 67 In article <1993Apr20.202749.9007@galileo.cc.rochester.edu> as010b@uhura.cc.rochester.edu (Tree of Schnopia) writes: > >Wow, I "
1757,zero_shot_full_context,12,sci.electronics,14,sci.space,14,"From: gfl@herahera.cc.bellcore.com (lenahan,grant f) Subject: Re: Adcom cheap products? Organization: Bellcore, Livingston, NJ Summary: Effect of heat on sound quality Lines: 43 Much deleted about assembly in USA vs. other, I wish to focus on the subject of warm-running amplifiers: > : > Sure the amp runs very fairly > : > hot - but that's how you "
1758,zero_shot_full_context,17,talk.politics.mideast,15,soc.religion.christian,15,"From: khan0095@nova.gmi.edu (Mohammad Razi Khan) Subject: Re: Synagogues, Mosques, and Double Standards Organization: GMI Engineering&Management Institute, Flint, MI Lines: 44 NNTP-Posting-Host: nova.gmi.edu narain@ih-nxt09.cso.uiuc.edu (Nizam Arain) writes: >Mark Ira Kaufman writes >> ... ... ... >> A perfect example is the outcry over the tempora"
1759,zero_shot_full_context,17,talk.politics.mideast,16,talk.politics.guns,16,"From: adam@endor.uucp (Adam Shostack) Subject: Re: Israeli Terrorism Organization: Aiken Computation Lab, Harvard University Lines: 93 In article <1993Apr28.143720.9580@Virginia.EDU> ab4z@Virginia.EDU (""Andi Beyer"") writes: >adam@endor.uucp writes: >> In article <1993Apr25.181351.1373@Virginia.EDU> ab4z@Virginia.EDU (""Andi Beyer"") writes: >> > The "
1760,zero_shot_full_context,3,comp.sys.ibm.pc.hardware,4,comp.sys.mac.hardware,4,"From: seang@ddbeezer.Dundee.NCR.COM (Sean Gordon) Subject: Help, I need a Mac SE modem port to PC 25 way serial port cable Reply-To: seang@ddbeezer.Dundee.NCR.COM (Sean Gordon) Distribution: world Organization: NCR E&M Dundee Lines: 14 I'm trying to connect a Mac SE modem port to a PC 25 way serial port, can someone provide me with a wiring diagram"
1761,zero_shot_full_context,6,misc.forsale,3,comp.sys.ibm.pc.hardware,3,"From: bitzm@columbia.dsu.edu (MICHAEL BITZ) Subject: 1 meg SIMMS for sale ~_~_~_~_~_~_~_~_~_~_~_~_~_~_~_~ Keywords: SIMMS,memory Lines: 18 Organization: Dakota State University Lines: 18 Hello. I have (4) SIMMS for sale. They are 1 megabyte each, and are of the 3-chip variety. These are very high quality SIMMS, and are nearly brand new. Best of all"
1762,zero_shot_full_context,14,sci.space,14,sci.space,14,From: henry@zoo.toronto.edu (Henry Spencer) Subject: Re: Long Term Space Voyanges and Effect NEwsgroup? Organization: U of Toronto Zoology Lines: 11 In article <1993Apr26.222659.1@aurora.alaska.edu> nsmca@aurora.alaska.edu writes: >I vote for a later on sci.space.medicine or similar newsgroup fro the >discussion of long term missions into space and
1763,zero_shot_full_context,14,sci.space,14,sci.space,14,"From: Bruce.Scott@launchpad.unc.edu (Bruce Scott) Subject: Re: HST Servicing Mission Scheduled for 11 Days Nntp-Posting-Host: lambada.oit.unc.edu Organization: University of North Carolina Extended Bulletin Board Service Lines: 17 If re-boosting the HST by carrying it with a shuttle would not damage it, then why couldn't HST be brought back to eart"
1764,zero_shot_full_context,7,rec.autos,7,rec.autos,7,"From: jgoss@gaia.torolab.ibm.com (Jeff Goss) Subject: Re: Manual Shift Bigots In-Reply-To: pebi@aem.umn.edu's message of Sat, 24 Apr 1993 06:01:05 GMT Lines: 21 <crh.735198797@regent.e-technik.tu-muenchen.de> <Apr19.195700.19699@engr.washington.edu> <1993Apr21.100149.1501@rtsg.mot.com> <1993Apr22.182230.3492@pony.Ingres.COM> <pebi.735631265@zephyr."
1765,zero_shot_full_context,13,sci.med,13,sci.med,13,From: ttrusk@its.mcw.edu (Thomas Trusk) Subject: Re: Krillean Photography Organization: Medical College of Wisconsin Lines: 22 Reply-To: ttrusk@its.mcw.edu NNTP-Posting-Host: pixel.cellbio.mcw.edu In article <20APR199315574161@vxcrna.cern.ch> filipe@vxcrna.cern.ch (VINCI) writes: > How about Kirlian imaging ? I believe the FAQ for sci.skeptics (sp?
1766,zero_shot_full_context,12,sci.electronics,17,talk.politics.mideast,17,From: cfb@fc.hp.com (Charlie Brett) Subject: Re: Lead Acid batteries & Concrete? Nntp-Posting-Host: hpfcmgw.fc.hp.com Organization: Hewlett-Packard Fort Collins Site X-Newsreader: TIN [version 1.1 PL8.5] Lines: 15 Michael Covington (mcovingt@aisun3.ai.uga.edu) wrote: : This topic was beaten to death a year or so ago. : The concrete is not the probl
1767,zero_shot_full_context,9,rec.sport.baseball,17,talk.politics.mideast,17,From: C Robert Claydon <cclaydon@magnus.acs.ohio-state.edu> Subject: CUB fever. Organization: The Ohio State University X-Mailer: ELM [version 2.3 PL11] Lines: 13 kingoz@camelot.bradley.edu (Orin Roth) writes: > CUB fever is hitting me again. I'm beginning to think they have a > chance this year. (what the heck am i thinking?) > Sorry. Just a momen
1768,zero_shot_full_context,6,misc.forsale,6,misc.forsale,6,"From: ll12@quads.uchicago.edu (li liu) Subject: Florida Vacation Package for Sale Reply-To: ll12@midway.uchicago.edu Organization: University of Chicago Lines: 27 Hello, this package is the right thing for you if you are planning a short vacation in central Florida. For $169, you get: --Four nights in first class hotels for two adults and up to thr"
1769,zero_shot_full_context,6,misc.forsale,6,misc.forsale,6,"From: lmmik@cbnewsb.cb.att.com (larry.m.mikkelson) Subject: Stereo Equipment, Speakers for sale Organization: AT&T Distribution: nj Lines: 18 Keywords: Polk Sansui Akai Stereo FOR SALE: Polk RTA 12 speakers Sansui 4900Z - 60 watt Rx Akai CSM 40 RM $500 or best offer. A friend asked me to post this for him. If you are interested or want more informa"
1770,zero_shot_full_context,13,sci.med,18,talk.politics.misc,18,"From: mmatusev@radford.vak12ed.edu (Melissa N. Matusevich) Subject: Re: Pregnency without sex? Organization: Virginia's Public Education Network (Radford) Lines: 5 Speaking of educational systems, I recently had a colleague tell me that the reason one of our fifth grade students is so physically developed is because she was sexually abused as a you"
1771,zero_shot_full_context,14,sci.space,12,sci.electronics,12,From: shag@aero.org (Rob Unverzagt) Subject: Re: moon image in weather sat image Organization: Organization? You must be kidding. Lines: 26 NNTP-Posting-Host: aerospace.aero.org In article <1993Apr30.173625.10139@unocal.com> stgprao@st.unocal.COM (Richard Ottolini) writes: > In article <C6B2pA.My4@usenet.ucs.indiana.edu> turner@bigbang.astro.indian
1772,zero_shot_full_context,14,sci.space,14,sci.space,14,From: baalke@kelvin.jpl.nasa.gov (Ron Baalke) Subject: Space Calendar - 04/27/93 Organization: Jet Propulsion Laboratory Lines: 152 Distribution: world NNTP-Posting-Host: kelvin.jpl.nasa.gov News-Software: VAX/VMS VNEWS 1.41 The Space Calendar is updated monthly and the latest copy is available at ames.arc.nasa.gov in the /pub/SPACE/FAQ. Please sen
1773,zero_shot_full_context,12,sci.electronics,14,sci.space,14,"From: nagle@netcom.com (John Nagle) Subject: Re: subliminal message flashing on TV Organization: NETCOM On-line Communication Services (408 241-9760 guest) Distribution: usa Lines: 24 lihan@ccwf.cc.utexas.edu (Bruce G. Bostwick) writes: >Well, yes and no. The _image_ can't be on the screen less than 1/30 >of a second, but a _mixture_ of images that"
1774,zero_shot_full_context,19,talk.religion.misc,15,soc.religion.christian,15,"From: brian@lpl.arizona.edu (Brian Ceccarelli 602/621-9615) Subject: Re: To Rob Lanphier Organization: Lunar & Planetary Laboratory, Tucson AZ. Lines: 40 I wrote: > My hope is that Brian K. will look and will see the ramifications of the > truck coming towards him. My hope is that Brian will want to step out > of the way. My fear, though, is that B"
1775,zero_shot_full_context,12,sci.electronics,3,comp.sys.ibm.pc.hardware,3,"From: skelly@amiganet.chi.il.us (Sean Kelly) Subject: Question on addressing... Organization: Amiga Network Information Systems Lines: 16 I have a question about accessing certain addresses on a chip, particulary a 27C512 EPROM. Although I don't know that much about it, as I understand it, there's a pin on the chip that, when voltage is applied, ki"
1776,zero_shot_full_context,14,sci.space,14,sci.space,14,"From: hausner@qucis.queensu.ca (Alejo Hausner) Subject: Re: Long term Human Missions Organization: M.Sc, C.S, Queen's, Kingston, Canada. Lines: 18 In article <1993Apr28.133101.25145@rpslmc.edu> rek@siss81 (Robert Kaye) writes: > >Just a few contributions from the space program to ""regular"" society: > >1. Calculators >2. Teflon (So your eggs don't s"
1777,zero_shot_full_context,13,sci.med,13,sci.med,13,"From: enea1@applelink.apple.com (Horace Enea) Subject: Persistent vs Chronic Organization: Apple Computer Lines: 6 Can anyone out there tell me the difference between a ""persistent"" disease and a ""chronic"" one? For example, persistent hepatitis vs chronic hepatitis. Thanks, Horace"
1778,zero_shot_full_context,15,soc.religion.christian,15,soc.religion.christian,15,"From: koberg@spot.Colorado.EDU (Allen Koberg) Subject: Re: _Christianity In Crisis_ by Hank Hanegraaff Organization: University of Colorado, Boulder Lines: 11 In article <May.12.04.27.23.1993.9926@athos.rutgers.edu> af664@yfn.ysu.edu (Frank DeCenso, Jr.) writes: >Has anyone read this important book? If so, what are your feelings about it? > I have "
1779,zero_shot_full_context,16,talk.politics.guns,16,talk.politics.guns,16,"From: dhartung@chinet.chi.il.us (Dan Hartung) Subject: ABC Confirms Two Points of FBI's Version Summary: FBI did call for firetrucks immediately; experts say 3 fire sources Organization: Chinet - Public Access UNIX Distribution: na Lines: 38 Well, the question of why fire equipment took so long to reach the compound has been answered. ABC aired a r"
1780,zero_shot_full_context,13,sci.med,14,sci.space,14,"From: ashwin@gatech.edu (Ashwin Ram) Subject: How often do kids fall sick? etc. Reply-To: ashwin@cc.gatech.edu (Ashwin Ram) Organization: Georgia Institute of Technology, College of Computing Lines: 35 Our 20-month son has started falling sick quite often every since he started going to day care. He was at home for the first year and he did not fal"
1781,zero_shot_full_context,19,talk.religion.misc,15,soc.religion.christian,15,"From: sandvik@newton.apple.com (Kent Sandvik) Subject: Re: Is it good that Jesus died? Organization: Cookamunga Tourist Bureau Lines: 28 In article <1993Apr22.155850.28992@atlastele.com>, jasons@atlastele.com (Jason Smith) wrote: > For several years all I knew is I really liked dropping 'cid (LSD). > Frankly speaking, I didn't really care. It was f"
1782,zero_shot_full_context,19,talk.religion.misc,13,sci.med,13,"From: emarsh@hernes-sun.Eng.Sun.COM (Eric Marsh) Subject: Magick and parallel universes (was: The Universe and Black Holes) Organization: Sun Lines: 45 NNTP-Posting-Host: hernes-sun In article <IfpMCx600VB986FZFR@andrew.cmu.edu> nm0w+@andrew.cmu.edu (Nanci Ann Miller) writes: >emarsh@hernes-sun.Eng.Sun.COM (Eric Marsh) writes: >> BTW, the parallel "
1783,zero_shot_full_context,16,talk.politics.guns,16,talk.politics.guns,16,"From: kennejs@a.cs.okstate.edu (KENNEDY JAMES SCOT) Subject: Re: Blast them next time Organization: Oklahoma State University Distribution: usa Lines: 56 From article <1r19l9$7dv@usenet.INS.CWRU.Edu>, by oldham@ces.cwru.edu (Daniel Oldham): > What happened in Waco is not the fault of the BATF. If they would of > had the proper equipment and persona"
1784,zero_shot_full_context,18,talk.politics.misc,16,talk.politics.guns,16,"From: eczcaw@mips.nott.ac.uk (A.Wainwright) Subject: Re: New Study Out On Gay Percentage Reply-To: eczcaw@mips.nott.ac.uk (A.Wainwright) Organization: Nottingham University Lines: 80 In article <15427@optilink.COM>, cramer@optilink.COM (Clayton Cramer) writes: | |> # 1) So what? |> |> Homosexuals lie about the 10% number to hide the disproportionat"
1785,zero_shot_full_context,7,rec.autos,18,talk.politics.misc,18,"From: michal+@cs.cmu.edu (Michal Prussak) Subject: Re: Pennsylvania Insurance, Limited Tort Option Nntp-Posting-Host: gs58.sp.cs.cmu.edu Organization: School of Computer Science, Carnegie Mellon Distribution: usa Lines: 16 In article <34666@oasys.dt.navy.mil> glouie@oasys.dt.navy.mil (George Louie) writes: >coverage. This also applies to my existin"
1786,zero_shot_full_context,6,misc.forsale,6,misc.forsale,6,"From: 02106@ravel.udel.edu (Samuel Ross) Subject: Books for sale cheap!!!!! Distribution: usa Organization: University of Delaware Lines: 24 Nntp-Posting-Host: ravel.udel.edu SOMEONE PLEASE BUY THESE BOOKS!!!!! I AM NOT ASKING MUCH!!!!!! JUST MAKE ME AN OFFER AND I WILL PROBABLY TAKE IT!!!!! * Writing good software in Fortran, Graham Smith. * The H"
1787,zero_shot_full_context,10,rec.sport.hockey,17,talk.politics.mideast,17,"Organization: Penn State University From: Robbie Po <RAP115@psuvm.psu.edu> Subject: Re: BUFFALO 4, Boston 0: Defense!! <1r49s8$q8b@hsdndev.harvard.edu> <BSON.93Apr22060320@nutrimat.gnu.ai.mit.edu> <1r8tgh$lfi@hsdndev.harvard.edu> Lines: 54 In article <1r8tgh$lfi@hsdndev.harvard.edu>, nhmas@gauss.med.harvard.edu (Mark Shneyder 432-4219) says: >The F"
1788,zero_shot_full_context,18,talk.politics.misc,16,talk.politics.guns,16,"From: lfoard@hopper.Virginia.EDU (Lawrence C. Foard) Subject: Re: New Study Out On Gay Percentage Organization: ITC/UVA Community Access UNIX/Internet Project Lines: 23 In article <15437@optilink.com> cramer@optilink.COM (Clayton Cramer) writes: > >In article <1993Apr17.024646.28396@news.cs.brandeis.edu>, st923336@pip.cc.brandeis.edu (BLORT! eeeep!"
1789,zero_shot_full_context,5,comp.windows.x,14,sci.space,14,"From: ktz@lrs.e-technik.uni-erlangen.de (Martin Kreutzer) Subject: Problem with German keyboard on a Sparc10 Organization: LRS, University of Erlangen, Germany NNTP-Posting-Host: lw010.lrs.e-technik.uni-erlangen.de Lines: 9 Keywords: keyboard special characters Yesterday I changed the US-Keyboard of my Sparc10 with a german keyboard. And now I cann"
1790,zero_shot_full_context,6,misc.forsale,6,misc.forsale,6,"Subject: WANTED LCD OVERHEAD MON. From: jonathan.evans@commlink.wariat.org (Jonathan Evans) Distribution: world Organization: Comm-Link BBS (216) 691-9209 Cleveland, Ohio Lines: 13 Wanted An LCD Overhead Monitor for my school. (CGA) Looking for one in fairly good shape but the school doesn't have alot of money to spend. If you have one or know of o"
1791,zero_shot_full_context,5,comp.windows.x,13,sci.med,13,From: dhliu@solar.csie.ntu.edu.tw (Der-Hua Liu) Subject: keycode wrong for XKeyReleasedEvent ?? Nntp-Posting-Host: jupiter.csie.ntu.edu.tw Organization: The Dept. of Computer Science and Information Engineering of NTU X-Newsreader: TIN [version 1.1 PL9] Lines: 15 I am writing a X-based dosemu which requires XKeyReleasedEvent. I found the keycode of
1792,zero_shot_full_context,11,sci.crypt,11,sci.crypt,11,"From: tarnold@vnet.IBM.COM (Todd W. Arnold) Subject: Re: Can DES code be shipped to Canada? Organization: IBM Cryptographic Facility Development Disclaimer: This posting represents the poster's views, not those of IBM News-Software: UReply 3.1 <strnlghtC5wKrt.6JA@netcom.com> Lines: 22 In article <1993Apr22.125402.27561@fripp.ri.cadre.com> rj@ri.cad"
1793,zero_shot_full_context,12,sci.electronics,12,sci.electronics,12,"From: DPierce@world.std.com (Richard D Pierce) Subject: Re: Pink Noise Organization: The World Public Access UNIX, Brookline, MA Distribution: sci.electronics Lines: 34 In article <34T302tW40N601@JUTS.ccc.amdahl.com> dws30@p1hdb01cd.amdahl.com (David Sharpe) writes: > > Pink Noise and White Noise are equal amounts of all frequencies. This >is in mo"
1794,zero_shot_full_context,17,talk.politics.mideast,16,talk.politics.guns,16,"From: ab4z@Virginia.EDU (""Andi Beyer"") Subject: Re: Freedom In U.S.A. Organization: University of Virginia Lines: 16 > > Bull shit. There is no reason in the world why we can't say that > taking views analogous to the KKK's or some such organization is > wrong. There is no reason why some morality may not be legislated. As > it is we do not allow t"
1795,zero_shot_full_context,11,sci.crypt,16,talk.politics.guns,16,"From: rschnapp@metaflow.com (Russ Schnapp) Subject: Re: Overreacting (was Re: Once tapped, your code is no good any more) Keywords: paranoia cryptography clipper Nntp-Posting-Host: habu Organization: Metaflow Technologies Inc. Distribution: na Lines: 24 In article <1993Apr22.134214.18517@rick.dgbt.doc.ca>, jhan@debra.dgbt.doc.ca (Jerry Han) writes:"
1796,zero_shot_full_context,5,comp.windows.x,14,sci.space,14,"From: dcr@mail.ast.cam.ac.uk (Derek C. Richardson) Subject: xrastool 1.0 part 2/2 Keywords: animation xview raster Nntp-Posting-Host: ioas09.ast.cam.ac.uk Reply-To: dcr@mail.ast.cam.ac.uk Organization: Institute of Astronomy, Cambridge Lines: 738 part 2/2 of xrastool 1.0 ---cut here--- M%]F+[P'R8G=KW'AQY!=@$L^-QJZJH]?1WBB=$022&X,B1)N#(7XL) !V;#HJ M"
1797,zero_shot_full_context,10,rec.sport.hockey,9,rec.sport.baseball,9,"From: gwittt@alleg.edu (Tom Gwitt) Subject: Re: Buffalo Sabres Organization: Allegheny College Lines: 15 In article <1r8pc7$sa5@msuinfo.cl.msu.edu> vergolin@euler.lbs.msu.edu (David Vergolini) writes: > Ok, Buffalo fans. I am a Red Wings fan, but am amazed at how the Sabres are > beating up on the Bruins. Is there any reason for this? Is it Grant F"
1798,zero_shot_full_context,5,comp.windows.x,2,comp.os.ms-windows.misc,2,"From: pflynn@curia.ucc.ie (Peter Flynn) Subject: Compiling ghostview under Sun OpenWindows 3 Organization: University College, Cork Lines: 16 Due it seems to Sun's crapulous organisation of the X libraries and includes, most standard (GNU and other) software won't compile out of the box (well, tar file). Right now I'm trying to make ghostview. It c"
1799,zero_shot_full_context,11,sci.crypt,11,sci.crypt,11,"From: schneier@chinet.chi.il.us (Bruce Schneier) Subject: Re: New Encryption Algorithm Keywords: NEA Organization: Chinet - Public Access UNIX Lines: 14 In article <1raeir$be1@access.digex.net> steve-b@access.digex.com (Steve Brinich) writes: > > Well, actually, this one's easy. It's their job. The NSA is > >supposed to develop cryptosystems. If th"
1800,zero_shot_full_context,16,talk.politics.guns,18,talk.politics.misc,18,"From: an030@cleveland.Freenet.Edu (Broward Horne) Subject: Re: Waco ""Inside Story"" (AP) (Was Re: ATF BURNS....) Organization: Case Western Reserve University, Cleveland, OH (USA) Lines: 24 Reply-To: an030@cleveland.Freenet.Edu (Broward Horne) NNTP-Posting-Host: hela.ins.cwru.edu In a previous article, dhartung@chinet.chi.il.us (Dan Hartung) says: >"
1801,zero_shot_full_context,7,rec.autos,18,talk.politics.misc,18,From: gwalker@rtfm.mlb.fl.us (Grayson Walker) Subject: Re: Questions about insurance companies (esp. Geico) Organization: A.S.I. Distribution: usa Lines: 3 Bob: Excellent! To the point and correct! Spread the word.
1802,zero_shot_full_context,18,talk.politics.misc,16,talk.politics.guns,16,"From: piatt@gdc.COM (Gary Piatt) Subject: Re: New Study Out On Gay Percentage Organization: General DataComm Ind. Inc., Middlebury, CT 06762 Lines: 19 Nntp-Posting-Host: esun228 X-Newsreader: TIN [version 1.1 PL9] Clayton Cramer wrote: : Lawrence C. Foard writes: : # #The median number of sexual partners for all men 20-39 was 7.3. : # Don't forget "
1803,zero_shot_full_context,14,sci.space,12,sci.electronics,12,From: prb@access.digex.net (Pat) Subject: Re: France spied on by the U.S. Organization: Express Access Online Communications USA Lines: 5 Distribution: sci NNTP-Posting-Host: access.digex.net You mena in the same way french intelliegence agents steal documents from US corporate executives? pat
1804,zero_shot_full_context,4,comp.sys.mac.hardware,4,comp.sys.mac.hardware,4: comp.sys,"From: st90rjr4@dunx1.ocs.drexel.edu (David J. Sugar) Subject: Building a Simple Appletalk Repeater?? Summary: simple repeater Keywords: appletalk repeater, cheap, build Organization: Drexel University, Phila. Pa. Lines: 16 I have a small network running in my dorm at school, and I am kind of worried about the length of the wires and the way that I "
1805,zero_shot_full_context,17,talk.politics.mideast,16,talk.politics.guns,16,"From: rj3s@Virginia.EDU (""Get thee to a nunnery....."") Subject: Re: Deir Yassin Organization: University of Virginia Lines: 55 hm@cs.brown.edu writes: > In article <1993Apr26.234331.7303@Virginia.EDU> rj3s@Virginia.EDU (""Get thee to a nunnery....."") writes: > > This is such Bullshit. Deir Yassin was an unprovoked attack on > the part of the Jews, a"
1806,zero_shot_full_context,0,alt.atheism,15,soc.religion.christian,15,"From: I3150101@dbstu1.rz.tu-bs.de (Benedikt Rosenau) Subject: Re: Islam And Scientific Predictions (was Re: Genocide is Caused by Atheism) Organization: Technical University Braunschweig, Germany Lines: 20 In article <1993Apr19.231641.21652@monu6.cc.monash.edu.au> darice@yoyo.cc.monash.edu.au (Fred Rice) writes: (Deletion) >""(God is) the One Who cr"
1807,zero_shot_full_context,10,rec.sport.hockey,10,rec.sport.hockey,10,From: huot@cray.com (Tom Huot) Subject: Re: Ulf crushes Valeri Zelepukin Lines: 16 Nntp-Posting-Host: pittpa.cray.com Organization: Cray Research Inc. X-Newsreader: TIN [version 1.1 PL8] Bill Clare 726-9419 (clare@ssd.kodak.com) wrote: : That more or less says it. I flicked the Penguins game on briefly and saw : Ulf cross-check Valeri in the face. 
1808,zero_shot_full_context,5,comp.windows.x,14,sci.space,14,"From: mjcarley@unix2.tcd.ie (Michael Carley) Subject: DVI Viewers Nntp-Posting-Host: unix2.tcd.ie Organization: Trinity College, Dublin Lines: 11 I need some help in tracking down a dvi viewer for X. I have xdvi but we have not got the X libraries and includes installed- so i) is there a way around this, as we are trying to avoid installing the stu"
1809,zero_shot_full_context,12,sci.electronics,18,talk.politics.misc,18,"From: red@tina.dei.unipd.it (Piergiorgio Sartor 274199/IL) Subject: PALs, GALs Organization: D.E.I. Universita' di Padova -- Italia Lines: 6 Does anyone know how can I get detailed information about PALs and GALs. Please reply via e-mail. Thanks a lot in advance. -- red@paola.dei.unipd.it red@maya.dei.unipd.it"
1810,zero_shot_full_context,7,rec.autos,17,talk.politics.mideast,17,"From: newman@cps.msu.edu (Timothy S Newman) Subject: Domestic Content of US/Japan Joint Ventures Organization: Department of Computer Science, Michigan State University Lines: 15 Distribution: usa NNTP-Posting-Host: howell.cps.msu.edu Originator: newman@howell.cps.msu.edu Does anyone know what the domestic content is of any of these: Geo Prizm, Eag"
1811,zero_shot_full_context,8,rec.motorcycles,8,rec.motorcycles,8,"From: vlj@hpfcso.FC.HP.COM (Victor Johnson) Subject: Re: Type spesifications (CB, VFR, GT, etc.) Organization: Dances with Hawks Lines: 17 In rec.motorcycles, cjackson@adobe.com (Curtis Jackson) writes: > In article <C5sK1D.C1p@srgenprp.sr.hp.com> frankb@sad.hp.com (Frank Ball) writes: > }Honda: a ""V"" designates a V engine street bike. ""VF"" for V-4"
1812,zero_shot_full_context,15,soc.religion.christian,15,soc.religion.christian,15,"From: armstrng@cs.dal.ca (Stan Armstrong) Subject: Sleeping with one's aunt Organization: Math, Stats & CS, Dalhousie University, Halifax, NS, Canada Lines: 37 The last time we discussed homosexuality, I asked whether anyone could identify any other act besides homosexual intercourse that the Bible prohibited, but which might in some circumstances "
1813,zero_shot_full_context,17,talk.politics.mideast,18,talk.politics.misc,18,"From: eggertj@moses.ll.mit.edu (Jim Eggert x6127 g41) Subject: Re: Israeli destruction of mosque(s) in Jerusalem In-Reply-To: ""D. C. Sessions""'s message of Tue, 11 May 1993 09:30:09 MST Lines: 23 Reply-To: eggertj@ll.mit.edu Organization: MIT Lincoln Lab - Group 41 <2BEC0A64.21705@news.service.uci.edu> <1slm8r$dnk@terminator.rs.itd.umich.edu> <93y0"
1814,zero_shot_full_context,14,sci.space,14,sci.space,14,"From: fiddler@concertina.Eng.Sun.COM (steve hix) Subject: Re: TRUE ""GLOBE"", Who makes it? Organization: Sun Lines: 18 NNTP-Posting-Host: concertina In article <bill.047m@xpresso.UUCP> bill@xpresso.UUCP (Bill Vance) writes: >It has been known for quite a while that the earth is actually more pear >shaped than globular/spherical. Does anyone make a """
1815,zero_shot_full_context,8,rec.motorcycles,18,talk.politics.misc,18,"From: infante@acpub.duke.edu (Andrew Infante) Subject: Re: Why I wanted police officers to answer my posting Organization: Duke University; Durham, N.C. Lines: 10 Nntp-Posting-Host: north1.acpub.duke.edu You really expect a cop to answer these honestly? (First you gotta expect a cop to be honest...that's another story...) -- Andy Infante | You can "
1816,zero_shot_full_context,15,soc.religion.christian,15,soc.religion.christian,15,"From: JEK@cu.nih.gov Subject: The Bible on the Immaculate COnception Lines: 35 Andy Byler writes on the Biblical basis for the dogma of the Immaculate Conception: + I will put enmity between you [the Serpent] and the woman, and + between your seed and her seed, she [can also be read he] shall + crush your head and you shall bruise her [or his] heel"
1817,zero_shot_full_context,10,rec.sport.hockey,9,rec.sport.baseball,9,"From: brifre1@ac.dal.ca Subject: Leafs win! (thank you Potvin) Organization: Dalhousie University, Halifax, Nova Scotia, Canada Lines: 17 It's about time the boys got it together!! They were outworked and outplayed by the Wings in the first two games. But Burns must have kicked their behinds cause they sure came out in full gear (or is that high ge"
1818,zero_shot_full_context,2,comp.os.ms-windows.misc,4,comp.sys.mac.hardware,4: comp.sys,"From: mclase@riemann.math.mun.ca (Michael Clase) Subject: Print to file: how do I print the file later? Organization: Mathematics Department, Memorial University of Newfoundland Lines: 30 Here's the situation: At home, I have MS Word for windows but no printer. At work, I have windows + a postscript printer, but not MS Word. So, I configure my mach"
1819,zero_shot_full_context,3,comp.sys.ibm.pc.hardware,2,comp.os.ms-windows.misc,2,From: mark@madman.demon.co.uk (Mark Willams) Subject: HELP WANTED: Faults on IDE drives Distribution: world Organization: DIS(organised) Reply-To: nick@madman.demon.co.uk X-Newsreader: Simple NEWS 1.90 (ka9q DIS 1.21) Lines: 14 I have a 105MB IDE drive and am having a few problems! I get 'Data error on drive C' messages when reading some files. The
1820,zero_shot_full_context,7,rec.autos,7,rec.autos,7,"From: aas7@po.CWRU.Edu (Andrew A. Spencer) Subject: Re: Manual Shift Bigots Organization: Case Western Reserve University, Cleveland, OH (USA) Lines: 29 Reply-To: aas7@po.CWRU.Edu (Andrew A. Spencer) NNTP-Posting-Host: slc5.ins.cwru.edu In a previous article, dwjz@bnr.ca (Doug Zolmer) says: >In article <1993Apr21.100149.1501@rtsg.mot.com>, kissane@"
1821,zero_shot_full_context,8,rec.motorcycles,8,rec.motorcycles,8,"From: thompson@apple.com (Paul Thompson) Subject: Re: Back Breaker, Near Hit!! Organization: Apple Computer, Inc., Cupertino, California Lines: 29 NNTP-Posting-Host: apple.com inde7wv@Rosie.UH.EDU writes: >hear screeching tires. I dart my eyes to my mirrors and realize it's the >moroon flying up right behind me, in my panic I pop my clutch and stal"
1822,zero_shot_full_context,3,comp.sys.ibm.pc.hardware,13,sci.med,13,"From: penev@rockefeller.edu (Penio Penev) Subject: Re: 66DX2 ISA,VLB xor 50DX EISA ?? Advice wanted... Reply-To: penev@venezia.rockefeller.edu Organization: Rockefeller University X-Newsreader: TIN [version 1.1 PL8] X-Posted-From: venezia.rockefeller.edu NNTP-Posting-Host: sol.ctr.columbia.edu Lines: 88 On Thu, 22 Apr 1993 00:22:31 GMT Ross Mitchel"
1823,zero_shot_full_context,7,rec.autos,7,rec.autos,7,"From: cka52397@uxa.cso.uiuc.edu (OrioleFan@uiuc) Subject: Re: Opel owners? Organization: University of Illinois at Urbana Lines: 13 matmcinn@nuscc.nus.sg (Matthew MacIntyre at the National University of Senegal) writes: >By the way, what do people think about the Opel CAlibra? I want one, and I don't want to move to Europe to buy one. Please make i"
1824,zero_shot_full_context,18,talk.politics.misc,16,talk.politics.guns,16,"From: stephen@orchid.UCSC.EDU () Subject: Re: Median??? Re: New Study Out On Gay Percentage Organization: Santa Cruz Lines: 41 NNTP-Posting-Host: orchid.ucsc.edu In article <15464@optilink.COM> cramer@optilink.COM (Clayton Cramer) writes: >In article <1qvb5aINNmoi@darkstar.UCSC.EDU>, stephen@orchid.UCSC.EDU writes: >> In article <15378@optilink.COM"
1825,zero_shot_full_context,12,sci.electronics,14,sci.space,14,From: michael@chpc.utexas.edu (Michael Lemke) Subject: Re: How universal are phones these days? Organization: The University of Texas System - CHPC Lines: 28 In article <26APR199315293014@utkvx.utk.edu> iturriag@utkvx.utk.edu (Mr. Y) writes: [...] > >I am not quite so sure about the illegality of using a regular American phone >on your home system.
1826,zero_shot_full_context,10,rec.sport.hockey,9,rec.sport.baseball,9,"From: galvint@cs.nps.navy.mil (thomas galvin) Subject: Re: And you think ESPN shafted you? Organization: Naval Postgraduate School, Monterey CA Lines: 29 In article <16BB7BF12.RRHAMMER@vm.cmp.ilstu.edu> RRHAMMER@vm.cmp.ilstu.edu writes: >Like many others I too was watching the Caps/Isles game when the went >to the baseball game. I too was pissed. H"
1827,zero_shot_full_context,17,talk.politics.mideast,16,talk.politics.guns,16,"From: sera@zuma.UUCP (Serdar Argic) Subject: Eyewitnesses of the 'ARMENIAN GENOCIDE OF 2.5 MILLION MUSLIMS'. Reply-To: sera@zuma.UUCP (Serdar Argic) Distribution: world Lines: 226 In article <7MAY199309523207@zeus.tamu.edu> smt9230@zeus.tamu.edu (STEPHANIE TSAI) writes: >Serdar Argic, >I implore you, please stop posting and reposting all those mess"
1828,zero_shot_full_context,6,misc.forsale,6,misc.forsale,6,"From: rtd@spectrx.saigon.com (Ramesh Daryani) Subject: 1x1-80 36pcs $102 Organization: SPECTROX SYSTEMS (408)252-1005 Cupertino, Ca Lines: 13 Hi Fellows, I have : -------------------------------------------------------- 36 pcs. 1x1-80 $102 + $5.00 for shipping. Total 107.00 -------------------------------------------------------- If interested, res"
1829,zero_shot_full_context,18,talk.politics.misc,18,talk.politics.misc,18,From: jviv@usmi01.midland.chevron.com (John Viveiros) Subject: Re: Good Neighbor Political Hypocrisy Test Organization: Chevron Lines: 38 In article <C5s8Gz.1zE@apollo.hp.com> nelson_p@apollo.hp.com (Peter Nelson) writes: > > ALL human communities impose their values on individuals. > That's virtually an operational definition of one. If you can > 
1830,zero_shot_full_context,6,misc.forsale,4,comp.sys.mac.hardware,4,"From: Jeff.Lombardi@nemsis (Jeff Lombardi) Subject: Re: Notebook computer wanted Organization: NEMESIS Usenet Gateway Denver, Colorado Lines: 13 I have a Powerbook 170 4/40 that is over 1 year old with no warranty but, in perfect condition (with original Apple fax/modem), that I would consider selling you for around a $1000. Get back to me with wha"
1831,zero_shot_full_context,17,talk.politics.mideast,16,talk.politics.guns,16,"From: sera@zuma.UUCP (Serdar Argic) Subject: Such quaintly charming habits of the Armenian barbarism and fascism. Reply-To: sera@zuma.UUCP (Serdar Argic) Distribution: world Lines: 119 In article <30946@galaxy.ucr.edu> raffi@watnxt08.ucr.edu (Raffi R Kojian) writes: >Nice strategy Sedar, maybe if you can make up SO many stories about what >happened"
1832,zero_shot_full_context,9,rec.sport.baseball,9,rec.sport.baseball,9,"From: barring@cs.washington.edu (David Barrington) Subject: Red Sox Choke Contest Organization: Computer Science & Engineering, U. of Washington, Seattle Lines: 21 To encourage the great tradition of Red Sox negativism, I am having a contest to predict the magnitude of the Sox' fall from their current heights. You must decide first, whether the Sox"
1833,zero_shot_full_context,15,soc.religion.christian,15,soc.religion.christian,15,"From: shellgate!llo@uu4.psi.com (Larry L. Overacker) Subject: Re: Deuterocanonicals, esp. Sirach Organization: Shell Oil Lines: 23 >ddavis@cass.ma02.bull.com (Dave Davis) > >The deutero-canonical books were added much later in the church's >history. They do not have the same spiritual quality as the >rest of Scripture. I do not believe the church t"
1834,zero_shot_full_context,7,rec.autos,7,rec.autos,7,"From: callison@uokmax.ecn.uoknor.edu (James P. Callison) Subject: Re: The 1994 Mustang Nntp-Posting-Host: uokmax.ecn.uoknor.edu Organization: Engineering Computer Network, University of Oklahoma, Norman, OK, USA Lines: 48 In article <C5zzD8.1Kt@mentor.cc.purdue.edu> marshatt@feserve.cc.purdue.edu (Zauberer) writes: >Disclamer: this is not a flame.."
1835,zero_shot_full_context,6,misc.forsale,16,talk.politics.guns,16,"From: sugarman@ra.cs.umb.edu (Steven R. Garman) Subject: Sell Chemical Condensers Article-I.D.: cs.1993Apr22.054056.5309 Organization: University of Massachusetts at Boston Lines: 22 Nntp-Posting-Host: ra.cs.umb.edu Condensers, Kimble Modern Liebig West #18003. Jacket length 500 mm. All glass, straight tubes. Plastic/gasketed end caps. Exactly like"
1836,zero_shot_full_context,0,alt.atheism,16,talk.politics.guns,16,From: perry@dsinc.com (Jim Perry) Subject: Re: Yet more Rushdie [Re: ISLAMIC LAW] Organization: Decision Support Inc. Lines: 28 NNTP-Posting-Host: bozo.dsinc.com In article <1993Apr25.031703.5230@monu6.cc.monash.edu.au> darice@yoyo.cc.monash.edu.au (Fred Rice) writes: >The intent of my post (as I remember it) was to show that you cannot >argue agai
1837,zero_shot_full_context,8,rec.motorcycles,7,rec.autos,7,"From: cookson@mbunix.mitre.org (Cookson) Subject: Re: Maxima Chain wax (and mail-order) Nntp-Posting-Host: mbunix.mitre.org Organization: The MITRE Corporation, Bedford, MA Lines: 21 In article <1993Apr21.160012.12989@dsd.es.com> bgardner@pebbles.es.com (Blaine Gardner) writes: >In article <1993Apr21.130512.147@linus.mitre.org> cookson@mbunix.mitre"
1838,zero_shot_full_context,17,talk.politics.mideast,18,talk.politics.misc,18,"From: steven@surya.cs.ucla.edu (Steven Berson) Subject: Re: Freedom In U.S.A. Nntp-Posting-Host: surya.cs.ucla.edu Organization: UCLA, Computer Science Department Lines: 31 hm@cs.brown.edu (Harry Mamaysky) writes: >>In article <1993Apr27.005619.8351@Virginia.EDU> ab4z@Virginia.EDU (""Andi Beyer"") writes: >> Well canada is wrong [about hate speech la"
1839,zero_shot_full_context,15,soc.religion.christian,15,soc.religion.christian,15,"From: wytten@umn-cs.cs.umn.edu (Dale Wyttenbach) Subject: Question about hell Organization: University of Minnesota Lines: 12 What is the basis of the idea of hell being a place of eternal suffering? If it is Biblical, please reference. Here's my train of thought: If God is using the Earth to manufacture heavenly beings, then it is logical that the"
1840,zero_shot_full_context,4,comp.sys.mac.hardware,4,comp.sys.mac.hardware,4,From: 3s737abg@hawk.cs.ukans.edu (Unknown Class User) Subject: MACINTOSH WEENIES SUCK SCSI DISKS!!! Article-I.D.: hawk.C5wDMK.Jrn Distribution: usa Organization: University of Kansas Computer Science Dept Lines: 3 I think the subject title says it all. Anybody that relies on a SCSI dick for stoarage is a pain in the ass!!
1841,zero_shot_full_context,5,comp.windows.x,13,sci.med,13,"From: rsc@hao.ucar.edu (Bob Campbell) Subject: Motif 1.2 and OW 3.0 / compiling xcoral Reply-To: rsc@hao.ucar.edu Organization: High Altitude Observatory/NCAR, Boulder CO Lines: 24 I've built xcoral on my system (SunOS 4.1.3, X11R5, Motif 1.2, OW 3.0) and it builds fine, but when I run it, any child windows that xcoral opens, 1) locks the mouse int"
1842,zero_shot_full_context,10,rec.sport.hockey,9,rec.sport.baseball,9,From: joe13+@pitt.edu (Joseph B Stiehm) Subject: Re: TV Coverage - NHL to blame! Organization: University of Pittsburgh Lines: 46 In article <1993Apr23.164919.43442@ns1.cc.lehigh.edu> sjg3@ns1.cc.lehigh.edu (STEVEN JAY GIBBLE) writes: ... > Mario is the Michael Jordan of hockey. All that fucker has to do is fall > on the ice and the closet guy to h
1843,zero_shot_full_context,10,rec.sport.hockey,9,rec.sport.baseball,9,"From: vergolin@euler.lbs.msu.edu (David Vergolini) Subject: Buffalo Sabres Organization: Michigan State University Lines: 12 NNTP-Posting-Host: euler.lbs.msu.edu Summary: The Buffalo Sabres lead Boston 3 to 0 in their best of seven playoffs Keywords: Sabres up on Boston? Ok, Buffalo fans. I am a Red Wings fan, but am amazed at how the Sabres are be"
1844,zero_shot_full_context,9,rec.sport.baseball,9,rec.sport.baseball,9,From: ccohen@pitt.edu (Caleb N Cohen) Subject: Re: How to speed up games (marginally realistic) Lines: 21 X-Newsreader: TIN [version 1.1 PL8] Pablo A Iglesias (pablo@jhunix.hcf.jhu.edu) wrote: : I have wondered why a pitcher is given 8 pitches when he enters the : game. Let's be serious. The relief pitcher has normally been : throwing out in the bu
1845,zero_shot_full_context,7,rec.autos,7,rec.autos,7,"From: adn6285@ritvax.isc.rit.edu Subject: BMW 528i Nntp-Posting-Host: vaxa.isc.rit.edu Reply-To: adn6285@ritvax.isc.rit.edu Organization: Rochester Institute of Technology I looked at that Bimmer yesterday. It's an '81, has about 90kmi, according to owner (odometer stopped working at 68Kmi). Drivess well, sounds good, body is OK, he wants $3000. i "
1846,zero_shot_full_context,2,comp.os.ms-windows.misc,2,comp.os.ms-windows.misc,2,"From: mats@gar.no (Mats Tande) Subject: Coda Music: Finale and Petrucci font problem Keywords: coda finale music font atm petrucci eps adobe Organization: Gallagher & Robertson A/S Lines: 36 I've been using Final from CODA for some time, but suddenly it stopped using my fonts. I have a 386 PC with lots of disk space and memory, a Postscript laser, "
1847,zero_shot_full_context,1,comp.graphics,14,sci.space,14,"From: pdenize@waikato.ac.nz Subject: Cross, Sobel & Roberts Filters ? Organization: University of Waikato, Hamilton, New Zealand Lines: 15 I saw an imaging program some time ago on an Amiga that had Cross, Sobel and Roberts filters for edge detection. Can anybody direct me to these algorithms. Paul Denize -------------------------------------------"
1848,zero_shot_full_context,10,rec.sport.hockey,9,rec.sport.baseball,9,"From: ballb@reis56.alleg.edu (Brett Ball) Subject: Re: Ranger Fans????? Organization: Allegheny College In article <1993Apr22.101356.1@eagle.wesleyan.edu> writes: > I for one am happy about the Ranger's hiring of Keenan. It's too bad that they > didn't hire him when Smith fired Nielsen, maybe he could of staightened out the > babies on this team an"
1849,zero_shot_full_context,0,alt.atheism,15,soc.religion.christian,15,"From: acooper@mac.cc.macalstr.edu (Turin Turambar, ME Department of Utter Misery) Subject: Re: free moral agency Distribution: world Organization: Macalester College Lines: 19 In article <735295730.25282@minster.york.ac.uk>, cjhs@minster.york.ac.uk writes: > : Are you saying that their was a physical Adam and Eve, and that all > : humans are direct"
1850,zero_shot_full_context,10,rec.sport.hockey,9,rec.sport.baseball,9,"From: ritt1@ac.dal.ca Subject: Re: Lemieux's Getting the Hart... Jeez I hope not! Organization: Dalhousie University, Halifax, Nova Scotia, Canada Lines: 21 In article <22APR93.02956996.0062@UNBVM1.CSD.UNB.CA>, Patrick Walker <F1HH@UNB.CA> writes: > By the way, I am Canadian, play a little, and watched > Hockey night In Canada, (Never Missed a Show"
1851,zero_shot_full_context,2,comp.os.ms-windows.misc,2,comp.os.ms-windows.misc,2,"From: nick@brimbank.apana.org.au (Nick Langmaid) Subject: Re: Creating a batch file from Windows NT Organization: APANA, Melbourne. Lines: 14 In <sasswb.737229720@k2> sasswb@unx.sas.com (Scott Bass) writes: >I saw another post on this list (the subject was something like ""Is vi >available for Windows?"") in which someone said that vi, make, awk, and"
1852,zero_shot_full_context,15,soc.religion.christian,15,soc.religion.christian,15,"From: mdw@sitar.hr.att.com (Mark Wuest) Subject: Re: The doctrine of Original Sin Organization: AT&T Lines: 53 In article <May.11.02.38.56.1993.28319@athos.rutgers.edu> Eugene.Bigelow@ebay.sun.com writes: >>Eugene Bigelow writes: >>>Doesn't the Bible say that God is a fair god [sic]? If this is true, >>how can >this possibly be fair to the infants?"
1853,zero_shot_full_context,17,talk.politics.mideast,17,talk.politics.mideast,17,"From: jaskew@spam.maths.adelaide.edu.au (Joseph Askew) Subject: Re: Israel an Apartheid State? Not Quite. Distribution: world Organization: Statistics, Pure & Applied Mathematics, University of Adelaide Lines: 182 In article <1srg4cINNj73@early-bird.think.com> shaig@Think.COM (Shai Guday) writes: >In article <2703@spam.maths.adelaide.edu.au>, jaske"
1854,zero_shot_full_context,3,comp.sys.ibm.pc.hardware,3,comp.sys.ibm.pc.hardware,3,"From: brnj_ltd@uhura.cc.rochester.edu (Bernard C. Jain) Subject: Any STB-POWERGRAPH users out there that know about it!? Summary: powergraph Keywords: sbt poergraph powergraph Nntp-Posting-Host: uhura.cc.rochester.edu Organization: University of Rochester - Rochester, New York Lines: 17 HELP! I am trying to view .JPG files with my 386SX, 20MHz mach"
1855,zero_shot_full_context,2,comp.os.ms-windows.misc,3,comp.sys.ibm.pc.hardware,3,"From: gel@cs.mcgill.ca (Gilles KHOUZAM) Subject: ATI Ultra Pro & Windows Organization: SOCS - Mcgill University, Montreal, Canada Lines: 15 Ok, I just got a new 486/66 16 Mb, with a ATI Ultra pro and I can't get into windows. It says that I need more memory available, but I have 15mb ogf extended mem & 512k of conventionnal. I have disabled my memo"
1856,zero_shot_full_context,4,comp.sys.mac.hardware,6,misc.forsale,6,From: Donald.Lyles@f421.n109.z1.his.com (Donald Lyles) Subject: PB MEMORY FOR SALE Lines: 12 Two meg. sim that came from a PB100 for sale. I am asking $60 (postage included). If you are interested please e-mail me via internet. If you do not have internet availability you may contact me at 301/468-0241. ***************************** * Reply to Dona
1857,zero_shot_full_context,16,talk.politics.guns,16,talk.politics.guns,16,"From: wwarf@silver.ucs.indiana.edu (Wayne J. Warf) Subject: Re: Your Evil Tax Dollars at Work, was RE: ATF BURNS RANCH ETC ETC... Nntp-Posting-Host: silver.ucs.indiana.edu Organization: Indiana University Lines: 72 In article <93112.230800MBS110@psuvm.psu.edu> Mark 'Mark' Sachs <MBS110@psuvm.psu.edu> writes: >In article <93112.153005MGB@SLACVM.SLAC"
1858,zero_shot_full_context,3,comp.sys.ibm.pc.hardware,13,sci.med,13,From: jhood@smoke.marlboro.vt.us (John Hood) Subject: Re: Can't set COM4 Keywords: G2K Organization: Domestic Vorpal Bunny Breeder's Association Distribution: usa Lines: 14 In article <C5rAJn.67@cbnewsh.cb.att.com> k4bnc@cbnewsh.cb.att.com (john.a.siegel) writes: >I have been unable to get COM 4 to work - diagnostic programs such as msd show >nothi
1859,zero_shot_full_context,5,comp.windows.x,14,sci.space,14,"From: nmm1@cus.cam.ac.uk (Nick Maclaren) Subject: Re: Blinking Cursor in Xterm??? Nntp-Posting-Host: bootes.cus.cam.ac.uk Organization: U of Cambridge, England Lines: 39 In article <1tbpi9INNfp3@early-bird.think.com> barmar@think.com (Barry Margolin) writes: >In article <1993May18.130845.6859@taylor.uucp> mark@taylor.uucp (Mark A. Davis) writes: >>"
1860,zero_shot_full_context,15,soc.religion.christian,15,soc.religion.christian,15,"From: mangoe@cs.umd.edu (Charley Wingate) Subject: Hyslop and _The_Two_Babylons_ Lines: 9 Seeing as how _The_Two_Babylons_ has been brought up again, it is time for me to respond , once again, and say that this book is junk. It is nothing more that an anti-Catholic tract of the sort published ever since the there were protestants. Its scholarship i"
1861,zero_shot_full_context,11,sci.crypt,12,sci.electronics,12,"From: grady@netcom.com (1016/2EF221) Subject: Re: freely distributable public key cryptography c++ code: where? Organization: capriccioso X-Newsreader: TIN [version 1.1 PL6] Lines: 20 Victor Iseli (victori@xetron.com) wrote: : : : ""Numerical Recipes in C""..Fortran..Pascal has a nice section on : encryption and decryption based on the DES algorithm."
1862,zero_shot_full_context,10,rec.sport.hockey,10,rec.sport.hockey,10,"From: tmenner@sei.cmu.edu (Thomas Menner) Subject: Hockey Equip. Recommendations? Keywords: hockey Organization: Software Engineering Institute Lines: 23 Hey man! - Having spent the past season learning to skate and having played a couple of sessions of mock hockey, I'm ready to invest in hockey equipment (particularly since I will be taking summer"
1863,zero_shot_full_context,14,sci.space,14,sci.space,14,"From: mcelwre@cnsvax.uwec.edu Subject: ""The Universe of MOTION"" (book review) Organization: University of Wisconsin Eau Claire Lines: 141 (Book Review): ""THE UNIVERSE OF MOTION"", by Dewey B. Larson, 1984, North Pacific Publishers, Portland, Oregon, 456 pages, indexed, hardcover. ""THE UNIVERSE OF MOTION"" contains FINAL SOLUTIONS to most ALL astrophy"
1864,zero_shot_full_context,6,misc.forsale,6,misc.forsale,6,"From: Hans Meyer <hmmeyer@silver.ucs.indiana.edu> Subject: Pioneer Double Cassette Deck Organization: Indiana University Lines: 10 Pioneer CT-W601R Double Cassette Deck -Auto BLE Tuning -CD Deck Syncro Recording -music search, high speed dubbing, other standard features. Less than one year old. Excellent condition. $200 firm. -Hans Meyer"
1865,zero_shot_full_context,11,sci.crypt,11,sci.crypt,11,"From: bryan@jpl-devvax.jpl.nasa.gov (Bryan L. Allen) Subject: Re: New Encryption Algorithm Summary: Boundaries are in the eye of the beholder Keywords: NSA surveillance ( ) Organization: Telos Corp., Jet Propulsion Laboratory (NASA) Lines: 25 In article <49@shockwave.win.net> jhupp@shockwave.win.net (Jeff Hupp) writes: > >>In article <1raeir$be1@ac"
1866,zero_shot_full_context,13,sci.med,14,sci.space,14,From: Daniel.Prince@f129.n102.z1.calcom.socal.com (Daniel Prince) Subject: Re: Placebo effects Lines: 12 To: turpin@cs.utexas.edu (Russell Turpin) RT> o Those administering the treatment do not know which subjects RT> receive a placebo or the test treatment. It seems to me that many drugs have such severe side effects that it might not be possible 
1867,zero_shot_full_context,5,comp.windows.x,3,comp.sys.ibm.pc.hardware,3,"From: dan@watson.ibm.COM (Walt Daniels) Subject: X, shared libraries, and replacing modules in them? Organization: The Internet Lines: 5 To: ppan@celsiustech.se Cc: xpert@expo.lcs.mit.edu I know nothing about Sun's but replacing pieces of libraries, shared or not, is straight forward on RS/6000's (all releases). Extract the appropriate pierce with "
1868,zero_shot_full_context,18,talk.politics.misc,16,talk.politics.guns,16,"From: cramer@optilink.COM (Clayton Cramer) Subject: Re: Once more into the breach.... Organization: Optilink Corporation, Petaluma, CA Lines: 21 In article <pdb059-160493111229@kilimanjaro.jpl.nasa.gov>, pdb059@ipl.jpl.nasa.gov (Paul Bartholomew) writes: # Mr. Cramer, I am still waiting for your response to my requests regarding # the information y"
1869,zero_shot_full_context,0,alt.atheism,16,talk.politics.guns,16,From: perry@dsinc.com (Jim Perry) Subject: Re: Who has read Rushdie's _The Satanic Verses_? Organization: Decision Support Inc. Lines: 34 NNTP-Posting-Host: bozo.dsinc.com In article <37410@optima.cs.arizona.edu> sham@cs.arizona.edu (Shamim Zvonko Mohamed) writes: >In article <1r1cl7INNknk@bozo.dsinc.com> perry@dsinc.com (Jim Perry) writes: >>Anywa
1870,zero_shot_full_context,18,talk.politics.misc,16,talk.politics.guns,16,"From: visser@convex.com (Lance Visser) Subject: Re: Welcome to Police State USA Nntp-Posting-Host: dhostwo.convex.com Organization: Engineering, CONVEX Computer Corp., Richardson, Tx., USA X-Disclaimer: This message was written by a user at CONVEX Computer Corp. The opinions expressed are those of the user and not necessarily those of CONVEX. Lines"
1871,zero_shot_full_context,0,alt.atheism,15,soc.religion.christian,15,"From: livesey@solntze.wpd.sgi.com (Jon Livesey) Subject: Re: ""Cruel"" (was Re: <Political Atheists?) Organization: sgi Lines: 23 Distribution: world NNTP-Posting-Host: solntze.wpd.sgi.com In article <1993Apr17.041535.7472@bmerh85.bnr.ca>, dgraham@bmers30.bnr.ca (Douglas Graham) writes: |> In article <1qnedm$a91@fido.asd.sgi.com> livesey@solntze.wpd."
1872,zero_shot_full_context,11,sci.crypt,14,sci.space,14,"From: holland@CS.ColoState.EDU (douglas craig holland) Subject: Re: Let's build software cryptophones for over the internet... Nntp-Posting-Host: beethoven.cs.colostate.edu Organization: Colorado State University, Computer Science Department Lines: 25 In article <C62D8r.C7p@demon.co.uk> Graham Toal <gtoal@gtoal.com> writes: >In article <1rf04s$jqu@"
1873,zero_shot_full_context,10,rec.sport.hockey,17,talk.politics.mideast,17,"From: yadallee@ersys.edmonton.ab.ca (Dave Shariff Yadallee) Subject: Re: Oiler's rumour - Team moving? Press conference next week Organization: Edmonton Remote Systems #1, Edmonton, AB, Canada Lines: 38 allan@cs.UAlberta.CA (Allan Sullivan) writes: - - I heard a story on the local sports news broadcast in Edmonton. - Oiler owner Peter Pocklington w"
1874,zero_shot_full_context,4,comp.sys.mac.hardware,4,comp.sys.mac.hardware,4,"From: dr17@crux2.cit.cornell.edu (Dean M Robinson) Subject: Re: Buying a high speed v.everything modem Nntp-Posting-Host: crux2.cit.cornell.edu Organization: Cornell University Lines: 20 ejbehr@rs6000.cmp.ilstu.edu (Eric Behr) writes: >Just a quick summary of recent findings re. high speed modems. Top three >contenders seem to be AT&T Paradyne, ZyX"
1875,zero_shot_full_context,3,comp.sys.ibm.pc.hardware,3,comp.sys.ibm.pc.hardware,3,"From: s1070627@giaec.cc.monash.edu.au (BrEtT pAtErSoN) Subject: Will my 386 RAM work in a 486? Lines: 21 Organization: Monash University Gippsland Campus, Victoria, AUSTRALIA. I am wanting to upgrade from a 386SX-25, to a 486DX-33, and are looking at a cheap quote from someone offering me a 486DX-33 motherboard, with no ram in it. (I will probably "
1876,zero_shot_full_context,1,comp.graphics,4,comp.sys.mac.hardware,4,"From: fm24@rummelplatz.uni-mannheim.de (Klimek) Subject: TGA Viewer for ATI Ultra + Organization: Uni Mannheim Lines: 12 NNTP-Posting-Host: rummelplatz.uni-mannheim.de X-Newsreader: TIN [version 1.1 PL8] Hello, the subject line says it all: I'm looking for a TGA file viewer for the ATI Ultra + card. It should support the true color modes, of course"
1877,zero_shot_full_context,7,rec.autos,6,misc.forsale,6: misc.f,"From: butt@CAMIS.Stanford.EDU (Ayub Butt) Subject: Toyota Coralla 1988 FX Organization: Stanford University School of Medicine Lines: 13 Distribution: ba NNTP-Posting-Host: camis.stanford.edu Summary: low milleage Keywords: Toyota Corolla 88 Originator: butt@camis.Stanford.EDU For sale, 1988 Toyota Corolla FX, AM/FM radio, nothing else. Low mileage"
1878,zero_shot_full_context,2,comp.os.ms-windows.misc,3,comp.sys.ibm.pc.hardware,3,"From: cu826@cleveland.Freenet.Edu (Mahbub Anam) Subject: DOS6 & Novell Netware Organization: Case Western Reserve University, Cleveland, OH (USA) Lines: 11 Reply-To: cu826@cleveland.Freenet.Edu (Mahbub Anam) NNTP-Posting-Host: hela.ins.cwru.edu I friend of mine installed dos6 at work and is hooked up to a Novell network, running Netware 386 v.3.11."
1879,zero_shot_full_context,7,rec.autos,7,rec.autos,7,"Subject: REVIEW: 1989 Ford Taurus SHO From: david.bonds@cutting.hou.tx.us (David Bonds) Reply-To: david.bonds@cutting.hou.tx.us (David Bonds) Distribution: world Organization: The Cutting Edge - Houston, TX - 713-466-1525 Lines: 57 GK>I hear that tires for this car can get really expensive. I GK>currently have Goodyear GT+4s that cost the previous "
1880,zero_shot_full_context,10,rec.sport.hockey,17,talk.politics.mideast,17,"From: umturne4@ccu.umanitoba.ca (Daryl Turner) Subject: Re: Winnipeg vs. Vancouver Nntp-Posting-Host: gibson.cc.umanitoba.ca Organization: University of Manitoba, Winnipeg, Manitoba, Canada Lines: 85 In article <C63p9q.205@unixhub.SLAC.Stanford.EDU> grogers@ravel.SLAC.Stanford.EDU (Greg Rogers) writes: >>> MKR@stud.hsn.no (MORTEN KRISTIANSEN) write"
1881,zero_shot_full_context,8,rec.motorcycles,7,rec.autos,7,"From: egreen@east.sun.com (Ed Green - Pixel Cruncher) Subject: Re: Good Reasons to Wave at each other Organization: Sun Microsystems, RTP, NC Lines: 22 Distribution: world Reply-To: egreen@east.sun.com NNTP-Posting-Host: laser.east.sun.com In article 2266@rd.hydro.on.ca, jlevine@rd.hydro.on.ca (Jody Levine) writes: >> > >Has anyone, while driving a"
1882,zero_shot_full_context,3,comp.sys.ibm.pc.hardware,16,talk.politics.guns,16,"From: ab245@cleveland.Freenet.Edu (Sam Latonia) Subject: Re: *** CONSUMER WARNING *** MidWest Micro (Ohio) Organization: Case Western Reserve University, Cleveland, Ohio (USA) Lines: 47 NNTP-Posting-Host: slc10.ins.cwru.edu RE: Midwest Micro, Article #61200 (61302 is last): >Newsgroups: comp.dcom.modems,comp.sys.ibm.pc.hardware,misc.consumers From:"
1883,zero_shot_full_context,17,talk.politics.mideast,16,talk.politics.guns,16,"From: ohayon@jcpltyo.JCPL.CO.JP (Tsiel Ohayon) Subject: Re: Happy Birthday Israel! Organization: James Capel Pacific Limited, Tokyo Japan Lines: 18 In article <1993Apr27.011549.7010@thunder.mcrcim.mcgill.edu> Hamid Reza Mohammadi Daniali writes: [HAMID] Anybody has any information about the number of the people have been [HAMID] killed by Israel du"
1884,zero_shot_full_context,7,rec.autos,7,rec.autos,7,"From: leeab@soda.berkeley.edu (Ark-Boon Lee) Subject: Centreforce Clutch Organization: University of California, Berkeley Lines: 7 NNTP-Posting-Host: soda.berkeley.edu Any one with experience in having a centreforce clutch (or any other) on his/her car? I'm considering to replace my old stock clutch on my 90 CRX Si. What is a fair price? Martin"
1885,zero_shot_full_context,17,talk.politics.mideast,16,talk.politics.guns,16,"From: schoinas@fox.cs.wisc.edu (Yannis Schoinas) Subject: Re: Europe vs. Muslim Bosnians Organization: U of Wisconsin Madison - Computer Sciences Lines: 68 Michael Sells <m_sells@haverford.edu> writes: >Subject: RE: Europe vs. Muslim Bosnians >From: f54oguocha >Date: 13 MAY 93 02:28:53 GMT >In article <13MAY93.02285380@edison.usask.ca> , >f54oguoch"
1886,zero_shot_full_context,2,comp.os.ms-windows.misc,2,comp.os.ms-windows.misc,2,"From: louray@seas.gwu.edu (Michael Panayiotakis) Subject: Re: Boot-up sometimes fails. Organization: George Washington University Lines: 27 In article <dbasson.11.0@mattek.csir.co.za> dbasson@mattek.csir.co.za (Dominique Basson ) writes: > >Dos 5 never used the area $E000 - $EFFF, as well as some others. If you have >any cards that use this are (su"
1887,zero_shot_full_context,17,talk.politics.mideast,15,soc.religion.christian,15,"From: jaklein@unix.amherst.edu (Joshua Aaron Klein) Subject: Re: Muslims accepting sheep status. Organization: Amherst College Lines: 14 Nntp-Posting-Host: amhux3.amherst.edu X-Newsreader: TIN [version 1.1 PL7] ILYESS B. BDIRA (benali@alcor.concordia.ca) wrote: > On the other side of the coin, give me an instance where the Muslims > killed non-Musl"
1888,zero_shot_full_context,10,rec.sport.hockey,9,rec.sport.baseball,9,Subject: Binghampton Rangers Playoff Games From: kwolfer@eagle.wesleyan.edu Organization: Wesleyan University Nntp-Posting-Host: willet.wesleyan.edu Lines: 5 Does anyone know if MSG will televise any of the Binghampton Rangers playoff games. Even taped replays would be nice?
1889,zero_shot_full_context,12,sci.electronics,13,sci.med,13,"From: billn@hpcvaac.cv.hp.com (bill nelson) Subject: Re: Power, signal surges in home... Organization: Hewlett-Packard Company, Corvallis, Oregon USA Lines: 72 brian@ucsd.edu (Brian Kantor) writes: : While it's possible that it's a ham radio transmitter that you're : hearing, it isn't likely - every bit of signal that doesn't go out the : antenna i"
1890,zero_shot_full_context,17,talk.politics.mideast,16,talk.politics.guns,16,From: sera@zuma.UUCP (Serdar Argic) Subject: Re: His book was dealing with the Genocide of Muslims by Armenians. Reply-To: sera@zuma.UUCP (Serdar Argic) Distribution: world Lines: 311 In article <zanikos.735713342@sfu.ca> zanikos@kits.sfu.ca (Dimitrios Zanikos) writes: >You make it sound as if the turks are as inocent as a teenaged virgin about >to
1891,zero_shot_full_context,14,sci.space,14,sci.space,14,"From: newsdesk@jplpost.jpl.nasa.gov (JPL Public Information) Subject: JPL Info Summary/""Our Solar System at a Glance"" Organization: Jet Propulsion Laboratory Lines: 1160 NNTP-Posting-Host: aremorica.jpl.nasa.gov This file and other text and image files from JPL missions are available from the JPL Info public access computer site, reachable by Inter"
1892,zero_shot_full_context,4,comp.sys.mac.hardware,14,sci.space,14,"From: guykuo@carson.u.washington.edu (Guy Kuo) Subject: Re: cd300 question Organization: University of Washington Lines: 4 NNTP-Posting-Host: carson.u.washington.edu Double speed performance from a CD drive does not require SCSI-2 interfacing. The resultant 300 kbps speed is well within the transfer rate of an LC. In other words, I believe you have"
1893,zero_shot_full_context,19,talk.religion.misc,14,sci.space,14,"From: keith@cco.caltech.edu (Keith Allan Schneider) Subject: Re: The Universe and Black Holes, was Re: 2000 years..... Organization: California Institute of Technology, Pasadena Lines: 13 NNTP-Posting-Host: punisher.caltech.edu kv07@IASTATE.EDU (Warren Vonroeschlaub) writes: > Let's say that we drop a marble into the black hole. It races, ever fast"
1894,zero_shot_full_context,8,rec.motorcycles,4,comp.sys.mac.hardware,4,"From: k21701@kyyppari.hkkk.fi (Teppo Nieminen) Subject: Kawi KZ 750 partial engine disassembly ? Organization: Helsinki School of Economics and Business Administration, Finland Keywords: Kawasaki Lines: 25 My Kawasaki KZ 750 L4 has 2-3 millimetres of play on the gearchange pedal axle, in other words, I can move the axle sideways & up-and-down for f"
1895,zero_shot_full_context,18,talk.politics.misc,18,talk.politics.misc,18,"From: kebarnes@msuvx1.memst.edu Subject: Re: Drugs And Crime: A New Approach Organization: Memphis State University Lines: 233 mwilson@ncratl.AtlantaGA.NCR.COM (Mark Wilson) writes, (missing the entire point of my post): > kebarnes@msuvx1.memst.edu wrote: > > |Given that: > > |1. The trade in illegal drugs is responsible for > |much of the crime wh"
1896,zero_shot_full_context,2,comp.os.ms-windows.misc,2,comp.os.ms-windows.misc,2,"Subject: help From: C..Doelle@p26.f3333.n106.z1.fidonet.org (C. Doelle) Lines: 13 Hello All! It is my understanding that all True-Type fonts in Windows are loaded in prior to starting Windows - this makes getting into Windows quite slow if you have hundreds of them as I do. First off, am I correct in this thinking - secondly, if that is the case - "
1897,zero_shot_full_context,9,rec.sport.baseball,9,rec.sport.baseball,9,From: fierkelab@bchm.biochem.duke.edu (Eric Roush) Subject: Re: Braves Update!! Organization: Biochemistry Lines: 70 Nntp-Posting-Host: bruchner.biochem.duke.edu In article <steph.735349318@pegasus.cs.uiuc.edu> steph@pegasus.cs.uiuc.edu (Dale Stephenson) writes: >In <C5sysG.KAD@odin.corp.sgi.com> luigi@sgi.com (Randy Palermo) writes: > >>In article
1898,zero_shot_full_context,2,comp.os.ms-windows.misc,16,talk.politics.guns,16,"From: tlilley@jarthur.claremont.edu (Ted) Subject: Re: re: Challenge to Microsoft supporters. Organization: Harvey Mudd College, Claremont, CA 91711 Distribution: usa Lines: 12 In article <timbolC6wH1D.3Hz@netcom.com> timbol@netcom.com (Mike Timbol) writes: >Anyway, how about this: I give you my word, without naming sources, that IBM >paid companie"
1899,zero_shot_full_context,1,comp.graphics,5,comp.windows.x,5,"From: cscrjn@hawk.depaul.edu (Rosalie Nerheim) Subject: Re: SIGGRAPH online experimental publication available Nntp-Posting-Host: hawk.depaul.edu Organization: DePaul University, Chicago Lines: 14 try cd'ing to publications/May_93_online on siggraph.org It's there! Rosalee"
1900,zero_shot_full_context,15,soc.religion.christian,15,soc.religion.christian,15,From: maureen@scicom.alphacdc.com (Maureen Brucker) Subject: Is this ethical? Lines: 82 The following was published in the May 15th Rocky Mountain News. I guess I have some REAL ethical problems with the practices at this church. I understand that Baptism is an overriding factor. I also understand that this is not an honest way to proceed. Unfortun
1901,zero_shot_full_context,7,rec.autos,17,talk.politics.mideast,17,"From: oaddab@stdvax (DIRK BROER) Subject: Re: Old Corvettes / Low insurance? AND corvette prices News-Software: VAX/VMS VNEWS 1.4-b1 Organization: Goddard Space Flight Center - Robotics Lab Lines: 85 In article <rjnC5sxMG.JqH@netcom.com>, rjn@netcom.com (Richard Newton II) writes... >In article <1993Apr15.011805.28485@ns1.cc.lehigh.edu> swr2@ns1.cc"
1902,zero_shot_full_context,4,comp.sys.mac.hardware,14,sci.space,14,"From: oueichek@imag.fr (Ibaa Oueichek) Subject: Re: Help identifying this card Nntp-Posting-Host: gram2 Organization: IMAG Institute, University of Grenoble, France X-Newsreader: Tin 1.1 PL5 Lines: 29 Chad Jones (cjones@physci.ucla.edu) wrote: : In article <C5xpzK.F46@imag.fr> Ibaa Oueichek, oueichek@imag.fr writes: : > I have an Ethernet card that"
1903,zero_shot_full_context,7,rec.autos,17,talk.politics.mideast,17,From: markm@bigfoot.sps.mot.com (Mark Monninger) Subject: Re: Borgward question Nntp-Posting-Host: 223.250.10.7 Reply-To: rapw20@email.sps.mot.com Organization: SPS Distribution: usa Lines: 13 In article <1r93m7INNnb3@shelley.u.washington.edu> monet@carson.u.washington.edu (Diana Smith) writes: > > My ex-husband & I used to own Borgwards. > ... > e
1904,zero_shot_full_context,15,soc.religion.christian,15,soc.religion.christian,15,"From: mpaul@unl.edu (marxhausen paul) Subject: Re: Mary's assumption Organization: University of Nebraska--Lincoln Lines: 34 David.Bernard@central.sun.com (Dave Bernard) writes: >When Elizabeth greeted Mary, Elizabeth said something to the effect that >Mary, out of all women, was blessed. If so, it appears that this >exactly places Mary beyond the "
1905,zero_shot_full_context,18,talk.politics.misc,18,talk.politics.misc,18,"From: kaldis@romulus.rutgers.edu (Theodore A. Kaldis) Subject: Re: New Study Out On Gay Percentage Organization: Rutgers Univ., New Brunswick, N.J. Lines: 23 In article <15446@optilink.COM> cramer@optilink.COM (Clayton Cramer) writes: > Elf Sternberg: >> But if less than 10% of the population is gay, what can we say about >> these people who don't "
1906,zero_shot_full_context,17,talk.politics.mideast,15,soc.religion.christian,15,From: frie8457@mach1.wlu.ca (friedman ishay) Subject: Re: The Israeli Press Organization: Wilfrid Laurier University Lines: 85 In article <benali.735836579@alcor> benali@alcor.concordia.ca ( ILYESS B. BDIRA ) writes: >bc744@cleveland.Freenet.Edu (Mark Ira Kaufman) writes: > > >... >>for your information on Israel. Since I read both American media >
1907,zero_shot_full_context,11,sci.crypt,16,talk.politics.guns,16,"From: steve-b@access.digex.com (Steve Brinich) Subject: Re: Fear, Uncertainty, Doubt Organization: Express Access Online Communications, Greenbelt, MD USA Lines: 21 NNTP-Posting-Host: access.digex.net > More accurate is that the government says its solid, other people >in the field who might be able to find out haven't yet done their >review of the"
1908,zero_shot_full_context,5,comp.windows.x,5,comp.windows.x,5,"From: mufti@pls.com Subject: Including color pixmap .xpm files in my application Organization: Personal Library Software, Inc. Lines: 10 Is there a portable and convenient way to use color picture files in the .xpm format to define an X pixmap in a Motif application? Any functions, pointers, tips etc. would be most welcome. -------------------- Saa"
1909,zero_shot_full_context,14,sci.space,14,sci.space,14,"From: khayash@hsc.usc.edu (Ken Hayashida) Subject: Re: Long Term Space Voyanges and Effect NEwsgroup? Keywords: Mars and Lunar missions Organization: University of Southern California, Los Angeles, CA Lines: 42 NNTP-Posting-Host: hsc.usc.edu In article <C65FIE.4ty@zoo.toronto.edu> henry@zoo.toronto.edu (Henry Spencer) writes in response to Michael "
1910,zero_shot_full_context,10,rec.sport.hockey,9,rec.sport.baseball,9,"From: steven.kipling@freddy.ersys.edmonton.ab.ca (Steven Kipling) Subject: Re: Buffalo Sabres Reply-To: steven.kipling@freddy.ersys.edmonton.ab.ca (Steven Kipling) Distribution: world Organization: Freddy's Place BBS - Edmonton, AB - 403-456-4241 Lines: 32 -=> Quoting Bill Gregory to All <=- BG> hey I saw that game! I thought the Sabres looked bett"
1911,zero_shot_full_context,10,rec.sport.hockey,9,rec.sport.baseball,9,"From: ""Carl D. Lovejoy"" <cl3d+@andrew.cmu.edu> Subject: Re: Don Cherry-New Pens Annoucer? Organization: Junior, Materials Science and Engineering, Carnegie Mellon, Pittsburgh, PA Lines: 22 NNTP-Posting-Host: po2.andrew.cmu.edu In-Reply-To: <C5wIuy.D88.1@cs.cmu.edu> >KBL and the Penguins have just inked a new deal, giving KBL all >TV and radio right"
1912,zero_shot_full_context,14,sci.space,14,sci.space,14,"From: wingo%cspara.decnet@Fedex.Msfc.Nasa.Gov Subject: Re: Gamma Ray Bursters. WHere are they. Organization: University of Houston Lines: 23 NNTP-Posting-Host: judy.uh.edu News-Software: VAX/VMS VNEWS 1.41 In article <1rlrpv$5ta@access.digex.net>, prb@access.digex.com (Pat) writes... > >Is this a big enough problem, to create a new area of physics?"
1913,zero_shot_full_context,18,talk.politics.misc,16,talk.politics.guns,16,"From: stephen@orchid.UCSC.EDU () Subject: Could it be backwards? --> Re: New Study Out On Gay Percentage Organization: Santa Cruz Lines: 28 NNTP-Posting-Host: orchid.ucsc.edu In article <15430@optilink.COM> cramer@optilink.COM (Clayton Cramer) writes: > ># What was the purpose of this post? If it was to show a mindless obsession ># with statistics,"
1914,zero_shot_full_context,15,soc.religion.christian,15,soc.religion.christian,15,"From: PETCH@gvg47.gvg.tek.com (Chuck) Subject: Daily Verse Lines: 4 But you will receive power when the Holy Spirit comes on you; and you will be my witnesses in Jerusalem, and in all Judea and Samaria, and to the ends of the earth."" Acts 1:8"
1915,zero_shot_full_context,11,sci.crypt,16,talk.politics.guns,16,"From: rja14@cl.cam.ac.uk (Ross Anderson) Subject: Re: Key Registering Bodies Nntp-Posting-Host: ely.cl.cam.ac.uk Organization: U of Cambridge Computer Lab, UK Lines: 25 In article <a_rubin.735498087@dsg4.dse.beckman.com>, a_rubin@dsg4.dse.beckman.com (Arthur Rubin) writes: |> In <nagleC5w79E.7HL@netcom.com> nagle@netcom.com (John Nagle) writes: |> "
1916,zero_shot_full_context,2,comp.os.ms-windows.misc,2,comp.os.ms-windows.misc,2,"From: bwise@nyx.cs.du.edu (Brandon Wise) Subject: Anyone heard of _DELTREE_? Organization: Nyx, Public Access Unix @ U. of Denver Math/CS dept. Some poor MS Windows user was on here whining about having to Distribution: na Lines: 4 Brandon Wise bwise@nyx.cs.du.edu"
1917,zero_shot_full_context,0,alt.atheism,15,soc.religion.christian,15,"Subject: Religion As Cause (Was: islamic authority over women) From: SSAUYET@eagle.wesleyan.edu (Scott D. Sauyet) Distribution: world Nntp-Posting-Host: wesleyan.edu X-News-Reader: VMS NEWS 1.20In-Reply-To: bil@okcforum.osrhe.edu's message of Tue, 20 Apr 1993 00:36:52 GMTLines: 55 Lines: 55 Bill Conner (bil@okcforum.osrhe.edu) writes: [ ... my stuf"
1918,zero_shot_full_context,7,rec.autos,16,talk.politics.guns,16,"From: goose@vaxeline (Kevin Gosson) Subject: 89 Honda CRX DX Nntp-Software: PC/TCP NNTP Keywords: Great cond., 45 MPG Lines: 11 Nntp-Posting-Host: diver-down.ftp.com Reply-To: goose Organization: FTP Software, Inc., North Andover, Massachusetts 1989 Honda CRX DX, White w/Blue int. Original owner, 59,500 miles, mostly highway. Recent tune-up, new ba"
1919,zero_shot_full_context,5,comp.windows.x,14,sci.space,14,"From: aep@world.std.com (Andrew E Page) Subject: Encyclopedia/Directory of Widgets? Organization: The World Public Access UNIX, Brookline, MA Lines: 12 Is there such a document either in the Bookstores or possible on an ftp site somewhere? Nothing really fancy, just something that gives a listing of the available widgets, and the resources that are"
1920,zero_shot_full_context,14,sci.space,14,sci.space,14,"From: jgreen@trumpet.calpoly.edu (James Thomas Green) Subject: Re: Internet resources Article-I.D.: zeus.1993May01.025847.161835 Distribution: sci Organization: California Polytechnic State University, San Luis Obispo Lines: 16 STK1203@VAX003.STOCKTON.EDU Pontificated: >I am taking a course entitled ""Exploring Science Using Internet"". >For our fina"
1921,zero_shot_full_context,14,sci.space,12,sci.electronics,12,"From: pgf@srl03.cacs.usl.edu (Phil G. Fraering) Subject: Re: Gamma Ray Bursters. WHere are they. Organization: Univ. of Southwestern Louisiana Lines: 16 prb@access.digex.com (Pat) writes: >4) we know it's not real close, like slightly extra solar, because >we have no parallax measurements on the bursts. Correct, we have no parallax measurements on "
1922,zero_shot_full_context,19,talk.religion.misc,15,soc.religion.christian,15,"From: neese@cerritos.edu Subject: Hell Distribution: world Organization: Cerritos College, Norwalk CA Lines: 110 In the King James Version of the Bible there are three differents words translated into the word ""hell"". These Greek words have totally different meanings. The words are Hades, Tartaros, and Gehenna. In bibical usage, the Greek word Hade"
1923,zero_shot_full_context,13,sci.med,13,sci.med,13,"From: russ@pmafire.inel.gov (Russ Brown) Subject: Re: Nasopharinx Carcenoma... Organization: WINCO Lines: 17 In article <+y55z0d@rpi.edu> chungy2@rebecca.its.rpi.edu (Yau Felix Chung) writes: > >Hi. Does anyone know the possible causes of nasoparynx carcenoma >and what are the chances of it being hereditary? Nasopharyngeal cancer is (roughly, don't"
1924,zero_shot_full_context,0,alt.atheism,16,talk.politics.guns,16,From: frank@D012S658.uucp (Frank O'Dwyer) Subject: Re: Theism and Fanatism (was: Islamic Genocide) Organization: Siemens-Nixdorf AG Lines: 164 NNTP-Posting-Host: d012s658.ap.mchp.sni.de In article <16BB7B863.I3150101@dbstu1.rz.tu-bs.de> I3150101@dbstu1.rz.tu-bs.de (Benedikt Rosenau) writes: #In article <1r0sn0$3r@horus.ap.mchp.sni.de> #frank@D012S6
1925,zero_shot_full_context,13,sci.med,13,sci.med,13,"From: werckme1@eecs.uic.edu (robert werckmeister) Subject: ECG data needed Organization: University of Illinois at Chicago Lines: 3 I need some ECG data , uncompressed, hopefully in ascii format. Don't care what it looks like, this is for a signal processing project."
1926,zero_shot_full_context,8,rec.motorcycles,8,rec.motorcycles,8,"From: npet@bnr.ca (Nick Pettefar) Subject: Re: Well blow me down. yuk,yuk,yuk Nntp-Posting-Host: bmdhh299 Organization: BNR Europe Ltd, Maidenhead, UK X-Newsreader: TIN [version 1.1 PL8] Lines: 26 Ivan D. Reid, on the 23 Apr 1993 06:05 PST wibbled: : In article <1993Apr23.121316.1564@news.columbia.edu>, Rob Castro writes... : >When/How do you decid"
1927,zero_shot_full_context,5,comp.windows.x,14,sci.space,14,"From: sxs@extol.Convergent.Com (S. Sridhar) Subject: Re: tvtwm icon manager Organization: Unisys Open Systems Group, San Jose Lines: 22 In article <13960@risky.Convergent.COM>, sxs@extol.Convergent.Com (S. Sridhar) writes: |> Keywords: tvtwm icon manager |> |> Need help on resource bindings for tvtwm. Here's what I'd like to |> see the icon manager"
1928,zero_shot_full_context,13,sci.med,18,talk.politics.misc,18,"From: taob@r-node.hub.org (Brian Tao) Subject: Re: Pregnency without sex? Organization: MuGS Research and Development Facility X-Newsreader: MuGS 3.0d16 [Apr 22 93] To: matthews@oswego.Oswego.EDU (Harry Matthews) Reply-To: taob@r-node.hub.org Lines: 11 In article <1993Apr27.182155.23426@oswego.Oswego.EDU>, Harry Matthews writes... > > I've heard of"
1929,zero_shot_full_context,7,rec.autos,7,rec.autos,7,"From: hsk@microplex.com (Harjeet Kalsi) Subject: New Mercedes Diesels Keywords: multivalve automotive diesels Organization: Microplex Systems Ltd. Lines: 16 Hi fellow auto enthusiasts! Does anyone have any info on the new 4 valve per cylinder diesels Mercedes is working on? Any specs on outputs, engine size, will they be direct or indirect injectio"
1930,zero_shot_full_context,2,comp.os.ms-windows.misc,2,comp.os.ms-windows.misc,2,"From: yuan@wiliki.eng.hawaii.edu (Maw Ying Yuan) Subject: Replacement for Program Manager and File Manager? Organization: University of Hawaii, College of Engineering Lines: 12 Hi there, Could someone please suggest one of the better _shareware_ replacements for Win3.1's Program Manager and File Manager? And which ftp site are they located at? Than"
1931,zero_shot_full_context,0,alt.atheism,15,soc.religion.christian,15,"From: I3150101@dbstu1.rz.tu-bs.de (Benedikt Rosenau) Subject: Re: After 2000 years, can we say that Christian Morality is Organization: Technical University Braunschweig, Germany Lines: 35 In article <1r0fpv$p11@horus.ap.mchp.sni.de> frank@D012S658.uucp (Frank O'Dwyer) writes: (Deletion) ># Point: Morals are, in essence, personal opinions. Usually "
1932,zero_shot_full_context,3,comp.sys.ibm.pc.hardware,5,comp.windows.x,5,From: 55526@brahms.udel.edu (Oliver P Weatherbee) Subject: New Windows drivers for Cirrus GD5426 graphic cards Nntp-Posting-Host: brahms.udel.edu Organization: University of Delaware Lines: 43 I have uploaded the most recent Windows drivers for the Cirrus GD5426 chip based display cards to the uploads directory at ftp.cica.indiana.edu (file is 5426
1933,zero_shot_full_context,6,misc.forsale,14,sci.space,14,From: pedroza@austin.ibm.com (Who wants to know?) Subject: Re: Not all deals are bad... Organization: IBM Austin X-Newsreader: TIN [version 1.1 PL6] Lines: 27 Thomas Arneberg {x66642 CF/DEV} (toma@baritone) wrote: : In article <1993Apr20.230655.12555@iscsvax.uni.edu> harter5255@iscsvax.uni.edu writes: : > : >I just wanted to let you know that there
1934,zero_shot_full_context,3,comp.sys.ibm.pc.hardware,3,comp.sys.ibm.pc.hardware,3,"From: jbvb@vax.ftp.com (James B. VanBokkelen) Subject: Re: Jumper settings for Ungermann-Bass PCNIC Ethernet card Nntp-Software: PC/TCP NNTP Keywords: UB PCNIC Lines: 14 Nntp-Posting-Host: whipped-cream.ftp.com Reply-To: jbvb@ftp.com Organization: FTP Software, Inc., North Andover, Massachusetts Distribution: na In article <1993Apr21.215204.18373@n"
1935,zero_shot_full_context,12,sci.electronics,7,rec.autos,7,"From: pmanson@bnr.ca (Peter Manson) Subject: Re: solvent for duct-tape adhesive? Nntp-Posting-Host: bcars300 Organization: Bell-Northern Research, Ontario, Canada Lines: 16 In article <1rh9b0INN2r4@snoopy.cis.ufl.edu> ruck@beach.cis.ufl.edu (John Ruckstuhl) writes: >I know this is a long shot, but does anyone know what solvent I should >use to clea"
1936,zero_shot_full_context,1,comp.graphics,12,sci.electronics,12,"From: rigby@echo.unr.edu (Wayne Rigby) Subject: Re: Need gif/iff file format Organization: University of Nevada, Reno Department of Computer Science Lines: 22 In article <1rkjm5$i2q@bigboote.WPI.EDU> rtaraz@bigwpi.WPI.EDU (Ramin Taraz) writes: >Could somebody please _email_ me some info on either what gif or iff >file formats are, or where I can ge"
1937,zero_shot_full_context,8,rec.motorcycles,17,talk.politics.mideast,17,From: keith@balrog.dseg.ti.com (Keith A. Schauer) Subject: Re: Riceburner Respect Organization: Texas Instruments Information Technology Group Lines: 14 In article <C5qIwz.DJM@cbnewsm.cb.att.com> shz@mare.att.com (Keeper of the 'Tude) writes: > >The only consolation was that she had trouble scraping together the $35 >while $500 is not quite one wee
1938,zero_shot_full_context,0,alt.atheism,15,soc.religion.christian,15,"From: mangoe@cs.umd.edu (Charley Wingate) Subject: Re: Cults Vs. Religions? Lines: 8 To the media, ""religion"" and ""cult"" have about the same relative connotations as ""government"" and ""terrorist group"". -- C. Wingate + ""The peace of God, it is no peace, + but strife closed in the sod. mangoe@cs.umd.edu + Yet, brothers, pray for but one thing: tove!m"
1939,zero_shot_full_context,6,misc.forsale,6,misc.forsale,6,"From: kari@sage.cc.purdue.edu (Kari) Subject: new (young) Seagate 3144 130MB Hard Drive Organization: Purdue University Computing Center Distribution: misc.forsale, misc.forsale.computers, purdue.forsale Lines: 7 Greetings netters, I have a Seagate 3144 130MB IDE drive forsale. I bought it yesterday and have been able to come across a 215MB that I "
1940,zero_shot_full_context,18,talk.politics.misc,16,talk.politics.guns,16,"From: as010b@uhura.cc.rochester.edu (Tree of Schnopia) Subject: Re: New Study Out On Gay Percentage Nntp-Posting-Host: uhura.cc.rochester.edu Organization: University of Rochester - Rochester, New York Lines: 57 In <Apr.20.10.27.01.1993.9195@romulus.rutgers.edu> kaldis@romulus.rutgers.edu (Theodore A. Kaldis) writes: >In article <15436@optilink.COM"
1941,zero_shot_full_context,15,soc.religion.christian,15,soc.religion.christian,15,"From: JEK@cu.nih.gov Subject: Paul's ""thorn in the side"" Lines: 49 Joe Moore writes: > Paul repeatedly talks about the ""thorn"" in his side. Some think > it refers to lust, others pride, but who knows? Whatever the > thorn was, apparently it was not compatible with Christianity, > yet does that make his epistles any less? Paul mentions his ""thorn"" ("
1942,zero_shot_full_context,11,sci.crypt,18,talk.politics.misc,18,"From: karl@genesis.MCS.COM (Karl Denninger) Subject: Government intentions regarding encryptoion Organization: MCSNet, Chicago, IL Lines: 16 Distribution: inet NNTP-Posting-Host: localhost.mcs.com There is an article in Communications Week (April 12's issue) which states definitively that not only is the justice department trying to revive the ""wir"
1943,zero_shot_full_context,15,soc.religion.christian,15,soc.religion.christian,15,From: KEVXU@cunyvm.bitnet Subject: Re: Christianity and repeated lives Organization: City University of New York Lines: 36 While this is essentially a discussion of reincarnation in the context of Christianity Gerry Palo has made some comparisons to Asian religious beliefs on this topic which have simplified the Asian idea of karma to the point of 
1944,zero_shot_full_context,8,rec.motorcycles,8,rec.motorcycles,8,"From: Dave Dal Farra <gpz750@bnr.ca> Subject: Re: Contemplating Ottawa->San Francisco->Ottawa trip X-Xxdate: Fri, 23 Apr 93 15:47:14 GMT Nntp-Posting-Host: bcarm41a Organization: BNR Ltd. X-Useragent: Nuntius v1.1.1d9 Lines: 73 In article <lbpvs=l@quantum.qnx.com> David Gibbs, dagibbs@quantum.qnx.com writes: >Greetings rec.motorcyclists. > >Coming "
1945,zero_shot_full_context,12,sci.electronics,13,sci.med,13,"From: ggruscho@nyx.cs.du.edu (George Gruschow) Subject: Re: How to the disks copy protected. Organization: University of Denver, Dept. of Math & Comp. Sci. Lines: 29 ketil@edb.tih.no (Ketil Albertsen,TIH) writes: >In article <1993Apr20.230749.12821@reed.edu>, mblock@reed.edu (Matt Block) writes: >> I guess what I am saying is that your question is "
1946,zero_shot_full_context,15,soc.religion.christian,15,soc.religion.christian,15,"From: sun075!Gerry.Palo@uunet.uu.net (Gerry Palo) Subject: Re: Portland earthquake Lines: 68 Austin C Archer (archau@saturn.wwc.edu) wrote: > >I am interested in views about the non-event of May 3. Seriously, how can a >Christian discriminate between ""messages from God"" which are to be taken >seriously, and those which are spurious? Is there a usef"
1947,zero_shot_full_context,18,talk.politics.misc,18,talk.politics.misc,18,From: kkopp@uxh.cso.uiuc.edu (koppenhoefer kyle cramm) Subject: Re: HE JUST DOESN'T GET IT (Re: will they ever learn?) Organization: University of Illinois at Urbana Lines: 42 jpr1@ns1.cc.lehigh.edu (James P. Reynolds) writes: >PEOPE JUST DOESN'T GET IT. The current health care system is a cancer which is >killing our economic well-being. Costs are
1948,zero_shot_full_context,5,comp.windows.x,14,sci.space,14,"From: STU_JWSHELBY@VAX1.ACS.JMU.EDU (JOSEPH W SHELBY) Subject: Xdec X11R5 server and DECstation 5000/2[0|5] sans DECnet Organization: James Madison University X-News-Reader: VMS NEWS 1.24 Lines: 9 Has anybody built an X11R5 server that can run on a Personal Decstation 5000 line with ultrix 4.3? The only catch is that being ""personal"" machines, we d"
1949,zero_shot_full_context,19,talk.religion.misc,16,talk.politics.guns,16,"From: ktikkane@phoenix.oulu.fi (Kari Tikkanen) Subject: Re: Burden of Proof Organization: University of Oulu, Finland X-Newsreader: TIN [version 1.1 PL9] Lines: 26 Mark McCullough (mccullou@snake2.cs.wisc.edu) wrote: : >But if entertainment (company) sell computer programs saying they are virus : >safe. Doesn`t they have burden of proof that viruse"
1950,zero_shot_full_context,6,misc.forsale,16,talk.politics.guns,16,"Organization: Penn State University From: Scott Wilson <SDW2@psuvm.psu.edu> Subject: WANTED - BOOKS Lines: 16 I'mposting this for my emplyer who doesn't have net access, (but you can reply here, and I'll get the message to him. My boss is looking for two books on the group Mamas and Papas Papa John by John Phillips California Dreaming - (he told me"
1951,zero_shot_full_context,9,rec.sport.baseball,9,rec.sport.baseball,9,"From: kjs5@ns1.cc.lehigh.edu (KRISTIAN JOHN SCHAFER) Subject: Babe's pitching Organization: Lehigh University Lines: 10 Can anyone out there tell me Babe Ruth's complete pitching stats? I know he was 5-0 as a pitcher for the Yankees, but what were his numbers when he was with the Red Sox? Thanks in advance! -- **************************************"
1952,zero_shot_full_context,1,comp.graphics,11,sci.crypt,11,"From: diablo.UUCP!cboesel (Charles Boesel) Subject: Re: Adobe Photo Shop type software for Unix/X/Motif platforms? Organization: Diablo Creative Reply-To: diablo.UUCP!cboesel (Charles Boesel) X-Mailer: uAccess LITE - Macintosh Release: 1.6v2 Lines: 14 In article <C5w8xB.Iv6@world.std.com> (sci.image.processing,comp.graphics), wdm@world.std.com (Way"
1953,zero_shot_full_context,18,talk.politics.misc,16,talk.politics.guns,16,"From: dianem@boi.hp.com (Diane Mathews) Subject: Re: Janet Reno killed the Waco children Distribution: na Organization: Hewlett-Packard / Boise, Idaho Lines: 12 In article <1993Apr20.153450.27407@ncsu.edu> dsh@eceyv.ncsu.edu (Doug Holtsinger) writes: >Janet Reno killed the Waco children. She is responsible for >their deaths. She should resign immed"
1954,zero_shot_full_context,9,rec.sport.baseball,9,rec.sport.baseball,9,"From: pb6755@csc.albany.edu (BROWN PHILIP H) Subject: Re: MVP '92 Revisited Organization: State University of New York at Albany Lines: 25 In-Reply-To: dtate+@pitt.edu's message of 20 Apr 93 17:31:58 GMT Total Baseball, which also tries to evaluate a player's total offensive and defensive contributions, gives Barry Bonds a Total Player rating of 9."
1955,zero_shot_full_context,6,misc.forsale,6,misc.forsale,6,"From: munroe@dmc.com (Dick Munroe) Subject: Re: REPOST: Tape Drives (4mm, 8mm) for sale. Organization: Doyle, Munroe Consultants, Inc., Hudson, MA Lines: 19 In article <1993Apr21.193948.1479@dmc.com>, munroe@dmc.com (Dick Munroe) writes: Acorn Software, Inc. has 3 tape drives (currently used on a VMS system) for sale. These are all SCSI tape drives"
1956,zero_shot_full_context,14,sci.space,14,sci.space,14,From: henry@zoo.toronto.edu (Henry Spencer) Subject: Re: Satellite around Pluto Mission? Organization: U of Toronto Zoology Lines: 35 In article <1993Apr30.004311.1@aurora.alaska.edu> nsmca@aurora.alaska.edu writes: >Is there a plan to put a satellite around each planet in the solar system to >keep watch? ... There would be some point to doing long
1957,zero_shot_full_context,17,talk.politics.mideast,16,talk.politics.guns,16,"From: murthy@ssdsun.asl.dl.nec.com (Vasudev Murthy) Subject: Re: Saudi clergy condemns debut of human rights group! Keywords: international, non-usa government, government, civil rights, social issues, politics Nntp-Posting-Host: ssdsun Organization: NEC America, Inc Irving TX Lines: 21 In article <39898@optima.cs.arizona.edu> bakken@cs.arizona.edu"
1958,zero_shot_full_context,5,comp.windows.x,3,comp.sys.ibm.pc.hardware,3,"From: jvs@jacks.apana.org.au (Jack Strangio) Subject: SVR4 xclients won't work under SVR4.2 (repost) Organization: Prospect 5082, AUSTRALIA Lines: 17 When I changed from SVR4 to SVR4.2 on my Intel box I discovered that some of my SVR4 xclients such as xload, etc would no longer work. They bomb out with the message: error: can't open display unix:0."
1959,zero_shot_full_context,10,rec.sport.hockey,9,rec.sport.baseball,9,"From: Karim Edvard Ahmed <ka0k+@andrew.cmu.edu> Subject: Re: Minnesota Shame? Organization: Senior, Economics, Carnegie Mellon, Pittsburgh, PA Lines: 28 NNTP-Posting-Host: po5.andrew.cmu.edu In-Reply-To: <C62xpu.MD3@constellation.ecn.uoknor.edu> >I've been under the impression that Minnesota was one of, or possibly, >THE hockey state in the U.S. So"
1960,zero_shot_full_context,4,comp.sys.mac.hardware,4,comp.sys.mac.hardware,4,"From: Eric.Cronin@f174.n2240.z1.fidonet.org (Eric Cronin) Subject: PhoneNet questions Organization: FidoNet node 1:2240/174 - Association Mac BBS, Grand Blanc MI Lines: 21 My school is settinÿûg up a new network with bothe Macs and Apple II's. I'm used to ethernet, and don't know muÿch about LocalTalk. Two things: first, in MacWherehouse, btheÿy ha"
1961,zero_shot_full_context,15,soc.religion.christian,15,soc.religion.christian,15,"From: mls@panix.com (Michael Siemon) Subject: Re: Homosexuality issues in Christianity Organization: Panix Public Access Internet & Unix, NYC Lines: 26 In article <May.12.04.27.47.1993.9935@athos.rutgers.edu> gchin@ssf.Eng.Sun.COM writes: >Let me say that the life, death, and resurrection of Jesus Christ is >central to Christianity. If you personal"
1962,zero_shot_full_context,8,rec.motorcycles,17,talk.politics.mideast,17,"From: ak296@yfn.ysu.edu (John R. Daker) Subject: Re: Maxima Chain wax Organization: St. Elizabeth Hospital, Youngstown, OH Lines: 20 Reply-To: ak296@yfn.ysu.edu (John R. Daker) NNTP-Posting-Host: yfn.ysu.edu In a previous article, txd@ESD.3Com.COM (Tom Dietrich) says: >parr@acs.ucalgary.ca (Charles Parr) writes: > >>I bought it, I tried it: > >>It "
1963,zero_shot_full_context,7,rec.autos,7,rec.autos,7,"From: heiser@acs2.bu.edu (Bill Heiser) Subject: Auto WAX Distribution: usa Organization: Boston University, Boston, MA, USA Lines: 16 Originator: heiser@acs2.bu.edu Having recently purchased a 93 Probe with clear-coat paint, I would like to give it a good wax job. What is the Best type of wax to use for this type of finish? Is paste or liquid bette"
1964,zero_shot_full_context,2,comp.os.ms-windows.misc,5,comp.windows.x,5,"From: mokler@desert.in-berlin.de (Claudius Mokler) Subject: Re: True Type or ATM? Organization: Private Site Lines: 18 Seen from a typographically point of view, ATM using PostScript fonts is better than TrueType; the hinting mechanism incorporated in PS is gorgeous. Multilingual users may see the limit of possible different characters in a PS font"
1965,zero_shot_full_context,0,alt.atheism,16,talk.politics.guns,16,"From: decay@cbnewsj.cb.att.com (dean.kaflowitz) Subject: Re: free moral agency Organization: AT&T Distribution: na Lines: 52 In article <C5pxqs.LM5@darkside.osrhe.uoknor.edu>, bil@okcforum.osrhe.edu (Bill Conner) writes: > dean.kaflowitz (decay@cbnewsj.cb.att.com) wrote: > > : Now, what I am interested in is the original notion you were discussing "
1966,zero_shot_full_context,13,sci.med,16,talk.politics.guns,16,"From: swkirch@sun6850.nrl.navy.mil (Steve Kirchoefer) Subject: RESULT: misc.health.diabetes passes 155:14 Organization: Naval Research Laboratory (Electronics Science and Technology Division) Lines: 221 NNTP-Posting-Host: rodan.uu.net Voting for creation of the newsgroup misc.health.diabetes ended at 23:59 GMT on 29 Apr 93. At this time, the total "
1967,zero_shot_full_context,4,comp.sys.mac.hardware,4,comp.sys.mac.hardware,4,"From: avery@gestalt.Stanford.EDU (Avery Wang) Subject: Re: Can Mac Superdrives read Unix disks? Organization: DSO, Stanford University Lines: 18 In article <1993Apr24.153158.13756@news.yale.edu> Warren DeLano <warren@laplace.biology.yale.edu> writes: > > Does anyone know of a program or utility that will > enable the Mac to read Unix (i.e. NeXT) 3."
1968,zero_shot_full_context,11,sci.crypt,18,talk.politics.misc,18,"From: morgan@engr.uky.edu (Wes Morgan) Subject: Re: I have seen the lobby, and it is us Organization: University of Kentucky Engineering Computing Center Lines: 61 ns111310@LANCE.ColoState.Edu (Nathaniel Sammons) wrote: >2) If some kind soul out there would write a letter, and upload it to >the net, everyone could capture it, print it out, and snai"
1969,zero_shot_full_context,2,comp.os.ms-windows.misc,13,sci.med,13,"From: tomh@metrics.com (Tom Haapanen) Subject: Re: Hercules Graphite? (Results!) Organization: Software Metrics Inc. Lines: 48 >> tomh@metrics.com (Tom Haapanen) writes: >>> Has anyone used a Hercules Graphite adapter? It looks good on paper, and >>> Steve Gibson gave it a very good review in Infoworld. I'd love to get a >>> real-world impression, "
1970,zero_shot_full_context,9,rec.sport.baseball,16,talk.politics.guns,16,"From: snichols@adobe.com (Sherri Nichols) Subject: Re: Bonilla Organization: Adobe Systems Incorporated Lines: 9 In article <1993Apr20.034558.28920@midway.uchicago.edu> thf2@midway.uchicago.edu writes: >>Gary Varsho > >Halfway there, and unlikely to make it 3/4 of the way there. Wait a minute; I could swear that Varsho is white. Sherri Nichols snic"
1971,zero_shot_full_context,12,sci.electronics,13,sci.med,13,From: vanderby@mprgate.mpr.ca (David Vanderbyl) Subject: Re: Lead Acid batteries & Concrete? Nntp-Posting-Host: chip Reply-To: vanderby@mprgate.mpr.ca (David Vanderbyl) Organization: MPR Teltech Ltd. Lines: 28 neal@cmptrc.lonestar.org (Neal Howard) writes: >The concrete floor accelerates the problem because it is a heat sink and a >colder lead-acid
1972,zero_shot_full_context,3,comp.sys.ibm.pc.hardware,3,comp.sys.ibm.pc.hardware,3,"From: pauls@jumprun.ehs.uiuc.edu (Paul Stansberry) Subject: Re: Gateway Monitor Problem--Again! Help Distribution: usa Organization: University of Illinois at Urbana Lines: 22 In <C5wAvE.AsG@news.udel.edu> jlredd@ravel.udel.edu (Joshua Smith) writes: >Once again, someone else with a Gateway Monitor problem, anyone who can >help, please do, it would"
1973,zero_shot_full_context,8,rec.motorcycles,8,rec.motorcycles,8,"From: klinger@ccu.umanitoba.ca (Jorg Klinger) Subject: Re: Shaft-drives and Wheelies Nntp-Posting-Host: ccu.umanitoba.ca Organization: University of Manitoba, Winnipeg, Canada Lines: 39 In <3880218@hpcc01.corp.hp.com> gharriso@hpcc01.corp.hp.com (Graeme Harrison) writes: >/ hpcc01:rec.motorcycles / xlyx@vax5.cit.cornell.edu / 2:48 pm Apr 19, 1993 /"
1974,zero_shot_full_context,14,sci.space,14,sci.space,14,From: nsmca@aurora.alaska.edu Subject: Mothership for Flybys and cutting costs.. Lines: 27 Nntp-Posting-Host: acad3.alaska.edu Organization: University of Alaska Fairbanks Getting wierd again? Okay we have figure out that a mission specifically to Pluto is to large and to expensive.. Okay what about launching one probe with multiple parts.. Kind of
1975,zero_shot_full_context,15,soc.religion.christian,15,soc.religion.christian,15,From: PETCH@gvg47.gvg.tek.com (Chuck) Subject: Daily Verse Lines: 3 And do not set your heart on what you will eat or drink; do not worry about it. Luke 12:29
1976,zero_shot_full_context,3,comp.sys.ibm.pc.hardware,3,comp.sys.ibm.pc.hardware,3,"From: fijma@cs.utwente.nl (Duco Fijma) Subject: Old keyboards never die Nntp-Posting-Host: utis143.cs.utwente.nl Organization: University of Twente, Dept. of Computer Science Lines: 29 Hello, I'am almost ashame to ask this question. It really looks like a FAQ, but couldn't find the answer. Anyway... The original IBM-PC/XT 83 or 84 key keyboard is, "
1977,zero_shot_full_context,7,rec.autos,7,rec.autos,7,"From: hhd0@harvey.gte.com (Horace Dediu) Subject: Re: MBenz 300 series, VW Passat Organization: GTE Laboratories, Waltham, MA Lines: 9 Go with the Mercedes, if you can afford it. I think the 300 wagon starts around 50k, although it could be 60k. There is no comparison with any of the other cars listed. -- Horace Dediu GTE Laboratories (617) 466-411"
1978,zero_shot_full_context,13,sci.med,13,sci.med,13,"From: banschbach@vms.ocom.okstate.edu Subject: Re: vitamin A and hearing loss Lines: 24 Nntp-Posting-Host: vms.ocom.okstate.edu Organization: OSU College of Osteopathic Medicine Distribution: sci In article <1993Apr30.194806.10652@banana.fedex.com>, claude@banana.fedex.com (claude bowie) writes: > i heard a news report indicating research showing i"
1979,zero_shot_full_context,16,talk.politics.guns,16,talk.politics.guns,16,"From: spl@pitstop.ucsd.edu (Steve Lamont) Subject: Re: A Message for you Mr. President: How do you know what happened? Organization: University of Calif., San Diego/Microscopy and Imaging Resource Lines: 34 NNTP-Posting-Host: pitstop.ucsd.edu In article <C5t14M.Ku2@acsu.buffalo.edu> v111qheg@ubvmsb.cc.buffalo.edu (P.VASILION) writes: > Well, this i"
1980,zero_shot_full_context,1,comp.graphics,16,talk.politics.guns,16,From: grady@netcom.com (1016/2EF221) Subject: Re: Where did the hacker ethic go? Organization: capriccioso X-Newsreader: TIN [version 1.1 PL6] Lines: 10 Where did the hacker ethic go? We hackers of the 70's and 80' are now comfortably employed and supporting families. The next generation takes the radical lead now. Don't look for radicalism among u
1981,zero_shot_full_context,16,talk.politics.guns,16,talk.politics.guns,16,"From: viking@iastate.edu (Dan Sorenson) Subject: Re: WACO burning Organization: Iowa State University, Ames IA Lines: 27 v111qheg@ubvmsb.cc.buffalo.edu (P.VASILION) writes: >Can you imagine what happens when a magazine explodes? Generally the ship sinks (sorry, there's a picture of the USS Iowa next to my desk). > Bullets go flying every >where. IM"
1982,zero_shot_full_context,8,rec.motorcycles,7,rec.autos,7,"From: behanna@syl.nj.nec.com (Chris BeHanna) Subject: Re: Maxima Chain wax Organization: NEC Systems Laboratory, Inc. Lines: 22 In article <C5wqsr.56L@myrddin.imat.com> nelson@seahunt.imat.com (Michael Nelson) writes: >In article <93Apr20.211127.44984@acs.ucalgary.ca> parr@acs.ucalgary.ca (Charles Parr) writes: >> >>My chain is lubed, my wheel is c"
1983,zero_shot_full_context,11,sci.crypt,11,sci.crypt,11,From: pmetzger@snark.shearson.com (Perry E. Metzger) Subject: CELP vocoders Article-I.D.: lehman.1993Apr22.225909.26163 Organization: Partnership for an America Free Drug Lines: 28 gtoal@gtoal.com (Graham Toal) writes: >Absolutely. I just meant that no secure *dedicated* crypto device has >ever been given approval. Guerrilla underground devices sho
1984,zero_shot_full_context,13,sci.med,16,talk.politics.guns,16,"From: mikeq@freddy.CNA.TEK.COM (Mike Quigley) Subject: Re: Pregnency without sex? Keywords: pregnency sex Organization: Tektronix, Inc., Redmond, OR. Lines: 13 In article <stephen.735806195@mont> stephen@mont.cs.missouri.edu (Stephen Montgomery-Smith) writes: >When I was a school boy, my biology teacher told us of an incident >in which a couple wer"
1985,zero_shot_full_context,0,alt.atheism,15,soc.religion.christian,15,From: bil@okcforum.osrhe.edu (Bill Conner) Subject: Re: Religion As Cause (Was: islamic authority over women) Nntp-Posting-Host: okcforum.osrhe.edu Organization: Okcforum Unix Users Group X-Newsreader: TIN [version 1.1 PL9] Lines: 19 Scott D. Sauyet (SSAUYET@eagle.wesleyan.edu) wrote: : The same works for the horrors of history. To claim that Chris
1986,zero_shot_full_context,14,sci.space,14,sci.space,14,From: rw@astro.Princeton.EDU (Ralph A.M.J. Wijers) Subject: Re: Gamma Ray Bursters. WHere are they. Originator: news@nimaster Nntp-Posting-Host: astro.princeton.edu Organization: Princeton University Lines: 51 I feel compelled to complain: the statement that recent observations rule out merging neutron stars as sources of gamma-ray bursts is utterl
1987,zero_shot_full_context,3,comp.sys.ibm.pc.hardware,17,talk.politics.mideast,17,"From: ken@wybbs.mi.org Subject: *** CONSUMER WARNING *** MidWest Micro (Ohio) Organization: Consultant's Connection Distribution: na Lines: 54 Thinking of buying from MidWest Micro of Ohio? Think *very* carefully. Unless you are absolutely sure you won't have any problems, you may want to trade elsewhere. Despite the fact that they answer the phone"
1988,zero_shot_full_context,12,sci.electronics,17,talk.politics.mideast,17,"From: ejajko@hertz.elee.calpoly.edu (Edward Jajko) Subject: Re: How to the disks copy protected. Organization: Cal Poly, San Luis Obispo Lines: 67 In article <1r76sbINNkap@flop.ENGR.ORST.EDU> noeler@xanth.CS.ORST.EDU (Eric Richard Noel) writes: >I strongly disagree. I think most pirating is done by amateurs, who won't >copy the program if ""diskcopy"
1989,zero_shot_full_context,4,comp.sys.mac.hardware,4,comp.sys.mac.hardware,4,"From: altheimm@nextnet.csus.edu (Murray Altheim) Subject: Re: Selling of PowerBook 100s Organization: California State University Sacramento Lines: 23 In article <1r1aaaINNt3d@senator-bedfellow.MIT.EDU> cam@athena.mit.edu (Daniel Cameron Daly) writes: >I have a PB 100 that I might be selling soon to upgrade to a Duo before >graduation, to take adva"
1990,zero_shot_full_context,1,comp.graphics,2,comp.os.ms-windows.misc,2,"From: stephens@rd1.interlan.com (Jack Stephenson) Subject: Re: What is this .GL file? Distribution: usa Organization: Racal-Datacom, Sunrise, FL Lines: 27 From article <1suntv$3km@watson.mtsu.edu>, by csjohn@watson.mtsu.edu (John Wallace): > I've got this animation file with a .GL extension. > What is this? Are there anu MS-DOS or OS/2 programs > w"
1991,zero_shot_full_context,16,talk.politics.guns,18,talk.politics.misc,18,"From: dlb5404@tamuts.tamu.edu (Daryl Biberdorf) Subject: Re: TEXAS HB 1776 - VOTING IS TODAY Organization: Texas A&M University, College Station Lines: 18 Distribution: usa NNTP-Posting-Host: tamuts.tamu.edu In article <1rgolaINNqjf@tamsun.tamu.edu> dlb5404@tamuts.tamu.edu (Daryl Biberdorf) writes: >I just called Texas' legislative bill tracking se"
1992,zero_shot_full_context,10,rec.sport.hockey,9,rec.sport.baseball,9,From: stimpy@dev-null.phys.psu.edu (Gregory Nagy) Subject: Re: ESPN UP YOURS ......... Organization: Penn State Laboratory for Elementary Steam Physics Lines: 52 NNTP-Posting-Host: dev-null.phys.psu.edu In article <C5u542.3CD@news.udel.edu> tmavor@earthview.cms.udel.edu writes: >> >>[Various justifiable rantings on ESPN coverage by several deleted]
1993,zero_shot_full_context,17,talk.politics.mideast,15,soc.religion.christian,15,"From: tclock@orion.oac.uci.edu (Tim Clock) Subject: Re: Zionist leaders' frank statements Nntp-Posting-Host: orion.oac.uci.edu Organization: University of California, Irvine Lines: 43 In article <1t5muj$8vt@cville-srv.wam.umd.edu> aap@wam.umd.edu (Alberto Adolfo Pinkas) writes: >In article <1t5bph$dtr@usenet.INS.CWRU.Edu> aa824@cleveland.Freenet.Ed"
1994,zero_shot_full_context,10,rec.sport.hockey,9,rec.sport.baseball,9,"Subject: Re: Ranger Fans????? From: kwolfer@eagle.wesleyan.edu Organization: Wesleyan University Nntp-Posting-Host: willet.wesleyan.edu Lines: 75 In article <1993Apr22.171734.9534@alleg.edu>, ballb@reis56.alleg.edu (Brett Ball) writes: > In article <1993Apr22.101356.1@eagle.wesleyan.edu> writes: >> I for one am happy about the Ranger's hiring of Ke"
1995,zero_shot_full_context,11,sci.crypt,16,talk.politics.guns,16,"From: strnlght@netcom.com (David Sternlight) Subject: Re: THE CLIPPER CHIP: A TECHNICAL SUMMARY Organization: DSI/USCRPAC Lines: 14 Pat Myrto says if law enforcement wants keys, let them get a court order and then ask him for them. Most use of probably cause wiretapping warrants isn't to decrypt historical traffic, but for prospective listening onc"
1996,zero_shot_full_context,12,sci.electronics,14,sci.space,14,"From: gsulliva@enuxha.eas.asu.edu (Glenn A Sullivan) Subject: Re: How do you build neural networks? Summary: How to build neural net hardware Organization: Arizona State University Lines: 16 mmoss@ic.sunysb.edu (Matthew D Moss) writes:......... > In other words, is there some sort of neural network circuit I could build > after a visit to a local R"
1997,zero_shot_full_context,8,rec.motorcycles,8,rec.motorcycles,8,"From: dmunroe@vcd.hp.com (Ha Li) Subject: Re: Bonding with a Caged Cop? Distribution: rec.motorcycles, ba.motorcycles Organization: Float Bowl Chinese Food & Carburetors Lines: 16 > akelley@oracle.uucp (Alyn Kelley) writes: >But as he drove past me, he actually turned all the way around in his >car seat to see if I had noticed. I nodded to him, and"
1998,zero_shot_full_context,14,sci.space,14,sci.space,14,"From: nsmca@aurora.alaska.edu Subject: Re: Space Manuevering Tug (was HST servicing mission_) Lines: 39 Nntp-Posting-Host: acad3.alaska.edu Organization: University of Alaska Fairbanks In article <1rnaih$jvj@access.digex.net>, prb@access.digex.net (Pat) writes: > > Given that what i described for the HST seemed to be the SMT, and given > the mass a"
1999,zero_shot_full_context,11,sci.crypt,16,talk.politics.guns,16,"From: strnlght@netcom.com (David Sternlight) Subject: Re: Once tapped, your code is no good any more. Organization: DSI/USCRPAC Distribution: na Lines: 17 In article <116664@bu.edu> uni@acs.bu.edu (Shaen Bernhardt) writes: > >So don't give me any bullshit analogies about how we trust coke not to >put mind control drugs in every can to get us to buy"
