index,prompt_type,true_label_id,true_label,pred_label_id,pred_label,raw_answer,text_preview
0,zero_shot,18,talk.politics.misc,17,talk.politics.mideast,17,And this results in a fire that starts in one room and torches the entire place before anyone in the adjacent rooms can escape? I don't think so. So much for the smolder theory.
1,zero_shot,3,comp.sys.ibm.pc.hardware,4,comp.sys.mac.hardware,4,Can any body tell me where the most significant bit of the total horizontal width hides out on the Tseng Labs ET4000 with a 15/16/24 bit dac? I am trying to use the 640x480x16M mode under unix (so i cant just call int 10h)I have a program which dumps
2,zero_shot,13,sci.med,13,sci.med,13,"Point 1: I'm beginning to see that *part* of the disagreements about the whole ""yeast issue"" is on differing perceptions and on differing meanings of words. Medical doctors have a very specific and specialized ""jargon"", necessary for precise communic"
3,zero_shot,9,rec.sport.baseball,14,sci.space,14,Right. Most definitely. This may be the root of the confusion... Please consider the following hypothetical with an open mind. Note that I am *not* (yet) saying that it has anything to do with the question at hand. Suppose we have a simplified Lotto 
4,zero_shot,12,sci.electronics,16,talk.politics.guns,16,ISBN 0-13-747270-6
5,zero_shot,12,sci.electronics,12,sci.electronics,12,"Hi, Just a quick question. What standard lab solvents can be used to clean electronic equipment and components safely (ie not corrode, dissolve, short-out, etc the equipment)? water? :-) methanol? CCl4? etc? I am not an electronics type (surprise, su"
6,zero_shot,9,rec.sport.baseball,9,rec.sport.baseball,9,"To all the Braves doubters: Don't worry. The bats will come alive, and the Braves will come around. The pitching is solid, and as long the Braves don't have serious injuries to the starting rotation, they'll continue to pitch well. Heck, with the fiv"
7,zero_shot,17,talk.politics.mideast,15,soc.religion.christian,15,"Are you pretending not knowing it? Here is why: ""Those who are not obedient to we West must be evil!""."
8,zero_shot,0,alt.atheism,16,talk.politics.guns,16,"This is the most unmitigated bilge I've seen in a while. Jim Brown obviously has possession of the right-wing token. ""In December, former national security adviser Zbigniew Brzezinski told a Senate committee that sanctions were costing Iraq $100 mill"
9,zero_shot,13,sci.med,18,talk.politics.misc,18,Sorry. My friend's address who wants the faq and info is jjsulliv@colby.edu Sorry about that folks. Jody -- ------------------------------------------------------------------------------- Jody Rebecca Colby College Majors: History/Sociology Class o' 
10,zero_shot,0,alt.atheism,15,soc.religion.christian,15,"Bill, I think you have a misunderstanding about atheism. Lack of belief in God does not directly imply lack of understanding transcendental values. I hope you would accept the fact that for instance Buddhists appreciate issues related to non-empirica"
11,zero_shot,12,sci.electronics,12,sci.electronics,12,"Jeez, that should do it. Very interesting application, controlled lighting and environment, moderate distances ... might be more interesting than my application. Just a thought, you could use a roof mounted IR sender, similar in operation to a TV rem"
12,zero_shot,11,sci.crypt,16,talk.politics.guns,16,"Unfortunately, Hoover thought himself above the constitution, whatever he considered the limits others should obey. He ruthlessly invaded the privacy of many private and public citizens. -mel"
13,zero_shot,5,comp.windows.x,5,comp.windows.x,5,"Where can I obtain a copy of the Open Look widgets? Is it obtainable on the net somewhere, or do I need to order a copy (if so, how)? Thanks for any help. Please email."
14,zero_shot,3,comp.sys.ibm.pc.hardware,14,sci.space,14,"I have a 486DX-33 ISA pc-compatible (Insight) with an Infotel internal 14.4FAX/14.4data modem with QuickLinkII for Windows. When I first put the modem in, I pulled a phone out of the jack in another room, and ran a phone line extension to my surge pr"
15,zero_shot,2,comp.os.ms-windows.misc,2,comp.os.ms-windows.misc,2,"[ to a .rle file ^^^^^^^] I thought I'd reply to this, though I ain't brad. AT any case, a lot of picture-file viewers that will convert, say, between .gif,etc, to .bmp *will* convert to .rle. I Know for a fact that PaintShop (shareware from cica; /d"
16,zero_shot,7,rec.autos,7,rec.autos,7,"Tony, I believe, first of all, that Max's car is an Austrailian built car. I don't think its a chopped up U.S. unit. It may be called a Kangaroo or Roo or something similar-not sure. But, I do recall reading that Austrailian cars used Ford V-8 engine"
17,zero_shot,1,comp.graphics,14,sci.space,14,": : well, i have lots of experience with scanning in images and altering : them. as for changing them back into negatives, is that really possible? : (stuff deleted) : jennifer urso: the oh-so bitter woman of utter blahness(but cheerful : undertones)"
18,zero_shot,16,talk.politics.guns,16,talk.politics.guns,16,"STOP IT!!!! ENOUGH!!! I'm out of there! I mean, I'm a relatively sane person. God knows I'm weak and will forgive me. But I'm not stupid enough to stay in this place any longer. I WANT OUT!!! Yeah, and at least one person ran back in. SOunds like a p"
19,zero_shot,18,talk.politics.misc,16,talk.politics.guns,16,"So, you approve of the BATF launching a 100-person raid, complete with flack jackets, men hidden in horse trailers, stun grenades, semi-auto weapons on peaceful citizens? who would also accept a search authoried by a court? There is still no proof th"
20,zero_shot,6,misc.forsale,5,comp.windows.x,5,If anyone would like to get rid of their SegaCD for software please get in touch. Ive got loads of SNES and Genesis/MegaDrive software Id like to trade for a SegaCD or even partially (i.e. Ill also pay some $). Let me know if you are interested. Chee
21,zero_shot,16,talk.politics.guns,16,talk.politics.guns,16,"Remember me, Tom? I hope you'll respond, and I seem to be a Voice of Reason or some such (I've been recieving fan mail, so naturally my ego is somehwat inflated of late), and hope to make a few points here. And our argument is that you cannot remove "
22,zero_shot,19,talk.religion.misc,15,soc.religion.christian,15,I think that if a theist were truly objective and throws out the notion that God definitely exists and starts from scratch to prove to themselves that the scriptures are the whole truth then that person would no longer be a theist. You're missing som
23,zero_shot,10,rec.sport.hockey,9,rec.sport.baseball,9,If I were Pat Burns I'd throw in the towel. The wings dominated every aspect of the game. Trying to mix up the lines is a dead end. Murray has too many combinations to counter with. My prediction is wings in 5.
24,zero_shot,19,talk.religion.misc,15,soc.religion.christian,15,"Why should anyone (check: let's restrict this to Christians, why do *we*) want to find ""commandments"" in the books regarded as scripture? What's going on? I will pass on psychologizing answers (whether dismissive or more open) as not the kind of issu"
25,zero_shot,0,alt.atheism,15,soc.religion.christian,15,I recall a discussion I had heard years ago. It went something like this: The problem with omnipotence (at least as I perceive it) as personified by the christian God ideal is that it is potentially contradictory. If a manifestation such as God is tr
26,zero_shot,11,sci.crypt,18,talk.politics.misc,18,"Again we have the trust in government problem here. Members of Mr. Sternlight's generation trust the government to a degree which members of my generation find ridiculous. I would suggest that Mr. Sternlight read about the COINTELPRO program, or abou"
27,zero_shot,9,rec.sport.baseball,16,talk.politics.guns,16,"As will I, and the Ultimate Lurker."
28,zero_shot,7,rec.autos,7,rec.autos,7,"""traction control"" as far as the optional feature that one buys with cars is not the same thing at all as a torque sensing differential. a torque sensing differential is a type of LSD, but not all LSD's are torque sensing. viscous coupled differentia"
29,zero_shot,0,alt.atheism,18,talk.politics.misc,18,"[reply to jimh@carson.u.washington.edu (James Hogan)] I take the view that they are here for our entertainment. When they are no longer entertaining, into the kill file they go."
30,zero_shot,6,misc.forsale,17,talk.politics.mideast,17,"I said what a SILLY boy i was, now i have zillions of messages like ""does that include shipping"" ""is it scsi"" ""what rom version is it"" ""will it work on a maximegalon gargantuabrain 9000"" ok, the deal is this - if you live in the twin cities, email me"
31,zero_shot,9,rec.sport.baseball,9,rec.sport.baseball,9,"Matt's problem is really more ability than attitude. It isn't that he's got it in his mind that he wants to swing away, but rather that he's (still) a total sucker for the curve ball. It looked for a while in 1990 that he was getting better but it's "
32,zero_shot,5,comp.windows.x,4,comp.sys.mac.hardware,4,"Does any one out there have experience with Planet X, I am considering buying it to use on a SPARCstation IPC, in this way I can run Mac programs from the SPARC. Would you recommend buying this piece of Software and what is the emulation on the SPARC"
33,zero_shot,9,rec.sport.baseball,9,rec.sport.baseball,9,"I don't actually have the answer to this one. Bosio, after walking the first two batters, retired 27-straight for a ""back-end"" perfect game. How many other games - including extra inning games - have seen a pitcher retire 27 straight, excluding offic"
34,zero_shot,10,rec.sport.hockey,9,rec.sport.baseball,9,"As the Rangers found out in last year's playoffs, it's too late to try line-juggling at this point. gld"
35,zero_shot,4,comp.sys.mac.hardware,4,comp.sys.mac.hardware,4,"I have done several of these upgrades (about 6 IIsi's, and 1 Quadra 700), and the best thing to use would be some sort of ""heat sink compound"". If possible, you should look for the silicon-free stuff. There's a comany who makes the stuff called Tech "
36,zero_shot,16,talk.politics.guns,17,talk.politics.mideast,17,I understand fire trucks had been at the site for several weeks but were sent home three or four days before the assault. Can anyone confirm this?
37,zero_shot,12,sci.electronics,14,sci.space,14,"I am not quite so sure about the illegality of using a regular American phone on your home system. I vaguely remember a few years ago, when ""Deutsche Bundespost"" split into Postdienst, Postbank, and Telekom there was some discussion about a new regul"
38,zero_shot,10,rec.sport.hockey,9,rec.sport.baseball,9,"OK. I know I look pretty desperate on this bboard. I think I have posted 3 or 4 messages already on the issue of NHL telecats over the last few weeks. But, hey. I am pretty desperate. What I am interested is not just a sportsbar with multiple screens"
39,zero_shot,2,comp.os.ms-windows.misc,2,comp.os.ms-windows.misc,2,"Hello All! It is my understanding that all True-Type fonts in Windows are loaded in prior to starting Windows - this makes getting into Windows quite slow if you have hundreds of them as I do. First off, am I correct in this thinking - secondly, if t"
40,zero_shot,1,comp.graphics,12,sci.electronics,12,"Does anyone know where I can find a code which would take concave polygons and break them up into a set of convex polygons? Thanks,"
41,zero_shot,19,talk.religion.misc,15,soc.religion.christian,15,"The tongue that brings healing is a tree of life, but a deceitful tongue crushes the spirit."
42,zero_shot,2,comp.os.ms-windows.misc,2,comp.os.ms-windows.misc,2,"Sorry, I don't have the demo, but I do have the program and have been using it for the past few weeks. Since I now have Dos 6 as well, I don't use many of the features of PCT4Win. But I do so use: - the PCT Desktop with drag and drop printing, folder"
43,zero_shot,5,comp.windows.x,18,talk.politics.misc,18,"The latest issue of The Andrew View, newsletter of the Andrew Consortium is available. The simplest way to get it is via ftp from emsworth.andrew.cmu.edu (128.2.45.40) in directory ./newsletters; subdirectories ASCII and PostScript contain the newsle"
44,zero_shot,15,soc.religion.christian,15,soc.religion.christian,15,[Someone asked about Biblical support for the image of Satan as a fallen angel. Rev 12:7-9 and Enoch have been cited. --clh] There is also a verse in Luke(?) that says He[Jesus] saw Satan fall from Heaven. It's something like that. I don't have my Bi
45,zero_shot,8,rec.motorcycles,7,rec.autos,7,"An even better strategy is to leave less of a buffer between you and the car in front, but enough to manuver around it. Keep the bike in 1st gear with the clutch handle squeezed in (how's that for engaged/disengaged?), until there are two cars stoppe"
46,zero_shot,5,comp.windows.x,2,comp.os.ms-windows.misc,2,"You should try having a .xsession script in $HOME to do these things. xdm will start up your process using the system version (usually /usr/lib/X11/xdm/Xsession), which should check whether you have your won and change to that if you do. (Take a copy"
47,zero_shot,8,rec.motorcycles,7,rec.autos,7,"You might try the rec.models.rockets newsgroup. Interesting stuff, some of it should probably be classified as artillery. -----------------------------------------------------------------------------"
48,zero_shot,0,alt.atheism,18,talk.politics.misc,18,"From a parallel thread. Much about definitions of bombs, etc. deleted. [...] Mathew, I agree. This, it seems, is the crux of your whole position, isn't it? That the US shouldn't have supported Hussein and sold him arms to fight Iran? I agree. And I a"
49,zero_shot,16,talk.politics.guns,18,talk.politics.misc,18,"But they also might have run out of fire-wood (maybe chopping up furnature?). They also may not have been cooking, but eating MREs and other delicacies stored for just such an occation... Just a thought. Brent ""Yes I am well aware that their electric"
50,zero_shot,15,soc.religion.christian,15,soc.religion.christian,15,"[much stuff deleted] excuse me, but what makes you think that just because he's atheist he doesn't know anything about christianity???? in my (albeit limited) experience atheists are often the ones who know _more_ about the bible, having searched it "
51,zero_shot,2,comp.os.ms-windows.misc,5,comp.windows.x,5,"Is there a way to use the mouse when running a DOS app (windowed) in win 3.1? When you window a dos apps (in enhanced mode), I can see where the mouse cursor was, but it doesn't work! Any help would be greatly appreciated. Thank you"
52,zero_shot,14,sci.space,6,misc.forsale,6,Why don't you activist guys cut misc.invest out of this thread? They didn't offer any shares for sale yet...
53,zero_shot,2,comp.os.ms-windows.misc,2,comp.os.ms-windows.misc,2,"I have a problem with the wallpaper on my desktop, in 1024x768x256 mode. For bitmap files bigger than about 512k (slightly less sometimes depending on the exact dimensions), the wallpaper display is badly corrupted. The rest of the desktop is fine. F"
54,zero_shot,9,rec.sport.baseball,9,rec.sport.baseball,9,"writes... Oh, probably. Ms. Nichols has given the average game times (and average runs scored) for 1983 and 1992. (A very nice piece of information, Ms. Nichols. Who knows? She may be listening, and not have me in her kill file after all.) Those numb"
55,zero_shot,17,talk.politics.mideast,15,soc.religion.christian,15,"Turkish Historical Revision <9305111942@zuma.UUCP> via dotage sera@zuma.UUCP (Serdar Argic) responded to article <1sn5f5INNkh6@MINERVA.CIS.YALE.EDU> [MP] Actually, I would like to get a compilation of these one liners, [MP] so that I could print them"
56,zero_shot,12,sci.electronics,12,sci.electronics,12,"Hello there. The other day I was feeling a tad nostalgic and thought about constructing an old-time crytal radio set. I figured on substituting a modern germanium diode for the crystal, and winding the antenna coil, etc., myself. The only problem I s"
57,zero_shot,16,talk.politics.guns,16,talk.politics.guns,16,"Interesting that Janet Reno has publically announced that we need steal ourselves for more Wacos. I wonder if I can get the gasoline concession. Yup. Kill that bastard! Ah, yes. The ILLEGAL helicopter, searchign for the non-existent PCP lab. I rememb"
58,zero_shot,11,sci.crypt,14,sci.space,14,I was wondering if anyone knew of where I could find source code for a program to solve a substitution cipher? Thanks! Kevin
59,zero_shot,3,comp.sys.ibm.pc.hardware,3,comp.sys.ibm.pc.hardware,3,"I just ordered my 4DX2-66V system from Gateway. Thanks for all the net discussions which helped me decide among all the vendors and options. Right now, the 4DX2-66V system includes 16MB of RAM. The 8MB upgrade used to cost an additional $340."
60,zero_shot,14,sci.space,16,talk.politics.guns,16,"If re-boosting the HST by carrying it with a shuttle would not damage it, then why couldn't HST be brought back to earth and the repair job done here? Is it because two shuttle flights would be required, adding to the alredy horrendous expense? Gruss"
61,zero_shot,6,misc.forsale,6,misc.forsale,6,You can get a NEW newer model for a cheaper price thru mail order....
62,zero_shot,16,talk.politics.guns,18,talk.politics.misc,18,"Some of the survivors have been ""interviewed"" on TV as they were going to or returning from court. They basically said, no way was there any kind of suicide pact or attempt."
63,zero_shot,10,rec.sport.hockey,9,rec.sport.baseball,9,"Hey,guess what's coming to ESPN for a change? A playoff which doesn't involve the Pens. Not that there is anything wrong with that... ESPN games : Thursday Game3 Pens at Devils at 7:30(Gary Thorne and Bill Clement) Saturday Game4 Caps at NY Isles at "
64,zero_shot,19,talk.religion.misc,16,talk.politics.guns,16,"In <1993Apr24.214843.10940@midway.uchicago.edu> eeb1@quads.uchicago.edu I already responded to this on one dimension, but afterthoughts cause me to make another, independent reply. The problem with a ""moment of silence"" is that it is NOT an even-hand"
65,zero_shot,18,talk.politics.misc,16,talk.politics.guns,16,"That has not been demonstrated. Had he come to trial, there was a very real possibility that Koresh would have gotten an acquittal on grounds of self- defense. All survivors of the debacle have sworn that the BATF shot first. They ""rang the doorbell"""
66,zero_shot,9,rec.sport.baseball,9,rec.sport.baseball,9,": In article <34592@oasys.dt.navy.mil> odell@oasys.dt.navy.mil (Bernard O'farmer : >I am not quite sure of the reasons, but the old man was certainly : >not ""enraptured"" by ole Harry. : But maybe his wife was :-) : I don't claim to know whether it's "
67,zero_shot,15,soc.religion.christian,15,soc.religion.christian,15,"David Hammerslag asked: How do you (Mormons) reconcile the idea of eternal marriage with Christ's statement that in the resurrection people will neither marry nor be given in marriage (Luke, chapt. 20)? Several explanations for this seeming contradic"
68,zero_shot,1,comp.graphics,5,comp.windows.x,5,"Charles Boesel writes (sci.image.processing,comp.graphics), wdm@world.std.com (Wayne Michael) Illustrator for SGI is a shipping product. Adobe and SGI have announced that Photoshop is being ported to SGI machines. A simillar announcement has been mad"
69,zero_shot,14,sci.space,14,sci.space,14,"Well, there are several bursts in species diversity I can think of. The Cambrian and Ordovician explosions resulted in a vast increase in animal diversity. Likewise, after the one-two punch of the Permian and Triassic extinctions, the number of marin"
70,zero_shot,14,sci.space,4,comp.sys.mac.hardware,4,"The compressed image format used for the Voyager disks is not (yet) supported by any Macintosh display software that I know of. However, there does exist a program that can convert the images to a format that is recognized by recent versions of both "
71,zero_shot,3,comp.sys.ibm.pc.hardware,12,sci.electronics,12,DB-25 DB-9 Pin # Pin # Name EIA CCITT DTE-DCE Description ------------------------------------------------------------------------------ 1 FG AA 101 ---- Frame ground 2 3 TD BA 103 ---> Transmitted data 3 2 RD BB 104 <--- Received data 4 7 RTS CA 105
72,zero_shot,13,sci.med,14,sci.space,14,"Your hearing curve sounds a lot like mine (thanks, Uncle Sam!). I've been wearing Miracle Ear canal aids for about 5 months now and I find them to be acceptable. They are molded to the shape of your ear canal, and tuned to your hearing curve. They ar"
73,zero_shot,10,rec.sport.hockey,9,rec.sport.baseball,9,"""They're real and they're spectacular"", the Blues shutout the Blackhawks in consecutive playoff games. If the Blues sweep the Hawks on Sunday, I will launch a broom onto the ice in the last seconds of the game. ""Not that there's anything wrong with t"
74,zero_shot,7,rec.autos,18,talk.politics.misc,18,"Talk to Philip Greenspun. He took Ford to court recently and, despite much manouvering and trickery on Ford's part, he won! Well, actually I think Ford settled out of court on the provision he shut his mouth and stopped causing them trouble. I love i"
75,zero_shot,3,comp.sys.ibm.pc.hardware,13,sci.med,13,"No. The simple $25 style IDE controller does not use DMA. The CPU performs the data transfer with a string move instruction. This requires that the CPU stop what it had been doing and transfer the data. Only the smart drive controllers, be they IDE o"
76,zero_shot,16,talk.politics.guns,18,talk.politics.misc,18,A great deal of documentation exists on exactly that phenomenon. Especially regarding Vietnam and the Mai Lai (sp?) massacre Not that I'm suggesting that they started it on purpose but even if they now know that they accidentally started (or contribu
77,zero_shot,7,rec.autos,15,soc.religion.christian,15,~~15
78,zero_shot,3,comp.sys.ibm.pc.hardware,4,comp.sys.mac.hardware,4,"A friend of mine needs spec for a used hard drive he just got: It is a Western Digital, IDE, 340 meg with 1010 cylinders and 12 heads. We believe the model number is wd2340A, but we can't be sure. It is a 12 ms, 3.5"" model. Any info would be apprecia"
79,zero_shot,18,talk.politics.misc,16,talk.politics.guns,16,": Here's a hypothetical question... If Clayton said something like ""all : those niggers are really stupid."" (Please don't be offended, I'm not racist : but merely using an example of Clayton's malign logic). And then said he : read a report that a lo"
80,zero_shot,0,alt.atheism,18,talk.politics.misc,18,"""Liberate"" is the way an invader describes an invasion, including, if I'm not mistaken, the Iraqi liberation of Kuwait. Never invaded Nicaragua? Only with more word games: can you say ""send in the Marines?"" Oh, good: word games. If you let the aggres"
81,zero_shot,8,rec.motorcycles,7,rec.autos,7,"I think the only thing to watch for is the number of attachment straps. Most come with 3 and some with 4, I have a Bagman 4 strap tankbag and because the rear of the tank is so narrow the fit is not optimal."
82,zero_shot,14,sci.space,14,sci.space,14,"How big of a lightning rod, would you need for protection? and would you need jupiter as a ground plane."
83,zero_shot,15,soc.religion.christian,15,soc.religion.christian,15,"If you don't agree with Joseph's accurate statement of the Catholic dogma of Mary's perpetual sinlessness, then how do you interpret Luke 1:28, And when the angel had come to her, he said, ""Hail, full of grace, the Lord is with thee. Blessed art thou"
84,zero_shot,16,talk.politics.guns,16,talk.politics.guns,16,"<Endless remarks of how the Davidians could have surrendered deleted.> If they had been quiet there would have been no deaths?? I thought thier neighbors said that the Davidians never bothered them. Oh, well, that couldn't have been your point, then."
85,zero_shot,14,sci.space,14,sci.space,14,"Also,if they did come from the Oort cloud we would expect to see the same from other stars Oort Clouds."
86,zero_shot,17,talk.politics.mideast,16,talk.politics.guns,16,"Gulf has changed the third parts's perception of Arabs. 1. Before, people tended to think Arabs have tough character. After seeing Iraqis begging for surrender, people do not gave Arabs much weight. 2. People tended to think Arabs are a united people"
87,zero_shot,4,comp.sys.mac.hardware,4,comp.sys.mac.hardware,4,"Hi, I'm having problems tying to get a Sony DAT drive to work. I'm using Retrospect 1.3Ci, and my only luck with getting the drive to work has been with a Mac IIci, which has now unfortunately gone to another department. Ideally, we want to attach it"
88,zero_shot,2,comp.os.ms-windows.misc,5,comp.windows.x,5,"I've recently uploaded to cica the current (v2.8) version of the working model of MicroCal Origin, a scientific and technical 2D/3D graphics and data analysis package for Windows 3.x. The working model is 2D only and puts a promo message on hardcopie"
89,zero_shot,16,talk.politics.guns,18,talk.politics.misc,18,"pprun@august.it.uswc.uswe Unites States Senate Washington, D.C. 20510 The House of Representatives Washington, D.C. 20515 The White House Washington, D.C. 20500 -Seth __________________________________________________________________________ [unlike "
90,zero_shot,15,soc.religion.christian,15,soc.religion.christian,15,"Interesting question, esp since I remember *wishing* with all my heart that this *were* true so that I wouldn't have to be a ""good Christian"" anymore. ""Christianity"" was terribly hard, the only reward was Heaven and (maybe, sometimes, if I was really"
91,zero_shot,17,talk.politics.mideast,15,soc.religion.christian,15,"Our white knight for Islam rides in again! Our instant expert on religion, race and ethnicity is at the door! Stand back all. Let him through. He's going to single-handedly rescue Islam from all these dastardly mistakes, misquotes, misconceptions."
92,zero_shot,2,comp.os.ms-windows.misc,5,comp.windows.x,5,"Hello, I want a little network for 3 users. All users want to run Windows. The most important things I want for the network are: file-sharing, mail utility, two printers on one of the computers and a fax/modem card on one of the computers. We all wan"
93,zero_shot,2,comp.os.ms-windows.misc,5,comp.windows.x,5,"Yep, you can use any type of UNIX, or maybe VMS, or buy a MAC or something... If you want longer filenames for your documents, I heard of a wordprocessor for windows which let you assign long names to files. Those long filenames could only be seen fr"
94,zero_shot,18,talk.politics.misc,15,soc.religion.christian,15,# Recent studies have shown that the number of men who have # engaged in homosexual activities in the last decade is 2.3% # and the number of men who are exclusively homosexual is 1.1%. # These figures are much less than those that came from earlier 
95,zero_shot,18,talk.politics.misc,18,talk.politics.misc,18,"I am seeking any press references to how much tax Perot pays in income taxes. I've heard the figure of 7 percent, since he gets most of his his income from federal and municipal bond interest. Anybody read a reliable report somewhere? Thanks!"
96,zero_shot,6,misc.forsale,6,misc.forsale,6,"I still have about 70 records left on hand, all in pristine condition (except where noted), quite a few out-of-print and more than a few imports in the bunch. Rather than selling the majority for $3-4 each, I'm looking to barter packages for stuff th"
97,zero_shot,12,sci.electronics,16,talk.politics.guns,16,"[byteocide] You take two copies with a different registration id, compare them byte for byte and you know where they are located. Usually you will be able to find out what is what after that. And what keeps me form registering as John Doe from the co"
98,zero_shot,15,soc.religion.christian,14,sci.space,14,"continuing part #4 (I think); used by permission, THE SOURCE AND NT MEANING OF ARSENOKOITAI, WITH IMPLICATIONS FOR CHRISTIAN ETHICS AND MINISTRY James B. DeYoung W. Petersen More recently Wright's understanding has itself been questioned from a diffe"
99,zero_shot,19,talk.religion.misc,15,soc.religion.christian,15,"Russell Turpin, as is his wont, has raised some interesting issues in his struggle with the Christian texts and the Christians. Unfortunately, he seems to be hoping for simplicity where it is not available. The lukewarm stew he detects may well be an"
100,zero_shot,9,rec.sport.baseball,9,rec.sport.baseball,9,"I'll go with Mark Grace, and in 2 years, Frank Thomas."
101,zero_shot,9,rec.sport.baseball,9,rec.sport.baseball,9,"Not totally true. For the past year or two, the AP has been getting box scores from STATS, Inc. The AP representative in the press box is actually a STATS reporter ($25 dollars a game, but free parking. And anybody can do it.) The box is downloaded t"
102,zero_shot,4,comp.sys.mac.hardware,4,comp.sys.mac.hardware,4,"There has been no empirical evidence to support the first statement. True, there is a power surge at startup that has the potential to do damage, but the internal power supply is well-protected. (I've turned my Mac on and off six or seven times a day"
103,zero_shot,13,sci.med,13,sci.med,13,":Chronic persistent hepatitis is usually diagnosed when someone does a liver :biopsy on a patient that has persistently elevated serum transaminases months :after a bout of acute viral hepatitis, or when someone is found to have :persistently elevate"
104,zero_shot,2,comp.os.ms-windows.misc,17,talk.politics.mideast,17,"Which translates to 7% not satisfied. I don't think it's the awkward recursive deletion that's bugging people, it certainly isn't the nice Windows interfaces for new DOS accessories (CPAV, defrager, undelete). As far as I've noticed, it's DoubleSpace"
105,zero_shot,8,rec.motorcycles,8,rec.motorcycles,8,"I would stongly recommend a factory service manual, and if you are not an experienced machanic then get a chiltons or haynes (sp?) ALSO. Make sure the bike has cooled at least 6 hours since being run. Read the books and if you have more questions you"
106,zero_shot,6,misc.forsale,7,rec.autos,7,Hi: I have a '82 Blue TOYOTA Corolla/Tercel for sale: Reason for seeling this great little car is my new Celica. Car Specifications: 1982 Toyota Corolla/Tercel 5-Speed 125K miles 2 Door Blue Air conditioning/Heat AM/FM stereo Well taken care off and 
107,zero_shot,2,comp.os.ms-windows.misc,2,comp.os.ms-windows.misc,2,"The best one I've seen is CEO, by Sloop Software. They have a sharware version, but the retail version is only $40-50. It's incredibly complete, subfolders to any level, choose any icon, hot keys, drop down menus, button bars, etc. Haven't found anyt"
108,zero_shot,6,misc.forsale,6,misc.forsale,6,"Three Bedrooms, One Updated Bath Professionally Lanscaped Front Yard w/ Sprinklers Utilities in Attached One Car Garage Recently Painted Inside Convenient Commute Location Schools: Whisman Elementary, Crittenden Jr. High, Mountain View High $209,900"
109,zero_shot,5,comp.windows.x,12,sci.electronics,12,"I recently corrected the resolution on my Sparcstation by changing /usr/lib/X11/xdm/Xservers from: :0 local /usr/bin/X11/X :0 -ar1 500 -dpi 100 to: :0 local /usr/bin/X11/X :0 -ar1 500 -dpi 85 I determined that my 19"" 1152x900 monitor was 85 dpi by me"
110,zero_shot,7,rec.autos,6,misc.forsale,6,"For sale, 1988 Toyota Corolla FX, AM/FM radio, nothing else. Low mileage - 28,000. (I ride my bike to work.) Dark Blue. Good condition. ONLY $3800. I am leaving the country for a year and must sell this great city car. CALL RENEE FECTEAU - (408) 924-"
111,zero_shot,14,sci.space,16,talk.politics.guns,16,"Or how about: ""End light pollution now!!"" Your banner would have no effect on its subject, but my banner would."
112,zero_shot,10,rec.sport.hockey,9,rec.sport.baseball,9,"Are there any Montreal Canadiens fans out there who can let me the radio station(s) which are playing the playoff series (including short wave radio frequencies)? Lewisburg, PA (home of Bucknell University) is definitely not a hockey town! Please sen"
113,zero_shot,17,talk.politics.mideast,16,talk.politics.guns,16,^^^^^^^^^^^^^^^ ^^^^^^^^^^^^^^^^^^^^^^^^^^^^^^^^^^^^^^^^^^^^^^^^^^^^^^^^^^^^^^^^^^^^^^ I dont think you're correct here. There have been no reports of the Bosnians Muslims supporting the Nazis in their genocide against the Serbians. The fact is that 
114,zero_shot,7,rec.autos,6,misc.forsale,6,"1989 Honda CRX DX, White w/Blue int. Original owner, 59,500 miles, mostly highway. Recent tune-up, new battery Oil changed every 3000 miles Kenwood high power cassette receiver, w/ 4 spkrs $6800 or best reasonable offer"
115,zero_shot,3,comp.sys.ibm.pc.hardware,14,sci.space,14,"Hello, I'm trying to use the BIOS timer interrupts (which occur every .055 seconds, or 18.2 times a second) to time people's response times, in a psychology experiment, and the response times are on the order of .01 seconds. Is there any way I can ge"
116,zero_shot,11,sci.crypt,16,talk.politics.guns,16,"This one is easy, they 'tape' the conversation, call the FBI or Secret Service. You see ""activities against the Satan Clinton"" could be construed as a threat against the President of the United States. I am sure they(NSA,FBI,SS,...,...) have enough j"
117,zero_shot,9,rec.sport.baseball,9,rec.sport.baseball,9,"A-hem. Two words: Russell Davis. Playing in the cavern at Albany (AA) last year (375/410/385 down the alleys and to center), Davis went .285/.355/.483 with 22 homers. There aren't any small parks on the road in the Eastern League, either. He's 23(!) "
118,zero_shot,3,comp.sys.ibm.pc.hardware,17,talk.politics.mideast,17,"i also noticed this was out. the readme that comes with it doesn't tell you squat, except to warn you that bad things may happen. anyone have any idea what these can do for me in terms of, say, performance ?"
119,zero_shot,16,talk.politics.guns,16,talk.politics.guns,16,"I agree, I saw no reason they could not have had ""close in"" pool cameras manned by volunteers and protected by sandbags or whatever. [Points made by Dick DeGueran, Koresh's lawyer] Okay, their word against the FBI's at this point. See ya in court! De"
120,zero_shot,18,talk.politics.misc,16,talk.politics.guns,16,You have yet to answer any or all of my questions and challenges to your statements. By this am I to assume that you are unable to do so? Or just plain unwilling due to your lack of proof/intelligence? So what next? I prove you wrong so you just put 
121,zero_shot,10,rec.sport.hockey,10,rec.sport.hockey,10,"As if an aluminum stick being taken to Ulf's head is gonna solve the problem with violence in the sport of hockey. How the hell can you say the guy is a goon and justify it, with your back-assward mentality? Saying that hurting a player will solve an"
122,zero_shot,11,sci.crypt,11,sci.crypt,11,"I am aware of the restrictions imposed by the munitions act on the export of cryptographic technology, however, is it illegal to transmit encrypted data from the U.S. to another country? If so, then which laws apply to this situation?"
123,zero_shot,4,comp.sys.mac.hardware,4,comp.sys.mac.hardware,4,"I just got a Duo230 and a DuoDock, and am quite happy with it all - except I need to use the dock with a) two page grey scale monitor (Apple) b) two page color monitor (Apple) What is net wisdom on which vendor/video card would be preferable? Thanks "
124,zero_shot,3,comp.sys.ibm.pc.hardware,14,sci.space,14,"To all netters, In my last post that concerning about the CYRIX 486DLC CPU, I said the benchmark program COMPTEST stated there is a bug in CYRIX CPUs. This is NOT true and I must apologize to the author of COMPTEST. The actual program that gives this"
125,zero_shot,15,soc.religion.christian,3,comp.sys.ibm.pc.hardware,3,"[cont. Dr. James DeYoung; #3] R. Scroggs Robin Scroggs has built upon the discussion of his predecessors and suggested a new twist to the word. Scroggs believes that arsenokoitai is a ""Hellenistic Jewish coinage, perhaps influenced by awareness of ra"
126,zero_shot,4,comp.sys.mac.hardware,4,comp.sys.mac.hardware,4,"Here's the story: (1) The IIsi *cannot* supply a VGA output. However... (2) Some VGA-type monitors can adequately deal with the video signal the Mac uses to drive the Apple 13 or 14 inch ""high resolution color display""---i.e., Apple's own 640x480 mod"
127,zero_shot,8,rec.motorcycles,18,talk.politics.misc,18,"This must be the standard strategy that is taught, cuz that's what they told me to do in my Illinois MSF class. It works well, only you don't get the satisfaction of kicking the shit out of some rabid hell-beast."
128,zero_shot,11,sci.crypt,11,sci.crypt,11,"Hello, how sensible is DES encrypted data towards bit errors? How much data per bit will be lost in average (I assume you still have the correct key)? Thanx for hints, Axel --- Experience is what you get if you don't get what you want..."
129,zero_shot,3,comp.sys.ibm.pc.hardware,14,sci.space,14,"*** On 04-21-93 04:50, R.x. Getter had the unmitigated gall to say this: RG> This may be a dumb question, but I need to put a hard drive on my RG> father's PC/XT, either MFM, RLL, or IDE. I know how to hook it up, but RG> how do I tell the computer t"
130,zero_shot,18,talk.politics.misc,16,talk.politics.guns,16,"A search for illegally held weapons (IF there were any, no evidence yet produced to this effect) does not justify firing into a house with women and children, either. It also does not justify shooting first without identifying oneself (the ATF and FB"
131,zero_shot,18,talk.politics.misc,16,talk.politics.guns,16,It will be ironic in the extreme if Spector manages to uncover a government conspiracy and cover-up in this case. Maybe he'll posit a Magic Grenade that lit fires in three wings of the building at once.
132,zero_shot,7,rec.autos,14,sci.space,14,"You guys are correct. The Bricklin was produced in Canada. The National Museum of Science and Technology here in Ottawa has one, and sometimes they put it on display. Most of the time, it stays in storage because the museum doesn't have much room. It"
133,zero_shot,5,comp.windows.x,12,sci.electronics,12,"$Id: open-look-programs.faq,v 1.17 93/03/21 17:17:55 lee Exp Locker: lee $ Contents: Subject: Applications: Application Builders Subject: Applications: Graphing Tools Subject: Applications: Utilities Subject: Applications: Other Subject: Tools: Termi"
134,zero_shot,8,rec.motorcycles,7,rec.autos,7,"I know there's already a bmw mailing list, but since it's an R bike only list (and limited to the R80* R100* bikes as well I believe) I've decided to give this a go and see how much interest there is. please read all of this post if you plan on subsc"
135,zero_shot,12,sci.electronics,16,talk.politics.guns,16,"That's kind of extra work that one cannot expect the store people to do. IMHO it would be easier if companies sell their software as cheaply as possible AND to sell the customers detail manuals (for the brain-deads) , quick reference books, how to do"
136,zero_shot,19,talk.religion.misc,15,soc.religion.christian,15,"[...] I think you are mistaken in thinking Tom Scharle to be a atheist. You will find both atheists and Christians among your opponents on t.o. Calling your opponents them ""Branch Athiests zealots"" does nothing for your credibility. Oh yes, do. Dear "
137,zero_shot,19,talk.religion.misc,16,talk.politics.guns,16,"I think you have are addressing the wrong issue. The situation is more like: we both see some elves. This is established as fact since we can both touch them etc. Then one of us says, the elves have always been with us. The other says, no no there wa"
138,zero_shot,16,talk.politics.guns,16,talk.politics.guns,16,"The number bounces between 2% and 18%, depending on the study quoted and the type of gun being studied. Some cites: --------------------------------------- A recent BATF study (titled ""Protecting America, Yes"") surveyed 471 career criminals and found"
139,zero_shot,15,soc.religion.christian,15,soc.religion.christian,15,"The dogma of the Assumption does not state whether or not Mary died a physical death before being taken into Heaven. Catholics are free to believe what they wish, whether it be that she was taken still alive, or after having died. I lean somewhat tow"
140,zero_shot,13,sci.med,14,sci.space,14,Need Diet for Diverticular Disease and ideas for gastrointestinal distress
141,zero_shot,3,comp.sys.ibm.pc.hardware,2,comp.os.ms-windows.misc,2,"Has anyone tried this HP LaserJet FAX. It receives faxes and prints them on your HP III. Also, from your word processor, you can print straight to the fax."
142,zero_shot,16,talk.politics.guns,16,talk.politics.guns,16,"So could the defenders in the Alamo. You're clearly missing the point here. Typically, I might add. If it were me, I doubt that *I* would have come out. BATF show up, start shooting at me, etc. Then they paint me a child-molesting murdering fanatic, "
143,zero_shot,8,rec.motorcycles,7,rec.autos,7,"[Loads of horrendous MZ engine problems deleted] Yeah, buy a four-stroke."
144,zero_shot,15,soc.religion.christian,15,soc.religion.christian,15,"Andy Byler writes on the Biblical basis for the dogma of the Immaculate Conception: + I will put enmity between you [the Serpent] and the woman, and + between your seed and her seed, she [can also be read he] shall + crush your head and you shall bru"
145,zero_shot,5,comp.windows.x,12,sci.electronics,12,"< < <>> I wonder if anybody know of a X-window-based postscript file <>> viewer that runs under SunOS (prefered), HPUX, or IBM AIX. < <>If you are running Sun OpenWindows, you can use ""pageview"". This is an <>X Window PostScript previewer like ""ghost"
146,zero_shot,6,misc.forsale,6,misc.forsale,6,"Brand NEW 1.2GB Seagate SCSI hard drive 15ms access time, Full Height 5-1/4"" size Only $1100 +s/h."
147,zero_shot,12,sci.electronics,16,talk.politics.guns,16,"Probably, but the point is THE COMPANY make the registration patch, NOT YOU. Sure, you can probably find another registerred user and compare notes, but WHY? It's not hindering you in any way unless you are just hacking. [Problem about people who cut"
148,zero_shot,2,comp.os.ms-windows.misc,14,sci.space,14,"Here's the situation: At home, I have MS Word for windows but no printer. At work, I have windows + a postscript printer, but not MS Word. So, I configure my machine at home to use a postscript printer, and use the print to file option, which produce"
149,zero_shot,1,comp.graphics,4,comp.sys.mac.hardware,4,"Does anyone know of a fractal terrain generator for Mac, something I could hopefully import into a 3D program like Swivel or Stratavision? I know Infini-D has built in capabilities, but I don't have access to Infini-D. I downloaded two programs from "
150,zero_shot,16,talk.politics.guns,18,talk.politics.misc,18,"Has anyone publically considered the possibility that the fires were set for defence instead of suicide and the destruction and confusion caused by the tanks and gas caused things to get out of the BDs control? -- ""Spending programs are now 'investme"
151,zero_shot,9,rec.sport.baseball,18,talk.politics.misc,18,"When I say ""black,"" I mean US-born black people for the purposes of this discussion. Hispanic players were in baseball before 1947, and one team in the 50's signed lots of hispanics because they went over better with the local audience than blacks di"
152,zero_shot,6,misc.forsale,6,misc.forsale,6,"The following cassette tapes are for sale. $3.00 each... $2.50 each for multiple orders, shipping included. Trades can be arranged. Some of the cases are somewhat worn, with a few cracks, but the tapes are all in good condition and sound fine. E-mail"
153,zero_shot,11,sci.crypt,16,talk.politics.guns,16,"Well, regardless of what policy liabilities anyone in Washington may think EFF has, it is going ahead aggressively attacking the assumptions that are behind the Administrations Clipper Chip initiative. For all the reasons stated here. In Washington, "
154,zero_shot,3,comp.sys.ibm.pc.hardware,3,comp.sys.ibm.pc.hardware,3,"But, but, but... How does buying an external modem solve the problem of wanting more than 2 serial devices at once? And since the PC only supports two, why are you blaming a modem vendor for the problem? I don't see how your experience could have bee"
155,zero_shot,1,comp.graphics,6,misc.forsale,6,Buy Adobe Streamline. Problem solved.
156,zero_shot,5,comp.windows.x,12,sci.electronics,12,"Take a look at TeleUSE, a complete UIMS from Alsys (formerly TeleSoft). In the US, you can reach them at (619) 457 2700. Alsys have an VMS version of TeleUSE v2.0.5 for VMS V5.5 or higher, built using DECwindows Motif 1.0 (based on X11R4 and Motif v1"
157,zero_shot,16,talk.politics.guns,16,talk.politics.guns,16,"american and european universities were full of Angry Young People(tm) that wanted to overthrow the government, and wouldn't think twice about lobbing a molotov cocktail at the national guard (military police in Europe.) Certainly, it would have been"
158,zero_shot,5,comp.windows.x,12,sci.electronics,12,xli and xloadimage have a -goto flag.
159,zero_shot,16,talk.politics.guns,18,talk.politics.misc,18,"Folks, It's time to start building some precise questions to send to our federal elected officials and to investigative reporters in our local TV, radio and newprint media. Ideally, these questions could be asked at any investigation into the BATF's "
160,zero_shot,6,misc.forsale,6,misc.forsale,6,"Home speakers: o NHT (Now Hear This Inc.) Model II floor tower speaker system. The Model II is a pair of 3 way design with a 3/4"" tweeter, 6.5"" mid-range, and two 6.5"" woofer for low bass. Impedance is 8 ohms (minimum 4 ohms), the cross-over points a"
161,zero_shot,8,rec.motorcycles,7,rec.autos,7,"Hi, I'm now in the market for buying a BMW.The ideal would be an R80 RS but I'd be interested to here of any R80 for sale .Age is not a problem - I'm more interested in a good example without a massive amount of miles and one which has been well main"
162,zero_shot,1,comp.graphics,5,comp.windows.x,5,"[re a true 24 bit XV] Don't mind if I do. As someone who would _love_ to see XV go to 24 bit, this would be plenty for me. a) XV can Load a 24 bit image, and display it in all it's 24 bit glory on 24 bit X displays. b) All other operations (Crop, Dit"
163,zero_shot,11,sci.crypt,14,sci.space,14,"[...] OK Steve, here's a sketch of an alternative that I believe addresses most of the objections to the Clipper scheme. Notation: + concatenation ^ exclusive or E(M,K) message M encrypted by key K D(M,K) message M decrypted by key K H(M) hash (diges"
164,zero_shot,19,talk.religion.misc,14,sci.space,14,"The following partial summary of a Theory of the Universe includes a little-known description of the CREATION of our Solar System: LARSONIAN Astronomy and Physics Orthodox physicists, astronomers, and astrophysicists CLAIM to be looking for a ""Unifie"
165,zero_shot,14,sci.space,14,sci.space,14,"The most current orbital elements from the NORAD two-line element sets are carried on the Celestial BBS, (513) 427-0674, and are updated daily (when possible). Documentation and tracking software are also available on this system. As a service to the"
166,zero_shot,17,talk.politics.mideast,18,talk.politics.misc,18,How generous Andi. Thanks for your validation.
167,zero_shot,12,sci.electronics,12,sci.electronics,12,"... You can find cross reference to almost any IC or discrete semiconductor in Philips ECG: Semiconductors Master Replacement Guide, ~$10. (Especially industrial, commercial and entertainment, but not specialised or military.)"
168,zero_shot,2,comp.os.ms-windows.misc,18,talk.politics.misc,18,Please post your response as well. I think many would be interested in this one. Thank You. --
169,zero_shot,17,talk.politics.mideast,18,talk.politics.misc,18,"The obsession with discussions of past (or present) events seems to be largely centered on trying to ""prove"" that ""they"" are worse than ""us"". As we see over and over, that leads nowhere except to make ourselves feel superior. It's as if we've become "
170,zero_shot,11,sci.crypt,18,talk.politics.misc,18,"Nonsense! I wasn't asked if Larry O'Brien should trust Nixon with his keys, but whether I would. David"
171,zero_shot,6,misc.forsale,6,misc.forsale,6,"I have for sale 2 (TWO) x 1 MEG (70ns) SIMMS for the Macintosh aka fastones. If you are interested, please email an offer."
172,zero_shot,19,talk.religion.misc,15,soc.religion.christian,15,"stuff deleted - but message is: : : : >He is God. : : In other words, the right of might. : : >He is God. : : In other words, the right of might. : : : : >God granted you the gift of life whether you were sinner or saint. : : In other words, he can d"
173,zero_shot,18,talk.politics.misc,16,talk.politics.guns,16,But you stated that this study was presented in a very accurate and dependable way. This is confusing to the issue. And if you read this title it implies that; gay sex (homosexual sex) activities are low compared to the general population that they s
174,zero_shot,4,comp.sys.mac.hardware,4,comp.sys.mac.hardware,4,"Looking for a Mac PB 100 that's in good condition (brand new, w/warranty would be ideal). It should also include the external floppy drive and have at least a 40 MEG internal hard drive with 4 MEG of RAM. So... if you have a PB100 that you'd like to "
175,zero_shot,13,sci.med,18,talk.politics.misc,18,"Heck, I seem to feel like that *every* time I eat out. Including in the cafeteria at work. About half the time, the headache intensifies until nothing will make it go away except throwing up. Ick. As you might imagine, I don't eat out a lot. I guess "
176,zero_shot,7,rec.autos,12,sci.electronics,12,"#> I heard the diesels are considered cleaner-burning than #> gas engines because the emit less of: Carbon Monoxide, #> Hydrocarbons, and Oxides of Nitrogen. (CO, HC, NOX). #> #> But they can put out a lot of particulate matter. I heard #> something "
177,zero_shot,13,sci.med,14,sci.space,14,"=>Greg:Flame definitely intended here. Bill was making fun of the misspelling. =>Go look up the word ""krill."" Also, the correct spelling is Kirlian. It =>involves taking photographs of corona discharges created by attaching the =>subject to a high-vo"
178,zero_shot,8,rec.motorcycles,16,talk.politics.guns,16,": Oh bull pucky, Ed. They use dogs because a) Many people are : scared shitless of them and b) because of the nose and the : vision and hearing. Without their cop partner in attendance, : the dog is so much meat in the hands of any human with : a bad"
179,zero_shot,16,talk.politics.guns,16,talk.politics.guns,16,"========================================================================== Yes, we do have a beautiful country. And I enjoy it. Most of all, I enjoy the thought that I have the means and can exercise my rights to defend me and mine. And I want to tha"
180,zero_shot,12,sci.electronics,16,talk.politics.guns,16,"I don't know for sure that this will work, but you might try MEK (methyl ethyl keytone?). It worked getting the stickum left over from shelf paper, and is available at paint stores. Use a carbon gas mask and lots of ventilation--this stuff really sti"
181,zero_shot,7,rec.autos,6,misc.forsale,6,"I agree with Gaia. Even though the Saturn has proved to be a very reliable car so far, a little money spent now is worth the peace of mind. In my opinion, getting the PowerTrain warranty is enough. In my case, that's be cause; anything that needed re"
182,zero_shot,18,talk.politics.misc,16,talk.politics.guns,16,"I bought mine at the MOW storefront. Its not plastic, its woven material. but I think you miss the point. its not about the five bucks in your pocket, its about supporting the march and helping to pay for all the printed materail and scehdulkes and o"
183,zero_shot,11,sci.crypt,18,talk.politics.misc,18,hIn article <Apr22.185314.14420@yuma.ACNS.ColoState.EDU> Far more effective than mass mailing of a standard letter (this is taken usually to represent one pressure group) is a set of individual letters. Perhaps Nathaniel Sammons or someone else would
184,zero_shot,8,rec.motorcycles,17,talk.politics.mideast,17,My $0.02 worth: I did this once. BDI LadyCager in a Town Car passed me on the right on a two lane road!:-{ I memorized her license plate (this in the days before I carried pen and paper in my tankbag) and went to the local police station. Cops filled
185,zero_shot,7,rec.autos,7,rec.autos,7,"Okay, okay, I know the Ford Probe is made in the US, in fact it's made in Michigan, at a Mazda plant. My question: are most of the parts from American or Japanese sources? I have been told that most of the US assembly plants for Japanese automakers i"
186,zero_shot,19,talk.religion.misc,15,soc.religion.christian,15,"Good point. If you haven't read ""The True Believer"" by Eric Hoffer, do so at your first opportunity. I don't know why Hoffer is out of style now, but ""The True Believer"" is still the best explanation of nutball behavior ever written."
187,zero_shot,16,talk.politics.guns,16,talk.politics.guns,16,Of course there is. Perhaps the Vogons will put in a hyperspace bypass so that he can get there.
188,zero_shot,11,sci.crypt,2,comp.os.ms-windows.misc,2,"CompuServe is in Columbus, OH. So are the corporate headquarters of several major insurance companies, the largest private R&D company in the world (Batelle Memorial Institute), DCSC (The Defense Construction & Supply Center), Ohio State University ("
189,zero_shot,12,sci.electronics,6,misc.forsale,6,"You're right, it is HAPP Controls, Inc., but you can buy direct from them. I don't have a phone number with me, but anyone interested in it can email me for it. I don't remember their button price, but the joystick price was $8.95 per dozen at last c"
190,zero_shot,6,misc.forsale,6,misc.forsale,6,"Keywords: Polk Sansui Akai Stereo FOR SALE: Polk RTA 12 speakers Sansui 4900Z - 60 watt Rx Akai CSM 40 RM $500 or best offer. A friend asked me to post this for him. If you are interested or want more information, call him; do not reply to me. Thanks"
191,zero_shot,2,comp.os.ms-windows.misc,5,comp.windows.x,5,"Recently, Windows has starting giving me the error ""Sound Blaster Pro: Requires newer version of Windows 3.1."" It has worked correctly for a long time, and don't know what the problem could be. Thanks! --"
192,zero_shot,13,sci.med,13,sci.med,13,There is no data to show chromium is effective in promoting weight loss. The few studies that have been done using chromium have been very flawed and inher ently biased (the investigators were making money from marketing it). Theoretically it really 
193,zero_shot,2,comp.os.ms-windows.misc,2,comp.os.ms-windows.misc,2,"Hello, I install one wav driver: pc-speaker, then install mpeg 2.0 phoenix.oulu.fi:/pub/incoming/mpeg2_0/mpegexe.zip --/ in Windows 3.1. but when I load one MPEG file and make sound type to WAV or MPEG,it always say error. when I load one mpeg file w"
194,zero_shot,0,alt.atheism,16,talk.politics.guns,16,"Well, you were going well until you hit this one. Hawaii was an independent country. A coup by Americans led to a request to annex it. The US refused, but eventually did annex it several years later during the Spanish-American War. -- ""On the first d"
195,zero_shot,4,comp.sys.mac.hardware,12,sci.electronics,12,"About as hard as it was to design the Color Classic, since it's monitor behaves in just this manner."
196,zero_shot,11,sci.crypt,16,talk.politics.guns,16,"You have underlined here the battle that must be fought. It is a battle for the ""hearts and minds"" of the american public. People must realize that the government is not their a fit ""father confessor"". The government does not have a right to share ou"
197,zero_shot,8,rec.motorcycles,16,talk.politics.guns,16,"^^^^^^^^^^ Zounds! There's a blast from the past indeed! I'd nearly forgotten about the strategic significance of strabismic in r.m lore. It's really good to see it proudly displayed again, although I'm sure by now that its carbs are spooge-o-rama fr"
198,zero_shot,6,misc.forsale,7,rec.autos,7,"Having upgraded to a Supra 9600 Fax modem, my Supra 2400 Modem is for Sale at 50$ + S/H. Approx 1.3 years old. Excellent working condition. send email rosen@ringer.cs.utsa.edu, or call at 210-691-5696."
199,zero_shot,15,soc.religion.christian,15,soc.religion.christian,15,"[a lot of stuff deleted -- i'm focusing on just one point] i'm a little confused about the difference between this ""weak atheism"", as you put it, and agnosticism. is agnosticism not believing or necessarily disbelieving in anything, or what is it? i "
200,zero_shot,18,talk.politics.misc,18,talk.politics.misc,18,From: harelb@math.cornell.edu (misc.activism.progressive co-moderator) Subject: F<O>CUS/HEALTH: Millions of Americans un-/under- covered F<O>CUS/HEALTH: Millions of Americans un-/under- covered =================================== Percentage of popula
201,zero_shot,5,comp.windows.x,2,comp.os.ms-windows.misc,2,"Try to run Xsun under truss(1). The best way to do this is by logging in over the network and typing: truss -t open Xsun open(""/opt/X11R5/lib/X11/fonts/misc/fonts.dir"", O_RDONLY, 0666) = 8 open(""/opt/X11R5/lib/X11/fonts/misc/fonts.alias"", O_RDONLY, 0"
202,zero_shot,1,comp.graphics,14,sci.space,14,The first and only thing I've ever tried to auto-trace was a piece of a USCG nautical chart using Adobe Illustrator 3.2. I wanted to get the outline of the coast for Western Long Island Sound. I was simultaneously suprised at how good a job it did an
203,zero_shot,7,rec.autos,9,rec.sport.baseball,9,"In a word, yes. 1989 Bonnevilles prices (avg. retail):"
204,zero_shot,4,comp.sys.mac.hardware,4,comp.sys.mac.hardware,4: comp.sys,A friend is heavily into MIDI and is using a Quadra 900 (maybe 950) with all but one NuBus slot populated with arcane music hardware and a video card. He reports 8 bit video is too slow for good real-time display of what he needs to see. He also repo
205,zero_shot,2,comp.os.ms-windows.misc,3,comp.sys.ibm.pc.hardware,3,I have a Gateway 4dx2/66v. Does anyone know if I csn (or can't) Duse 32 bit access? D D
206,zero_shot,14,sci.space,12,sci.electronics,12,[Description of Boeing study of two-staged spaceplane using supersonic ramjets deleted.]
207,zero_shot,13,sci.med,14,sci.space,14,"About six years ago my ears clogged up with wax, probably as a result of to much headphone use. Anyway, the clinic that cleaned them out used the following procedure: 1. Inject olive oil into ears. 2. Prevent leakage of oil with cotton. 3. Come back "
208,zero_shot,10,rec.sport.hockey,17,talk.politics.mideast,17,Standings reflecting 2 completed series in Round 1: Participant Points Final 4 1. roland_behunin 5 CAL-6 QUE-7 QUE-7 Dave_Wessels 5 VAN-7 PIT-6 PIT-5 3. Barfly 0 TOR-6 BOS-7 TOR-6 Dean's 0 DET-5 PIT-5 PIT-7 Oz 0 LAK-6 BOS-6 LAK-6 Garry 0 TOR-6 BOS-6 
209,zero_shot,0,alt.atheism,13,sci.med,13,[...stuff deleted...] Thank you. I thought I was in the twilight zone for a moment. It still amazes me that many people with science backgrounds still confuse the models and observables with what even they would call the real world. -jim halat
210,zero_shot,17,talk.politics.mideast,16,talk.politics.guns,16,"Joachim Martillo writes If you were to substitute the word ""Jew""/""Jewish"" in this posting where you see the word ""Muslim""/""Islamic"", switch Joachim and Mohammed's names around, and then repost this, you would get a flood of messages attacking the aut"
211,zero_shot,0,alt.atheism,15,soc.religion.christian,15,">By the way, news.announce.newusers has an article (can't remember which >one) that recommends reading a newsgroup for 1 month before posting. >This makes sense because you get an idea who the players are and what >the current discussions are about. "
212,zero_shot,2,comp.os.ms-windows.misc,2,comp.os.ms-windows.misc,2,"I'm new to the MS-Windows world, and while a fairly competent Sparc/Nextstep programmer, I have no idea which development kit to purchase. I have heard good things about Borland C++ with Application Frameworks and Microsoft's Visual C++ with SDK (?) "
213,zero_shot,1,comp.graphics,14,sci.space,14,"Hello all, I need to make some torso 3D scans and would like the phone numbers of companies in the midwest that make scans, and the numbers of companies that make the sanners (ie Cyberware). Does anyone have an idea of how much a single scan costs an"
214,zero_shot,7,rec.autos,7,rec.autos,7,released here we go again... now these are just rumors.. so dont quote me. New Integra supposedly wedge shaped again. 175 hp and all-wheel drive in top models. Then a variant called the zx-r comes later. (roadster?). i think it gets unveiled at end o
215,zero_shot,18,talk.politics.misc,16,talk.politics.guns,16,": : >You might -- except that gay men are MUCH more promiscuous than : >straight men -- which shows how damaged and screwed up gay men are. : : Okay Claytoon, let us say that hypothetically I agree with you that : gay men are much more promiscuous th"
216,zero_shot,11,sci.crypt,11,sci.crypt,11,"Thanks. Got that from two other sources as well. The full quote is as follows: From Dorothy Denning, CRYPTOGRAPHY AND DATA SECURITY, Addison-Wesley 1982,1983, page 8: ""Cryptosystems must satisfy three general requirements: ""1. The enciphering and dec"
217,zero_shot,3,comp.sys.ibm.pc.hardware,17,talk.politics.mideast,17,"I must say that I have been a customer of Midwest Micro for over 4 years now, and have been well taken care of on each purchase. I have had many friends that have bought that same modem and (THEY) do have some experience with setting up modems, so th"
218,zero_shot,4,comp.sys.mac.hardware,14,sci.space,14,"Iv'e got a problem printing with a StyleWriterII. I am printing from a IIvx with 20 megs ram. I am trying to print a Quark file that has 2 fonts a couple of boxes and 3 gradient fills. Two things happen: I get a "" Disk is full"" error, that I can't fi"
219,zero_shot,12,sci.electronics,13,sci.med,13,"Hi there, Does anyone know whether the PUFF RF design package is available via ftp from any site? As I understand it, it is in the public domain - please correct me if I'm wrong on this one. Any other PD RF design tools out there that can be recommen"
220,zero_shot,9,rec.sport.baseball,9,rec.sport.baseball,9,Wow! You really know how to hurt a guy. Guess I shouldn't bother watching any more games. It's already been decided. :^) luigi
221,zero_shot,1,comp.graphics,5,comp.windows.x,5,"Hello, Thanks to the people who helped me with the problem of displaying 24 bit images. All the viewers like xli, xloadimage and display are converting the 24 bit images to 8 bit before display them on the screen. What I really want is a viewer with "
222,zero_shot,5,comp.windows.x,12,sci.electronics,12,"Archive-name: Intel-Unix-X-faq Last-modified: 30 Mar 1993 Note: This is a major re-organization (and replacement) of my ""Frequently Asked Questions About X386"" FAQ list. This article includes answers to: I) What options do I have for X software on my"
223,zero_shot,11,sci.crypt,18,talk.politics.misc,18,"Thank you Andrew. Not only for the firm rebuttal, but for understanding the difference between communism and socialism (even though this is off topic). Why do people just not understand that just because all those pretty songs about the land of the f"
224,zero_shot,18,talk.politics.misc,18,talk.politics.misc,18,"Sigh. You're absolutely right. We have no political power whatsoever. Therefore, we should be oppressed and ignored and denigrated, right? I certainly hope you don't have an SO, sir, because if she heard how disparaging you are towards political mino"
225,zero_shot,19,talk.religion.misc,15,soc.religion.christian,15,"[""it"" is Big Bang] Since you asked... from the Big Bang to the formation of atoms is about 10E11 seconds. As for the ""color"": bright. Very very bright. I don't. I believe the current theory of cosmology because it is fairly well supported by observat"
226,zero_shot,4,comp.sys.mac.hardware,4,comp.sys.mac.hardware,4,"stem I I've had the same experience actually. I love the Mac interface and any number of the features, but am sorely dissapointed with the speed. I use macs daily and am a Moc consultant for OSU Statistics department; I'm familiar with almost every m"
227,zero_shot,1,comp.graphics,17,talk.politics.mideast,17,Could you be more specific? I need that file too but couldn't find it amongst ALL the directories at wuarchive.
228,zero_shot,16,talk.politics.guns,16,talk.politics.guns,16,"Some women might say, ""Death"". How about ""life, with no hope of parole""?"
229,zero_shot,3,comp.sys.ibm.pc.hardware,4,comp.sys.mac.hardware,4,Has anybody seen empty Everex's being sold ? I want the cube. Not the computer inards. Will it take standard AT-size motherboards ? Thanks. e-mail please. --
230,zero_shot,19,talk.religion.misc,16,talk.politics.guns,16,": : So what is Kibology? Chopped liver? : Kibo Himself summed it up by saying ""Kibology is not just a religion, it is : also a candy mint ... and a floor wax."" I personally think that it is more : like Spam Clear. : :"
231,zero_shot,2,comp.os.ms-windows.misc,2,comp.os.ms-windows.misc,2,"From: thomas@sunshine.Kodak.COM (Thomas Kinsman) Newsgroups: comp.os.ms-windows.programmer.misc,alt.binaries.pictures.utilities Subject: DIB/BMP CREATION GUIDE, as requested. Keywords: DIB BMP Bitmaps File Formats Message-ID: <1992Dec23.214432.18764@"
232,zero_shot,16,talk.politics.guns,18,talk.politics.misc,18,"Wait a minute. The story being pushed here is that the fire started in ONE PLACE. This is not consistent with the story that they were TRAPPED by the fire (particularly in a building that all of a sudden had many more exits). Choose one, please. Well"
233,zero_shot,14,sci.space,17,talk.politics.mideast,17,"Hello out there, If your familiar with the COMET program then this concerns you. COMET is scheduled to be launched from Wallops Island sometime in June. Does anyone know if an official launch date has been set?"
234,zero_shot,17,talk.politics.mideast,18,talk.politics.misc,18,"Tell *them* to stay home? :-) Sorry, terrible attempt at homour there. Alternative? Hell, I don't know. But...its perfectly possible to have objections to a particular policy while feeling that there is no ""alternative choice""."
235,zero_shot,3,comp.sys.ibm.pc.hardware,17,talk.politics.mideast,17,"I know you work at sun, but that's really no reason not to like fast computers. I suspect a conspiracy here. Are you trying to drag Intel through the mud at a con or something? I really wish you guys would make your own computers faster instead of de"
236,zero_shot,10,rec.sport.hockey,9,rec.sport.baseball,9,"Marcus Thuresson had 6 goals, 10 assists, 16 points and 22 PIM in 31 games this season for Leksand in the Swedish elite league. This was only 10th in point scoring for Leksand. Marcus (born May 31 1971, Ht 185 cm, Wt 85 kg) is relatively young so he "
237,zero_shot,8,rec.motorcycles,17,talk.politics.mideast,17,"I have a bayonet in the factory scabbard from a Swedish Mouser mounted to the handlebars of my Zuki'. That 10"" blade and my long arms do quite well thank you. ----===== DoD #8177 = Technician(Dr. Speed) .NOT. Student =====----"
238,zero_shot,13,sci.med,16,talk.politics.guns,16,You could do what I do: never go near the stuff! :)
239,zero_shot,5,comp.windows.x,14,sci.space,14,"Hi, Could some please tell me the errors of my ways. I am trying to update a drawable. This drawable happens to be a Pixmap on a button. The problem is that after I do the : XClearArea(XtDisplay(m_usr[0]),XtWindow(m_usr[0]), 80, 8, 40, 40, True); Thi"
240,zero_shot,7,rec.autos,17,talk.politics.mideast,17,"Hello, I am moving to Houston to go to Rice University for graduate school. I will be living on the corner of S. Mian and University Blvd. I was wondering what kind of liability rates to expect. Here is the relevent info. Sex: Male Age: 23 Status: Si"
241,zero_shot,15,soc.religion.christian,15,soc.religion.christian,15,"Yes, but no more than he is worth. :-). Seriously: Jerome is merely (and grandly) another Christian witness, to be taken for what he can tell us. He is one in the community of saints. You seem to wish for a greater polarization and dichotomy between "
242,zero_shot,5,comp.windows.x,3,comp.sys.ibm.pc.hardware,3,"I need some advice regarding monitor to use with Xfree86. I have an ET4000 based graphic card with 1 Meg of memory. I know this card is supported in Xfree86 because a friend of mine has one of these in his PC. His monitor is 17"" colour capable of dis"
243,zero_shot,9,rec.sport.baseball,9,rec.sport.baseball,9,Be patient. He has a sore shoulder from crashing into the wall. The Cards will give him all the time he needs to come around. He is their full time centerfielder. He will not however steal as often this year as he is hitting clean-up.
244,zero_shot,13,sci.med,13,sci.med,13,"As a matter of fact, I just saw a dermatologist the other day, and while I was there, I asked him about dry skin. I'd been spending a small fortune on various creams, lotions, and other dry skin treatments. He said all I needed was a large jar of vas"
245,zero_shot,1,comp.graphics,12,sci.electronics,12,"Certainly. Reference follows. Bear in mind that there are at least two conditions which may be called red/green colour blind. One, protanopia, is caused by a lack or major dysfunction of the L cones, those that respond best to long wavelengths. This "
246,zero_shot,8,rec.motorcycles,7,rec.autos,7,"Accusation? I thought it was a recommendation. (I mean, I did grow up there, I oughta know). Bring the truck and about 10 pounds of crawfish and we'll talk."
247,zero_shot,19,talk.religion.misc,18,talk.politics.misc,18,"You said everyone in the world. That means *everyone* in the world, including children that are not old enough to speak, let alone tell lies. If Jesus says ""everyone"", you cannot support that by referring to a group of people somewhat smaller than ""e"
248,zero_shot,8,rec.motorcycles,17,talk.politics.mideast,17,"No, it is the stock setup. Someone really ought to put an end to the confusion regarding BMW's chain drive boxers. Didn't someone post the FAQ on this some time ago? In essence, it describes the problem BMW is having with their decision to settle dow"
249,zero_shot,13,sci.med,13,sci.med,13,I am a student from San Leandro High school. I am doing a research project for physics and I would like information on Edward Jenner and the vaccination for small pox. Any information at all would be greatly apprectiated. Thank you.
250,zero_shot,10,rec.sport.hockey,9,rec.sport.baseball,9,"Monday, April 12, 1993 Kamloops 4 @ Spokane 1 (Kamloops wins 3-0) *** Western Final Matchup Kamloops @ Portland *** Tuesday, April 13, 1993 No games necessary. Wednesday, April 14, 1993 No games necessary. Thursday, April 15, 1993 No games scheduled."
251,zero_shot,3,comp.sys.ibm.pc.hardware,4,comp.sys.mac.hardware,4,"I am think of buying a new computer through the mail order, I am looking at the Gateway 2000 66V systen and the Zeos's system. Which is better (in terms of value, price, ungrade, service), because I am in canada, I wonder can i have the same level of"
252,zero_shot,11,sci.crypt,11,sci.crypt,11,"I was annoyed to find that this guy posted my private e-mail response to him, but since I believe what I said, I'll defend it anyway. By ""almost"" I mean the differential cryptanalysis attack. The chosen plaintext attack requires a detailed analysis o"
253,zero_shot,4,comp.sys.mac.hardware,14,sci.space,14,"I have an Ethernet card that i took out off an old LC. The card is manufactured by Asante. On it i can read: ""Asante Tech, inc. Copyright 1991. MACCON + LC REV.B"". The card has an fpu socket on it. It provides thin Ethernet connector and there's anot"
254,zero_shot,14,sci.space,14,sci.space,14,"Why not design the solar arrays to be detachable. if the shuttle is going to retunr the HST, what bother are some arrays. just fit them with a quick release. one space walk, or use the second canadarm to remove the arrays."
255,zero_shot,10,rec.sport.hockey,17,talk.politics.mideast,17,"I can understand your anger about the German audience. I mean, it was the Finnish team they played and they were taking advantage of the ridiculous penalties the Canadien ref called in the last period. The Germans got a match penalty and a 10 minutes"
256,zero_shot,5,comp.windows.x,14,sci.space,14,"I don't seem to be able to get window positions reliably through the XView xv_get() function: x = (int) xv_get(my_frame, XV_X); y = (int) xv_get(my_frame, XV_Y); For example, if I set XV_X & XV_Y to 50,50 the frame comes up in the correct position, w"
257,zero_shot,6,misc.forsale,6,misc.forsale,6,"For a SIZE 9 wedding dress with lots of beads, inquire at 801-269-1157 MST (Utah)."
258,zero_shot,18,talk.politics.misc,16,talk.politics.guns,16,"There is something terribly wrong, however, with a culture which condemns, attacks, and all too often kills any of its members who attempt to get an education. My mother is an elementary school teacher, and she tells me that she and her african ameri"
259,zero_shot,12,sci.electronics,17,talk.politics.mideast,17,"KNX AM, 1070 in LA, will be unhappy to hear about this, I'm sure. :-) (isn't KNBR in the bay area?)"
260,zero_shot,0,alt.atheism,18,talk.politics.misc,18,"Throw away the FAQ. We can all just ask Mr O'Dwyer, since he can define the thing that the rest of us only talk about."
261,zero_shot,19,talk.religion.misc,15,soc.religion.christian,15,"Kent, with regards to the information contained in the Bible (which is the original context of this thread), Brian Kendig is inside a huge wall. Brian *IS* inside. The Bible and the information contained therein are outside the wall. Brian Kendig pro"
262,zero_shot,0,alt.atheism,17,talk.politics.mideast,17,"#In article <1r0fpv$p11@horus.ap.mchp.sni.de> # #(Deletion) #># Point: Morals are, in essence, personal opinions. Usually #>#(ideally) well-founded, motivated such, but nonetheless personal. The #>#fact that a real large lot of people agree on some m"
263,zero_shot,15,soc.religion.christian,15,soc.religion.christian,15,"But one of the most basic concepts of Christian morality is that we all have defective appetites due to original sin. Not just homosexuals, but everybody. Thus we are not entitled to indulge in whatever behavior our bodies want us to. I think we need"
264,zero_shot,10,rec.sport.hockey,9,rec.sport.baseball,9,"Well, here in Detroit we get to see and hear Don Cherry quite regularly. The Detroit area picks up Hockey Night in Canada from CBC (ch 9) in Windsor where we see Don Cherry's Coaches Corner between periods. We also get to see Don Cherry's Grapevine j"
265,zero_shot,15,soc.religion.christian,15,soc.religion.christian,15,Does anyone know of an English language edition that does not show the verse (or even chapter) numbers. I have always thought that such an edition would be very useful - although hard to navigate around. I have a Scots NT that doesn't show verse numb
266,zero_shot,3,comp.sys.ibm.pc.hardware,3,comp.sys.ibm.pc.hardware,3,"I am DESPERATELY trying to find a PC based e-mail wide area network service or the necessary network software to establish one myself. While I am aware there are various BBS's and other similar services avalible (like Compuserve, Canada Remote System"
267,zero_shot,1,comp.graphics,1,comp.graphics,1,"I have also been looking for this, but I have come up with nothing. I have looked in ftp.ncsa.uiuc.edu which is supposed to have a lot of image-specs. Email is preferred. If there is enough interest, I will post a summary. ---------------------------"
268,zero_shot,2,comp.os.ms-windows.misc,5,comp.windows.x,5,"Autodesk Animator is a good tool. The one I like is Show Partner/FX. If you want it, I could give a copy to you. I did a lot of advertising with it - it lets you create both graphics (ANY resolution) and text frames, run it all as a ""film"", you can m"
269,zero_shot,10,rec.sport.hockey,9,rec.sport.baseball,9,Here are the ones I can remember offhand: KDKA 1020 AM Pittsburgh Penguins WABC 770 AM New Jersey Devils WBBM 780 AM Chicago Blackhawks WJM (?) 720 AM Detroit Redwings KMOX 1120 AM St. Louis Blues Are the Flyers on 1210? That's all I can think of.
270,zero_shot,13,sci.med,18,talk.politics.misc,18,"Non-steroid. Proventil is a brand of albuterol, a bronchodilator. Regards,"
271,zero_shot,19,talk.religion.misc,15,soc.religion.christian,15,"I see what you are getting at (or at least I think I do). Correct me if I am mistaken, but I *think* you are asking me if I still believe that we should uphold all of the Laws pertaining to capital punishment for such things as adultery, rape and oth"
272,zero_shot,4,comp.sys.mac.hardware,4,comp.sys.mac.hardware,4,"You may have been emailed this, but the IIsi's power supply is not rated to handle the GC board. Remember when the si came out and everyone complained about it's power supply. This is one result of apple providing a low-cost computer and I think they"
273,zero_shot,16,talk.politics.guns,16,talk.politics.guns,16,"Are you for real? People dumb enough to give their money and possessions to a guy who says he's jesus deserve all they get Anyway, he killed a few feds He's not the goddam hero here He's dead an' i'm happy!!!!!"
274,zero_shot,19,talk.religion.misc,15,soc.religion.christian,15,"-*---- No. It follows from the fact that most Christians' choice of interpretation stems from a mix of beliefs that are influenced by the secular ethics of their culture and that are not fully determined by scripture. Whether or not there is some ""ri"
275,zero_shot,19,talk.religion.misc,15,soc.religion.christian,15,"Um, I think you and the Bible are the ones inside the wall. There's a really wonderful world out here. You really should peek out at it sometime. The silly things you keep saying only reinforce the fact that we *are* on opposite sides of a very high "
276,zero_shot,6,misc.forsale,6,misc.forsale,6,"Pioneer CT-W601R Double Cassette Deck -Auto BLE Tuning -CD Deck Syncro Recording -music search, high speed dubbing, other standard features. Less than one year old. Excellent condition. $200 firm."
277,zero_shot,4,comp.sys.mac.hardware,17,talk.politics.mideast,17,"I remember a simple program that would play those chimes for you when you clicked their respective buttons. Does anyone know where that is? This was circa 1988, I think. Cheers, -e."
278,zero_shot,14,sci.space,15,soc.religion.christian,15,"# >Coca Cola company will want to paint the moon red and white. (Well, # >if not this moon, then a moon of Jupiter)... This reminds me of the old Arthur C. Clarke story about the Coca Cola ad stashed inside an experiment."
279,zero_shot,2,comp.os.ms-windows.misc,5,comp.windows.x,5,"Is there a way I can save a snapshot of my screen to a file, under Windows? (Similar to the way one can press CMD-SHIFT-3 on a Mac.) Please email rather than posting."
280,zero_shot,19,talk.religion.misc,15,soc.religion.christian,15,"In God, whose word I praise, in God I trust; I will not be afraid. What can mortal man do to me?"
281,zero_shot,14,sci.space,12,sci.electronics,12,"James Nicholl sez; Jeff responds; I wouldn't worry too much about it, Jeff. If you work for JPL, then your job IS imaging things :-) (I know, it was a just a typo, but I couldn't resist. At least, I hope it was a typo, or my stupid joke is stupider t"
282,zero_shot,6,misc.forsale,16,talk.politics.guns,16,HP 9872B 4 pen plotter. $150 Fujistu M2451E 130 meg SCSI tape drive $150 Sony 40 meg SCSI disk drive (sticks once in a while) $50 Dead Maxtor XT4380E 338 meg ESDI drive $100 Dead Miniscribe 20 meg SCSI drive $10 Adaptac SCSI to ST-412 interface board
283,zero_shot,13,sci.med,13,sci.med,13,You've asked a toughie of a question. There are many different drugs which are used for chemotherapy. The overall purpose of chemotherapy (don't worry about the spelling. Some of these crazy medical words are impossible to spell! :-) is to either des
284,zero_shot,13,sci.med,16,talk.politics.guns,16,"Without restating the thread going here..... Zoloft is a stimulating antidepressant. It is unfortunate that antidepressant therapy is trial and error, but if it is any help, there are a lot of people using the side effects of the many medications to "
285,zero_shot,0,alt.atheism,18,talk.politics.misc,18,"Give me a call when you build a working model. Then we'll talk stock options. --- Private note to Jennifer Fakult. ""This post may contain one or more of the following: sarcasm, cycnicism, irony, or humor. Please be aware of this possibility and do no"
286,zero_shot,2,comp.os.ms-windows.misc,5,comp.windows.x,5,": What exactly does the windows bitmap format look like? I mean, how is : the data stored: width, height, no. of colours, bitmap data? I couldn't : find anything in ths user manual, is there any other reference material : which would give me this inf"
287,zero_shot,17,talk.politics.mideast,16,talk.politics.guns,16,"Subject: Re: PLEASE! SHOW UP IN WASHINGTON DC FOR BOSNIA (MAY 15th) From: Nick Jovanovic, jovanovic-nick@yale.edu Date: 12 May 1993 17:19:43 -0400 No, I'm not claiming 2,000,000 have been killed. We are in the middle of the genocide process that Mr. "
288,zero_shot,0,alt.atheism,16,talk.politics.guns,16,"First, I don't expect them to love me if they don't even know I exist. Secondly, I wouldn't expect them to love me simply because they were my creator. I would expect to have to earn that love. Are you daft? How do I love something I don't believe ex"
289,zero_shot,1,comp.graphics,14,sci.space,14,"If some kind person has access to a mathematical package such as Mathematica, Maple,... I would like to ask you for the solution to the following problem. I sometimes have algebra problems like this where I would like a simplified symbolic solution. "
290,zero_shot,12,sci.electronics,16,talk.politics.guns,16,"This is just basicly right. The connections that cannot handle touchtone dialing is very few. I would estimate a couple of percents and if you are in a bigger town, there is none that cannot handle tone dialing. And regarding our swedish dialing syst"
291,zero_shot,15,soc.religion.christian,15,soc.religion.christian,15,"That depends on how this verse is read. There are at least two meanings of the word ""once"". 1) only one time, and 2) at some other time (i.e. once upon a time). Note that in the previous verse, the word ""once"" is used with the second meaning, and als"
292,zero_shot,14,sci.space,12,sci.electronics,12,": THe limit on space-walking is a function of suit supplies (MASS) : and Orbiter Duration. : In order to perform the re-boost of the HST, the OMS engines : will be fired for a long period. Now the shuttle is a heavy : thing. THe HST isn't light eithe"
293,zero_shot,16,talk.politics.guns,18,talk.politics.misc,18,That's another sad thing. I'd expect this sort of shit from the BATF. But I'm goddamn disappointed in the FBI. They used to be professionals. --
294,zero_shot,5,comp.windows.x,13,sci.med,13,We have a problem with 'makedepend': it doesn't know how to correctly process #if clause in C preprocessor statements. It evaluates everything to true no matter what the conditionals are. [...] Has anybody come up with some solution/fix to 'makdepend
295,zero_shot,3,comp.sys.ibm.pc.hardware,3,comp.sys.ibm.pc.hardware,3,"I have been using both IDE (or MFM) and SCSI drives for years. I have 2 IDE and 1 SCSI on one system and the other with 2 IDE, 2 SCSI disk, and 1 SCSI CDROM. I currently using ALWAYS IN2000 SCSI card, but I also have a Future Domain, a Western Digita"
296,zero_shot,0,alt.atheism,15,soc.religion.christian,15,"To the media, ""religion"" and ""cult"" have about the same relative connotations as ""government"" and ""terrorist group""."
297,zero_shot,17,talk.politics.mideast,16,talk.politics.guns,16,I don't have the faintest idea what literature it is to which you refer. Is this an explicit statement by some document? Or is it your interpretation of statements in such literature? Or is this a figment of your imagination or a Nazi Armenian propag
298,zero_shot,18,talk.politics.misc,18,talk.politics.misc,18,I don't remember the article that you removed so I can't comment on it. What I can comment on though is your response. Do you really believe that what you wrote is sufficient to refute the article? Do have any facts in addition to your opinion?
299,zero_shot,4,comp.sys.mac.hardware,4,comp.sys.mac.hardware,4: comp.sys,"I'd like to install an Apple (Quantum) 40 MB hard drive taken from a IIsi in an external PowerDrive box from Hard Drives International that currenty has a dead Conner mechanism in it. Have you done this (or do you know how)? If so, could you please w"
300,zero_shot,5,comp.windows.x,12,sci.electronics,12,"That's not all it says. The coverage of modifiers is in Chapter 8 of Volume Four (or chap 7 in older Athena editions), where there is about 10 pages on how to specify translations to capture various combinations of keys or buttons. The Xlib route use"
301,zero_shot,0,alt.atheism,15,soc.religion.christian,15,"""This is your god"" (from John Carpenter's ""They Live,"" natch)"
302,zero_shot,19,talk.religion.misc,15,soc.religion.christian,15,[Jesus' comments about how Christians have to follow the OT deleted...] Exodus 31:12-17. How many people have you put to death for working on the Sabbath? Leviticus 17:10. How as that medium-rare steak last night? Leviticus 19:19. What did you wear t
303,zero_shot,14,sci.space,16,talk.politics.guns,16,"Could someone explain where these names come from? I'm sure there's a perfectly good reason to name a planetoid ""Smiley,"" but I'm equally sure that I don't know what that reason is. Read John le Carre's ""Tinker, Tailor, Soldier, Spy"", ""The Honorable "
304,zero_shot,7,rec.autos,17,talk.politics.mideast,17,"I had a similar experience. We had a written quote which had been mailed to us from the salesman at one of these ""no-haggle"" Toyota dealers for a Camry XLE w/ABS, leather, etc. The price seemed fair, but when we went in to take them up on their offer"
305,zero_shot,19,talk.religion.misc,15,soc.religion.christian,15,Surely you are not equating David Koresh with Christianity? The two are not comparable.
306,zero_shot,11,sci.crypt,13,sci.med,13,"Don't forget Chemical Abstracts Service (which is pretty much the international clearinghouse for all chemical information), whose former director (Ronald Wigington) and head of R&D (Nick Farmer) were openly former NSA employees."
307,zero_shot,13,sci.med,12,sci.electronics,12,Laser printers often emit ozone (which smells sort of like Clorox). Adequate ventilation is recommended.
308,zero_shot,9,rec.sport.baseball,9,rec.sport.baseball,9,"A HBP, but it reminds of my favorite (apochryphal ? sp ?) Don Drysdale story. When ordered to intentionally walk a batter who had hot-dogged on him in two previous at-bats, Drysdale reared back with the first pitch and drilled him right in the ribs. "
309,zero_shot,0,alt.atheism,15,soc.religion.christian,15,"Bill, ever heard of secular humanism? Please check out what this stands for, and then revise your statements above. Cheers, Kent"
310,zero_shot,10,rec.sport.hockey,17,talk.politics.mideast,17,"The top 11 teams of this tournament will play in the Olympics next year. The last team of this tournament, top two of pool B (Great Britain and Poland) and the winner of pool C (Latvia) will play for the last Olympic spot next fall. However, if next "
311,zero_shot,16,talk.politics.guns,18,talk.politics.misc,18,"Well, I don't normally like to quote myself, but I just got some additional information. I called my state rep (to express my support), and the person there informed me that it's actually just a second reading of the bill (three are required) for fur"
312,zero_shot,12,sci.electronics,14,sci.space,14,"Two things to watch for: In Germany (and I think the same holds for Sweden) only some of the connections can handle tone dialing, so make sure the phone can be set to pulse dialing. In Sweden, the '0' is the first digit and all other digits are pushe"
313,zero_shot,9,rec.sport.baseball,9,rec.sport.baseball,9,"So what is your definition of ""interfering with the fielder taking the throw""? The rule book certainly doesn't have a definiton or clarification, so it's possible to interpret the rule as saying that if the catcher has to alter his throw to avoid hit"
314,zero_shot,10,rec.sport.hockey,9,rec.sport.baseball,9,"You must be kidding, right? In losing Stevens the Blues got Shanahan and kept Joseph. Then they traded Oates for Janney. As a Hawks fan you have got to respect those ""hapless"" names. 8^) Lets see, who scored the game winning overtime goal in the 4th "
315,zero_shot,5,comp.windows.x,18,talk.politics.misc,18,"There is? Then why does the documentation say: }Commercial, government, and institutional users MUST register their }copies of XV, for the exceedingly REASONABLE price of just $25 per }workstation/X terminal. It doesn't sound like a ""voluntary donati"
316,zero_shot,15,soc.religion.christian,15,soc.religion.christian,15,"I think that if someone often has immoral dreams, like lustful dreams, or dreams where you commit acts of violence, etc. etc. it may be a sign that he has something sinful in his heart. It may be the Holy Spirit's way of allowing the sinfulness that "
317,zero_shot,15,soc.religion.christian,15,soc.religion.christian,15,"I didn't say to visit some ""nice"" homosexuals. I said ""visit some congregations of Christians..spirit-filled believers.."" Praise the Lord that we are all members of the same body. Let us agree to disagree."
318,zero_shot,18,talk.politics.misc,16,talk.politics.guns,16,"I have indeed heard of Pythagoras, but I don't know that he was ever disparaged as a ""bean eater"". In the American Southwest and West (e.g., Texas, California, Colorado), the term ""bean eater"" is sometimes used as a slur against those of Hispanic her"
319,zero_shot,15,soc.religion.christian,15,soc.religion.christian,15,"Are there any members of conservative, religious, politically active groups (such as the Christian Coalition) out there? I come from a very liberal background, and I'd like to talk to some conservative people out there in a public forum (such as this"
320,zero_shot,0,alt.atheism,0,alt.atheism,0,"[writing to someone else] Can we get back to using the terms ""strong Atheist"" and ""weak Atheist"" rather than this ""hard Atheist"" and ""soft Atheist"". I can imagine future discussions with Newbies where there is confusion because of the multiplication "
321,zero_shot,16,talk.politics.guns,18,talk.politics.misc,18,"Please take this thread out of ""tx.politics.talk.politics.guns"" which does not exist. How about ""tx.politics,talk.politics.guns"" instead, eh? -- Ed McGuire 1603 LBJ Freeway, Suite 780 Systems Administrator/ Dallas, Texas 75234 Member of Technical Sta"
322,zero_shot,1,comp.graphics,3,comp.sys.ibm.pc.hardware,3,"Some time ago (about 1 month) there was a bit of discussion about a universal VESA driver for > 8bit cards. It was in the file uvesa32.zip. Well i can't find it, does anyone know where it is (gorilla.something.something.au), and what sort of cards it"
323,zero_shot,3,comp.sys.ibm.pc.hardware,4,comp.sys.mac.hardware,4,"Just curious why floptical drives never seemed to catch on. Remember those 21 Mb disks that look and feel like 3.5"" floppies? These drives are SCSI devices and can read and write both 720 Kb and 1.44/21 Mb disks. Sounds to me to be one great product "
324,zero_shot,9,rec.sport.baseball,9,rec.sport.baseball,9,"Hi there, I was wondering if anyone knew if John Wetteland was put on the DL again after his first 15-day period was up? I read in the USA Today Sports section that he is on for ""surgery to repair broken toe"", and was wondering if that was new. I tho"
325,zero_shot,5,comp.windows.x,5,comp.windows.x,5,"The only book I know of is : ""The X Window System Server - X Version 11, Release 5"" by Elias Israel / Erik Fortune Digital Press Copyright 1992 Order number EY-L518E-DP DP ISBN 1-55558-096-3 PH ISBN 0-13-972753-1 But if there are any more, please pos"
326,zero_shot,19,talk.religion.misc,16,talk.politics.guns,16,"An extremely good example of ""circumstantial evidence!"" Every time these right-wing control-freaks start spouting about prayer in schools, I get this nagging commentary from the Sermon on the Mount [Matt: 6:5-6] ""And when you pray, do not imitate the"
327,zero_shot,6,misc.forsale,3,comp.sys.ibm.pc.hardware,3,"I have a few the original IBM 10Mb harddisks for sale. They are actually Seagate's ST412, MFM, full height, has the IBM logo and black face plate. Each disk is checked and formatted with DOS 5.0. It can be doubled to 20Mb or so with dblspace or stack"
328,zero_shot,16,talk.politics.guns,17,talk.politics.mideast,17,"You are correct WRT the idea of some heating being nice that morning. But part of that line was also for the guy who said ""minutes later, the fires started"". I did forget how cool it was that day. When you got 30-40 mph winds swinging across the Texa"
329,zero_shot,7,rec.autos,9,rec.sport.baseball,9,"They changed the lights and slope of the hood, along with the new grille. Otherwise, it is unchanged. Interestingly, their lack of wood and lack of a grille was a BIG design statement... they tried to defy conventional wisdom and carve their own nich"
330,zero_shot,4,comp.sys.mac.hardware,3,comp.sys.ibm.pc.hardware,3,"It used to live in a 1990 SE, and is marked 344-0062, and the ROMs that go with it are 341-0701 & 2. Is this the solution to the person who wants to upgrade to FDHD ? cheers Mike."
331,zero_shot,5,comp.windows.x,18,talk.politics.misc,18,"Alas, we too will have to stop using it. Brian"
332,zero_shot,15,soc.religion.christian,15,soc.religion.christian,15,"On Sunday 9 May 1993, Kenneth Engel writes (in substance): We are told that the penalty for sin is an eternity in Hell. We are told that Jesus paid the penalty, suffering in our stead. But Jesus did not spend an eternity in Hell. This objection presu"
333,zero_shot,5,comp.windows.x,4,comp.sys.mac.hardware,4,same here I received similar information/advice about what appears to be the same problem Benjamin has (and I still have). NIS has all the information about the Macs (I even put explicit entries in /etc/hosts to no avail). Monitoring with 'snoop' on 
334,zero_shot,3,comp.sys.ibm.pc.hardware,3,comp.sys.ibm.pc.hardware,3,"Due to some problems with my IDE drive, I LL formatted the Maxitor7213AT. Now it started to give me some errors in some applications. I was told Maxitor has a utility called IDE_INT in their BBS, anyone tried it? Can some one tell me what that BBS nu"
335,zero_shot,17,talk.politics.mideast,16,talk.politics.guns,16,"Well, does it change the fact that during the period of 1914 to 1920, the Armenian Government ordered, incited, assisted and participated in the genocide of 2.5 million Muslim people because of race, religion and national origin? Between 1914 and 192"
336,zero_shot,3,comp.sys.ibm.pc.hardware,2,comp.os.ms-windows.misc,2,Article #61175 (61302 is last): From: qwerty@tunisia.ssc.gov (Kris Schludermann) Subject: HELP:IDE Drive installation problems Date: Thu Apr 22 12:11:58 1993 I'm having trouble with installing a second IDE drive on a Promise IDE caching controller. T
337,zero_shot,1,comp.graphics,12,sci.electronics,12,"Looking for a TIFF/EPS of a DNA Helix. E-mail any auggestions, please."
338,zero_shot,11,sci.crypt,16,talk.politics.guns,16,"< < Some countries have laws about importing crypto gear--I believe the U.S. < does. Without a license the above scheme won't work (at least not legally) < in such countries, including at least France and the U.S. < < David < <BZZT! < <Wrong. The US "
339,zero_shot,17,talk.politics.mideast,16,talk.politics.guns,16,Subject: RE: Europe vs. Muslim Bosnians From: f54oguocha Date: 13 MAY 93 02:28:53 GMT Serbs. 1929). Islam not who Croats? has childhood was You've asked a crucial question that underlies much of the genocide. Bosnian Muslims are slavic in ethnicity. 
340,zero_shot,14,sci.space,14,sci.space,14,"HST is about 25,500 lbs (11,600 kg). That doesn't include the cradle that would have been in the cargo bay when it was deployed. Spacelab-J on STS-47 was 21,861 lbs (according to the press-kit). As someone else pointed out if they had been unable to "
341,zero_shot,3,comp.sys.ibm.pc.hardware,2,comp.os.ms-windows.misc,2,Try swapping the phone cables in the back of the modem.
342,zero_shot,19,talk.religion.misc,17,talk.politics.mideast,17,"In <1ren9a$94q@morrow.stanford.edu> salem@pangea.Stanford.EDU (Bruce Salem) This brings up another something I have never understood. I asked this once before and got a few interesting responses, but somehow didn't seem satisfied. Why would the NT NO"
343,zero_shot,8,rec.motorcycles,8,rec.motorcycles,8,"ok. so what's an ""exhaust bra""? i'm guessing it's not a fabric thing that straps to the pipes... does it go over the chin fairing/lowers in some way? i usually don't ride with the lower plastic..."
344,zero_shot,5,comp.windows.x,14,sci.space,14,I am looking for a program to draw various kinds of diagrams on my Linux system. - It must be free. - It must run on standard (monochrome) X with a small screen size (800x600) No motif/openlook etc. - It must compile under Linux with gcc/g++. Most ge
345,zero_shot,16,talk.politics.guns,16,talk.politics.guns,16,"Since neither side would be particularly interested in telling the truth, you have to weigh the 'facts' given by each yourself, and weigh it with the newsreporting if you care. Many cult members will probably side with the attorney, and if he is lyin"
346,zero_shot,3,comp.sys.ibm.pc.hardware,4,comp.sys.mac.hardware,4,".. actually from Alistair Scott afs@tauon.ph.unimelb.edu.au I have come across a old external hard disk and I can't find any specs for it anywhere... It is made by NEC (yes I tried tech support.... no help), and it has a model number APC-H27C and is "
347,zero_shot,19,talk.religion.misc,15,soc.religion.christian,15,"I am pleased to announce that a *revised version* of _The Easy-to-Read Book of Mormon_ (former title: _Mormon's Book_) by Lynn Matthews Anderson is now available through anonymous ftp (see information below). In addition to the change in title, the r"
348,zero_shot,15,soc.religion.christian,15,soc.religion.christian,15,"This may sound argumentative, but do the pro-homosexual crowd give the same support to church members that are involved in incestuous relationships? If we do a little substitution above, we get: ""although by no means all episcopalians are sympathetic"
349,zero_shot,9,rec.sport.baseball,9,rec.sport.baseball,9,"to take this to its, er, ""logical"" conclusion, it is impossible to ascertain whether or not i am a better hitter than roberto alomar, or a better pitcher than juan guzman, or a better center fielder than devon white. after all, if i were on the blue "
350,zero_shot,1,comp.graphics,5,comp.windows.x,5,Never claimed it is a bug. Never claimed it is a bug. I guess I edited my note on this away from the article I posted to many newsgroups. I wrote something about making color modifications quickly with 8bit quantized images and only at the saving the
351,zero_shot,4,comp.sys.mac.hardware,4,comp.sys.mac.hardware,4,I have heard that the version 7.2 printer driver is out for the apple laserwriter ls. Has ayone heard of how or where to get this driver.
352,zero_shot,14,sci.space,18,talk.politics.misc,18,"And from whence does this right stem, that it overrides the 'rights' of the rest of us? And if you want to view that television station, you have to watch the commercials. You can't turn them off and still be viewing the television station. In other "
353,zero_shot,16,talk.politics.guns,18,talk.politics.misc,18,"[snip].... Excellent point, Mark. We should all remember that if Nixon hadn't tried to cover up the misguided actions of some of his subordinates in the Watergate burglary, the scandal would never have brought down his presidency. So far, Klinton see"
354,zero_shot,1,comp.graphics,4,comp.sys.mac.hardware,4,"I just donwloaded a *.bin file from a unix machine which is supposed to be converted to a MAC format. Does anyone know what I need to do to this file to get it into any Dos, Mac or Unix readable format. Someone mentioned fetch on the unix machine - i"
355,zero_shot,5,comp.windows.x,2,comp.os.ms-windows.misc,2,"Before I even think about getting this, is it going to be posted to comp.sources.x at any time in the near future? Greg."
356,zero_shot,17,talk.politics.mideast,16,talk.politics.guns,16,"Yea, I think not also. Israel's #1 issue is ""Security"" so *any* outcomes of ""negotiation"" certainly need to address ISREAL'S perception of this issue. The problem is is defining (by ""outsiders"", by Israel, and by the Arabs themselves) what is the #1 "
357,zero_shot,17,talk.politics.mideast,15,soc.religion.christian,15,From Israeline 4/27/93 Rabin: We Must Concentrate on Qualitative Changes in Israeli Society Today's AL HAMISHMAR quotes Prime Minister Yitzhak Rabin's Independence Day interview yesterday on Israel Television. Rabin said that enforcing Jewish soverei
358,zero_shot,13,sci.med,13,sci.med,13,"I've sent Gordon R. my posts on protein, vitamin C and vitamin A prior to posting on internet as a professional courtesy. Somehow I've managed to delete my vitamin A post from my text file. Gordon R. had promised to send it back to me but he's pretty"
359,zero_shot,11,sci.crypt,16,talk.politics.guns,16,">in the field who might be able to find out haven't yet done their >review of the chip design, and there's been a lot of wild speculation >and guesswork from those with little information that it might be >Swiss cheese. Oh, that puts the debate on -e"
360,zero_shot,4,comp.sys.mac.hardware,4,comp.sys.mac.hardware,4,"Thanks for the enlightening post. Is there a Technical Note on this? The desktop machine I was referring to was actually not a Mac, but rather, any of various workstations that use the 68030@25MHz, such as old Suns or old NeXTs. I used to own a NeXT "
361,zero_shot,3,comp.sys.ibm.pc.hardware,3,comp.sys.ibm.pc.hardware,3,"It fixed a problem for us of getting Divide Errors that were caused by the GW BIOS overwriting some interapplication memory area. Our problem was with Clarion Database programs, but I also heard that it fixed the same problem with Brief"
362,zero_shot,7,rec.autos,7,rec.autos,7,"Just a quick note on the nwe shape MR2s in the UK.... When they first came out here, there were 3 models. The base model had an auto box and engine from the CAMRY 2.0 !!! Well I recentyl found out that this model is no longer profitable for Toyota an"
363,zero_shot,1,comp.graphics,16,talk.politics.guns,16,Where can I find it ?
364,zero_shot,6,misc.forsale,18,talk.politics.misc,18,) From: coates@bigwpi.WPI.EDU (Jeffery David Coates) ) Subject: TEST ) Date: 23 Apr 1993 21:09:29 GMT ) Organization: Worcester Polytechnic Institute ) ) ) ) Test ) Failed
365,zero_shot,4,comp.sys.mac.hardware,4,comp.sys.mac.hardware,4,"My friend has a Macintosh IIfx on which he is running System 6.0.7 (not enough memory yet to run Sys7 adequately), and he noticed that when he tries to use Multifinder on this machine, the machine will beep every few seconds incessantly, nonstop. Now"
366,zero_shot,17,talk.politics.mideast,16,talk.politics.guns,16,"[SB] Oh yeah, Israel was really ready to ""expand its borders"" on the holiest day [SB] of the year (Yom Kippur) when the Arabs attacked in 1973. Oh wait, you [SB] chose to omit that war...perhaps because it 100% supports the exact [SB] OPPOSITE to the"
367,zero_shot,3,comp.sys.ibm.pc.hardware,3,comp.sys.ibm.pc.hardware,3,"Hi all netters, If I upgrade my XT with a 286+ motherboard, will I be able to use the old bits and pieces like HD, FD, graphics card and I/O card etc. Thanks for you info. P.S. I am sorry if my question is on some kind of FAQ. regards,"
368,zero_shot,11,sci.crypt,11,sci.crypt,11,"Forwarded from libernet@dartmouth.edu: Date: Tue, 20 Apr 93 10:30:47 PDT From: ald@clipper.clipper.ingr.com (Al Date) Subject: ""Clipper Chip"" --NOT! To: libernet@Dartmouth.EDU Clipper TM chip is a registered trademark of Intergraph Corp. The so-calle"
369,zero_shot,2,comp.os.ms-windows.misc,2,comp.os.ms-windows.misc,2,"Hallo ! ebosco@us.oracle.com wrote on 28.04.93 about : emm386 and windows e>Von : ebosco@us.oracle.com (Mi, 28.04.93 18:03) e>Name: Eric Bosco [...] e>Should I use emm386 or should I remove it from my config.sys? Basically: Windows prefers extendend "
370,zero_shot,15,soc.religion.christian,15,soc.religion.christian,15,"This sounds to me like a sort of generic modalism (in the the three phases of water are but different modes of behavior of the same physical stuff). It certainly does not seem to me to describe the orthodox position. [Of course, I suppose that the me"
371,zero_shot,18,talk.politics.misc,14,sci.space,14,From: harelb@math.cornell.edu (misc.activism.progressive co-moderator) Subject: F<O>CUS/HEALTH: How U.S. compares... Children/Elderly in Poverty F<O>CUS/HEALTH: How U.S. compares... Children/Elderly in Poverty ========================================
372,zero_shot,0,alt.atheism,15,soc.religion.christian,15,"Once the Rushdie situation exploded into the media, the Muslim voice on the matter of the book was effectively restricted to short video bytes showing the dramatic highlights of Muslim demonstrations. For every twenty or so newspaper, magazine articl"
373,zero_shot,17,talk.politics.mideast,15,soc.religion.christian,15,"No wonder you clown are in such a mess. Let's take Sarkis Atamian's (an Armenian Dashnak sociolog) book, ""The Armenian Community"", pages 97 and 105. Atamian quotes: ""... the immediate question concerned itself with the organization and tactics of rev"
374,zero_shot,15,soc.religion.christian,15,soc.religion.christian,15,"From: db7n+@andrew.cmu.edu (D. Andrew Byler) 1] An english translation of this can be found in: ""The Acts of the Apostles, translated from the Codex Bezae, with an introduction on its Lucan Origin and Importance"", J. M. Wilson (London, 1923). 2] Anot"
375,zero_shot,15,soc.religion.christian,15,soc.religion.christian,15,"----- Begin Included Message ----- The following teaching is brought to you on behalf of Malcolm Smith Ministries, a ministry dedicated to leading believers everywhere into a knowledge of the love of God. If you would like more info on the ministry, "
376,zero_shot,4,comp.sys.mac.hardware,4,comp.sys.mac.hardware,4,Does anybody know where I can get a copy of System 6.0.8L. It is a modified version of System 6 that will work on the newer Mac models.
377,zero_shot,17,talk.politics.mideast,15,soc.religion.christian,15,"I think the answer to Mr. Mayamsky's question can be found in the first amendment to the US Constitution. Amendment I (1791) Congress shall make no law respecting an establishment of religion, or prohibiting the free exercise thereof; or abridging th"
378,zero_shot,19,talk.religion.misc,18,talk.politics.misc,18,"[Note the ""Followup-To"" redirect(s) to alt.conspiracy,talk.politics.misc.] (Timothy J Brent) said in response to P.VASILION: (1) You have no evidence that David Koresh or his followers were ""packing"" that heavy weaponry with any intent to use for oth"
379,zero_shot,14,sci.space,14,sci.space,14,"According to my *Glossary of Astronomy and Astrophysics*: ""parsec (abbreviation for parallax second) The distance at which one astronomical unit subtends an angle of 1 second of arc. 1 pc = 206,265 AU = 3.086 X 10^13 km = 3.26 lt-yr."" George"
380,zero_shot,14,sci.space,13,sci.med,13,Didn't Fred Hoyle abandon the steady state theory?
381,zero_shot,8,rec.motorcycles,7,rec.autos,7,When the bugs are splatting on the side of my helmet instead of the faceshield. When semis are on their side in the downwind ditch. When I can't see the road for all the tumbleweeds rolling past. When the airborne sand/gravel is sandblasting my paint
382,zero_shot,4,comp.sys.mac.hardware,4,comp.sys.mac.hardware,4,I had mention in a previous article that I was searching for the 300 external drive. I did call Apple Catalog as recommended and they told me the drives were back ordered until May 8. I placed an order anyways and two days later I had a visit from Fe
383,zero_shot,16,talk.politics.guns,16,talk.politics.guns,16,"As quoted from <nate.1504.735838830@psygate.psych.indiana.edu> by nate@psygate.psych.indiana.edu (Nathan Engle): What laws did they circumvent? Being ""frightening"" isn't a crime. Some people are afraid of young Black males. That doesn't make the mere"
384,zero_shot,14,sci.space,17,talk.politics.mideast,17,"I'd be willing to bet that a majority of the cost difference could be accounted for by the AF's requirement for superfluous 2167 documentation, 5 or 6 huge requirements and design reviews, travel expenses flying personnel around to meetings, and over"
385,zero_shot,7,rec.autos,17,talk.politics.mideast,17,"I have a few questions about the TAX on a used car purchase. I live in New York State, and I am going to buy a used car. I know that I will have to pay tax when I go to register the car. But I would like to know of tax is payed on the book value of t"
386,zero_shot,5,comp.windows.x,4,comp.sys.mac.hardware,4,"Hi ppl, I am running XFree386 under Linux SLS1.0 and am trying to get the german keyboard working. I have already recompiled my kernel and the german keyboard in the textmode works just fine. I have found out, that there is a preconfigured german key"
387,zero_shot,14,sci.space,18,talk.politics.misc,18,"""Let's make a deal!"" If you're going to put up a billion, I'd want to budget the whole sheebang for $450-600 million. If I have that much money to throw around in the first place, you betcha I'm going to sign a contract committing to volume productio"
388,zero_shot,6,misc.forsale,6,misc.forsale,6,Nikon L35 Af camera. 35/2.8 lens and camera case. Package $50
389,zero_shot,15,soc.religion.christian,13,sci.med,13,"Fred Gilham asks whether it is true that Goedel wrote a version of the ontological argument for the existence of God. Yes, it is true. Someone has published a rebuttal pointing out certain flaws in the argument, and recently Professor C Anthony Ander"
390,zero_shot,17,talk.politics.mideast,17,talk.politics.mideast,17,"It has nothing to do with how long they have been voting, as much as HOW they have been voting. Pick up a list of the Labor parties proposals for MK prior to the election and pay attention to the order. Correlate this with the number of Arab party me"
391,zero_shot,16,talk.politics.guns,18,talk.politics.misc,18,"I came across the following notice in the Denver Post classified secction this morning (April 26, 1993): \begin{quote} NOTICE: The Denver Post will no longer knowingly accept any advertisement to buy or sell assault weapons. The Denver Post finds tha"
392,zero_shot,4,comp.sys.mac.hardware,4,comp.sys.mac.hardware,4,"I have a IIsi & a portrait display (and I love it). I'm using the built-in video support, so its slow and deals with 16 colors/grays. So, I'm wondering: if I get a video card, how much does this tend to speed up things and will I be able to get more "
393,zero_shot,7,rec.autos,4,comp.sys.mac.hardware,4,"My ex-husband & I used to own Borgwards. Haven't seen any for a long time. They were really good cars. Does ayone out there know anything about them now? I heard they were being made in Mexico, but of course they wouldn't be the original German - if "
394,zero_shot,5,comp.windows.x,5,comp.windows.x,5,"Well that may be true. However, the man page for pageview for OW 2.0 does not mention about DSC compliance. In any event, the point here is that if you try to display some PS files using pageview you will find out that it's not a practical tool."
395,zero_shot,9,rec.sport.baseball,9,rec.sport.baseball,9,"I grew up listening to Harry Carey call the Cardinals' games and really liked him--then. But, as I recall, he was fired because he was too critical (read: honest) when he was announcing. He dared to point out the Cards' miscues and such. At least, th"
396,zero_shot,12,sci.electronics,12,sci.electronics,12,Does anybody have an idea how to model a tunnel diode on SPICE? Thank you.
397,zero_shot,17,talk.politics.mideast,16,talk.politics.guns,16,"Wow, hang on a second. The libertarian party stands for personal freedom, lassez-faire economics and minimal government. Whoever is describing the self as a Libertarian (maybe you were refering to the posters who call themselves civil libertarians) a"
398,zero_shot,2,comp.os.ms-windows.misc,2,comp.os.ms-windows.misc,2,"From article <1993May15.091822.14174@lth.se>, by knut@tts.lth.se (Ake Knutsson): Put ProgMan (with the hotkey) in your StartUp -group. Should do it."
399,zero_shot,5,comp.windows.x,17,talk.politics.mideast,17,"I have an application running in one window. In this application, I'd like to iconize this window, and later deiconize back to window. How could I do it? Your help would be appreciated."
400,zero_shot,9,rec.sport.baseball,9,rec.sport.baseball,9,"Subject sez it... Wondering if either team are in town that weekend (5-30/5-31). I can probably get Phillies tix, as the Vet can hold a bunch (and I hope they're still in 1st but it's late may, and...). Camden Yards is a problem - is there any way of"
401,zero_shot,2,comp.os.ms-windows.misc,5,comp.windows.x,5,"The May issue of PC/Computing page 246 has a Windows hint and tips for just this thing. You have to edit the WIN.INI file and add a couple of lines. I tried it and it works. I actually made my Title bar and iconized text, and icon text smaller. On my"
402,zero_shot,8,rec.motorcycles,14,sci.space,14,Polysyllabic is polysyllabic too....
403,zero_shot,6,misc.forsale,6,misc.forsale,6,"Seagate ST-212, HH, 10MB, $25 IBM, FH, 30MB, $70 They all are MFM type and in good working condition. Buyers pay shipping."
404,zero_shot,4,comp.sys.mac.hardware,4,comp.sys.mac.hardware,4,I am using a NEC 4FG with my Centris 610. The cable adapter was provided by NEC (you have to call to get this free adapter). I am also sharing it with my 486 (using a switch box and extra cables). My questions: How do you tell if it is 600x400 or 800
405,zero_shot,10,rec.sport.hockey,10,rec.sport.hockey,10,"Tonight will see the Toronto Maple Leafs, as some have guessed, come out hitting! The ""Buds"" will grind Detroit into the ground and walk away with home ice advantage for the remainder of the series... which given a shift to Toronto, will not last lon"
406,zero_shot,19,talk.religion.misc,15,soc.religion.christian,15,"Actually if Mr X had something to gain by his claims his account of the events would nmot be the most respected. Case and point, the resurrection. By claiming that the resurrection actually happened the early preachers were able to convert many to Ch"
407,zero_shot,3,comp.sys.ibm.pc.hardware,18,talk.politics.misc,18,"Why is it going to take a year for V.fast to become a standard? Are there technical problems to work out, or is it just bureaucratic slowdown? THANKS!"
408,zero_shot,10,rec.sport.hockey,18,talk.politics.misc,18,"Well, so are we, and we see it completely different than you. Guess it's a matter of perspective."
409,zero_shot,12,sci.electronics,18,talk.politics.misc,18,Please replay yxy4145@usl.edu Thanks a lot
410,zero_shot,5,comp.windows.x,16,talk.politics.guns,16,Thanks for all the responses. I've made contact with the UK distributor :-)
411,zero_shot,7,rec.autos,7,rec.autos,7,"You are sure that what you call a 200SX we call a 240? Just curious.. We also have a nissan predacessor (sp) to the 240 called a 200, which came in turbo and nonturbo. But i don't think we've ever had a 240 turbo...just curious...(BTW, I'm in the US,"
412,zero_shot,17,talk.politics.mideast,16,talk.politics.guns,16,"Not sure. But the number of Israelis killed defending Israel is a little more than 17,000 in the last 45 years and 61,000 injured. You must try to make a mockery out of everything, don't you? Pathetic."
413,zero_shot,9,rec.sport.baseball,9,rec.sport.baseball,9,The best one I saw last year was Willie McGee off Matthews (I think?) in Phillie. A fierce line drive that was still rising when it hit thE second deck facade at the Vet. Willie McGee had one homerun last year.
414,zero_shot,0,alt.atheism,15,soc.religion.christian,15,"That's fascinating. I take it that you're expressing skepticism at the idea that those ignorant savages could have influenced the Constitution of the people who stole their continent. You could be right, but it sounds plausible to me. Is there any re"
415,zero_shot,14,sci.space,14,sci.space,14,"The other week I saw a TV program about the american space industry and NASA. It said that in the 60's they developed a rocket that used ions or nuclear particles for propolsion. The government however, didn't give them $1billion for the developement"
416,zero_shot,2,comp.os.ms-windows.misc,5,comp.windows.x,5,Very well indeed. At home (a VL Bus version of the Graphics Pro) I can stretch an AVI window to 640x480 and it will continue to play back smoothly. It drops a few more frames but on most machines even attempting such a thing would mean one frame upda
417,zero_shot,0,alt.atheism,14,sci.space,14,"You fall if it opens, too. Gravity: it's not just a good idea; it's the law."
418,zero_shot,1,comp.graphics,5,comp.windows.x,5,Please help with MPEG description or sources:decoders & encoders. Great thanks in advance.
419,zero_shot,17,talk.politics.mideast,16,talk.politics.guns,16,"Source: ""Adventures in the Near East"" by A. Rawlinson, Jonathan Cape, 30 Bedford Square, London, 1934 (First published 1923) (287 pages). (Memoirs of a British officer who witnessed the Armenian genocide of 2.5 million Muslim people) p. 178 (first pa"
420,zero_shot,6,misc.forsale,4,comp.sys.mac.hardware,4,I have two brand new Dayna Etherprint Adapters (10baset) for sale. They convert ethertalk to localtalk. This is useful when wanting to hook up a localtalk network printer to a ethertalk(10baset) network. They sell for $350 each in Mac Warehouse. Will
421,zero_shot,3,comp.sys.ibm.pc.hardware,3,comp.sys.ibm.pc.hardware,3,"The VL-IDE Adapter can be much faster then the normal IDE, it depends on the drive you use and the board you use. I am using a NoName VL-IDE I/O Contr. it is tested under coretest with 2.000 kb/s using a cheap Seagate 3196 and nearly 4000 kb/s using "
422,zero_shot,13,sci.med,14,sci.space,14,I read a great book about eye dominance several years ago. So there is one book out there..at least one :). There were several types of eye dominance. Where a person looks in their memory usually indicates a type of eye dominanc Another type is relat
423,zero_shot,5,comp.windows.x,13,sci.med,13,"Hi Netters, Having inherited a Solbourne (S-4000 : Sun 4 Compatible), I was wondering if somebody has ported X11R5 to this beast. Since Solbournce Computer Inc. folded up I don't know where I can get the kernel to move from R4. Since they never joine"
424,zero_shot,13,sci.med,16,talk.politics.guns,16,"Secaris is reasonably inexpensive ($6.00 Cdn for a tube), and is indeed an over the counter medication. Why it does not appear to be available in the US, I don't know. It's manufactured in Montreal. It's a nasal lubricant, and is intended to help nos"
425,zero_shot,18,talk.politics.misc,18,talk.politics.misc,18,"Janet Reno, the FBI, et al were nothing but pawns in Koresh's game. He was a madman who was going to hurt the children, and everyone else in the compound no matter what the FBI did. Such a hostage situation has taken place on numerous occasions with "
426,zero_shot,13,sci.med,13,sci.med,13,"Can anybody out there provide me with any advice concerning the following two health problems: First, I was recently diagnosed (using a UGI series) as having a Schatzki ring and small sliding hiatal hernia. As I understand it, the hernia is a relativ"
427,zero_shot,11,sci.crypt,13,sci.med,13,Khufu and Khafre are both patented (#5003597). Biham and Shamir showed that differential cryptanalysis can break 16-round Khafre with a chosen- plaintext attack using 1500 different encryptions. Khafre with 24 rounds can be broken with the same attac
428,zero_shot,10,rec.sport.hockey,9,rec.sport.baseball,9,"The problem is that (by no fault of ESPN) ongoing games are not covered 'til the final horn sounds. With two channels, SCNY and SCA, late-finishing games (up to Pacific time) and overtimes elsewhere will kick in at the end of local coverage. If SCNY "
429,zero_shot,13,sci.med,14,sci.space,14,You might look for an allergy doctor in your area who uses sublingual drops instead of shots for treatment. (You are given a small bottle of antigens; 3 drops are placed under the tongue for 5 minutes.) My allergy to bermuda grass was neutralized thi
430,zero_shot,4,comp.sys.mac.hardware,5,comp.windows.x,5,"I heard that the magic date for price drop in a number of Apple products will be June 30th. Can anyone second this rumour? -- A motion picture major at the Brooks Institute of Photography, CA Santa Barbara and a foreign student from Kuala Lumpur, Mal"
431,zero_shot,15,soc.religion.christian,18,talk.politics.misc,18,"I am going to stop reading the homosexuality posts, at least for a while, because of the repeated seemingly personal attacks on me via post/e-mail(mainly e-mail). If anyone has a specific comment, suggestion, and/or note that does not contain any nam"
432,zero_shot,12,sci.electronics,12,sci.electronics,12,Could someone tell me what's in a Cornell-Dubilier EMI Filter FIL 3363-001? It is rated at 13A 115/250VAC 50/60HZ. Is it just MOV's and ferrite?
433,zero_shot,5,comp.windows.x,6,misc.forsale,6,please subscribe me.
434,zero_shot,19,talk.religion.misc,16,talk.politics.guns,16,"In <1993Apr24.214843.10940@midway.uchicago.edu> eeb1@quads.uchicago.edu If the ONLY people proposing a ""moment of silence"" are doing so as a sham to sneak in prayers, then it MUST be opposed. What the HELL have prayers to do with public schooling? [I"
435,zero_shot,19,talk.religion.misc,15,soc.religion.christian,15,"Uh oh, Michael; you typed ""hell"" and capitalized it to boot! Now Peter Nyikos will explain that you're not a real Christian! BZZT! Sorry Michael--the Nyikos Inquisition pointed out that I was hell-bound after one mildly scurrilous pun on ""revealing o"
436,zero_shot,11,sci.crypt,16,talk.politics.guns,16,": WOULD WIRETAP CHIP BE COST-EFFECTIVE? : SUMMARY: Compared to an average monthly phone bill of sixty dollars, : wiretaps are only worth two cents a month to police. So the : proposed wiretap chip must raise phone costs by less than one part : in thr"
437,zero_shot,9,rec.sport.baseball,9,rec.sport.baseball,9,"[stuff about Ron Gant incident deleted] I agree that Hirschbeck was just doing what he was instructed to do and also that Gant should have listened to him. However, what is with this policy of trying to speed up the games. You are the first person ( "
438,zero_shot,3,comp.sys.ibm.pc.hardware,3,comp.sys.ibm.pc.hardware,3,I am thinking about buying a new motherboard and a cyrix 486dlc 40 or 33 Mh z. It will be an upgrade from a 386sx 25. I was wondering if anybody has any FACTS they can fill me in on. If anybody has one what do you think about it? I will also get a cy
439,zero_shot,15,soc.religion.christian,15,soc.religion.christian,15,"Sorry, I put my foot in my mouth, concerning the church's history. It is correct to say that the Council of Hippo 393 listed the deuterocanonical books among those accepted for use in the church, and that this was ratified by the Council of Carthage,"
440,zero_shot,4,comp.sys.mac.hardware,4,comp.sys.mac.hardware,4,"Archive-name: macintosh/general-faq Version: 2.1.3 Last-modified: April 16, 1993 Copyright 1993, Elliotte Harold Changes: 2.1: Where can I FTP Macintosh software? I added the ftp site anl.anl.fr. 2.5: What is .bin? .hqx? .cpt? .image? .etc.? Disk Dou"
441,zero_shot,1,comp.graphics,4,comp.sys.mac.hardware,4,"Hei Pei. I can not help you directly width you problem, but there may be intermediate roads to take to get to the IFF. I am using a converter that can take IGES, IIF, DXF -> IGES, MILESPEC I IGES, MILESPEC II IGES, IIF, MILESPEC I IIF, MILESPEC II II"
442,zero_shot,14,sci.space,17,talk.politics.mideast,17,"From article <1993May14.023220.1@vax1.tcd.ie>, by apryan@vax1.tcd.ie: Hmmm... Atlantis left Eureca in a 28 degree orbit. Retrieving it is going to be *REALLY* fun if they fly to 57 degrees. Torque that Canadarm! :-)"
443,zero_shot,6,misc.forsale,16,talk.politics.guns,16,"I am not a company, thus this is not a commercial sale. I purchased 256 T-shirts last fall for a fund raiser that fell through. We didn't have the time to sell the shirts. I have about 175 shirts left and I am willing to sell them to you for $5.25 a "
444,zero_shot,14,sci.space,14,sci.space,14,.. As Ben says - this re-boost idea is all news to us here. Do you know something we don't? Please supply a source - it would be nice for the schedulers of observations to know where the thing is going to be. These altitude numbers are also way off. 
445,zero_shot,5,comp.windows.x,12,sci.electronics,12,"Hi folks, I'm trying to compile xfig 2.1.7 on a SS1+ running SunOS 4.1.1 and OW 2.0, and I'm having a little trouble with make/imake. Specifically, make bombs when it needs to use any Xaw file. This isn't surprising since X11 files on Suns with the s"
446,zero_shot,9,rec.sport.baseball,9,rec.sport.baseball,9,"Total Baseball, which also tries to evaluate a player's total offensive and defensive contributions, gives Barry Bonds a Total Player rating of 9.0 for 1992. Only one other player since Ruth attained that mark: Cal Ripken for his 1984 season. Roundin"
447,zero_shot,14,sci.space,16,talk.politics.guns,16,"A young French skeptic, who reads (skeptically) the UFO review OVNI Presence (O.P.), sent me the following excerpt from an August 92 issue of this review (R.G. = Robert Galley, French minister of defense in 1974, answering about the Belgian UFO wave)"
448,zero_shot,7,rec.autos,14,sci.space,14,Thanx Craig.... in addition to Craigs coments - and to clear up any further confusion.... the 200SX (of USA) was reffered to as a Silvia Turbo in the UK.... performance figures of UK 200SX are:
449,zero_shot,12,sci.electronics,12,sci.electronics,12,"You don't say what kind of ""electronic equipment"" you mean. It's hard to give a generic answer. There is essentially no solvent that won't do things like washing lubricant out of switches. When we've needed to do an emergency cleaning job on things, "
450,zero_shot,1,comp.graphics,7,rec.autos,7,"Can someone please give me a couple names of anonymous ftp sites that cater to graphics. I am looking for info/ sources/images for building a ray tracer. Thanks,"
451,zero_shot,13,sci.med,13,sci.med,13,My doc handed me 10mg samples of CLARITIN (brand of Ioratadine Tablet from Schering Corp.) I tried to find it in the PDR to no avail. I do remember she mentioned this drug was relatively new to the US but available overseas for quite some time. Looki
452,zero_shot,0,alt.atheism,16,talk.politics.guns,16,"What is your reaction to people who claim they were abducted by space aliens? Some of these people say, ""I was abducted, experimented on, etc."" If we insist that these aliens don't exist is the burden of proof placed on us. These people can give no h"
453,zero_shot,12,sci.electronics,12,sci.electronics,12,"I'm looking for a circuit that will flash an led on in response to the output from a walkman cassette player. How could I do this? I don't want it just to turn on, I want it to 'strobe' once so to speak, per every beep I put on a cassette tape. Would"
454,zero_shot,18,talk.politics.misc,16,talk.politics.guns,16,"Excuse me? Quality? As in grade A CO2 and grade B CO2? I may not have this quite right but I was under the impression that CO2 was CO2. Furthermore, A) There is no reason to believe this system is inherently stable- The Ice ages occured without any h"
455,zero_shot,16,talk.politics.guns,16,talk.politics.guns,16,"This is quite corect, but a bullet hitting a burned body with little energy will show virtually no deformation, ie a hollow point probably would not expand, an FMJ would be ""pristene"". Also the bullets will not be marked with the lands ang grooves of"
456,zero_shot,3,comp.sys.ibm.pc.hardware,4,comp.sys.mac.hardware,4,Has anybody ever heard of Hawk EISA/VLB motherboards? NET Computers International (from Computer Shopper) has the 486/33 version w/256k cache for $559. I'm trying to decide between this motherboard and the NICE motherboard. Thanks! PS: The Hawk mothe
457,zero_shot,17,talk.politics.mideast,16,talk.politics.guns,16,"You deliberately deleted a line! I don't remember how wrote it, but I remember what he wrote. He wrote Happy 45 birth day of Israel! and I worte: Is this means that the number of the people have been killed by Israel are so high that you can not keep"
458,zero_shot,15,soc.religion.christian,15,soc.religion.christian,15,": Consequently, : this verse indicates that she was without sin. Also, as was observed at : the very top of this post, Mary had to be free from sin in order to be the : mother of Jesus, who was definitely without sin. If the mother of Jesus had to be"
459,zero_shot,4,comp.sys.mac.hardware,2,comp.os.ms-windows.misc,2,"I read in a recent Tidbits(171-2?) about the possibility of putting a 68030 in a PB100. I am interested in doing so, but would like to know more about it. Does it involve just replacing the 68000 that is on the daughterboard, or does it involve getti"
460,zero_shot,2,comp.os.ms-windows.misc,18,talk.politics.misc,18,"Hmmm. I gave two examples which matched your objective criteria, and your response was some subjective claptrap about them being 'lame'. You never did counter the fact that those examples fit your objective criteria. One wonders who's playing semanti"
461,zero_shot,3,comp.sys.ibm.pc.hardware,5,comp.windows.x,5,"Doesn't anybody actually read the licence agreement of WinBench before blindly running it? The licence agreement very clearly says that details about hardware configuration, driver, resolution and other relevant facts *MUST* be included when giving W"
462,zero_shot,7,rec.autos,6,misc.forsale,6,"What's the best lease quote that anyone has seen on a Toyota Previa DX or DX All-trac for a two-year lease? If you know where I can get a better rate than $330/month, please contact me with the name and phone of the dealership."
463,zero_shot,10,rec.sport.hockey,9,rec.sport.baseball,9,"I hope this makes you feel better, but the overtime between the Isles and the Caps was GREAT!!!"
464,zero_shot,4,comp.sys.mac.hardware,4,comp.sys.mac.hardware,4,"According to MacWeek of 2-22-93: The Cyclone will come in the same metal minitower case as the Quadra 800, while the Tempest will share the low-slung case of the Centris 610. Apple will offer a miniature video camera that can be mounted above the use"
465,zero_shot,2,comp.os.ms-windows.misc,5,comp.windows.x,5,"PaintShop Pro for Windows is a fantastic product. It can handle TIFF, GIF, BMP, PCX, and many other formats, displaying them and converting between them. There is a shareware version of the program; I assume it's available in the Windows areas of the"
466,zero_shot,1,comp.graphics,3,comp.sys.ibm.pc.hardware,3,"I read a mesg. somewhere on GENIE about Intel coming out with a graphics standard called PCI, which would supplant VESA standards. Is this a rumor, or is there some substance to it. If any of y'all have heard of this ""standard"" please e-mail me on ho"
467,zero_shot,9,rec.sport.baseball,9,rec.sport.baseball,9,"IMHO this is the most untrustworthy, silly stat, by today's rules, in all of baseball. My understanding is to qualify as a save a pitcher cannot pitch more than three innings and the potential tying run must at least appear in the on-deck circle. Als"
468,zero_shot,2,comp.os.ms-windows.misc,5,comp.windows.x,5,"I'm waiting for June first to roll around when I can then get my hands on PC-Solaris...Unix for the Intel chip! I know that there are many of other unix possibilities out there, but this includes the Wabi (Windows API Binary Interface...I think) tech"
469,zero_shot,9,rec.sport.baseball,9,rec.sport.baseball,9,"MLB Standings and Scores for Wednesday, April 21st, 1993 (including yesterday's games) NATIONAL WEST Won Lost Pct. GB Last 10 Streak Home Road San Francisco Giants 09 05 .643 -- 8-2 Won 2 05-02 04-03 Houston Astros 07 06 .538 1.5 7-3 Lost 1 02-04 05-"
470,zero_shot,4,comp.sys.mac.hardware,4,comp.sys.mac.hardware,4,"I copy relevant articles like this and post'em on local BBSes. Not everyone has newsgroup access. ;-) -Kelley- -- ----------------------------------------------------------------- Thomas Kelley Boylan, PowerPC, IBM Austin, kelleyb@austin.ibm.com"
471,zero_shot,5,comp.windows.x,3,comp.sys.ibm.pc.hardware,3,Hello Xperts out there. I've just built X11R5 for SunOS 4.1.1/SPARC. I have gcc-2.2 and I'd like to use its 64-bit capability to generate an X11 release which will render to the frame buffer using store-double (64-bit) machine code. Can anyone tell m
472,zero_shot,8,rec.motorcycles,18,talk.politics.misc,18,"Don't feed it so much. Seriously. Sort of like that scene in ""10"", in the minister's study, when the secretary lets one fly, and the startled dog runs from the room. The minister explains, ""Every time Mrs. Soandso breaks wind, we beat the dog."""
473,zero_shot,12,sci.electronics,7,rec.autos,7,"I am looking for a 20/40 MHz scope, in good condition. Please email me or call me at (713)280-2788."
474,zero_shot,16,talk.politics.guns,16,talk.politics.guns,16,"This claim hasn't been retracted or contradicted yet, as many earlier government claims have? At least one clip showed a fire erupting after a tank busted in a wall. We have unsubstantiated claims by the government about the FLIRs spotting ""simultane"
475,zero_shot,4,comp.sys.mac.hardware,18,talk.politics.misc,18,"I will poke around in the U of M archives and see if I find something. If anyone else finds this, please post the location! :-)"
476,zero_shot,6,misc.forsale,9,rec.sport.baseball,9,Does it in the I have had a Nikon L35AW since 1988. Unfortunately it is no longer made. It is a P & S sealed to resist water to a depth of 12 feet. It is not really an underwater camera but it has been great in wet and dusty conditions. It takes AA b
477,zero_shot,4,comp.sys.mac.hardware,18,talk.politics.misc,18,"That's what the pseudo-disclaimer is supposed to say, sorry for the confusion. -nate"
478,zero_shot,2,comp.os.ms-windows.misc,2,comp.os.ms-windows.misc,2,"Sometimes when I boot up windows 3.1, after the windows logo comes up it han gs, I am using Dos 6 and doublespace, and a 5 meg temp swap file on an uncompressed drive. But when I press the reset button on the computer, windows boots up fine... Why is"
479,zero_shot,14,sci.space,13,sci.med,13,"Nowadays, usually with a computer. No theory predicted the numeric discoveries listed above. No one can yet write an algorithm that will predict the precise behavior of any of these at any precise level of their evolution. So it remains for experimen"
480,zero_shot,18,talk.politics.misc,16,talk.politics.guns,16,+>The paranoid assertion that the BATF fired first in an unprovoked +>assault assumes that the BATF were on a death wish. Had they +>expected the B-D to be anything other than peacefull citizens who +>would accept a search authorized by a court they 
481,zero_shot,14,sci.space,14,sci.space,14,"Ejon Matejevic who was a full professor at Clarkson University, last I heard, developed the process for sticking Teflon to metals. I don't think it was a NASA project, cuz i heard he held the patent on it, and had made quite a bundle off it. Anyone f"
482,zero_shot,2,comp.os.ms-windows.misc,5,comp.windows.x,5,"Are you sure you want to do that? If a win app locks up for some reason, ctrl-alt-del may be the only way to kill the app and get back to Windows. Granted it doesn't work all that often but it has come in handy on occasion. I consider it pretty caref"
483,zero_shot,4,comp.sys.mac.hardware,13,sci.med,13,"Interesting, as I think computer technology is now becomming widespread enough now that it is no longer a position which must require a degree. I know of several people I work with that make just as much as I do and they don't even have a BS degree i"
484,zero_shot,13,sci.med,16,talk.politics.guns,16,"How is it that placebos are legal? It would seem to me that if, as a patient, you purchase a drug you've been prescribed and it's just sugar (or whatever), there's a few legal complications that arise: 1. If you have been diagnosed with a condition a"
485,zero_shot,13,sci.med,18,talk.politics.misc,18,"It may be a good way to catch a cold. It's easy to pick up cold viruses on your fingers, either from touching a contaminated surface, or by shaking hands with someone that has a cold. Then putting your fingers in your nose will transfer the viruses t"
486,zero_shot,7,rec.autos,18,talk.politics.misc,18,"Limited Tort Option will lower your rates. If you choose it, you can't sue others for pain & suffering, but you still can sue for economic loss. So you can sue for your wrecked car and for medical bills, but you can't sue for $1000000 for pain and su"
487,zero_shot,3,comp.sys.ibm.pc.hardware,5,comp.windows.x,5,"I have uploaded the most recent Windows drivers for the Cirrus GD5426 chip based display cards to the uploads directory at ftp.cica.indiana.edu (file is 5426dr13.zip). They're very recent, I downloaded them from the Cirrus BBS (570-226-2365) last nig"
488,zero_shot,9,rec.sport.baseball,9,rec.sport.baseball,9,"[stuff deleted] I agree with the flavor of this post, but disagree with one specific argument. That ""has great hands"" means nothing. It seems to me that a first-baseman's defensive value is not entirely (or even primarily) from his ability to field g"
489,zero_shot,3,comp.sys.ibm.pc.hardware,3,comp.sys.ibm.pc.hardware,3,I have a ST138 RLL hard drive and I have just got another 32M hard drive. The controller in my machine is a WD-1002-27X. Can a kind soul please mail me or tell me how to get jumper settings for that board? I really appreciate this. Thanks in advance.
490,zero_shot,15,soc.religion.christian,15,soc.religion.christian,15,"The Blessed Virgin Mary appeared to Catherine Laboure, a nun of the sisters of Charity on July 18, 1830 at Rue du Bac, Paris. Sister Catherine was awakened late that night by a small boy, age 5 or 6, who was literally glowing with some sort of interi"
491,zero_shot,4,comp.sys.mac.hardware,4,comp.sys.mac.hardware,4,": Yes, Duo prices have dropped. I don't have the MSRP reductions, : (though you can find it in a recent TidBITS, archived at sumex) : but here's the Berkeley educational price list (old -> new) : Duo 210 4/80 $1919 -> 1569 : Duo 230 4/80 $2225 -> 196"
492,zero_shot,18,talk.politics.misc,16,talk.politics.guns,16,"Why are you all playing these pathetic number games? The number of people showing up at the MOW hardly constitutes the entire queer populace. I doubt that it constitutes more than a handful of us. I'm queer, and I won't be there, simply because I don"
493,zero_shot,5,comp.windows.x,12,sci.electronics,12,EPS _IS_ plain postscript. It is only wrapped by some comments and stripped of any dubious commands for compatibility. You can simply do %! save gsave /showpage {} def % Include eps file here grestore restore showpage % end of file and this way show 
494,zero_shot,7,rec.autos,17,talk.politics.mideast,17,"[Much discussion about economics of safety deleted] This is a very simplistic view of safety. Assuming that you are in a collision (less likely with a more agile smaller car), then the important factor is how well does the car sacrifice itself to sav"
495,zero_shot,7,rec.autos,16,talk.politics.guns,16,cheek.
496,zero_shot,13,sci.med,18,talk.politics.misc,18,"I've heard of NO studies, but speculation: Why on _earth_ would there be any effect on women's health? That's about the most absurd idea I've heard since Ted Kaldis's claim that no more than 35,000 people would march on Washington. Ok, _one_ point: G"
497,zero_shot,4,comp.sys.mac.hardware,2,comp.os.ms-windows.misc,2,"Here's the scoop: For the past two years, I have been using an SE/30 with a Sony 1304s and a Lapis video card. This past month, I bought a Quadra 800 and am now using the Sony on it. My SE/30 has been shipped home to my father who is planning on gett"
498,zero_shot,16,talk.politics.guns,16,talk.politics.guns,16,"I have NEVER spoken for a ban against guns in America ! What I've said is that there seems to be to MANY of them, and especially to many in wrong hands.... Now IF you would like to reduce the number, how would you do it without affecting good/responc"
499,zero_shot,6,misc.forsale,4,comp.sys.mac.hardware,4,"Acorn Software, Inc. has 3 tape drives (currently used on a VMS system) for sale. These are all SCSI tape drives and are in working condition. WangDat 1300 4mm $500.00 WangDat 2600 4mm (compression) $650.00 Exabyte 8200 8mm $650.00 (SALE PENDING) Plu"
500,zero_shot,17,talk.politics.mideast,15,soc.religion.christian,15,"About 2 years ago, there was a lot of noise about a Church in the Old City of Jerusalem being taken over by a Jewish group. In fact, the building in question was a dormitory that belonged to a church and was not physically connected to any church. It"
501,zero_shot,5,comp.windows.x,13,sci.med,13,"-| -| Alas, we too will have to stop using it. -| -| Brian -| -- -| Brian Glendenning - National Radio Astronomy Observatory -| bglenden@nrao.edu Charlottesville Va. (804) 296-0286 It says in the licence that non-profit organisations have the rights "
502,zero_shot,9,rec.sport.baseball,9,rec.sport.baseball,9,"How do you know they can be shortened by half-an-hour? Has anybody done a study to determine how much time is actually ""wasted"" -- say, in these A's games?"
503,zero_shot,13,sci.med,14,sci.space,14,This effect disappears if you clean your apparatus after you kirlianed the whole leaf and before kirlianing the leaf part.
504,zero_shot,16,talk.politics.guns,16,talk.politics.guns,16,"The suggestion that they Davidians committed suicide is completely without evidence. Except for the editorials... Please re-word. ""propensity for allegedly dousing themselves"". Oh, and the survivors claim the the FBI started the burning by accidental"
505,zero_shot,19,talk.religion.misc,15,soc.religion.christian,15,"Brian Ceccarelli presents us with the fallacy of False Dichotomy in stating that we must accept every thing in the books attributed to Peter, or we must discount every other book of antiquity: Mr Ceccarelli, you seem to be stating that we must accept"
506,zero_shot,14,sci.space,14,sci.space,14,"Well, almost. It turns out that clever orbital mechanics can engineer things so that resonant interactions with the higher order harmonics of the Earth's gravitational field can pump energy into a satellite, and keep it from experiencing drag effects"
507,zero_shot,1,comp.graphics,14,sci.space,14,The OTIS Project presents... SYNERGY: Revolt ...the first in a continuing series of collaborative art initiatives designed to exploit the binarity of the infosphere. This series of diversely structured art-manipulation projects will attempt to stretc
508,zero_shot,19,talk.religion.misc,15,soc.religion.christian,15,"[Discussion on Josephus inserts] Thanks. Am I correct, then, in assuming that that Josephus did in fact write about Jesus, but Christian copists embellished it?"
509,zero_shot,11,sci.crypt,16,talk.politics.guns,16,"Direction-finding and directional monitoring receivers. Can you say ""little black bakery truck""? :-) David"
510,zero_shot,1,comp.graphics,5,comp.windows.x,5,"I posted that document (forgot part 1/6 etc) but it was more than a summary, it was a complete technical description of the protocol. It can be ftped from simtel or from wuarchive.wustl.edu in mirrors/msdos/naplps Why not write a NAPLPS decoder for y"
511,zero_shot,2,comp.os.ms-windows.misc,2,comp.os.ms-windows.misc,2: comp.os,"This may be an FAQ (if so, please direct me to the known answer) but I am getting frustrated and looking for help. I am running Win 3.1 with NDW 2.2 on a 486sx with 8 meg of memory and a 6 meg perm swap file and am getting exceedingly frustrated that"
512,zero_shot,5,comp.windows.x,5,comp.windows.x,5,Archive-name: x-faq/speedups Last-modified: 1993/4/20 - - - - - - - - - - - - - - - - - - - - - - - - - - - - - - - - - - - - HOW TO MAXIMIZE THE PERFORMANCE OF X -- monthly posting - - - - - - - - - - - - - - - - - - - - - - - - - - - - - - - - - - 
513,zero_shot,14,sci.space,17,talk.politics.mideast,17,"Robert MacElwaine sez (again!); OK, I got it. Actually, these message of MacElwaine's are coded messages. Read only the caps, and it all comes clear!: Maybe it's a message telling us what actually happened to the legendary Larson. Perhaps it's a warn"
514,zero_shot,18,talk.politics.misc,16,talk.politics.guns,16,":So we try to ensure that the process of deciding whether to introduce :third parties isn't random. As Steve said above, there are examples :where third parties *are* less ignorant or corrupt than the two :primary parties; should this knowledge not b"
515,zero_shot,16,talk.politics.guns,18,talk.politics.misc,18,"of thier Eloquently, if somewhat shrilly, put. Well, why not? You have a way with words. And you sure get shrill on cue. Jim -- jmd@handheld.com"
516,zero_shot,8,rec.motorcycles,7,rec.autos,7,"& & If this is the same as adjusting the shims between cam and valve, I have & the same question. Do you buy a FULL set of shims before starting the & adjustment process, or do you calculate the shims you need and then run & off to the dealer in the "
517,zero_shot,2,comp.os.ms-windows.misc,2,comp.os.ms-windows.misc,2,"I am running Windows 3.1 on a 386SX-16 MHZ with Five Megs of Memory. The motherboard came with one meg, and I added the four megs this past weekend. They were 1X9 70 Simms. I had installed in the application menu MS-DOS command PARK. Up till today, i"
518,zero_shot,15,soc.religion.christian,18,talk.politics.misc,18,"Could the guy who wrote the article ""Why I am not Bertrand Russell"" resend me a copy?"
519,zero_shot,10,rec.sport.hockey,9,rec.sport.baseball,9,"Buffalo fans: Some people in the discussion group, as well as ""commentator Al"" on ESPN, believe that game 3 is critical for the Sabres. HELLOOOO!!!!! The Sabres are AHEAD 2 games to 0, not behind. As a life-long Sabres fan, I am well aware of their a"
520,zero_shot,17,talk.politics.mideast,18,talk.politics.misc,18,"This is one of the most ridiculous arguments I have heard from the Europeans. ""Let's let the Serbs massacre, rape, and ethnically clean 100,000 Bosnians because we don't want our pretty blue berets there to get scratched"". Well, I say, get them the h"
521,zero_shot,3,comp.sys.ibm.pc.hardware,3,comp.sys.ibm.pc.hardware,3,"Would someone be willing to explain to me the 486DX 50MHz is not more popular than it is? I would think it would be just as fast, if not faster than the 486DX 66MHz for certian applications. Plus, a 50MHz motherboard would seem better if you had any "
522,zero_shot,16,talk.politics.guns,16,talk.politics.guns,16,"I'm not sure were this thread has been before i popped in, but I've never thought of waiting periods as having anything to do with training or competence. I just can't imagin any valid reason for having a gun that can't wait a few days. I can think o"
523,zero_shot,7,rec.autos,14,sci.space,14,"As I recall from reading posts here a while back, Rovax (Rovacs?) died because it was larger and noisier than the competing cheap R12 systems of it day. Probably a case of bad timing. I think the system would have a better chance today now that R12 s"
524,zero_shot,7,rec.autos,7,rec.autos,7,"Damn straight! As far as I've heard, unless the owner is _very_ hard up, the GT-40s are not for sale at any price that mere mortals could afford. I think the GT-40 actually _is_ street legal, although that particular question is moot (see the price f"
525,zero_shot,7,rec.autos,7,rec.autos,7,"Talking about car alarms, there are certain cars in this country that are only insurable if they are fitted with a Vecta alarm. We're talking Coswoths and Porsches and stuff. Just before they (the insurance companies) decided to make this move, they "
526,zero_shot,5,comp.windows.x,5,comp.windows.x,5,"For flexibility. Anyway, what you say is not really true. The color information is associated with a GraphicsContext, not with a display, and the GC _IS_ a parameter to the drawing routines. So, if you need to fast switch between green dotted lines a"
527,zero_shot,3,comp.sys.ibm.pc.hardware,12,sci.electronics,12,"OK, here's my results so far.... 1: You have to define the monitor as LCD - it doesn't really support Analogue video input (It works, but isn't very linear...) 2: The incoming sync pulses need inverting. This is best achieved with either a cmos XOR p"
528,zero_shot,8,rec.motorcycles,7,rec.autos,7,"BUTT, BUTT, THEN YU W0NT BE ABLE T0 $EE THE CAR$ $NEAK!G UP BEHIND YU AND P0P A WHHHEEEEELLLLEEEEE T0 D!TCHUM AND THE CHICK$ DIG IT! Seriously, though, putting a helmet on a mirror is inadvisable because you are then resting the weight of the helmet "
529,zero_shot,12,sci.electronics,3,comp.sys.ibm.pc.hardware,3,"I hate to disagree, but I will. :) (note: I don't pirate software, nor do I trade it. I simply have met and talked extensively with those who have. that's it. the FBI can tap someone else's phone :) Most pirating is done by people who don't use the p"
530,zero_shot,10,rec.sport.hockey,17,talk.politics.mideast,17,"^^^^^^^^^^^^^^^^^^^^^^^ ^^^^^^^^^^^ Hopefully EPSN will use the lesson given by the master: Ted Turner. The season Ted introduced TNT, many cable co.'s refused to put it on, saying that, gee we get enough old movies, miniseries, etc. on TBS, USA, AMC"
531,zero_shot,19,talk.religion.misc,19,talk.religion.misc,19,"Oh boy, get a small baby and figure out how much brain power they have the first 6 months.... Cheers, Kent"
532,zero_shot,0,alt.atheism,15,soc.religion.christian,15,"[ ... my stuff deleted ... ] Bill, you seem to have erroneously assumed that this board has as its sole purpose the validation of atheism. It doesn't. This board is used to discuss atheism as a philosophy, to share posters' experiences regarding athe"
533,zero_shot,7,rec.autos,17,talk.politics.mideast,17,"Seems to me that I heard that some early Saabs were 2 cycle V4's. Then again, who could possibly care ?>"
534,zero_shot,9,rec.sport.baseball,9,rec.sport.baseball,9,"NOTE: Saturday, April 20th's scores should be sent out by this coming Friday. MLB Standings and Scores for Tuesday, April 20th, 1993 (including yesterday's games) NATIONAL WEST Won Lost Pct. GB Last 10 Streak Home Road San Francisco Giants 08 05 .615"
535,zero_shot,19,talk.religion.misc,16,talk.politics.guns,16,We have reached the point in our society when there are certain crimes that are so heinous that to merely be accused with them one is automaticly considered guilty and deemed not to have any natural rights much less civil rights. Among these are drug
536,zero_shot,15,soc.religion.christian,18,talk.politics.misc,18,Interesting idea. Regular televeision seems to do this sort of thing too with politically correct shows.
537,zero_shot,9,rec.sport.baseball,9,rec.sport.baseball,9,"Cool. And thank you for an intelligent response devoid of the silly name-calling of others. :) One of the basic things you need to OK. Actually, I think the large-scale sample size is part of the problem. It seems to me that if we were to plot all th"
538,zero_shot,4,comp.sys.mac.hardware,3,comp.sys.ibm.pc.hardware,3,"I believe the FPU on the LCIII is always supposed to go on the logic board, not in the PDS board. I have heard of crashing problems with PDS-based FPUs on the LCIII. Asante may have fixed them but why bother. Why bother building an LCIII card with an"
539,zero_shot,19,talk.religion.misc,17,talk.politics.mideast,17,"[..] Possibly the parallel just stems from your tending to use bad sources... Anyway, don't you think that similarity is rather shallow? You're only looking at the surface, at the way of argumentation. And now you should perhaps go a little deeper an"
540,zero_shot,1,comp.graphics,14,sci.space,14,"There is a review of 3DO in the latest ""wired"" magazine. You may just want to take a trip to the local bookstore and check it out (there's some cool pics too). (I haven't read it yet, or I'd tell you more.. :-)"
541,zero_shot,12,sci.electronics,13,sci.med,13,"The May 1993 cover of QST has a picture of three different boards without any solder mask (you can tell from the copper colored traces). The box labeled 2304 transverter has the brown teflon/glass board, while the one in the center has the grayish bo"
542,zero_shot,10,rec.sport.hockey,9,rec.sport.baseball,9,"During the first three games of the Pens-Devils series, I have been impressed time and time again by the pure talent of the Pens. Jagr, MacEachern and Barrasso have been especially fun to watch. But, one element of this team which goes unnoticed seem"
543,zero_shot,11,sci.crypt,14,sci.space,14,My interpretation of Denning's description is that S1 and S2 are chosen randomly by agents of the key escrow companies at the start of each 300- chip programming session. I imagine that the chips are in a carrier which will allow them all to be progr
544,zero_shot,13,sci.med,13,sci.med,13,": : How about contaminants on the corn, e.g. aflatoxin??? : Little alflatoxin on commercial cereal products and certainly wouldn't cause seizures."
545,zero_shot,9,rec.sport.baseball,9,rec.sport.baseball,9,"Here's a few two-sport star trivia questions. I'll admit they're not too difficult, but a bit challenging nevertheless. Mail me your answers please; or post them. 1. Which pitcher played for the Harlem Globetrotters? 2. Which major leaguer briefly tr"
546,zero_shot,7,rec.autos,7,rec.autos,7,"I am curious about knowing which commericial cars today have v engines. V4 - I don't know of any. V6 - Legend, MR3? MR6? VW Golf/Passat 2.8l VR6 (inline V6!), very narrow angle (11 deg?), one head. Audi 80/100 2.6/2.8l V6 V8 - Don't know of any. Audi"
547,zero_shot,17,talk.politics.mideast,17,talk.politics.mideast,17,"According to the NY Times, the 4 islands ""belong[] to the United Arab Emirates."" Why is it, then, that when the British, Iranians and UAE refer to Occupied Territory, they mean territory in dispute in Israel but not in their own affairs?"
548,zero_shot,19,talk.religion.misc,16,talk.politics.guns,16,"What makes you say that the guns were illegal?? I understand that the BD's had a valid Class III Federal Firearms Permit, which would allow them to have pretty much anything short of a howitzer legally."
549,zero_shot,18,talk.politics.misc,16,talk.politics.guns,16,"# |# # Can someone tell me why when Mr. Cramer spouts on about homosexuals, # |# # he only addresses homosexual men, and never, in any post I've read, # |# # addressed lesbians? # |# # |# I can't really speak for Mr. Cramer here, but I can say that a"
550,zero_shot,5,comp.windows.x,18,talk.politics.misc,18,"I got several answers, the most complete was from Errol Crary (errolc@tv.tv.Tek.com): Thanks for your help Karsten --"
551,zero_shot,0,alt.atheism,15,soc.religion.christian,15,"Yes, each is a form of the other. Charley an anarchist? No, just true words being spoken in jest."
552,zero_shot,2,comp.os.ms-windows.misc,2,comp.os.ms-windows.misc,2,"I'm looking for any information regarding Text Search Engines... Specifically, I'd prefer source or binaries which will run in a MS-Windows and/or UNIX environment scanning either flat files or common DB structures... References to PD, Shareware, or "
553,zero_shot,10,rec.sport.hockey,14,sci.space,14,1993 World Championships in Germany: ==================================== Group A standings (Munich) Group B standings (Dortmund) -------------------------- ---------------------------- GP W T L GF-GA +/- P GP W T L GF-GA +/- P Canada 3 3 0 0 17- 1 +
554,zero_shot,1,comp.graphics,17,talk.politics.mideast,17,"Does anyone on this group use this program? It stacks up pretty well to Corel Draw, and since I don't have a CDROM, it was the best buy..."
555,zero_shot,12,sci.electronics,12,sci.electronics,12,"Fiberglass boards are available in several colors. Sitting right here, I have unetched board stock that is white, blue, green and yellow respectively. I've also seen black boards. Solder mask is available in a variety of colors too. Depending on the "
556,zero_shot,17,talk.politics.mideast,16,talk.politics.guns,16,"Any state that the CIA does not control is called ""state that is linked to terrorism/militants/fundamentalists etc.."" Meanwhile Even Egyptian ""experts"" who hate The Islamic movement admit that what is happening in Egypt is spontaneous and most of the"
557,zero_shot,18,talk.politics.misc,18,talk.politics.misc,18,"From article <1qvampINNmhf@darkstar.UCSC.EDU>, by stephen@orchid.UCSC.EDU: I believe that this is not contradictory on the basis that the quality of media reporting varies greatly based on the subject at hand. The media has proven itself very accurat"
558,zero_shot,1,comp.graphics,2,comp.os.ms-windows.misc,2,I'm told that VRrend386 is available on the internet. I wanted to know where it is. Thanks in advance. Raoul
559,zero_shot,16,talk.politics.guns,18,talk.politics.misc,18,"Has anyone considered how to prosecute a city holding a ""no questions asked"" buy-back for receiving stolen property?"
560,zero_shot,4,comp.sys.mac.hardware,4,comp.sys.mac.hardware,4,"No. I recently bought an LC II with a 14"" monitor. The monitor comes with the type of power cable that plugs into the switched outlet on the back of most larger Macs. Since the LC II doesn't have one of these outlets, there was an extra standard powe"
561,zero_shot,19,talk.religion.misc,16,talk.politics.guns,16,"I see it as the camel's nose. I'm willing to take my chances on winning the whole thing, personally. -Ekr"
562,zero_shot,8,rec.motorcycles,7,rec.autos,7,"I read about a SuperTrapp system called E.A.R that was supposed to be quiet enough to pass some European standards. Apparently it's not on the market yet... Yoshimura makes a few systems that are supposed to be ""kind of"" quiet. They are also really l"
563,zero_shot,7,rec.autos,7,rec.autos,7,"Low oil pressure, usually. Could be your oil pump, or... checked your oil lately??? MC"
564,zero_shot,6,misc.forsale,6,misc.forsale,6,"************************************************ COLOR 19'' ZENITH TV for SALE ************************************************* Remote Control, $60. If Interested, please call 455 6948 or E-mail: peng@ece.ucsd.edu Must sell by Apr. 30."
565,zero_shot,11,sci.crypt,18,talk.politics.misc,18,"Oh? What about the precedent in which nuclear weapons information was published in ""The Progressive""? I was under the impression that the court held that prior restraint could NOT be used. Any lawyers out there? -- Perry Metzger pmetzger@shearson.com"
566,zero_shot,19,talk.religion.misc,15,soc.religion.christian,15,"They looked unto him, and were lightened: and their faces were not ashamed."
567,zero_shot,8,rec.motorcycles,7,rec.autos,7,Another tip is to make sure you keep well to one side of the lane. This gives you a quicker escape route.
568,zero_shot,10,rec.sport.hockey,9,rec.sport.baseball,9,Here are the standings after game 2 of each of the divisional semi-final series. - Andrew USENET Hockey Playoff Draft Standings Posn Team Pts Rem Last Posn 1. Sneddon Scorers 77 25 (1) 2. Arctic Circles 75 25 (75) Northern Lights 75 25 (33) Threepeat
569,zero_shot,0,alt.atheism,17,talk.politics.mideast,17,"[to Benedikt Roseneau ] #In article <1qv6at$fb4@horus.ap.mchp.sni.de> # #>#The information of that is invariant under your child being a son or #>#a daughter and singing about Santa Claus. Wasn't your argument that #>#""there has to be more""? #>More t"
570,zero_shot,12,sci.electronics,12,sci.electronics,12,: I'm wondering if it's possible to use radio waves to measure the : distance between a transmitter(s) and receiver? : : Seems to me that you should be able to measure the signal strength : and determine distance. This would be for short distances (2
571,zero_shot,12,sci.electronics,14,sci.space,14,[...] Does this imply the German tone dialing is compatible with the American one? I know at least the British system is not -- it is supposedly close enough though that an American phone will work. But my modem (American) has a special setting for B
572,zero_shot,13,sci.med,0,alt.atheism,0,": : BUT, to say you're an atheist is to suggest you have PROOF there is NO GOD. : To be a politically-correct skeptic, better to go with agnostic, like me! :) : As a self-proclaimed atheist my position is that I _believe_ that there is no god. I don'"
573,zero_shot,14,sci.space,12,sci.electronics,12,"Sure about that? Maybe Proxima might cause problems, but at Oort Cloud distances AC a and AC b together look like a point source. Besides, even the solar system's Oort cloud is unstable over geologic time, right, and needs to be replentished from som"
574,zero_shot,4,comp.sys.mac.hardware,4,comp.sys.mac.hardware,4,"Your source is wrong. The double speed CD300 is still slow compared to a typical hard disk. The LC can easily handle the SCSI transfer rate of the CD300. None of the current Macs, even the Quadras, support SCSI-2 unless you get a SCSI-2 Nubus Card. Y"
575,zero_shot,10,rec.sport.hockey,14,sci.space,14,"OK, here is my try: Lukko, Finland (look at the colors of his mask) ex-JyPHT, Finland, now in Germany Excellent defenseman HIFK, Finland Tappara, Finland HPK, Finland Jokerit, Finland HPK, Finland JyPHT, Finland, no new contract JyPHT owns his player"
576,zero_shot,5,comp.windows.x,14,sci.space,14,"Ok, I'm being driven batty. Trying to create popup-menus (ie. button3 press, and a menu appears). I would really like to use the standard Athena classes to achieve this goal, but for my best attempts I cannot get the menus to come up without using a "
577,zero_shot,12,sci.electronics,14,sci.space,14,Tis' only a gleam in my eye at this point. I have yet to chose a tracking method. The initial requirement was to design a system to locate a dancer in one of eight zones across the stage. I did some experiments with pyroelectric detectors and found t
578,zero_shot,18,talk.politics.misc,16,talk.politics.guns,16,"Just out of curiosity, what else was there to do in this situation? Wait another 51 days/weeks/months/years??? Was there anything indicating that these children and the other people were going to get out alive?"
579,zero_shot,19,talk.religion.misc,15,soc.religion.christian,15,"Rick, I think we can safely say, 1) Robert is not the only person who understands the Bible, and 2), the leadership of the LDS church historicly never has. Let's consider some ""personal interpretations"" and see how much trust we should put in ""Orthod"
580,zero_shot,14,sci.space,16,talk.politics.guns,16,"I can't speak to sheer mass, but part of the problem is that HST wasn't built to ever be brought back down. It's not built for those kinds of 'jolt' forces and there is no support cradle for it (which is additional weight that would be required. -- """
581,zero_shot,18,talk.politics.misc,16,talk.politics.guns,16,Rejoice! The Streets of Amerika are much safer now that the Branch Davidians no longer have those nasty assault weapons. Your children will no longer lie awake at night wondering when the next Brand Davidian will attempt to shoot them from their rura
582,zero_shot,14,sci.space,14,sci.space,14,": Mike Adams suggested discussions on long-term effects of spaceflight : to the human being. I love this topic, as some of you regulars know. : So, having seen Henry's encouraging statement about starting to talk : about it; I shall. : I feel that we"
583,zero_shot,3,comp.sys.ibm.pc.hardware,4,comp.sys.mac.hardware,4,"*** On 04-20-93 21:25, Larry Henson had the unmitigated gall to say this: LH> Hello, I am trying to hook an Apple Imagewriter to my IBM Clone. LH> I seem to have a problem configuring my lpt port to accept this. How LH> can you adjust baud, parity, e"
584,zero_shot,9,rec.sport.baseball,9,rec.sport.baseball,9,Ugliest swing..I am not sure. I think the ugliset stance is Jolio Franco of the Ranger. I wonder how that bat comes around in time to hit the ball. It looks bad but hey.it get the job done.
585,zero_shot,4,comp.sys.mac.hardware,13,sci.med,13,"I guess the real question is: Who asked the original questions, and why was it so _broad_. Are we talking pure processing power (what kind of processing BTW) isolated from every other factor and influence in the system? Or are we shopping for a home "
586,zero_shot,13,sci.med,13,sci.med,13,I need some information on the implications of receiving cortisone shots for a seasonal allergic condition.
587,zero_shot,16,talk.politics.guns,18,talk.politics.misc,18,"I need quotes from Jefferson, Hamilton, Madison, or any of the other founders, that support the idea that the Second Amendment was written into the Constitution so that the populace could protect itself it the government began to degenerate into tyrr"
588,zero_shot,3,comp.sys.ibm.pc.hardware,17,talk.politics.mideast,17,To those who own CMS's Trakkers...please email me with your thoughts on your machine...and specifics such as avg. file access..etc
589,zero_shot,2,comp.os.ms-windows.misc,3,comp.sys.ibm.pc.hardware,3,"Hi, I've got an older 386/25 motherboard (old as in, uses a 1988 keyboard controller, and uses memory interleaving rather than caching). It has developed a problem where trying to copy files from floppy cause the machine to lock up (reset button requ"
590,zero_shot,18,talk.politics.misc,16,talk.politics.guns,16,"What is your proof that they ""did the best they could""? Unless they had strong evidence that the children were in IMMEDIATE danger then ""the best they could"" have done was to SHOW RESTRAINT. Some of us DID predict this outcome, or at least suggested "
591,zero_shot,7,rec.autos,7,rec.autos,7,Save youself the cash. Take it from a BMW mechanic. Idiot lights are for just that. Buy yourself a ballpoint pen and write it down yourself. Change your oil every 3000 mi. and you will be just fine.
592,zero_shot,19,talk.religion.misc,16,talk.politics.guns,16,.
593,zero_shot,13,sci.med,13,sci.med,13,"I am looking for statistics on the prevalence of disorders that are treatable with Botulinum Type A. These disorders include: facial dyskinesia, meige syndrome, hemifacial spasm, apraxia of eyelid openeing, aberrant regeneration of the facial nerve, "
594,zero_shot,17,talk.politics.mideast,16,talk.politics.guns,16,"Why? There is no need to go into this....... especially this rivetting piece of information. As I remember, someone did ask if UV had a speach code. But, really, there is no need for this brief survey course. How wonderful for you."
595,zero_shot,1,comp.graphics,5,comp.windows.x,5,1) Lucas film 2) Pixar 3) 3D/Eye Inc. 4) Light & Magic
596,zero_shot,15,soc.religion.christian,15,soc.religion.christian,15,"Someone referred to my FAQ essay on homosexuality. Since it hasn't been posted for some time (and I've modified it somewhat since the last time), I'm taking this opportunity to post it. There is another entry in the FAQ containing comments by some ot"
597,zero_shot,19,talk.religion.misc,16,talk.politics.guns,16,"This morning on CNN (tues April 27), Texas Cops say Arson is suspected because of two falsh points. CNN also stated that _all_ surviors claim the fires are FBI set. Your argument are made-up, untrue and unverified at best. The day of the attack the F"
598,zero_shot,9,rec.sport.baseball,2,comp.os.ms-windows.misc,2,"Attendance in 1992 was down. By .3%. From an all-time record in 1991. In people terms, attendance was down by 310,000 from 1991 to 1992. Two franchises, the Dodgers and Mets, were down by 1,100,000 from 1991 to 1992. Had either of them not been entir"
599,zero_shot,9,rec.sport.baseball,9,rec.sport.baseball,9,"It depends. If, in the judgment of the umpire the batter made no attempt to avoid getting hit, the batter is awarded first for a base on balls. If the umpire rules he did try to get out of the way, he's awarded first because of a hit batsman. Ryan Ro"
600,zero_shot,8,rec.motorcycles,16,talk.politics.guns,16,"I think you are, small, feeble minded, bunghole. Yeah, it was one stupid little act. When are people like you gonna get it through they're thick excuses for a skull to their pea-sized piece of shit they call a brain that it _was_ _once_? why don't yo"
601,zero_shot,5,comp.windows.x,4,comp.sys.mac.hardware,4: comp.sys,"I am urgently looking for the following article, but I can't seem to find it anywhere here: ""The Multi-Threaded X Server"" John Allen Smith The X Resource Issue 1, pp. 73-89, Winter 1992 If anyone can tell me where to find it, it WILL be much apprecia"
602,zero_shot,5,comp.windows.x,18,talk.politics.misc,18,"The problem was that TextField was improperly walking the string; it used the character count instead of the byte count... a significan ""Oops"". The problem has been fixed and the patch is included in the latest periodic patch from HP support services"
603,zero_shot,12,sci.electronics,14,sci.space,14,I am interested in finding a supplier for an array of leds on material which is transparent when nothing is lit. I'm not quite sure what LCD screens are like away from the laptop but I would guess they are not too clear. An ideal item would be an LED
604,zero_shot,13,sci.med,16,talk.politics.guns,16,I don't believe any state licenses herbologists or iridologists.
605,zero_shot,13,sci.med,16,talk.politics.guns,16,"Resinfo (research and information) is currently seeking contact _IN_ the United Kingdom with researchers of 'phenylanine', or is this amino acid uninspiring?"
606,zero_shot,11,sci.crypt,16,talk.politics.guns,16,"Interesting. Tell us, what happens if I were to say OK, I want to have something else. If the law enforcement wants my traffic, they can record it, then get a search warrant, and get the keys FROM ME, just like they would the keys to a stout private "
607,zero_shot,14,sci.space,14,sci.space,14,"[deleted] [deleted] Ok, so those scientists can get around the atmosphere with fancy computer algorythims, but have you looked ad the Hubble results, the defects of the mirror are partially correctable with software (see those jupiter pictures for re"
608,zero_shot,2,comp.os.ms-windows.misc,2,comp.os.ms-windows.misc,2,"This may work, but won't it involve invoking the applications, e.g. if you drag a .bmp or .txt file to the min. Print Manager icon, won't it RUN Notepad and Paintbrush before printing? If you just want to drag a file (.txt or .bmp) to a print server "
609,zero_shot,16,talk.politics.guns,15,soc.religion.christian,15,"I guess you need to be reminded of some things! Have you ever heard of the First Amendment? I guess not. It isn't a crime to be a religous (I know you said ""sacraligious"", but it isn't your place to judge his religion) zealot in this country. REMEMBE"
610,zero_shot,10,rec.sport.hockey,17,talk.politics.mideast,17,": That's not inner calm. It's boredom, and it's being spoiled. The Arena's : been as quiet as a church on many nights this year; too many of us just : take winning for granted. It's been seemingly forever since the team : lost, and we've forgotten wh"
611,zero_shot,5,comp.windows.x,3,comp.sys.ibm.pc.hardware,3,"Most DOS X servers are terribly slow to use in my experience - and no, I guess performance would be pretty bad. I believe the discussion is valid for an X server on a decent workstation."
612,zero_shot,9,rec.sport.baseball,9,rec.sport.baseball,9,Last year my nine year old son fell in love with baseball and now likes to play and to follow the professionals. I would like to buy him a board game so he can catch a glimpse of and practise a little of the managerial stragegy. I am not looking for 
613,zero_shot,14,sci.space,14,sci.space,14,"Hello, All! I apologize, I haven't published my astro FTP list since March. Now I haven't tested all the sites included into the list. I would notified all the people, you have stored some older issues of my, there are now lots of changes. Many sites"
614,zero_shot,16,talk.politics.guns,16,talk.politics.guns,16,"started!"". not It's also what you say when you're waiting for the end to come in a ""fiery apocalypse""...just a thought. Personally, if the fire was set (by either side), I wonder about the timing. If Koresh & Co. set the fires, why wait through six h"
615,zero_shot,15,soc.religion.christian,15,soc.religion.christian,15,"Here is the short answer: because only certain marriages are recorded in Heaven. Now for the long answer: In Doctrine and Covenants section 132, the chapter discussing eternal marriage (and, yes, plural marriage), the distinction between sealings und"
616,zero_shot,10,rec.sport.hockey,7,rec.autos,7,"Awesome home record or not, you need to remember the 7th game last year at the Aud. I'd like to see some playoff games since I'm stuck in Buffalo at UB, but I think Boston isn't giving up so easy."
617,zero_shot,12,sci.electronics,12,sci.electronics,12,"""Petroleum naphtha,"" available at most hardware stores, will remove most adhesives. --"
618,zero_shot,8,rec.motorcycles,7,rec.autos,7,"]To those of you who have the BMW heated handgrips: ] Are they comfortable? Do they transmit a lot of ] vibration? How do they compare to the stock grips? ] To foam grips? I don't have the grips, but have looked into getting them. it's my understandi"
619,zero_shot,9,rec.sport.baseball,9,rec.sport.baseball,9,"Well, they just said that Franco will probably go on the DL tomorrow. (They mentioned a career minor leaguer as the ""warm body"" who would go along...I forget.) Also, when answering questions about the rotation, Coleman (SD broadcaster) said that Hurs"
620,zero_shot,16,talk.politics.guns,16,talk.politics.guns,16,"(sic) Oh, you're really bright. As if nobody would have understood it was a typo. Several parents with children who either had at one time or currently were inside the compound made the aforementioned charges. One parent actually spoke about said cha"
621,zero_shot,12,sci.electronics,16,talk.politics.guns,16,"Hmmm... A possibility for the software registration conondrum would be to have the distributor register the copy when the software was sold. The clerk sticks it in the store PC and asks for the buyers ID. Later, if pirated versions showed up they cou"
622,zero_shot,7,rec.autos,7,rec.autos,7,": : >: > HELP!!! : >: > my wife has informed me that she wants a convertible for her next car. : >: FYI, just last week the PBS show Motor Week gave the results of what they : >: thought were the best cars for '93. In the convertible category, the : "
623,zero_shot,6,misc.forsale,6,misc.forsale,6,"I'm looking for a pair of inline skates (aka roller blades) new or used for less than $60.00 including shipping. Size 11. Strider | SUNY @ Buffalo | psr@acsu.buffalo.edu Lord Mayor, The Hill People | (716) 636 4862 | V127MHSK@ubvms.bitnet ""Son, I am "
624,zero_shot,19,talk.religion.misc,16,talk.politics.guns,16,unfortunately not
625,zero_shot,15,soc.religion.christian,15,soc.religion.christian,15,"In some earlier discussions on this thread I may have given the impression that even though children didn't require baptism it wouldn't hurt if they were. To the contrary, when you baptize children before they are capable of comprehending it you deny"
626,zero_shot,14,sci.space,14,sci.space,14,"Not to mention how those those liberal presidents, Nixon, Ford, Reagan, Bush. did nothing to support true commercial space activities."
627,zero_shot,10,rec.sport.hockey,9,rec.sport.baseball,9,"I'm the tickets Grrrr, let's start a whole 'nother topic on show bad the sharks are doing on these things. I swear that ALL of my partial plan games were televised (I know, I'm exaggerating, but...). In order: -the new ticket prices suck -wait 'till "
628,zero_shot,4,comp.sys.mac.hardware,4,comp.sys.mac.hardware,4,"Here's my system desc: 4 megs on the main board, 1 on the accelerator board mac -plus, with the most recent roms (D) trying to run system 6, but would like to run 7 the hard drive is a jasmine, works fine if i start up with the accelerator disabled i"
629,zero_shot,13,sci.med,15,soc.religion.christian,15,"Need info on Circumcision, medical cons and pros I'm very surprised that medical schools still push routine circumcision of newborn males on the population. Since your friend is not a man, she can't imagine what it's like to have a penis, much less a"
630,zero_shot,2,comp.os.ms-windows.misc,3,comp.sys.ibm.pc.hardware,3,"Hi: On the 1024x768x256 mode, the font sizes of Window Menu, Help Window are very small. Can I change the font and font size for these windows? My computer is 80486 DX-33, the Video Card is ATI D24. Could some experts please email the answer to GRZHE"
631,zero_shot,18,talk.politics.misc,16,talk.politics.guns,16,"^^^^^^^^^^^^^^^^^^^^^^^^^^^^^^ Which is a helluva lot more than any Republican attorney general ever did! BTW, why all the crocodile tears over wasting a few religious nuts, who wanted to be wasted anyway? We just got back from wasting a few hundred "
632,zero_shot,3,comp.sys.ibm.pc.hardware,2,comp.os.ms-windows.misc,2,"1) It fixes some problems with MicroProse games. After leaving F-15 III it would, in vain, try to find a floppy in drive A:. This has been fixed. I don't know what other corrections were made. 2) It comes with an image of the original, in case things"
633,zero_shot,11,sci.crypt,11,sci.crypt,11,"I came. I lurked. I read the FAQ. Now having purchased the recommended books, and having taken to heart the advice that one knows nothing about crypto without having done a stint as a cryptanalyst, I would like to correspond with people interested in"
634,zero_shot,2,comp.os.ms-windows.misc,2,comp.os.ms-windows.misc,2,"I have been using WinQVT/Net 2.81 under Win3.1 (dos 5.0) for quite sometime without any problem. I recently installed DOS 6.0 on my 386-40 PC and I cannot run WinQVT/Net any more. I keep getting ""Packet received for invalid port-reset sent"" messages "
635,zero_shot,5,comp.windows.x,14,sci.space,14,"I would have appreciated an announcement of the policy change - Dartmouth will not be able to run xv 3.0, and I'm probably going to have to take v2 off line (I somehow missed the ""shareware"" designation in the README of v2, and didn't realize that we"
636,zero_shot,18,talk.politics.misc,18,talk.politics.misc,18,"If true, and if gays were the same as straights except for sexual preference, I would imagine that gays would have much less sex than straights because the available pool for dates is less than one-tenth what it is for straights. Somebody correct (fl"
637,zero_shot,18,talk.politics.misc,16,talk.politics.guns,16,+>Critisism is too easy. What solutions do people have that would have been +>better than what the FBI had been doing for the last few months? After the seige began: Surround the place with Razor wire and then let them sit. Do not have daily press co
638,zero_shot,2,comp.os.ms-windows.misc,13,sci.med,13,******************************************************************** * * * Announcing * * * * COSY_PAK * * * * (A symbolic COntrol SYstems analysis PAcKage) * * * * Version 0.9 * * * * (NO USER FEE RELEASE) * * * * for * * * * Mathematica Version 2.0
639,zero_shot,13,sci.med,13,sci.med,13,"This request goes out to medical students who have done or are planning to sit the USMLE (or National Boards) Part 1. My wife is sitting this examination in early June this year and would like to have a look at some old National Boards, Part 1 questi"
640,zero_shot,15,soc.religion.christian,15,soc.religion.christian,15,"There are exactly ZERO verses that ""clearly"" address the issues. The kind of interpretation I see as ""incredibly perverse"" is that applied to the story of Sodom as if it were a blanket equation of homosexual behavior and rape. Since Christians citing"
641,zero_shot,0,alt.atheism,15,soc.religion.christian,15,"This response originally fell into a bit bucket. I'm reposting it just so Bill doesn't think I'm ignoring him. Bill, I'm sorry to have been busy lately and only just be getting around to this. Apparently you have some fundamental confusions about ath"
642,zero_shot,6,misc.forsale,16,talk.politics.guns,16,"Im looking to but a Sharp EL5200 Scientific calculator. The model is discontinued, but if you know of any dealer which may have them around, please reply. Jason"
643,zero_shot,19,talk.religion.misc,16,talk.politics.guns,16,"I'm curious. Are you referring to Koresh as ""the Man""? Why the upper case M? I never claimed to be a spokesman for ""most people"". It is an assumption on my part that people with normal values and morality would be more concerned with human life than "
644,zero_shot,18,talk.politics.misc,16,talk.politics.guns,16,"\input amstex \documentstyle{amsppt} \pagewidth{6.5in} \magnification=1200 \pageheight{7.5in} \ \title {Letter to the Editor} \endtitle \author {Matthew L. Fante} \endauthor \date {April 20, 1993} \enddate \endtopmatter pull back the heavens and show"
645,zero_shot,18,talk.politics.misc,18,talk.politics.misc,18,CHEERS Brandon. That's the best suggestion I have seen that. !!!
646,zero_shot,3,comp.sys.ibm.pc.hardware,3,comp.sys.ibm.pc.hardware,3,"I've noticed a recent proliferation of 1 gig SCSI-2 3.5"" drives, in particular, the Fujitsu 2694 and the Micropolis 2112. There is also the Maxtor LXT1240s (6100 rpm, 1.2 gig) drive. They are all quite cheap, and have nice 3-5 year warranties. My que"
647,zero_shot,5,comp.windows.x,2,comp.os.ms-windows.misc,2,Bristol Technology announces the availability of its HyperHelp(tm) and Xprinter(tm) demo for downloading. This demo showcases the two products in the form of a diagram editor called DE. Download the demo and see some of these exciting features for yo
648,zero_shot,11,sci.crypt,16,talk.politics.guns,16,They are and they have. David
649,zero_shot,11,sci.crypt,16,talk.politics.guns,16,"Hello all, I thought you all might like to see this. It's a letter from Jerry Berman to David Chaum from November of 1985, in response to information that Mr. Chaum sent to Mr. Berman. While I have to congratulate EFF for its prompt response to the C"
650,zero_shot,16,talk.politics.guns,16,talk.politics.guns,16,"Sorry Charles...According to the National Safety Council, ACCIDENT FACTS,1991 ""In 1990, gun accidents were the fifth-leading cause of accidental death for children ages 14 and under."" That thinking is so screwed up, I don't even know how to respond t"
651,zero_shot,12,sci.electronics,18,talk.politics.misc,18,"I think its a great, but idealistic idea. A reseacher will first of all try to publish a worthy paper in a credible, professional magazine and not in a community like USENET which is infamous for lots (not all) of junk information. The papers that wi"
652,zero_shot,11,sci.crypt,11,sci.crypt,11,>tell RSA or any other non-DOD entity anything that its eavesdropping >reveals.
653,zero_shot,11,sci.crypt,18,talk.politics.misc,18,"[excellent and helpful list deleted] Wes's list is of ""do""s and ""don't""s for writing your Congressional representatives is a fine one but I'd like to encourage people to pay extra attention to the point above. As cliched as the saying may be it's nev"
654,zero_shot,15,soc.religion.christian,15,soc.religion.christian,15,"Enclosed is an advertisement for the Defending the Faith IV conference to be held at Franciscan University of Steubenville (Ohio) June 25-27. I attended DTF III last year, and plan to go again this year. I would recommend it highly to Catholic intere"
655,zero_shot,1,comp.graphics,2,comp.os.ms-windows.misc,2,This is a heavily edited/modified version of the Gopher FAQ intended to give people just starting with gopher enough information to get a client and jump into Gopher-space - a complete version can be obtained as described below. Once you have a gophe
656,zero_shot,12,sci.electronics,7,rec.autos,7,"I thought the first thread was hilarious, so here goes another post. Some more background information on what has happened to my poor batteries. One year, I left the batteries in the garage. The garage is Unheated. They were left in their places that"
657,zero_shot,19,talk.religion.misc,15,soc.religion.christian,15,"Special creation has not been observed in action. Bill Rawlin's assertions that man was created in his present form do not count as creation. Put another way, there are an incredible amount of species of the planet. How many species have we DIRECTLY "
658,zero_shot,5,comp.windows.x,14,sci.space,14,"I am looking of information regarding UIMX. I believe this is an application front end generator tool for Motif (among others). Whould someone given me a contact? I need to get hold of the programmers' guide, or something like it."
659,zero_shot,5,comp.windows.x,12,sci.electronics,12,"The *fastest* way is to use an X server with shared memory extension. It uses shared memory if it is a local X server (hence images don't have to be duplicated), and defaults to the regular image routines if either the shared mem extension is not ava"
660,zero_shot,0,alt.atheism,15,soc.religion.christian,15,"(Deletion) Sorry, Gregg, it was no answer to a post of mine. And you are quite fond of using abusing language whenever you think your religion is misrepresented. By the way, I have no trouble telling me apart from Bob Beauchaine. I still wait for you"
661,zero_shot,9,rec.sport.baseball,9,rec.sport.baseball,9,And it has worked again. Pena went 3 for 3 last night against Colorado.
662,zero_shot,10,rec.sport.hockey,9,rec.sport.baseball,9,"Apparently, the public workers' strike in St John's, Newfoundland is over. The strike has, since mid-January, forced the St John's Maple Leafs hockey team to play their home games in other cities such as Toronto, Cornwall and Charlottetown. They have"
663,zero_shot,3,comp.sys.ibm.pc.hardware,2,comp.os.ms-windows.misc,2,"^^^^^^^^^^^^^^^^ Most fellow Diamond video board owners with whom I've corresponded may or may not share your opinion about the proprietary clocking scheme, but all of those with whom I've chatted have NOT been thrilled with the Window's drivers, eit"
664,zero_shot,10,rec.sport.hockey,9,rec.sport.baseball,9,"Just some thoughts: I don't usually like to post simply to make fun of a player, but this time I couldn't resist. During the Pens-Devils game last night, second period, I think Kevin Stevens was in the penalty box, Nicholls punched Kjell Samuellson i"
665,zero_shot,16,talk.politics.guns,16,talk.politics.guns,16,"Yeah sure. Maybe thermal GUNSIGHTS on the armored vehicles. When discussing military hardware and weapons, the media generally looks like a ufology convention. CS is merely the garden variety military teargas. As far as it being ""humane and harmless"""
666,zero_shot,0,alt.atheism,15,soc.religion.christian,15,"BR> From: wpr@atlanta.dg.com (Bill Rawlins) BR> Newsgroups: alt.atheism BR> Organization: DGSID, Atlanta, GA BR> Since you have referred to the Messiah, I assume you BR> are referring to the New Testament. Please detail BR> your complaints or e-mail "
667,zero_shot,16,talk.politics.guns,16,talk.politics.guns,16,"Go to hell. I'm no ""government [-] following fanatic."" Your sweeping generalizations evince your own ignorance. What were they supposed to do? Just let him be? Fuck him. Fuck the ATF, too. They should've done it right the first time."
668,zero_shot,3,comp.sys.ibm.pc.hardware,3,comp.sys.ibm.pc.hardware,3,"A couple of points :- I have an Adaptec 1542B and am very happy with it. Not so! I have both IDE and an Adaptec1542B in the same box and can use both disks at the same time, eg. IDE to SCSI disk copy. Well, one statement and one correction! Guy"
669,zero_shot,0,alt.atheism,15,soc.religion.christian,15,"Cute characterization Bill; however, there is no inconsistency between the two statements. Even if one believes that religion is ""primitive, simple-minded and unscientific, anti-intellectual and childish"", one can still hold the view that religion al"
670,zero_shot,7,rec.autos,7,rec.autos,7,"Actually, that'd be 155 mph and 60 mph (the legal speed limit for trucks) in *two* lanes, each direction. It's a hell of a rush when those trucks fly by. (or was that me flying by them? Who cares, the rush is really something else, and so is the draf"
671,zero_shot,15,soc.religion.christian,15,soc.religion.christian,15,"It's not scriptural, but comes from the patristic age, I think: something about ""amare errantem, interficere errorem"", which sounds more like ""love the errant, slay the error"". No doubt someone else will know in particular who minted the phrase. If I"
672,zero_shot,9,rec.sport.baseball,9,rec.sport.baseball,9,"John Smoltz, Tom Glavine, German Jiminez, Dale Murphy, Bruce Sutter, Pete Smith, Rick Mahler, Jim Acker, Jim ""Break on Through"" Morrison, Ron Gant, Andres Thomas, Gerald Perry, Ozzie ""The Aeneid"" Virgil, Lonnie Smith, Jerry Royster. How'm I doing so "
673,zero_shot,8,rec.motorcycles,9,rec.sport.baseball,9,"""In Dog We Thrust"""
674,zero_shot,4,comp.sys.mac.hardware,4,comp.sys.mac.hardware,4,"Well, almost NuBUS 90 anyway, comprehensive bus contention between processors is not supported in the current Macintoshes, could be wrong? However, I know for a fact from seeing the Cyclone Data Spec sheets myself, don't ask, Macintosh Cyclone models"
675,zero_shot,4,comp.sys.mac.hardware,4,comp.sys.mac.hardware,4,"Is there a way to connect a PowerBook 145, Mac IIsi, and Personal LaserWriter LS so that I can (not necessarily silmultaneoulsy) print from either the IIsi, or PB, and file share between the IIsi and PB? I know I can get the ($expensive$) LW NT upgra"
676,zero_shot,14,sci.space,12,sci.electronics,12,"You should have been following the discussion of GRBs going on in sci.astro. It's been discussed in some detail, with references even."
677,zero_shot,2,comp.os.ms-windows.misc,16,talk.politics.guns,16,You'll have to kill off half the net. Maybe that isn't such a bad idea...
678,zero_shot,9,rec.sport.baseball,18,talk.politics.misc,18,"Good question. It's my impression, not backed by evidence, that general south-of-the-borderness seems to exempt one from the hiring-firing effect I was talking about. Back in the 20's there were some attempts to hire black Cuban ballplayers; they wer"
679,zero_shot,19,talk.religion.misc,15,soc.religion.christian,15,"When Robert refers to the ""orthodox"", he is talking about the Historical position of the Christian Faith. Such things are derived from Biblcal texts through the centuries by the apocolic fathers of the faith. You are right that people read things dif"
680,zero_shot,13,sci.med,14,sci.space,14,"Mark, this is the most reasonable post that I've seen in Sci. Med. on the topic of Colonic Flushing. I'm in a profession that uses manipulation(a very refined form of massage) to treat various human diseases. Proving that manipulation works has been "
681,zero_shot,11,sci.crypt,11,sci.crypt,11,"KK> Newsgroups: sci.crypt KK> From: sphughes@sfsuvax1.sfsu.edu (Shaun P. Hughes) KK> Date: Sat, 17 Apr 1993 07:18:59 GMT [..] KK> Just a random passing thought, but can anyone cite a documented use KK> of encryption technology by criminals and terror"
682,zero_shot,7,rec.autos,18,talk.politics.misc,18,"this is an interesting point. some people are not really buying the coverage, they are buying 'peace of mind', marketing folks love selling that. i suggest that people *choose* to not engage their minds in peaceless worry rather than buying that 'pea"
683,zero_shot,17,talk.politics.mideast,16,talk.politics.guns,16,"[R2D2] Benjamin, my Zionist friend: [R2D2] It is amazing that there are still pigs like you left on this planet. [R2D2] Occupied Palestine has become a prison for its own inhabitants, thanks [R2D2] to you, the Zionist network around the world, and th"
684,zero_shot,17,talk.politics.mideast,15,soc.religion.christian,15,There are various contradictory views on the origin of the Armenians. The name is to be found in the Darian inscriptions in the form 'Armina' or 'Aramaniya' is to be found in the inscription on the Bistun monument. The following references to the Arm
685,zero_shot,16,talk.politics.guns,16,talk.politics.guns,16,"mcsdc1jpb@dct.ac.uk (John Bell) babbles from Scotland, one of England's last remaining colonies: People who were dumb enough to believe Klinton was a moderate deserve what they get too. It's a real laugh to hear them try to justify this massacre with"
686,zero_shot,15,soc.religion.christian,15,soc.religion.christian,15,"Aside to the moderator: I won't quote any of it, but there are several errors in the article. Not things that are just differences of opinion, but the writer just plain has his facts confused. For example, Kip McKean was *asked* to come to the Lexing"
687,zero_shot,15,soc.religion.christian,15,soc.religion.christian,15,"From: dhammers@pacific.? (David Hammerslag) How do you (Mormons) reconcile the idea of eternal marriage with Christ's statement that in the resurrection people will neither marry nor be given in marriage (Luke, chapt. 20)? Footnotes in some bibles re"
688,zero_shot,14,sci.space,17,talk.politics.mideast,17,Is HST really _that_ much heavier than a Spacelab ??? bd
689,zero_shot,16,talk.politics.guns,16,talk.politics.guns,16,"Lord, I hope you don't Hoover was a pro! He was monstrous."
690,zero_shot,3,comp.sys.ibm.pc.hardware,2,comp.os.ms-windows.misc,2,": Gateway 2000 has released a new Flash BIOS update for their local bus systems : Because I'm such a nice person, I uploaded them to wuarchive.wustl.edu. Look : for glb05.exe in the msdos_uploads section. Enjoy! I blindly installed it and I haven't h"
691,zero_shot,4,comp.sys.mac.hardware,4,comp.sys.mac.hardware,4,"My 610 is working like a charm.. In fact, if 610's are flaky, I would consider it a great computer even if I had to return a couple to Apple to get a good one."
692,zero_shot,7,rec.autos,4,comp.sys.mac.hardware,4,"That would be the Opel GT, sold in this country from '69 to '73. It originally had a 1100 cc engine, which was later replaced by the 1900 cc. It was based on the old Kadett drive train and suspension, with leaf springs in the rear and a single transv"
693,zero_shot,10,rec.sport.hockey,9,rec.sport.baseball,9,I agree thouroughly!! Screw the damn contractual agreements! Show the exciting hockey game. They will lose fans of ESPN (of which I have been one for quite a while) quickly with decisions like this. Just my $.02
694,zero_shot,12,sci.electronics,3,comp.sys.ibm.pc.hardware,3,"I know for sure that the Everex Magic I/O EV-170A can be jumpered for a printer mode, or for a general purpose bidirectional I/O mode. Also, I know for sure that the IBM Technical Reference says the following about the Monochrome Display & Printer Ad"
695,zero_shot,16,talk.politics.guns,16,talk.politics.guns,16,/>/:/g j:Maybe they WANTED it to look like murder. He had 50+ days. I think this was :>coming the whole time. He didn't even put the children in the buried bus or :>the underground bunker during the CS seige. He put them up into the tower :>to die. :
696,zero_shot,1,comp.graphics,14,sci.space,14,"Can some kind soul point me to references for the above formats? Thanks,"
697,zero_shot,13,sci.med,13,sci.med,13,I don't have any evidence against water from Lourdes curing MS -- I'm sure there is anecdotal evidence that it does. Do you really think that in the absence of a double-blind study I should be indifferent to the hypothesis that water from Lourdes cur
698,zero_shot,7,rec.autos,7,rec.autos,7,"Greetings automobile enthusiasts. Can anyone tell me if there is a mail order company that sells BMW parts discounted... cheaper than the dealerships. Sorry if it's a FAQ. email replies very much appreciated. Thanks,"
699,zero_shot,0,alt.atheism,15,soc.religion.christian,15,"Of course not. I would think that would be great _fun_, not having ever felt the joy and peace the Christians speak of with a longing gaze. This is not what I got when I believed - I just tried to hide my fear of getting punished for something I neve"
700,zero_shot,18,talk.politics.misc,16,talk.politics.guns,16,"mwilson@ncratl.AtlantaGA.NCR.COM (Mark Wilson) writes, (missing the entire point of my post): No joke. No,_you_jumped to_that_conclusion. It's actually an argument as to how to accomplish the societal good of discouraging drug use without violating i"
701,zero_shot,19,talk.religion.misc,15,soc.religion.christian,15,"I recently watched a an episode of ""The Old West"" a TV show on the Discovery Channel (or perhaps the A&E Network), the one hosted by Kenny Rogers. This episode was all about the Mormons and how they settled Utah, etc. A large portion of the broadcast"
702,zero_shot,4,comp.sys.mac.hardware,3,comp.sys.ibm.pc.hardware,3,Those chimes indicate a hardware failure of some type during System startup.
703,zero_shot,18,talk.politics.misc,9,rec.sport.baseball,9,"You are forced everyday to associate with people that you do not wish to, and there isn't even a law that makes you do it. But you do, becuase you want to go shopping, or go to work, or go to a public park, or go to a baseball game, etc."
704,zero_shot,0,alt.atheism,16,talk.politics.guns,16,": BULLSHIT!!! In the Gulf Massacre, 7% of all ordnance used was ""smart."" The : rest - that's 93% - was just regular, dumb ol' iron bombs and stuff. Have : you forgotten that the Pentagon definition of a successful Patriot launch : was when the missil"
705,zero_shot,15,soc.religion.christian,15,soc.religion.christian,15,I see no other way of interpreting them other than homosexuyality being wrong. Please tell me how these verses can be interpreted in any other way. I read them and the surrounding text.
706,zero_shot,6,misc.forsale,6,misc.forsale,6,"From mikefran Wed Apr 21 11:08:28 EDT 1993 Article: 56 of csc.general Newsgroups: dc.forsale,dc.general,um.general,csc.general Path: wam.umd.edu!mikefran From: mikefran@wam.umd.edu (Michael Francis) Subject: Car for Sale Message-ID: <1993Apr21.142729"
707,zero_shot,6,misc.forsale,6,misc.forsale,6,"For Sale: DOS 4.01, with original manuals, box, and either 5.25"" or 3.5"" disks (full version, NOT OEM). ** $15.00 (including all shipping charges) ** ** please respond! bitzm@columbia.dsu.edu **"
708,zero_shot,2,comp.os.ms-windows.misc,4,comp.sys.mac.hardware,4,"-- -- 99 99 Sombody's data is wrong. Since Mac OS, Finder, Systerm or whatever you want to call it doesn't appear in the first survey, I tend to doubt their results more. Just because sombody wrote it doesn't mean its correct."
709,zero_shot,1,comp.graphics,1,comp.graphics,1,"I have a little answer: See Foley, van Dam, Feiner, and Hughes, _Computer Graphics: Principles and Practice, Second Edition_. [If people would *read* this book, 75 percent of the questions in this froup would disappear overnight...] spl"
710,zero_shot,9,rec.sport.baseball,9,rec.sport.baseball,9,"Anyone have any idea how to get Japanese League stats regularly in the US? - matt wall@cc.swarthmore.edu Matt Wall * wall@cc.swarthmore.edu * Hey, I gotta job here, OK?"
711,zero_shot,12,sci.electronics,12,sci.electronics,12,"Hi, I am looking for a very high speed D/A converter (at least 8bits and 150MHz) for a research application. A paper in the January issue of IEEE Solid-State Circuits mentions a GaAs, 1GHz, 8bit DAC - anyone know where I can find such a thing? Even a"
712,zero_shot,9,rec.sport.baseball,9,rec.sport.baseball,9,I couldn't agree more. The Jays have a lot of power in their line-up. So far pitching has been the biggest problem. Maybe we can get Acker back? :-) One incident that sticks out in my mind was when Derek Bell ran back out on to the feild after the Ja
713,zero_shot,1,comp.graphics,5,comp.windows.x,5,"Within the next several months I'll be looking for a job in computer graphics software. I'm in need of info on graphics software companies. I've checked the FAQ, the resource list, and siggraph.org, haven't found anything. The last Computer Graphics "
714,zero_shot,7,rec.autos,7,rec.autos,7,"Turbo boost is necessary if a turboed car. Fuel reserve warning. Coolant level warning. It would also be nice to have a gauge that would cycle across the different sensors in the FI system such as O2 sensor, altitude, Air Flow... I'd love to get Tran"
715,zero_shot,5,comp.windows.x,12,sci.electronics,12,"Hi, friends, Our SPARC workstation is now equippied with a GT-accelerator. we want to use it to display stereo images. The accelerator has double buffers. How can we access the buffers and switch between them ? With which functions can we do that ? w"
716,zero_shot,15,soc.religion.christian,15,soc.religion.christian,15,"From Bit.listserv.christia Zane writes... From: FACN34B@SAUPM00.BITNET (zane of dhahan) Subject: Christianity in Crisis Date: Wed May 12 14:43:19 1993 ""Frank, first of all, thanks for all of the great Scripture verses. It was a pleasure to read them."
717,zero_shot,0,alt.atheism,15,soc.religion.christian,15,"With the Southern Baptist Convention convening this June to consider the charges that Freemasonry is incompatible with christianity, I thought the following quotes by Mr. James Holly, the Anti-Masonic Flag Carrier, would amuse you all... The followin"
718,zero_shot,4,comp.sys.mac.hardware,14,sci.space,14,"Hello, we need the code for decompression of Quicktime JPEG Pict files, as they don't conform to usual jpeg compressors, which are available in source. The code should be in C Pascal or Modula. The code will be used on several platforms to view pictu"
719,zero_shot,13,sci.med,13,sci.med,13,"I was wondering if a group called 'sci.pharmacology' would be relevent. This would be used for a more formal discussion about pharmacological issues (pharmacodynamics, neuropharmacology, etc.) Just an informal proposal (I don't know anything about th"
720,zero_shot,2,comp.os.ms-windows.misc,5,comp.windows.x,5,"In fact, I'm looking for a possibility to connect different peaces of information (like in the windows help system). And no, I don't want to program such a system by myself. The necessary effort and afford should be as small as possible."
721,zero_shot,15,soc.religion.christian,15,soc.religion.christian,15,"This might be better directed to s.r.c.bible-study, which I have begun reading, but since my earlier notes were posted to this forum, I will conclude here as well. A week ago, I managed to find time to consult a Septuagint Concordance and a LXX text "
722,zero_shot,4,comp.sys.mac.hardware,4,comp.sys.mac.hardware,4,"I heard that there will be an Apple price drop coming June 30th. Can anyone second this rumour? -- A motion picture major at the Brooks Institute of Photography, CA Santa Barbara and a foreign student from Kuala Lumpur, Malaysia."
723,zero_shot,15,soc.religion.christian,18,talk.politics.misc,18,"I'm looking for the following article: ``The War Within: an Anatomy of Lust'' Leadership 3 (1985), pp 30-48 I've looked in the libraries of 3 UK Bible Colleges, but none of them subscribe to the Magazine (its a US publication, btw). If anyone has acc"
724,zero_shot,13,sci.med,18,talk.politics.misc,18,"I've seen people in their forties and fifties become disoriented and demented during hospital stays. In the examples I've seen, drugs were definitely involved. My own father turned into a vegetable for a short time while in the hospital. He was fifty"
725,zero_shot,6,misc.forsale,2,comp.os.ms-windows.misc,2: comp.os,"Howdy All! I have recently converted to Microsoft Visual C++. I no longer want my Borland C++ 3.1 w/Application Frameworks product. This version is about 6 months old. I have all of the manuals, disks (5.25""), etc. It is licensed to me but I will tra"
726,zero_shot,0,alt.atheism,16,talk.politics.guns,16,"Then Einstein should have had lunch with me at the Tien Fu on Castro Street yesterday, when they handed me a fortune cookie that said ""He who has imagination but not knowledge has wings, but no feet""."
727,zero_shot,9,rec.sport.baseball,9,rec.sport.baseball,9,"Recently, I heard the Red Sox on WROL a Spanish-speaking radio station. I thought it was so unreal. The Red Sox in Spanish? Anyway, I want to find out how widespread this is? Being a NY native, I know the scMets are on in Spanish but not the Yankmes."
728,zero_shot,7,rec.autos,17,talk.politics.mideast,17,This is very curious being that they are both built by Mercury in the very same factory. Steve
729,zero_shot,9,rec.sport.baseball,9,rec.sport.baseball,9,"Right on. Ticket prices are set to maximize revenue. Period. For an excellent discussion on how this works, see Gerald Scully's book of a couple of years back, titled (I think) ""The Business Of Baseball"". ---------------------------------------------"
730,zero_shot,2,comp.os.ms-windows.misc,4,comp.sys.mac.hardware,4,"Its my understanding that bus mice are more accurate and ""stable"" in general than serial mice. If I remember correctly, its because of the differences in how the interrupts are handled, as well as the fact that the mouse data is received over the com"
731,zero_shot,8,rec.motorcycles,17,talk.politics.mideast,17,"They bein' themfolk who tend to compose fair piece of the population; bein the ones that regard bikers as a loud, irresponsible, irreverent, reprobate rabble. Sure you didn't rape and pillage-- It's a relief to know that you were such gentlemen-- but"
732,zero_shot,3,comp.sys.ibm.pc.hardware,3,comp.sys.ibm.pc.hardware,3,Which bus??? I think there are several reasons :- 50MHz motherboards are harder to get right 50MHz need a fast L2 cache - 12-15ns is a good idea 50MHz needs to be slowed down to make a compliant VESA bus 66MHz DX2 chips are faster for a lot of things
733,zero_shot,5,comp.windows.x,2,comp.os.ms-windows.misc,2,"Is there a portable and convenient way to use color picture files in the .xpm format to define an X pixmap in a Motif application? Any functions, pointers, tips etc. would be most welcome. -------------------- Saad Mufti Personal Library Software"
734,zero_shot,11,sci.crypt,12,sci.electronics,12,"I can't answer all our questions in detail, but I can take a stab at them. The form the operations that compute R1, R2, and R3 is, of course, the famous ``triple encryption'' suggested for use with DES. It's much stronger than a single encryption, an"
735,zero_shot,7,rec.autos,18,talk.politics.misc,18,"I would gladly spend twice the money for insurance, rather than using Geico. Not only do they supply radar guns to the police they also want to make radar detectors illegal. They also ask if you have a detector (probably to put you in a high risk gro"
736,zero_shot,15,soc.religion.christian,15,soc.religion.christian,15,Luke 16 talks about the rich man and Lazarus. Matthew 25 talks about the eternal fire prepared for the devil and his angels. Revelations 20 and 21 reference this fire as the place where unbelievers are thrown. Matthew 18 talks about being thrown into
737,zero_shot,11,sci.crypt,11,sci.crypt,11,Does anyone know where I can get a hold of some secure encrypting chips or devices before they are banned completely?!? Steve
738,zero_shot,3,comp.sys.ibm.pc.hardware,3,comp.sys.ibm.pc.hardware,3,"I am planning on upgrading my old XT compatible system with a new motherboard, hard drive, and 1.4 MB floppy. I am interested in using my old power supply (150 W) to power the new hardware, if possible. I have been told by the motherboard vendor that"
739,zero_shot,6,misc.forsale,6,misc.forsale,6,"I am willing to pay a reasonable amount for AIRLINE CERTIFICATE/VOUCHER, AM LOOKING FOR: 1) CERTIFICATE/VOUCHER THAT IS VALID FOR A ROUND-TRIP TICKET (COAST TO COAST OR ANYWHERE IN US) 2) TRANSFERRABLE TO MY NAME"
740,zero_shot,1,comp.graphics,16,talk.politics.guns,16,"Or just use the URT tool: rastorle. Yes, both it and the newer xli can."
741,zero_shot,13,sci.med,13,sci.med,13,"Insomnia is a known, but relatively infrequent, side-effect of diphenhydramine. For most people, this does not occur. On the other hand, most people can build up a tolerance to an antihistamine with extended use. (Allergy sufferers are often switched"
742,zero_shot,3,comp.sys.ibm.pc.hardware,5,comp.windows.x,5,"I have a 386 clone, and an internal modem set to COM4. It worked fine until I upgraded to DOS 6.0 and at the same time reloaded Windows 3.1 Now the system can't find COM4; MSD says COM4 is ""N/A"", and three of my four comm programs say ""hardware not p"
743,zero_shot,0,alt.atheism,16,talk.politics.guns,16,"[reply to frank@D012S658.uucp (Frank O'Dwyer)] If the Good is undefined (undefinable?) but you require of everyone that they know innately what is right, you are back to subjectivism. Ditto here. An evaluative statement implies a value judgement on t"
744,zero_shot,0,alt.atheism,15,soc.religion.christian,15,"rh> From: house@helios.usq.EDU.AU (ron house) rh> Newsgroups: alt.atheism rh> Organization: University of Southern Queensland rh> I _know_ I shouldn't get involved, but... :-) rh> [bit deleted] [rest of rant deleted] This is a standard argument for f"
745,zero_shot,4,comp.sys.mac.hardware,4,comp.sys.mac.hardware,4,wanted: apple adb mouse and keyboard contact Paul Gribble at above email address asap. Paul G.
746,zero_shot,1,comp.graphics,18,talk.politics.misc,18,"Does antone know the ftp address for the Smithsonian Institution where one can get digitized photographs, etc ? Please reply by email to pbenson@cscihp.ecst.csuchico.edu Thanks"
747,zero_shot,7,rec.autos,17,talk.politics.mideast,17,"I know this is the wrong place to post this, but I couldn't find any relevant newsgroups in my area. For those of you who are from PA, where is VASCAR (where the cops measure your speed from the time it takes you to cross the distance between two whi"
748,zero_shot,12,sci.electronics,14,sci.space,14,"Just MHO, but I prefer hardcopy books because you can have three or four of them open spread across the bed (next to the desk in my dorm) and reference them while using the program full-screen. The Windows Help things come closest to good on-line doc"
749,zero_shot,12,sci.electronics,12,sci.electronics,12,"There are a number of inaccuracies here: 1) In fact, a colder battery will self-discharge more slowly. This is why batteries should be stored in a COOL, dry place. 2) An battery placed on concrete does not become colder than one placed on wood. The b"
750,zero_shot,14,sci.space,15,soc.religion.christian,15,"I would have to say that the ""greatest philosopher"" title would have to go to Plato since the whole enterprise of philosophy was essentially defined by him. Although he got most of his answers wrong, he did definitively identify what the important qu"
751,zero_shot,12,sci.electronics,5,comp.windows.x,5,"# when soaking in water). Lasers are slightly sharper, but the only # instance where I needed precise layouts was Printed Circuit Board # Transparencies for PhotoEtching. I found a Textronix color Phaser # Postscript (Thermal Wax Transfer) to work th"
752,zero_shot,16,talk.politics.guns,16,talk.politics.guns,16,"Hmm... all reports from Texas authorities indicate that none of the children which the group released showed any signs of child abuse.. given that the same results were found the last time the group was investigated for such allegations, I can pretty"
753,zero_shot,5,comp.windows.x,4,comp.sys.mac.hardware,4,"When I changed from SVR4 to SVR4.2 on my Intel box I discovered that some of my SVR4 xclients such as xload, etc would no longer work. They bomb out with the message: error: can't open display unix:0.0 Is this because they can't find the correct shar"
754,zero_shot,17,talk.politics.mideast,16,talk.politics.guns,16,"Come again? The image-conscious Armenians sorely feel a missing glory in their background. Armenians have never achieved statehood and independence, they have always been subservient, and engaged in undermining schemes against their rulers. They comm"
755,zero_shot,1,comp.graphics,2,comp.os.ms-windows.misc,2,Utah raster toolkit using getx11. Convert your sun raster files (presumably) to ppm with the pbm+ toolkit then convert ppm to utah rle format with ppmtorle which is provided in the toolkit. I seem to remember that Xloadimage can do 24 bit servers too
756,zero_shot,10,rec.sport.hockey,9,rec.sport.baseball,9,"Come on Boston, where the hell are you? Seven wins in a row and what, choke? I'd much rather see the Bruins in the Wales Conference finals vs. Pitt than Buffalo or Quebec, if only because it would be more interesting. Not that Buffalo or Quebec can't"
757,zero_shot,17,talk.politics.mideast,17,talk.politics.mideast,17,Oops...small mistake. Thanks for mentioning it. I just read on the.Israel.line that a village just got shelled by terrorists last week and some children were killed. I guess the terrorists must have gotten by the security zone. Just think at how much
758,zero_shot,9,rec.sport.baseball,9,rec.sport.baseball,9,"You're definitely correct in that Williams absolutely has to be sandwiched in between Clark and Bonds. He must, and I mean MUST, get fastballs to hit...otherwise he becomes little more than Sixto Lezcano in disguise. What I would suggest is perhaps b"
759,zero_shot,13,sci.med,16,talk.politics.guns,16,"Re: serious discussion about drugs vs. ""Where can I get a good bong, man?"""
760,zero_shot,16,talk.politics.guns,16,talk.politics.guns,16,"Posted for L. Neil Smith by Cathy Smith THE LIES OF TEXAS Okay, what have we learned? For reasons still being kept secret, a federal agency already known -- well enough to be examined and rebuked by several legislative committees over the years -- fo"
761,zero_shot,5,comp.windows.x,5,comp.windows.x,5,"Can anybody tell me anything about the availibility of non-Roman fonts for X-Windows? Especially Unicode and/or han idiographic fonts. Also, how about conversion tools for getting PC/Macintosh fonts into a format suitable for X? I would assume it is "
762,zero_shot,3,comp.sys.ibm.pc.hardware,17,talk.politics.mideast,17,"Hi peeps, Here's another of those ""any ideas"" type queries. I've been given an oldish Phillips TeleVideo terminal type thingy, without a keyboard. But no problem so far. When I dismantled it, I discovered that it is really just a standard RGB monitor"
763,zero_shot,13,sci.med,13,sci.med,13,I need information on the medical (including emotional :-) pros and cons of circumcision (at birth). I am especially interested in references to studies that indicate disadvantages or refute studies that indicate advantages. A friend who is a medical
764,zero_shot,19,talk.religion.misc,18,talk.politics.misc,18,On 21-Apr-93 in Re: ABORTION and private he.. Not so in PA. Recently the gender inequity in auto insurance was removed. Just a point.
765,zero_shot,10,rec.sport.hockey,17,talk.politics.mideast,17,"Disaster! Finland was beaten by Czech 1-3 (0-0,1-1,0-2). Finland will be 4th of pool B and will most certainly meet Canada in the quarter final on wednesday 28th. Lack of scoring skills has been the major problem of team Finland throughout the tourna"
766,zero_shot,19,talk.religion.misc,15,soc.religion.christian,15,"It wasn't Jesus who changed the rules of the game (see quote above), it was Paul. Cheers, Kent"
767,zero_shot,14,sci.space,14,sci.space,14,"No, if you put a conductor in a changing magnetic field, it produces a voltage. The two ways you can do that with a permanent magnet is to move the magnet or move the conductor. The slow shifting of the Earth's magnetic field isn't really significant"
768,zero_shot,6,misc.forsale,16,talk.politics.guns,16,"Hello, this package is the right thing for you if you are planning a short vacation in central Florida. For $169, you get: --Four nights in first class hotels for two adults and up to three children. Two nights each in Orlendo and Daytona Beach. You "
769,zero_shot,12,sci.electronics,13,sci.med,13,"I am trying to design a small 90mW 472MHz FM transmitter for remote alarm use. Is there an FM transmitter IC available that can be used for this purpose? Any help, circuits, info etc will be greatfully accepted. Please reply to bsc_graham@seqeb.gov.a"
770,zero_shot,2,comp.os.ms-windows.misc,5,comp.windows.x,5,"A friend and I have ATI Graphic Ultra display adaptors, and they have been reasonably good performers, but we both have had irritating compatibility problems with the ATI drivers and are ready to change to something faster and more compatible with wi"
771,zero_shot,13,sci.med,13,sci.med,13,"The disease you are talking about is toxoplasmosis. It is a protozoan that lives and multiplies within cells. In cats, the protozoan multiplies in the intestinal cells and eggs are shed in the cat's feces. The protozoa can cross the placenta to infec"
772,zero_shot,10,rec.sport.hockey,9,rec.sport.baseball,9,Michael J. Fox was on Letterman about a year ago (or two) during the playoffs as a celebrity hockey player for the Bruins. While he's not exactly a NHLer he did mention that the Bruins wanted to break Ulfie's legs (or something like that) in response
773,zero_shot,14,sci.space,14,sci.space,14,"Hello netters, I'm new to this board and I thought this might be the best place for my post. I have a question regarding satellite technology seen in the movie Patriot Games. In the movies, the CIA utilizes its orbitting sats to pinpoint a specific t"
774,zero_shot,3,comp.sys.ibm.pc.hardware,4,comp.sys.mac.hardware,4,"Hello. My colleague has a Samtron monitor. On the manual cover, it says SC-431 and SC-428 for model numbers. The manual does not specify if it is interlaced or non-interlaced, so does anyone know what it is? thanks"
775,zero_shot,4,comp.sys.mac.hardware,18,talk.politics.misc,18,Is this true? I thought that this was disputed... -- -Peter
776,zero_shot,18,talk.politics.misc,16,talk.politics.guns,16,"Perhaps you should change your name to Clayton ""Mr Logic(NOT!)"" Cramer! Please give evidence of the above statement or shut up. I believe that I may have answered that elsewhere, amongst your other ravings."
777,zero_shot,13,sci.med,13,sci.med,13,"Elisabeth, let's set the record straight for the nth time, I have not read ""The Yeast Connection"". So anything that I say is not due to brainwashing by this ""hated"" book. It's okay I guess to hate the book, by why hate me? Elisabeth, I'm going to quo"
778,zero_shot,3,comp.sys.ibm.pc.hardware,3,comp.sys.ibm.pc.hardware,3,"Hi, I recently got a tower-case for my Gateway 486/33 file server, mostly because we needed the extra drive bays and better power supply. This case has LED's for the processor speed, i.e. 33. Is there a place to plug this in on the motherboard? If no"
779,zero_shot,4,comp.sys.mac.hardware,4,comp.sys.mac.hardware,4,I'm looking for recommendations for a laser printer. It will be used mostly for text by a single user. It doesn't need to be a postscript printer. Any advice would be appreciated.
780,zero_shot,6,misc.forsale,2,comp.os.ms-windows.misc,2,"Heay bud, get a life in the real world.... Do you still play with your Atari with the paddles? Geez man, open your eyes on the technoledgy of today... I have been quoted a price from a local dealer friend of mine, that I could get a Motherboard (386D"
781,zero_shot,3,comp.sys.ibm.pc.hardware,3,comp.sys.ibm.pc.hardware,3,"Hello World. In posts I've heard about all of the bugs in the DSS24X and the drivers. Now I hear that Diamond ships BIOS replacements to some people, that fixes a lot of problems as well as new drivers. Can anyone tell me how to get mine?"
782,zero_shot,5,comp.windows.x,5,comp.windows.x,5,"<It seems silly, but while I've located things like tgif that can edit <gif files, and various tools to convert to/from gif format, I haven't <been able to locate a program that just opens a window and displays a <gif file in it. I've looked thru var"
783,zero_shot,9,rec.sport.baseball,9,rec.sport.baseball,9,"I watched the final inning of Bosio's no-hitter with several people at work. After Vizquel made that barehanded grab of the chopper up the middle, someone remarked that if he had fielded it with his glove, he wouldn't have had time to throw Riles out"
784,zero_shot,1,comp.graphics,1,comp.graphics,1,Archive-name: graphics/faq This message is automatically posted once a week or so in an effort to cut down on the repetitive junk in comp.graphics. It was last changed on 26Apr93. If you have answers to other frequently asked questions that you would
785,zero_shot,13,sci.med,16,talk.politics.guns,16,Someone please help me. I am searching to find out (as many others may) an absolute 'cure' to removing all detectable traces of marijuana from a persons body. Is there a chemical or natural substance that can be ingested or added to urine to make it 
786,zero_shot,6,misc.forsale,6,misc.forsale,6,"Emu Emax II Rackmount Sampler w/ 16 Bit Stereo Sampling 3 stereo inputs, 6 outs. Internal Sequencer 32 voice polyphony 170 meg internal HD Stock ram (2 meg I think) Perfect Condition 5 months old"
787,zero_shot,8,rec.motorcycles,7,rec.autos,7,"You could, but it would be considerably cheaper to spend $8 or so on a trickle charger from K-Mart, Venture, or Target, then it would be to replace the halogen lamp power supply after you fuse it trying to pump current into the battery... While charg"
788,zero_shot,11,sci.crypt,16,talk.politics.guns,16,"[...] No no no no no no no. It will go like this: FEDS: We need the key to phone 334RE67D99. ESCROW: You have a warrant to tap the line phone 334RE67D99 is on? FEDS: Yes. ESCROW: Fine, here is our key. What happens is, Feds tap a line; find Clipper i"
789,zero_shot,9,rec.sport.baseball,17,talk.politics.mideast,17,"<KIME.93Apr20133127@mongoose.torolab.ibm.com> <mjones.735335684@fenway> Organization: Eskimo North (206) 367-3837 {eskimo.com} Yeah, Morris just knows how to win. That's why he lost 18 for Detroit in 1990. Funny how he wins a lot of games when he pit"
790,zero_shot,14,sci.space,14,sci.space,14,"I didn't think the bi-stem design was used so much for the retrieval as for the ability to launch in a tight (size) STS envelope. This is my own guess, based on similar designs flown on other large STS-launched s/c (GRO, UARS). Also, there _might_ be"
791,zero_shot,18,talk.politics.misc,16,talk.politics.guns,16,"+>Can people please stop the 'I think/know the BATF/FBI are completely +>responsible but they'll cover it up so that the investigation will +>show that Koresch is responsible' bs. In an investigation of this +>size with the feds, state, and civilians"
792,zero_shot,9,rec.sport.baseball,15,soc.religion.christian,15,Sez Dave Kingman when he used to take off for Rosh Hashanna and Yom Kippur on days they coincided with the season.
793,zero_shot,10,rec.sport.hockey,9,rec.sport.baseball,9,"John Girash writes... You can get WJR a LONG way away. The problem is that, because of those well known and beloved ""contractual obligations"", WJR will be doing Tiger baseball instead of the Wings playoff games for probably half the games the Wings c"
794,zero_shot,2,comp.os.ms-windows.misc,2,comp.os.ms-windows.misc,2,Don't forget seamless Win apps on OS/2. MS couldn't do it (viz WLO) but IBM managed to do it right.
795,zero_shot,9,rec.sport.baseball,9,rec.sport.baseball,9,"Okay, I'm curious. Why? Are you expectin the Commissioner to fly in and stand on the pitchers mound to yell at the fans to sit down, or what?"
796,zero_shot,4,comp.sys.mac.hardware,12,sci.electronics,12,"There are no MiniDocks with math coprocessors available right now and I am not aware of any in development. Demand appears low for such a device right now, but I'm sure some enterprising vendor would create one if there were sufficient demand. Lynn"
797,zero_shot,13,sci.med,13,sci.med,13,"If you have any information on artificial intelligence in medicine, then I would appreciate it if you could mail me with whatever it is. The informations is needed for a project. Thank you, Ian."
798,zero_shot,11,sci.crypt,18,talk.politics.misc,18,"In what way David? Our government is totally out of control, whether you realize it or not. I know you find it painful to think of your old buddy Uncle Sam as evil but it's true. Other democracies have fallen before. Ours is on its way and knee-jerk "
799,zero_shot,3,comp.sys.ibm.pc.hardware,3,comp.sys.ibm.pc.hardware,3,"The 50 MHz external bus speed provides a hell for cache designs. Most of the DX-50 boards have too slow caches that make them effectively DX2-50:s. Also as someone else pointed out, local bus boards are better off at 33 MHz bus speed. The 8k internal"
800,zero_shot,7,rec.autos,7,rec.autos,7,"Probably the most famous V16 is the one Cadillac made from about 1925 to 1935. They had to scale down then because the Great Depression really put the crimp on luxury cars. It had 452 cubic inches with over two hundred horse power. ""They don't make t"
801,zero_shot,11,sci.crypt,18,talk.politics.misc,18,"That's one way to put it. Keeping the algorithm classified means that disclosure of it falls under the rubric of ""national security."" Nothing like federal marshalls to guard a monopoly... Agreed, although this is still somewhat better than the status"
802,zero_shot,1,comp.graphics,12,sci.electronics,12,Dear Netters: I am looking for C source code to test if a 3D point lies within a concave polyhadra. I have read a few articles about this and know that two solutions exist: parity counting and angle sumation. Both ideas are pretty simple but coding i
803,zero_shot,1,comp.graphics,12,sci.electronics,12,"^^^^^^^^^^^^^ Does this mean they can either do alpha or stenciling, but not both simultaneously? ^^ Same question again, does this mean they can either do double buffering or stereo, but not both simultaneously? --"
804,zero_shot,19,talk.religion.misc,16,talk.politics.guns,16,"********NOTE: FOLLOWUPS go to alt.atheism,talk.religion.misc,talk.origins! [deleted] If you say X statement and give it the authority of fact, I will respond by asking you why. You aren't obligated to say anything, but if your intent is to convince m"
805,zero_shot,8,rec.motorcycles,16,talk.politics.guns,16,Dancing With Idjits.
806,zero_shot,3,comp.sys.ibm.pc.hardware,12,sci.electronics,12,"We are doing a research about a passive dynamic vision guided vehicle. Completed the first theoric part, we have to make the effective realization of this vehicle. We need the necessary hardware for image acquisition from a videocamera and for their "
807,zero_shot,16,talk.politics.guns,16,talk.politics.guns,16,B urn A ll T he F uckers
808,zero_shot,6,misc.forsale,14,sci.space,14,"Most of these are C.S. books. There are also some Math and Physics books. For books marked as ""New"", the condition is *perfect*. All other books are in good condition. Shipping: Buyer pays $1 per book. Here is the list: *** If you hate the prices, em"
809,zero_shot,8,rec.motorcycles,17,talk.politics.mideast,17,"daved@world.std.com (Dave T Dorfman) writes... ]I was enjoying lunch this saturday at foodies in Milford NH with an assortment ]of other nedod folks when Dean Cookson ( yes he has not left the ]country, yet) mentioned that the wiring diagram of the V"
810,zero_shot,16,talk.politics.guns,18,talk.politics.misc,18,"Feel free to patronize me all you like; I need the tips. :-) Seriously, if you were insulted, I apologize. People are sucking up to the government when they decide that ONLY the things the government says are plausible. Especially if they refuse to c"
811,zero_shot,2,comp.os.ms-windows.misc,5,comp.windows.x,5,"HELLO, I HAVE SOME PROBLEMS WITH MY DIAMOND STEALTH LOCAL BUS GRAPHIC CARD. WHEN I TRY TO START WINDOWS MY SYSTEM STOP AND DISPLAY: ""NO FREE FILES HANDLES,CANNOT LOAD COMMAND,SYSTEM HALTED"" IT'S PERHAPS A BIOS SETUP PROBLEM BUT I'M NOT USED TO MY AMI"
812,zero_shot,14,sci.space,17,talk.politics.mideast,17,"Ha! Watch me. It flies. It lands. It gets rebuilt. That's not what they told us back in the '70's. 1. It isn't a logical follow-on. A logical follow-on would have been either a Russian ""snowfox"" type thingey (for the lifting bodies) or something like"
813,zero_shot,1,comp.graphics,5,comp.windows.x,5,"hi netters, I'm doing a project which is about image analysis. Firstly, I have to find out any restrictions or limitations on the colour display on various kind of workstations, they are DECstation, HP, Amiga, Apollo. Secondly, I read from some graph"
814,zero_shot,19,talk.religion.misc,15,soc.religion.christian,15,"He is God. He is God. God granted you the gift of life whether you were sinner or saint. The scientist creates the living creature to examine it, poke and prod it and learn about its behaviour. He will kill it if it becomes a threat. For example, let"
815,zero_shot,13,sci.med,13,sci.med,13,"No doubt the sci.med* folks are getting out their flamethrowers. I'm rather certain that the information you got was not medical literature in the accepted academic/scientific journals. So, the righteous among them will no doubt jump on that. Also, i"
816,zero_shot,17,talk.politics.mideast,16,talk.politics.guns,16,"What is so honorable about placing bombs in passenger airliners, promising to execute Rushdie, killing 1-2 million people in the Iran/Iraq war, murdering tourists and persecuting ethinc Christians in Egypt, massacring Christians in Sudan, harassing C"
817,zero_shot,15,soc.religion.christian,15,soc.religion.christian,15,Perhaps one other thing I should have added is that Jeremiah's prophesies about the coming destruction of Jerusalem would have been understood by the people of that time to be a full frontal assault on their understanding of their relationship with t
818,zero_shot,11,sci.crypt,11,sci.crypt,11,"I believe it's legal to send DES code or equipment from the US to Canada with no export license. I think this is the only place you can do this - all other countries require a license. As an aside, I've always thought it should be legal to send DES s"
819,zero_shot,13,sci.med,14,sci.space,14,"=FLAME ON = =Reading through the posts about Kirlian (whatever spelling) =photography I couldn't help but being slightly disgusted by the =narrow-minded, ""I know it all"", ""I don't believe what I can't see or =measure"" attitude of many people out ther"
820,zero_shot,18,talk.politics.misc,13,sci.med,13,"On 20 Apr 93 13:34:03 GMT, Gary Piatt observed: : First, the median does not imply that half of the men are : above and half below 7.3: it simply means that 7.3 is the mid-point : between the maximum number of partners and the minimum (which is most "
821,zero_shot,7,rec.autos,14,sci.space,14,"Primarily milage. Gas is much more expensive, so people are very concerned about it taking a few more liters per kilometer. This, along with narrow old cities, also results in smaller cars with smaller engines. These engines usually don't have the to"
822,zero_shot,17,talk.politics.mideast,16,talk.politics.guns,16,"... Wayne McGuire? Did someone prove he's anon15031@anon.penet.fi, and he ran off to restock on PCP?"
823,zero_shot,8,rec.motorcycles,8,rec.motorcycles,8,"Interesting. All I can say is that I haven't seen any wear in the 1000 miles I've used the stuff on the Ninja, and the bike stays soooo clean. I'll check back again in a few thousand more miles. While we're on the subject, whereinthehell can I find a"
824,zero_shot,8,rec.motorcycles,18,talk.politics.misc,18,"Dunno, the newpaper article I read didn't say (I was wondering the same thing). I rather doubt it..."
825,zero_shot,0,alt.atheism,18,talk.politics.misc,18,"[....] Thanks Jon. I had forgotten about the 1912 and 1927 invasions (if I had ever learned of them. I mean I *really* forgot!) But I read the context as more recent, such as when the Sandinistas were expecting an ""imminent"" invasion from the U.S. wh"
826,zero_shot,16,talk.politics.guns,16,talk.politics.guns,16,". re. own. s. Will do! I appreciate the thoughtfullness of the Post to not be an intermediary for such sales. The ""Right to bear arms"" is one of the most misapplied rights in our Constitution, and assault weapons go way beyond what is, or rather shou"
827,zero_shot,14,sci.space,14,sci.space,14,"Correction, and some more info: The Kaliningrad that Mr. Larrison writes about is indeed near Moscow. I've read that it may also be known by the name Podlipk, and is a short distance from Zvezdny Gorodok (Star City) and the Cosmonaut Training Center "
828,zero_shot,2,comp.os.ms-windows.misc,5,comp.windows.x,5,"The best I've seen is Visio. Runs under Windows. It's not shareware however. ----------------------------------------------------------------- Gary Williamson aka wwilliam@polaris.orl.mmc.com Orlando, Florida"
829,zero_shot,8,rec.motorcycles,7,rec.autos,7,"Hey, the Lone Biker of the Apocalypse (see Raising Arizona) had flames coming out of both his exhaust pipes. I love to toggle the kill switch on my Sportster to produce flaming backfires, especially underneath overpasses at night (it's loud and light"
830,zero_shot,13,sci.med,13,sci.med,13,"The burden of proof rests upon those who claim the existence of this ""syndrome"". To date, these claims are unsubstantiated by any available data. Hopefully, as a scientist, you would take issue with anyone overstating their conclusions based upon the"
831,zero_shot,2,comp.os.ms-windows.misc,17,talk.politics.mideast,17,As the title says...Does anyone know of a Text editor (like notepad) that can handle large text files?....Thanx for any and all help! ________________________________________________________________________
832,zero_shot,7,rec.autos,16,talk.politics.guns,16,The question is not whether your radio will be stolen. The question is when your radio will be stolen.
833,zero_shot,6,misc.forsale,16,talk.politics.guns,16,"Yes, we Put any book on disk for you. Fast and accurate. We can also put any typewritten or printed articles, thesis, term papers, etc. on disk for you."
834,zero_shot,9,rec.sport.baseball,9,rec.sport.baseball,9,I need the box score from the April 15 game I believe the score was 5 to 4 if anyone can provide it for me I would appreciate it....
835,zero_shot,8,rec.motorcycles,7,rec.autos,7,": My 83 Nighthawk has two (related?) problems with the ignition system: : : - it won't start when on cold mornings ( 10 C, 50 F or so) : - I always need to give it gas when starting it, even when using : the clutch. : : This all still happens after a"
836,zero_shot,1,comp.graphics,6,misc.forsale,6,I opened the file with a text editor and it looks like: ^Vnetwork storyboardpictPICT8BIM^E^...... I have already tried BinHex which does not seem to work. Any other ideas? --
837,zero_shot,11,sci.crypt,11,sci.crypt,11,[ ... ] [ ... ] One very interesting thing I notice about this is that the only use of the chip key is to encode the session key for the law enforcement field. It is not used at all by the encryption algorithm. It seems like it would be possible to c
838,zero_shot,3,comp.sys.ibm.pc.hardware,12,sci.electronics,12,"Yes, but what if my monitor only has 3 BNC's on it, and is expecting to get a composite sync signal on the ""green""? There ought to be a little black box that takes the VGA signalling (which has horiz, vert, and composite sync on different pins, plus "
839,zero_shot,10,rec.sport.hockey,9,rec.sport.baseball,9,Does anyone know if MSG will televise any of the Binghampton Rangers playoff games. Even taped replays would be nice?
840,zero_shot,8,rec.motorcycles,8,rec.motorcycles,8,"Feeding frenzy!!! Ah, 'tis April in rec.moto and the newbies are bitin'! Catch all you want, we'll make more!"
841,zero_shot,9,rec.sport.baseball,9,rec.sport.baseball,9,"Do you have a better e-mail address, Mr. Lurie? I'm afraid I can't get the short version to work. In any case, on Winfield. Yes, his career BA is a mere .285. He didn't beat this until his sixth year in the majors, and has only topped it once since 1"
842,zero_shot,18,talk.politics.misc,16,talk.politics.guns,16,What I saw on TV and what you claim are two different things. The Davidians did not start shooting until after the BATF lobbed a couple genades in the windows and started shooting themselves. EASY! If you see federal agents in body armor with sub mac
843,zero_shot,8,rec.motorcycles,7,rec.autos,7,Dream machine quality ain't what it used to be Kinetic Art did some great paint jobs on Bimotas. Don't know if they are still around.
844,zero_shot,9,rec.sport.baseball,9,rec.sport.baseball,9,"I've only ever seen this called once. Back around 1979-1980. I think that Steve Carlton was pitching. On the other hand, I am not sure how much effect this would have. It seems that most of the time lost is when there are runners on base and the rule"
845,zero_shot,6,misc.forsale,2,comp.os.ms-windows.misc,2,"I am posting this for a friend. PLEASE DO NOT RESPOND TO THIS ACCOUNT!!! If you are interested in any of the following, ask for Rob at (510) 521-3147. Laptop PC: $1200 - 386SX 20MHz CPU - 4 MB RAM - 120 MB Hard Drive - VGA Graphics (32 Greyscale) LCD"
846,zero_shot,2,comp.os.ms-windows.misc,2,comp.os.ms-windows.misc,2,"This pretty much confirms my original impression after reading through the documentation on dos-6. The double space sounds nice, but NOT on your primary disk!! I'll probably wind up making a disk partition d: and doublespacing *it*, using it as an ar"
847,zero_shot,17,talk.politics.mideast,15,soc.religion.christian,15,"+-----------------------------------------------------------+ | | | ""There's no room for Christians here!"" and ""When we | | finish with the Armenians, we'll go after the Russians!"" | | | +-----------------------------------------------------------+ D"
848,zero_shot,12,sci.electronics,13,sci.med,13,"This topic was beaten to death a year or so ago. The concrete is not the problem. Lead-acid batteries often fail from disuse (not being charged for a long time), but there's no way the concrete floor could be the cause of the problem."
849,zero_shot,1,comp.graphics,12,sci.electronics,12,I have a little question: I need to convert RGB-coded (Red-Green-Blue) colors into HVS-coded (Hue-Value-Saturnation) colors. Does anyone know which formulas to use? Thanks!
850,zero_shot,10,rec.sport.hockey,10,rec.sport.hockey,10,"Bowman is in the Hockey Hall of Fame as a coach already...and unlike Gil Stein...he didn't get their by stacking the Board of Directors! -) Bowman is the genius...Johnson isn't. Bowman is a great coach...Johnson, a very good one. However, Bowman is r"
851,zero_shot,9,rec.sport.baseball,9,rec.sport.baseball,9,"Yes - Everyone seems to be in agreement that the Yankees are finally moving in the right direction. They should finish over .500 this year and maybe even be in the pennent race in August. However, I would take back a few moves: 1. The Jim Abbott Trad"
852,zero_shot,8,rec.motorcycles,7,rec.autos,7,"I know the roads up there in Minnesota are pretty bad, but I doubt that they are THAT bad. I've never realy tried to watch my back tyre but, my 82 Maxim 750 will pull the front wheel off the ground if I pop the clutch. Admittedly, it is easier with s"
853,zero_shot,6,misc.forsale,6,misc.forsale,6,"Hi, I have a HP LaserJet III for sale. It's been printed for less than 1500 pages according the self test report. I am asking $1000 for it. If interested, please e-mail."
854,zero_shot,5,comp.windows.x,5,comp.windows.x,5,"Hi, Could someone explain to me what exactly the Xlib functions XCreateRegion, XPolygonRegion, XPointInRegion do, or to suggest a ftp site where I can find programs using these functions. PS: The man pages does not explain much ...... Thank you, Leo."
855,zero_shot,14,sci.space,13,sci.med,13,Well ... Have a look at a new journal: Journal of Experimental Mathematics It has several Fields medallists on its editorial board. You want to knwo more? Try Klaus Peters in Boston or David Epstein at Warwick .
856,zero_shot,17,talk.politics.mideast,15,soc.religion.christian,15,"You are somewhat close to truth. But you shouldn't forget that nationality is a recent invention of the western europe. In the days of the Ottoman empire, the religion was the main point of difference between social classes. The Ottomans didn't recog"
857,zero_shot,5,comp.windows.x,2,comp.os.ms-windows.misc,2,this is a repost... I like to find out more about this also... *** Message Part 2: Text **************************************** The COSE announcement specifies that Motif will become the common GUI. But what does this mean exactly? - Do they mean th
858,zero_shot,1,comp.graphics,5,comp.windows.x,5,"I've been away for a couple of weeks and have become out of touch with the latest information on the Diamond Viper Card. Does anyone know if Diamond has come out with any Vesa Driver updates lately? Also, I was wondering what the latest Windows Drive"
859,zero_shot,17,talk.politics.mideast,15,soc.religion.christian,15,"I'm not sure about this but I hope the answer is that you can't apply under the law of return. By conversion, you've elected not to be a part of the Jewish nation. At the moment you converted, you officially anounced to the world that *you* do not co"
860,zero_shot,8,rec.motorcycles,7,rec.autos,7,since at least one other person was interested in this: my FZR's black exhaust pipes are rusty and i researched getting them repaired. yesterday i bought a can of VHT 1500 degree black header paint and spent an hour sanding two of the header pipes by
861,zero_shot,4,comp.sys.mac.hardware,4,comp.sys.mac.hardware,4,"Put me down for a PB100 4/20 with ext. floppy, AppleTalk Remote Acces, AC adapter, and fresh out of box (was used, but buyer switched to 140 on arrival and sold unopened box. Purchased last October for $925. Later I bought a used PowerPort V.32 9600 "
862,zero_shot,0,alt.atheism,15,soc.religion.christian,15,"Could an atheist accept a usage in which religious literature or tradition is viewed in a metaphorical way? Of course: this is essentially what we do with Homer, or with other concepts such as fate, luck, free will ;-)... However, there remains the q"
863,zero_shot,10,rec.sport.hockey,9,rec.sport.baseball,9,"Current votes for favorite goalie masks (3pts - 1st, 2pts - 2nd, 1pt - 3rd) Player Team Pts Votes -------------------------------------------------------------- 1. Ed Belfour Chicago 31 14 2. Andy Moog Boston 30 13 3. Curtis Joseph St. Louis 26 11 Br"
864,zero_shot,15,soc.religion.christian,15,soc.religion.christian,15,"Easy vs. Hard .....Easy on who? I had a rare very personal talk with my mother last year. She said that when she and my father were raising we four children, they did not try to raise us in this world as strictly as they were raised in their Norwegia"
865,zero_shot,1,comp.graphics,13,sci.med,13,"On a more cheerful note, perhaps hackerism/hacking isn't completely dead. As someone else said, take the GNU offerings for example - free, redistributable and often better than the commercial stuff. Take also the number of papers published every year"
866,zero_shot,4,comp.sys.mac.hardware,13,sci.med,13,I have also moved on to a 66.6 mhz clock. Thus far not problems. I'm not totallysurprised as I've had Q700 run at 35.4 mhz (CPU clock speed) using a VSO. My 25 mhz rated Daystar QuadraCache got very hot at 32 mhz and would fail previously. I glued on
867,zero_shot,18,talk.politics.misc,18,talk.politics.misc,18,"... I must object to the characterization of those opposed to the government's handling of the Waco situation as ""gun supporters"". Your argument tries to paint the BATF critics as right-wing gun nuts, and just mixes up two issues. I am one of the BAT"
868,zero_shot,4,comp.sys.mac.hardware,4,comp.sys.mac.hardware,4,"The Duo's can drive Apple's 16"" monitor at 832x624 resolution and 256 colors, I think. What non-Apple 16-17"" monitors can also be used? Would a multisync NEC-5FG work as well at the same resolution? What are the outstanding points of the Apple monito"
869,zero_shot,18,talk.politics.misc,18,talk.politics.misc,18,"I thumbed through the Janus Report in a bookstore recently looking for a clue about their methodology. They were very unclear about it, but as far as I could tell they relied on their professional associates in the psychotherapy profession to provide"
870,zero_shot,6,misc.forsale,6,misc.forsale,6,"I have the following machine for sale: Zenith 386, 20MHz machine 40 MB Hard disk 3.5 inch 1.44 MB Floppy drive 5.25 1.2 MB Floppy drive 2 MB of RAM VGA card ZCM 1492 FTM (Flat Tension Mask) VGA Color monitor Flat screen , Non-Glare 101 Key Keyboard, "
871,zero_shot,14,sci.space,14,sci.space,14,"It's been suggested. (Specifically, lightning strikes between clouds in the interstellar medium.)"
872,zero_shot,18,talk.politics.misc,16,talk.politics.guns,16,The Stacy Koon-Lawrence Powell defense! The decisions of Janet Reno and Bill Clinton in this affair are essentially the moral equivalents of Stacy Koon's. Reno and Clinton have the advantage in that they investigate themselves.
873,zero_shot,12,sci.electronics,17,talk.politics.mideast,17,"WHAT??!!!! You can't remove it, unless you register? You gotta be joking, right? What happens if I get a demo-version of that program, install it, and then decide that I don't like it. Do I have to register to be able to get rid of it? (Hell, no, tha"
874,zero_shot,4,comp.sys.mac.hardware,4,comp.sys.mac.hardware,4,"I have a mac plus with 2.5MB RAM. I have just bought an extra 2MB so that I can have the max 4MB RAM that a plus supports. However, I can't get it to boot after I install the 2 extra SIMMs. Instead I get a sad mac (Sorry, but I can't remember the cod"
875,zero_shot,5,comp.windows.x,2,comp.os.ms-windows.misc,2,"<Due it seems to Sun's crapulous organisation of the X libraries and includes, <most standard (GNU and other) software won't compile out of the box (well, tar <file). < <Right now I'm trying to make ghostview. It complains it can't find X11/XaW/... <"
876,zero_shot,1,comp.graphics,4,comp.sys.mac.hardware,4,"I do not know if I am hitting the right news groups or not, any help in the right direction is more than welcome. I need help finding a company that will take photographic images scanned in and modified by Adobe Photoshop and turn them into thermal p"
877,zero_shot,3,comp.sys.ibm.pc.hardware,3,comp.sys.ibm.pc.hardware,3,"2-The-Max VESA VL video controller/ Cirus Logic chipset (2Mb ram, 24-bit color, 1280x1024 NI) Does XFree1.2 (or 2.0) support this card?"
878,zero_shot,5,comp.windows.x,14,sci.space,14,"Rather than write my own, can anyone direct me to a package that will let me create cascaded popup menus in X windows. For reasons of portability, the package should not rely on any X toolkit other than XLib and the XT Intrinsics. Something written i"
879,zero_shot,14,sci.space,14,sci.space,14,Often Shuttle lifts satellites with upper stages. Yet we still consider it payload. Ten Saturn flights over about 4 years delivered to LEO roughly the same as 50 shuttle flights over 10 years. They where pretty much the same in terms of cost/pound. A
880,zero_shot,17,talk.politics.mideast,15,soc.religion.christian,15,"wrote in response to article <30975@galaxy.ucr.edu>, raffi@watnxt08.ucr.edu [IC] There are some Armenians here, in the USA. [IC] In fact, there are some areas where Armenians are majority. [IC] Suppose, a large group of people of one of such area dec"
881,zero_shot,12,sci.electronics,12,sci.electronics,12,Rubbish. The reason for the colour of the boards depends on the solder mask that is used. Older boards (bakelite and phenolic) rarely used a solder mask (these boards are not suited well to automatic stuffing and soldering techniques) and hence are t
882,zero_shot,16,talk.politics.guns,18,talk.politics.misc,18,"Still thinking you have all the answers, eh? Jim -- jmd@handheld.com"
883,zero_shot,10,rec.sport.hockey,18,talk.politics.misc,18,The answer is in the FAQ for this group. nough said.
884,zero_shot,8,rec.motorcycles,17,talk.politics.mideast,17,"good point. the ""list"" actually started out as an extension of my GS v. FJ shootout list, which is why it got that name. since inception, however, other boxer-interested folks have joined and the conversation has not always been ""geared"" to gs/pd/st-"
885,zero_shot,18,talk.politics.misc,16,talk.politics.guns,16,Because the Gun loonies were firing on vehicles with 50mm amunition that has a range of 3000 meters. Next question. The problem is of course the laws that allow a bunch of raving nutters to collect a huge stack of arms in the first place. The sequenc
886,zero_shot,9,rec.sport.baseball,9,rec.sport.baseball,9,Always has been?????? Even before he was even conceived of? That's a neat trick. Always will be?????? We leave a lot of room for error don't we. Hopefully I missed an earlier post that this was with regard to otherwise ... well I leave that to the in
887,zero_shot,13,sci.med,17,talk.politics.mideast,17,"Greg, no flame intended, but you have no discernible sense of humor. What Bill wrote was intended to be funny. It's called a ""joke"", Greg. Look into it. Besides, Kirilian photography is actually photography of my friend's two-year-old son Kiril. Perh"
888,zero_shot,6,misc.forsale,6,misc.forsale,6,"..... I'll sell mine for $200 O.B.O. - Never Used, I've decided I just don't have the time to get into C++."
889,zero_shot,1,comp.graphics,5,comp.windows.x,5,"I am looking for a small utility that will convert a Microsoft Video (AVI) file to an Autodesk Animator Pro (FLC) file. Since AVIs also contain sound, it would be nice if this utility also stored the sound track as a WAV or VOC file. Currently I'm ac"
890,zero_shot,15,soc.religion.christian,15,soc.religion.christian,15,I am writing a paper on religion and how it reflects and or affects modern music. This brief questionaire is summary of the questions I would like answered. A response is requested and can be mailed to me directly at: gtd259a@prism.gatech.edu *PLEASE
891,zero_shot,14,sci.space,11,sci.crypt,11,"well, IMHO (and i am just a nobody net.user) henry spencer is to sci.* as kibo is to alt.* and rec.*.... ....but i could be wrong...(did anybody mention the illuminati) kitten --"
892,zero_shot,8,rec.motorcycles,7,rec.autos,7,": To those of you who have the BMW heated handgrips: : What are they like during the summer? Yes, you : wiseguy, I mean while they are off! : Are they comfortable? Do they transmit a lot of : vibration? How do they compare to the stock grips? : To fo"
893,zero_shot,4,comp.sys.mac.hardware,14,sci.space,14,"I've been getting seemingly random disk accesses on my Centris 610 with a Quantum 240 LPS, but this is NOT the regular recalibration it has been doing since I got it.... This is sometimes short, sometimes long, accesses that sound like there is some "
894,zero_shot,6,misc.forsale,6,misc.forsale,6,PC GAMES FOR SALE...... Both Games in original package and original docs. Jordan In Flight $30 +S&H Test Drive 3 $15 + S&H Or OBO Contact Bob at...
895,zero_shot,14,sci.space,14,sci.space,14,"Some more references: S.H. Dole ""Habitable Planets for Man"" Blaisdell Publishing Company, New York (1964) I don't know if this can be found any more. M.J. Fogg ""Extra-Solar Planetary Systems: A Microcomputer Simulation"" J. Brit. Interplanetary. Soc.,"
896,zero_shot,7,rec.autos,17,talk.politics.mideast,17,"Having driven both, and having owned an SC300 for 14 months now, all I can say is ""it depends"". They're both great cars. In fact, my wife and I are saving our pennies so we can get her the 300ZX convertible in a year. The 300ZX handles like a dream, "
897,zero_shot,14,sci.space,14,sci.space,14,"Indeed, the sky doesn't look much like a black body if you look carefully enough; in particular, its temperature at radio frequencies is quite a bit higher than you would see from a black body. Morgan&Gordon's fat ""Communications Satellite Handbook"" "
898,zero_shot,6,misc.forsale,4,comp.sys.mac.hardware,4,"I have following softwares for sale: NEW ITEMS (never opened): 1. Lucid 3-D, three dimensional spreadsheet: with pull-down menus, on-line help, up to 8 pages of notes behind every cell for dynamic detail, 3-D capability, compatible with Lotus 1-2-3, "
899,zero_shot,2,comp.os.ms-windows.misc,18,talk.politics.misc,18,Haven't we wasted enough bandwidth on this silly discussion already!! [Please no flames -- let sanity prevail]
900,zero_shot,9,rec.sport.baseball,9,rec.sport.baseball,9,"Well, there were 27 outs in a row with no hits or walks in between, but really, he only retired 26 batters in a row. The first out of the game was the front end of a double play. Still counts as a back-end perfect game in my book, though. Congrats to"
901,zero_shot,12,sci.electronics,14,sci.space,14,"With regards to what you wrote, how does one ""adjust for room dynamics and stuff like that""? I asked a professor that question just last week and he didn't really know himself. Since pink noise is believed to be due to surface states (say, the surfac"
902,zero_shot,19,talk.religion.misc,15,soc.religion.christian,15,"Wrong about what? I think they are correct in thinking that a well-placed bomb or six would get headlines, but I think they are wrong if they think that you can set off bombs and still be a Buddhist. Maybe what we are seeing here is that Chinese cult"
903,zero_shot,0,alt.atheism,15,soc.religion.christian,15,"Great start. I realize immediately that you are not interested in discussion and are going to thump your babble at me. I would much prefer an answer from Ms Healy, who seems to have a reasonable and reasoned approach to things. Say, aren't you the cr"
904,zero_shot,0,alt.atheism,15,soc.religion.christian,15,"::DATE: Sun, 25 Apr 1993 10:13:30 GMT ::FROM: Fred Rice <darice@yoyo.cc.monash.edu.au: :: :: ::The Qur'an talks about those who take their lusts and worldly desires for ::their ""god"". :: ::I think this probably encompasses most atheists. :: :: Fred R"
905,zero_shot,18,talk.politics.misc,16,talk.politics.guns,16,Were. In urban areas.
906,zero_shot,19,talk.religion.misc,15,soc.religion.christian,15,"I'm curious to know if Christians ever read books based on critique on the religion, classical text such as ""Age of Reason"" by Paine, or ""The Myth Maker"" by Jacobi. Sometimes it is good to know your enemy, and if you want to do serious research you h"
907,zero_shot,1,comp.graphics,3,comp.sys.ibm.pc.hardware,3,I am having trouble viewing GIF files on my system. Large sections don't show up. I have tried VPIC and PICEM - both do the same. I am running a Gateway 486/33C with a Speedstar Plus VGA card and an NEC Multisync 4Ds 16 inch monitor. Any suggestions?
908,zero_shot,10,rec.sport.hockey,10,rec.sport.hockey,10,"Well, as a hockey fan, I think it's terrible. It's one thing to say, ""Hey, let's give a hockey team to cities that don't have one!"" -- that's fine. It's entirely another to say, ""Okay, let's take a team from a thriving hockey town and move it!"" Of co"
909,zero_shot,11,sci.crypt,16,talk.politics.guns,16,"Right. People here believe the government is listening in on everything. Sure. If you can't provide an answer, change the assumptions to something you can deal with. It's not a matter of the government listening on on everything, it's a matter of the"
910,zero_shot,10,rec.sport.hockey,9,rec.sport.baseball,9,"That was Clint Malarchuk. That was a very dangerous accident. He could he died right there on the ice. However, he has played since but I don't know where he is now. I think he is still playing but I'm not positive. He was a Sabre at the time. I don'"
911,zero_shot,18,talk.politics.misc,16,talk.politics.guns,16,"These surviving witnesses being members of which cult pray tell ?? We were having a discussion about whether Bush would have done anything differently. On the basis of Panama, Grenada, Tripoli, Kewait etc we decided that Bush would have asked for a s"
912,zero_shot,13,sci.med,18,talk.politics.misc,18,"I am interested in finding other Physical Therapy Students on the net...If you are one, or you know anyone could you get into contact with me via email, my address is gecko@camelot.bradley.edu thankyou"
913,zero_shot,14,sci.space,12,sci.electronics,12,"-| I am taking a course entitled ""Exploring Science Using Internet"". -| For our final project, we are to find a compendium of Internet resources -| dealing with a science-related topic. I chose Astronomy. Anyway, I was -| wondering if anyone out ther"
914,zero_shot,1,comp.graphics,14,sci.space,14,"I'm looking for code that will generate a minimum-volume oriented bounding box for an arbitrary polyhedron. Anyone know of such code? Why? I'm converting objects from one modelling system into another, and the destination system is object oriented. S"
915,zero_shot,7,rec.autos,7,rec.autos,7,"Oil Pressure, Oil Temperature Coolant Temperature Manifold Vacuum Ammeter, Voltmeter Fuel Pressure [maybe] (Problematic, since you either need an electronic sensor/gauge pair or you have to mount the damn thing outside the car) In addition, it'd be n"
916,zero_shot,2,comp.os.ms-windows.misc,5,comp.windows.x,5,"Take a look at WinQVT/net -- the latest version is QVT/net 3.4 It comes in versions that are direct to packet driver, as well as a PC NFS version. It is priced quite low; registration = $40, student registration = $20, and is a nice package -- comes "
917,zero_shot,12,sci.electronics,12,sci.electronics,12,"I have a question about accessing certain addresses on a chip, particulary a 27C512 EPROM. Although I don't know that much about it, as I understand it, there's a pin on the chip that, when voltage is applied, kicks up the address. The question is ho"
918,zero_shot,15,soc.religion.christian,15,soc.religion.christian,15,"| | > Mary at that time appeared to a girl named Bernadette at | > Lourdes. She referred to herself as the Immaculate Conception. | > Since a nine year old would have no way of knowing about the | > doctrine, the apparition was deemed to be true and "
919,zero_shot,18,talk.politics.misc,16,talk.politics.guns,16,">They used a tank to knock a hole in the wall, and they released >non-toxic, non-flammable tear gas into the building. Non-toxic tear gas?!? Do you know what tear gas is? I do: once upon a time I happened to be in a room when someone threw a tear-gas"
920,zero_shot,16,talk.politics.guns,14,sci.space,14,"Look, I don't want to bore everybody here with the physics of woodstoves, but they're not anything like your Caloric gas range. It takes about three hours for a woodstove to get hot enough to cook on, and afterwards you can't just ""shut it off"" -- it"
921,zero_shot,13,sci.med,15,soc.religion.christian,15,"-- That means that there cannot be any atheists since there is NO WAY that you can prove that there is no god. Atheists are people who BELIEVE that there is no god, most not only believe, but also are damn sure that there isn't a god (like me). -----"
922,zero_shot,7,rec.autos,17,talk.politics.mideast,17,"I think it was the reverse, the V4 being 2/3 of the V6. It was also the worst engine that Ford (Europe) have ever made - bloody awful reputation. It's most successful application being the Transit van. Saab gave up with this motor and then made the T"
923,zero_shot,8,rec.motorcycles,7,rec.autos,7,"Just one little thing. Last year, mid-december, a cop pulled me over. It was about -10 Centigrade, and it just started snowing (O.K. you are right, I live in Canada). The cop checked my license, insurance, ownership, looked at my frozen nose and fing"
924,zero_shot,3,comp.sys.ibm.pc.hardware,5,comp.windows.x,5,": Hello : I've got an old Trident 8800CS SVGA card, but lacking suitable drivers : for windows 3.1. The drivers for the 8900 series seem to be incompatible. : Does anyone have an idea of where to get these drivers? Address for an : ftp-site would be "
925,zero_shot,19,talk.religion.misc,15,soc.religion.christian,15,"A ""moment of silence"" doesn't mean much unless *everyone* participates. Otherwise it's not silent, now is it? Non-religious reasons for having a ""moment of silence"" for a dead classmate: (1) to comfort the friends by showing respect to the deceased ,"
926,zero_shot,5,comp.windows.x,6,misc.forsale,6,"I have some brand new copies of the following books for sale. Some are down-rev, don't know which or by how much: look to # of pages, copyright date, etc. for clues. ""PostScript Language Reference Manual"", Adobe Sys. Inc., Addison-Wesley, copyr. 1986"
927,zero_shot,9,rec.sport.baseball,9,rec.sport.baseball,9,"I suspect that splits such as these are the result of positioning. An outfielder who is fast and gets a good jump would be expected to catch a lot of balls, preventing both singles and doubles, and also cut off more uncatchable balls, turinging doubl"
928,zero_shot,9,rec.sport.baseball,9,rec.sport.baseball,9,Have there ever been any other no-hitters in Mariner history?
929,zero_shot,19,talk.religion.misc,18,talk.politics.misc,18,"Personally, I think it was Mrs. O'Leary's cow that knocked over that lantern... :*)"
930,zero_shot,14,sci.space,17,talk.politics.mideast,17,Static test firings are now scheduled for this Saturday.....after many schedule changes.....
931,zero_shot,15,soc.religion.christian,15,soc.religion.christian,15,"hey folks, I'm fairly new to these groups, tho' some have heard from me before. I'd like to get your comments on a question that has been on my mind a lot: What morals/ethics apply to dreams and out-of-body incidents? In normal dreams, you can't cont"
932,zero_shot,13,sci.med,13,sci.med,13,"Hi: I went to the orthopedist on Tuesday. He diagnosed me as having ""intersection syndrome"". He prescribed Feldene for me. I want to know more about the disease and the drug. Thanks"
933,zero_shot,18,talk.politics.misc,14,sci.space,14,"Is anyone out there knowledgeable on drug issues in Japan? I'm interested in knowing if Japan has or has ever had a problem with drugs, and how they dealt with it. I've heard, undocumented, that Japan years ago used heavy legal penalties to end a ser"
934,zero_shot,1,comp.graphics,5,comp.windows.x,5,"Did I not hear that there maybe some ports of Real3D Version2 in the pipeline somewhere, Possibly Unix. Not too sure though please put me straight."
935,zero_shot,4,comp.sys.mac.hardware,4,comp.sys.mac.hardware,4,"I am, at long last, going to replace my beloved 512ke. I am looking at a new LC III and a used IIci. Prices have yet to be worked out, so I'm just thinking right now about their merits and drawbacks. Here's what I've thought of: The IIci has much gre"
936,zero_shot,3,comp.sys.ibm.pc.hardware,12,sci.electronics,12,This is normal behavior for these drives (and many other models). The drive is doing a recalibration -- adjusting for temperature changes. If you leave the machine on the frequency of the recalibrations goes way down.
937,zero_shot,13,sci.med,14,sci.space,14,"Candida can do that to you. :-) Gordon, I think that the best clinical trial for candida blooms would involve giving women with chronic vaginal candida blooms L. Acidophilus orally and see it it can decrease the frequency and extent of candida blooms"
938,zero_shot,3,comp.sys.ibm.pc.hardware,3,comp.sys.ibm.pc.hardware,3,"*** On 04-21-93 04:30, Michael Shapiro had the unmitigated gall to say this: MS> The DOS system date has a twenty-four hour clock and a rollover bit. MS> When the system crosses midnight, the rollover bit is turned on. MS> Subsequent reads of the tim"
939,zero_shot,11,sci.crypt,16,talk.politics.guns,16,"You are correct (several times). TEMPEST is a codeword for a standard, shared between the NATO governments, to limit the inadvertent emission of information by either electromagnetic radiation or conduction. The limits set in the standard are classif"
940,zero_shot,17,talk.politics.mideast,16,talk.politics.guns,16,"This does not change the *fact* that ""Muslim"" is a legal and political term defined constitutionally in former Yugoslavia, and therefore has meaning and consequences entirely *independent* and *immaterial* of any religious considerations. You only wi"
941,zero_shot,14,sci.space,12,sci.electronics,12,"How about the discussion of the STS Tether experiment. Ran forward, it would suck energy from the Earth's magnetic field, while trivially slowing the Shuttle. It could also have run backward -- if they ran electricity through the tether the other way"
942,zero_shot,8,rec.motorcycles,7,rec.autos,7,"If the clutch is in, then a large chunk of counter-rotating mass is not rotating. Hence, at a light, reving makes it twist. Shaft effect is the rear end rising under power or (the real problem) getting lower to the road when the throttle is snapped s"
943,zero_shot,11,sci.crypt,14,sci.space,14,"Have the feds shut down the people making Sound Blaster? What about Apple and NeXT? Apple, NeXT, Sun, and others make systems that can handle CD-quality audio in and out, and can perform arbitrary transformation on it in the process of transmitting i"
944,zero_shot,10,rec.sport.hockey,17,talk.politics.mideast,17,"Hindsight's 20-20. Nobody expected Kisio to have his 2nd best career year. I didn't mean to imply that Gund's offer wasn't enough. Gund's offer was the right $, but too late in the season. $2M offered in November lets Sather buy a replacement for Mur"
945,zero_shot,18,talk.politics.misc,18,talk.politics.misc,18,"In a debate about the student government here at our university, a question was raised by one student senator: ""Why should I represent people who didn't vote?"" and by implication, this raises a different question: ""Why should I represent people who d"
946,zero_shot,19,talk.religion.misc,15,soc.religion.christian,15,"930425 Rome was under attack by barbarians, they sent for advice to some Oracle, and she said Worship Cybele and you'll be saved. They did, they were. Cybele was the quintessential wiccan goddess, there was Her and her son & lover, Attis. Yucky idea "
947,zero_shot,18,talk.politics.misc,16,talk.politics.guns,16,"Do all those who are saying the government is responsible for the death of those in the compound also say that the Isrealis are responsible for the death of the Isreali athletes at the Olympics? Hey, the Palestinians and the Dividians COULD have give"
948,zero_shot,9,rec.sport.baseball,9,rec.sport.baseball,9,"As the heading indicates, it is impossible for me to fathom why Barry is not batting 4th for the Giants behind Will Clark. Barry is such an awesome and consistent hitter -- definitely the best in the National League. IMHO, to have Williams, a streaky"
949,zero_shot,19,talk.religion.misc,18,talk.politics.misc,18,"Didn't expect to find you in the Devil's role, Stephen, but these are the times that try men's souls. Nine months, as I understand it. No doubt this accounts for a significant amount of the time as government efficiency in spending our tax dollars wo"
950,zero_shot,11,sci.crypt,18,talk.politics.misc,18,"The proposal could be modified so that if they get a court order to tap you and don't charge you with a crime within, say, 90 days, they have to buy you a new phone. If they do charge you, and you are found innocent, they have to buy you a new phone."
951,zero_shot,3,comp.sys.ibm.pc.hardware,3,comp.sys.ibm.pc.hardware,3,es: A couple other problems with the 486DX/50: 1.) System manufacturers had MAJOR problems solving the electromagnetic interference problems with 486DX/50 systems. Getting an FCC-B (home use) certification required additional shielding in the system.
952,zero_shot,12,sci.electronics,12,sci.electronics,12,"The simplest and cheapest soft UV bulb is an AR-1 argon bulb (or other argon bulb). It works like a neon bulb except it glows purple. It will cause stuff to fluoresce. It requires very little power, just a battery, an oscillator, and a step-up transf"
953,zero_shot,3,comp.sys.ibm.pc.hardware,13,sci.med,13,"yes yes, seen glue-on, tape-on, clip-on, one-inch square and larger. my favorite is the 3.5 inch plastic U.S.Toyo fan I use just plopped down on top of the chip during open-case service. depends on the mounting only if the manufacturer was smart only"
954,zero_shot,16,talk.politics.guns,18,talk.politics.misc,18,Interesting development. Especially since the Feds (and the U.N.) accused Saddam Hussein of using illegal chemicals on his own citizens as well. Hmmm... Republican Guard/Iraqu Army = FBI/BATF? You decide. -- I hope very much that others who will be t
955,zero_shot,13,sci.med,16,talk.politics.guns,16,"Do you swim nude in a public swimming pool? :) I doubt sperm can penetrate swimsuit material, assuming they aren't immediately dispersed by water currents."
956,zero_shot,17,talk.politics.mideast,18,talk.politics.misc,18,"Providing safety and security for one's own people is the most fundamental responsibility of any political entity. For the Palestinian leadership to refuse to accept this responsibility, i.e. take the responsibility to protect their people from radic"
957,zero_shot,1,comp.graphics,5,comp.windows.x,5,"Hello, the subject line says it all: I'm looking for a TGA file viewer for the ATI Ultra + card. It should support the true color modes, of course. If someone knows where to find one via FTP, please let me know. thanx"
958,zero_shot,0,alt.atheism,16,talk.politics.guns,16,"Ah! Excellent. So why doesn't she appear to me? I'm a little weak in the blind faith department. (Besides, she doesn't even really need to appear: how about, oh say, a little tip - something like ""put your all on #3 in the 7:30 at the Dog Races"" ... "
959,zero_shot,19,talk.religion.misc,15,soc.religion.christian,15,That's right. Everyone. Even infants who cannot speak as yet. Even a little child will rebelliously stick his finger in a light socket. Even a little child will not want his diaper changed. Even a little child will fight nap-time. So far as Jesus say
960,zero_shot,1,comp.graphics,4,comp.sys.mac.hardware,4,"We are looking for GL source code, which was developed by Silicon Graphics (SGI). We would like to compile it on Sun and HP 9000/700s. If there is anyone already supporting GL on HP and Sun, please respond. Also please respond if anyone knows where t"
961,zero_shot,6,misc.forsale,4,comp.sys.mac.hardware,4,"For sale: 030 direct slot adapter card for the mac iisi (with a mac coprocessor on it as well). If this what you are looking for. Let me know, email an offer as well if you are interested."
962,zero_shot,10,rec.sport.hockey,17,talk.politics.mideast,17,"210493 Italy-Sweden 2-6 (0-1,1-2,1-3) W D L Canada 2 2 0 0 6-1 4 Sweden 3 2 0 1 8-6 4 Russia 2 1 1 0 6-4 3 Italy 3 1 1 1 5-8 3"
963,zero_shot,2,comp.os.ms-windows.misc,4,comp.sys.mac.hardware,4,Hello ! Could anybody be so kind and tell me the date and possible ftp-location of the most recent Win 3.1 printer drivers for: - Canon BJ-10e and - Canon LBP-4 I would really appreciate if you could help me with this. Thanks in advance! -- ---------
964,zero_shot,13,sci.med,16,talk.politics.guns,16,Here we go again. ========================================================================
965,zero_shot,15,soc.religion.christian,15,soc.religion.christian,15,"CALL FOR VOTES This is the official 2nd Call For Votes for this newsgroup. NAME OF PROPOSED NEWSGROUP: ========================== soc.religion.islam.ahmadiyya CHARTER: ======= A religious newsgroup, which would mainly be devoted to fostering an under"
966,zero_shot,9,rec.sport.baseball,9,rec.sport.baseball,9,"Sorry, Sherri, but I can't agree with this particular incident. While I'm all for cutting down the number of chain-rattles and other examples of rampant Hargroving, there was a difference here. 1) Since time immemorial, batters have complained about "
967,zero_shot,6,misc.forsale,3,comp.sys.ibm.pc.hardware,3,The title says all. (not IBM brand)
968,zero_shot,2,comp.os.ms-windows.misc,2,comp.os.ms-windows.misc,2,"It will certainly *help* to be able to run Windows and Dos apps but the only way that Solaris or OS/2 or any other scheme is going to challenge Microsoft is if they can somehow get the prices for Solaris or OS/2 or whatever apps, down to a DOS compet"
969,zero_shot,8,rec.motorcycles,7,rec.autos,7,"I've only ever done it in an automatic. I was sitting in my Olds, in the winter, at a light, when I heard screeching behind me. I managed to dart into the left turn lane before the sliding Jetta wound up half where I was and half in the parked car be"
970,zero_shot,8,rec.motorcycles,8,rec.motorcycles,8,"... Speedy, you've got this all wrong. When you're done, buy a better dirt bike, body armor, decent boots, and forget about the weenie street riding. :-)"
971,zero_shot,17,talk.politics.mideast,16,talk.politics.guns,16,"Ofranko. Coming from a self-exposed historical revisionist, a self-admitted anti-Muslim and a genocide apologist, Hamaza should take your drivel as a compliment. Furthermore, you even deny the obvious. There was a genocide of the Muslims carried out "
972,zero_shot,1,comp.graphics,16,talk.politics.guns,16,Try spectrum.xerox.com [192.70.225.78] in /pub/map/dem.
973,zero_shot,8,rec.motorcycles,16,talk.politics.guns,16,"------------ Shaft: Bamboozle, beat, beguile, burn (or flame), deceive, hoax, hoodwink. Drive: Campaign, crusade, push. So, 'shaft drive' may be a campaign to decieve or a crusade of beguile, efforts where are true to the spirit of this list. Wheel: "
974,zero_shot,18,talk.politics.misc,13,sci.med,13,As does the idea that a CS gas canister can get hot enough to ignite dry baled hay.
975,zero_shot,5,comp.windows.x,16,talk.politics.guns,16,"It's a request to personal users; it's a requirement for commercial, government, and institutional users. Someone else asked whether the authors of the JPEG and TIFF software had given permission to incorporate their code into a commercial product. I"
976,zero_shot,3,comp.sys.ibm.pc.hardware,3,comp.sys.ibm.pc.hardware,3,"I had one and on three different motherboards it didn't work with NT and in some cases DOS. I sent mine back, but it is my understanding that on some systems such as Micronics motherboards it is necessary to shut off the internal cache on the 486 to "
977,zero_shot,15,soc.religion.christian,15,soc.religion.christian,15,... The so-called Athanasian Creed has never been a recognized standard of faith in the Orthodox Church. It was introduced (without the Filioque) in certain service-books in the 17th and 18th centuries at a time when there was a strong Western influe
978,zero_shot,18,talk.politics.misc,14,sci.space,14,"That study which was in the NEJM, I think, noted that the frequency of heart surgery on patients over seventy increase with income in California (I guess richer people have more heart disease in California -) ) whereas the frequency of surgery on pat"
979,zero_shot,11,sci.crypt,18,talk.politics.misc,18,">drug dealers, spies, terrorists, and organized crime figures (assuming >enough probable cause to convince a judge) who need to be watched, not >law-abiding citizens."
980,zero_shot,5,comp.windows.x,2,comp.os.ms-windows.misc,2,"Does anyone know of any free X-servers for PCs, preferably that run under MS Windows? THANKS."
981,zero_shot,1,comp.graphics,12,sci.electronics,12,"Hello networld! I'm looking for documentation/books on parametric drafting. Does anyone know of such material, electronic on a Gopher/ftp-site or books/authors. Im not looking for commercial software rather info on implementation and theory of the su"
982,zero_shot,17,talk.politics.mideast,16,talk.politics.guns,16,"Ok, you don't like what I have to say. Would you care to demonstrate how the above list, or any expanded version of it you chose to post, demonstrates fairness in the actions of the UN wrt Israel? You make the odd assumption that I read Israeli paper"
983,zero_shot,5,comp.windows.x,12,sci.electronics,12,"< <>OW 3.0 is the same. But, the definition of broken is relative. Pageview <>requires DSC compliant PostScript files, in order to stop at page breaks. <>I don't consider that broken. I say that any program that puts out a <>PostScript file that isn'"
984,zero_shot,2,comp.os.ms-windows.misc,5,comp.windows.x,5,"Hello Netters I recenlty aquired enough money to purchase a laser printer. The other day, I bought the COMPUTER SHOPPER mag. I was looking through printer review section and noticed the WINPRINTER800. The machine is incredibly low priced for all the "
985,zero_shot,7,rec.autos,9,rec.sport.baseball,9,"After a tip from Gary Crum (crum@fcom.cc.utah.edu) I got on the Phone with ""Pontiac Systems"" or ""Pontaic Customer Service"" or whatever, and inquired about a rumoured Production Hold on the Formula Firebird and Trans Am. BTW, Talking with the dealer I"
986,zero_shot,7,rec.autos,17,talk.politics.mideast,17,I dont know about Saabs but whenever there is a 'long temr tset' in a magazine they always say that tehy're are little annoying niggles which keep on occuring every so often... I wouldn't expect that from such a 'quality' car.... why doesn't anything
987,zero_shot,17,talk.politics.mideast,16,talk.politics.guns,16,In Turkish Genocide Apology <9304261739@zuma.UUCP> as scribed by its servile dolt sera@zuma.UUCP (Serdar Argic) we read a response to article <1993Apr26. 175246.24412@colorado.edu> perlman@qso.Colorado.EDU (Eric S. Perlman) who [EP] This has been dis
988,zero_shot,10,rec.sport.hockey,18,talk.politics.misc,18,"That's not inner calm. It's boredom, and it's being spoiled. The Arena's been as quiet as a church on many nights this year; too many of us just take winning for granted. It's been seemingly forever since the team lost, and we've forgotten what it's "
989,zero_shot,4,comp.sys.mac.hardware,4,comp.sys.mac.hardware,4,"Sure thing. Here are the FIrstClass systems in those area codes: MacValley Online Burbank, CA (818) 840-0518 The Drawing Board Hacienda Heights, CA (818) 965-6241 BPS Hollywood, CA (213) 874-1919 SanGabriel Valley MUG Pasadena, CA (818) 790-5426 And "
990,zero_shot,3,comp.sys.ibm.pc.hardware,6,misc.forsale,6,Nanao: call 1-800-800-5202. Ask for a catalog.
991,zero_shot,17,talk.politics.mideast,17,talk.politics.mideast,17,"Try coming up with your own definition of any or all ""self-hating"" peoples. To me, any who reject their culture to the point where they *only* see the absolute negatives of that culture (generally, or regarding a particular event) and accept *only* t"
992,zero_shot,2,comp.os.ms-windows.misc,2,comp.os.ms-windows.misc,2,"Ladies & Gentlemen... Please keep this discussion in comp.os.ms-windows.advocacy where it belongs. Thank you. John A. Grant jagrant@emr1.emr.ca Airborne Geophysics Geological Survey of Canada, Ottawa"
993,zero_shot,12,sci.electronics,5,comp.windows.x,5,I just got a copy of spice 5.2. I would like to know if there are any published books on the market yet and where I could get one. I would appreciate any help. Thank You
994,zero_shot,19,talk.religion.misc,18,talk.politics.misc,18,"I've done all those things, and I've regretted it, and I learned a lesson or two. So far an aspirin, a good talk with your wife, or a one week vacation has cured me -- no need for group therapy or strange religions! Cheers, Kent"
995,zero_shot,0,alt.atheism,16,talk.politics.guns,16,"This is the story of Kent, the archetype Finn, that lives in the Bay Area, and tried to purchase Thomas Paine's ""Age of Reason"". This man was driving around, to Staceys, to Books Inc, to ""Well, Cleanlighted Place"", to Daltons, to various other places"
996,zero_shot,18,talk.politics.misc,14,sci.space,14,"The following statement was released on February 27,1992 by the Science & Environmental Policy Project As independent scientists researching atmosphere and climate problems, we are concerned by the agenda for UNCED, the United Nations Conference on E"
997,zero_shot,7,rec.autos,8,rec.motorcycles,8,"I was at the Indianapolis Motor Speedway Museum the other day and one of their VERY early winners was 4 valves per cylinder (and either front wheel drive or all wheel drive, I think front wheel drive) and that was in 1914! Spiros"
998,zero_shot,10,rec.sport.hockey,9,rec.sport.baseball,9,"^^^^^^^^ In four of the five games Finns have played, the goalie has been chosen the best player of the opposing team. (In the fifth, the finnish goalie, Ketterer was elected the best Finn) Has this to do with the goalies having good days in these ga"
999,zero_shot,1,comp.graphics,5,comp.windows.x,5,There are JPEG viewers that are windows based and therefore need no hardware specific drivers beyond those provided in windows. I got mine from the Library of Congress in connection with their online exhibit of books from the Vatican library. See a p
1000,zero_shot,4,comp.sys.mac.hardware,4,comp.sys.mac.hardware,4,"Close, but no cigar. The LISA was introduced in January, 1983 (at the same time as the Apple //e). I'll have to check to see if the Hard Drive came bundled for the $10K. The floppy drives were 5.25"" initially (the infamous ""twiggy"" drives)"
1001,zero_shot,5,comp.windows.x,12,sci.electronics,12,"X-Disclaimer: All views are my own unless expicitly stated otherwise. That are the authorisation files for the server. Depending on what type of key your X supports they contain magic cookies, DES based authentication or SUN DES authentication. The p"
1002,zero_shot,9,rec.sport.baseball,9,rec.sport.baseball,9,"But, Gary, for certain sofa tubers like myself, this is an advantage. I can watch the Pirates on KBL, the Mets on WWOR, the Braves on TBS, and the mediots on ESPN at the same time, without missing anything. (If something impressive happens, I'll catc"
1003,zero_shot,9,rec.sport.baseball,9,rec.sport.baseball,9,"Did anyone happen to see Peter Gammons on ESPN last night? He addressed this exact issue, and dismissed it rather quickly. According to Gammons, advanced scouts are reporting that Morris' fastball and slider still have the same zip and that his probl"
1004,zero_shot,5,comp.windows.x,16,talk.politics.guns,16,I forot to mention the free widget foundation which maintains a freely available set of widgets. Info on this group can be gotten from free-widgets-request@kazoo.cs.uiuc.edu this list is maintained by volunteers and you may subscribe to a mailing lis
1005,zero_shot,6,misc.forsale,4,comp.sys.mac.hardware,4,"I would like to buy a cheap modem for my Mac. Did I mention that I would prefer it to be cheap? 2400 baud preferred, but when you're looking for cheap (and I do mean cheap) beggars can't be choosers. E-mail me."
1006,zero_shot,17,talk.politics.mideast,16,talk.politics.guns,16,"They were attacking the Iraqis to drive them out of Kuwait, a country whose citizens have close blood and business ties to Saudi citizens. And me thinks if the US had not helped out the Iraqis would have swallowed Saudi Arabia, too (or at least the e"
1007,zero_shot,11,sci.crypt,14,sci.space,14,"I don't think they can do that without changing the law. The chip itself isn't classified, and reverse engineering is allowed by law (possibly) unless prohibited by a valid contract. The algorithm may be classified, but there are many court cases rul"
1008,zero_shot,17,talk.politics.mideast,16,talk.politics.guns,16,Mark Ira Kaufman writes
1009,zero_shot,8,rec.motorcycles,7,rec.autos,7,"I waved to a guy on a riding mower this morning. Does that count? BTW, I live in the country... EVERYONE waves out here! ----===== DoD #8177 = Technician(Dr. Speed) .NOT. Student =====----"
1010,zero_shot,0,alt.atheism,18,talk.politics.misc,18,"I've heard that in California they ask you to swear without any mention of a god. What states actually include ""god"" in the courtroom oath?"
1011,zero_shot,12,sci.electronics,14,sci.space,14,"I've come across a circuit from Integrated Circuit Systems Inc called a GSP500. This chip genlocks a VGA card to a dual input NTSC signal. The output from this chip is basicly a pixel clock, and has various speeds. I notice that it outputs a 28mhz cl"
1012,zero_shot,12,sci.electronics,13,sci.med,13,"Back in high school I worked as a lab assistant for a bunch of experimental psychologists at Bell Labs. When they were doing visual perception and memory experiments, they used vector-type displays, with 1-millisecond refresh rates common. So your ca"
1013,zero_shot,4,comp.sys.mac.hardware,14,sci.space,14,+--------------+ ||+----------+ | Are +-------------+ ||| All The | | there | ===========+| ||| PC News | | any? |' Mac SE || ||| That Fit | | | |' or || ||| on TV | | | |' Classic || ||+----------+ | v |' [68000] || ||||||||||||||||=--+ +---------+ 
1014,zero_shot,3,comp.sys.ibm.pc.hardware,3,comp.sys.ibm.pc.hardware,3,"Does anyone know what the standard port addresses are for COM ports 5 through 8? (If there is a standard of any sort!) Please e-mail, as I don't read this group very often."
1015,zero_shot,0,alt.atheism,16,talk.politics.guns,16,jsn104 is jeremy scott noonan
1016,zero_shot,2,comp.os.ms-windows.misc,5,comp.windows.x,5,"No. No. No, but... You can allocate real static data within code segments! When you need more dynamic memory you can allocate data on the global heap. You can forget most of what was written about memory management. Under 3.1 you have paged virtual m"
1017,zero_shot,13,sci.med,14,sci.space,14,I have several isolation amplifier boards that are the ideal interface for EEG and ECG. Isolation is essential for safety when connecting line-powered equipment to electrodes on the body. These boards incorporate the Burr-Brown 3656 isolation module 
1018,zero_shot,5,comp.windows.x,2,comp.os.ms-windows.misc,2,"I use it all day every day (maintaining our ftp site and answering mail via support@qdeck.com), and I can honestly say that in the last few months I've never had my machine go down due to any sort of tcpip network manager instability. (Of course, I'v"
1019,zero_shot,2,comp.os.ms-windows.misc,5,comp.windows.x,5,HELP! I am trying to find software that will allow COM port redirection under Windows for Workgroups. Can anyone out there make a suggestion or reccommend something. I would really hate to have to write some driver for the serial port that would supp
1020,zero_shot,0,alt.atheism,15,soc.religion.christian,15,": The willingness of true believers : to die for their belief, be it in Jesus or Jim Jones, is : well-documented, so martyrdom in and of itself says little. It does say something about the depth of their belief. Religion has both deluded believers an"
1021,zero_shot,5,comp.windows.x,5,comp.windows.x,5,"Hello, Our application requires us to capture keypad presses for all windows in a number of applications. We are trying to use action translation tables to implement this. We have only succeeded by assigning the translation table to every individual "
1022,zero_shot,2,comp.os.ms-windows.misc,5,comp.windows.x,5,"I have just upgraded from a Trident TVGA9000 to an ATI Graphics Ultra (the old mach8 chip). I am quite pleased with the performance so far, but have one problem. When using windows in 800x600, I have noticed that the tile bars and scroll bars are sig"
1023,zero_shot,8,rec.motorcycles,18,talk.politics.misc,18,Driving While Impared. It allows for prosecution of drivers under the influence of a variety of drugs.
1024,zero_shot,11,sci.crypt,17,talk.politics.mideast,17,"[...] As anyone who attended HoHoCon will attest, you can pick information off the video chip. It's surprisingly easy too. The guy did it with a portable TV, with very minor mods. It only worked from 3 feet, but then it was just a demonstration. RA r"
1025,zero_shot,14,sci.space,14,sci.space,14,"Forwarded from the Mars Observer Project MARS OBSERVER STATUS REPORT April 28, 1993 12:40 PM PDT Flight Sequence C9 is active as of 00:11 AM, Tuesday, April 27. With activities beginning at shortly before 5:00 AM yesterday, C9 commanded the spacecraf"
1026,zero_shot,18,talk.politics.misc,16,talk.politics.guns,16,"Can people please stop the 'I think/know the BATF/FBI are completely responsible but they'll cover it up so that the investigation will show that Koresch is responsible' bs. In an investigation of this size with the feds, state, and civilians involve"
1027,zero_shot,8,rec.motorcycles,17,talk.politics.mideast,17,"Jim, I hope you never drive (or ride) when: you have been drinking you have been taking prescription drugs you didn't get enough sleep the night before you are upset with your girlfriend you just didn't feel like your brain was talking to your body y"
1028,zero_shot,14,sci.space,18,talk.politics.misc,18,"We want to give lawyers something to do in the 21st cen., don't we? Oh I bet you do. They are probably just better at it than our crooks. :-)"
1029,zero_shot,16,talk.politics.guns,18,talk.politics.misc,18,And you're the guy that doesn't know that illiterate people can't write coherent sentences. Does that make you superior somehow? Steve []
1030,zero_shot,19,talk.religion.misc,18,talk.politics.misc,18,"Word is that the ones he let go were not his. --- ---------------------------------------------------------------------------- ---------Visit the SOUNDING BOARD BBS +1 214 596 2915, a Wildcat! BBS------- ""Foot"" the Bill: let's get a new President."
1031,zero_shot,6,misc.forsale,4,comp.sys.mac.hardware,4,"Acorn Software, Inc. has 3 tape drives (currently used on a VMS system) for sale. These are all SCSI tape drives and are in working condition. WangDat 1300 4mm $500.00 WangDat 2600 4mm (compression) $650.00 (SALE PENDING) Exabyte 8200 8mm $650.00 (SA"
1032,zero_shot,12,sci.electronics,12,sci.electronics,12,"I am looking for a text/reference that will include pinouts, description, and functionality for just about any IC made. Does such a text exist? Are there docs on the Internet that reference IC's? It would be a great idea if each major IC manufacturer"
1033,zero_shot,3,comp.sys.ibm.pc.hardware,4,comp.sys.mac.hardware,4,Anyone have any recommendations/warnings about the Texel 5024 CD-ROM drive or about any of its competitors? I'm looking for a CD-ROM drive for connection to a PAS-16 SCSI port.
1034,zero_shot,6,misc.forsale,6,misc.forsale,6,I am looking for a copy of the first World Wrestling Federation album in Record format. Will pay $10 for a good condition record and original album jacket and inserts. The album I am looking for has a picture of a bunch of the wrestlers ina recording
1035,zero_shot,15,soc.religion.christian,15,soc.religion.christian,15,"It troubles me that there have been so many posts recently trying to support the doctrine of Original Sin. This is primarily a Catholic doctrine, with no other purpose than to defend the idea of infant baptism. Even among, its supporters, however, pe"
1036,zero_shot,4,comp.sys.mac.hardware,4,comp.sys.mac.hardware,4: comp.sys,"[ This would make me a bit suspect of Mr. Ramsey's qualifications as a self-styled ""expert"", in fact, when I read about anybody using virtual memory regularly I kind of wonder ... ;-) ] Yes, one can sometimes get away with running a newer ROM (of the"
1037,zero_shot,5,comp.windows.x,1,comp.graphics,1,"Are there any graphics texts with examples/demos/projects directly in X? The last time I taught the course, I used a popular graphics text that uses its own graphics package, with implementations available for X/Mac/PC. The problem was that after the"
1038,zero_shot,19,talk.religion.misc,15,soc.religion.christian,15,"Thanks for the etymology lesson, but I actually know what ""orthodox"" means. You're avoiding my question, however, which was: From what body of theology does your version of orthodoxy come? You seem to simply be saying that whatever *you* understand t"
1039,zero_shot,6,misc.forsale,18,talk.politics.misc,18,": > : >I just wanted to let you know that there are a few honest and good people out : >there (even outside of Iowa). I'm sorry if anyone thinks that I am wasting : >space, but I thought you might want some relief from the ""So-and-so is a thief"" : >p"
1040,zero_shot,11,sci.crypt,16,talk.politics.guns,16,"You're blowing smoke. Qualcomm wants to sell to nice, lucrative overseas markets like Japan and the EC. The government told them ""don't do encryption if you ever hope to export this technology"". The reason that CDMA doesn't have encryption is NOT bec"
1041,zero_shot,10,rec.sport.hockey,16,talk.politics.guns,16,Nice sig. Like the change. BTW: Could you post the names of the people who are going to be on the letter? I (and I'm sure others) would like to know if we are included. If I'm not I want to be! Roger is a fool!
1042,zero_shot,2,comp.os.ms-windows.misc,2,comp.os.ms-windows.misc,2,"Following up to my own article... I found that several people say that LAN Server clients can talk to WFW. Is this, then, also true for LAN Manager? (Don't LAN Server and LAN Manager share common roots?) Somewhat less so now... :)"
1043,zero_shot,11,sci.crypt,16,talk.politics.guns,16,"... Well, lets for a hypothetical put our selves in the place of the US end of the drug rings. What do we do about the Cripple chip? First off, we would express disaproval to our congress critters, and remind them of the large sums of money our legit"
1044,zero_shot,13,sci.med,14,sci.space,14,"I tried Prozac a few months ago, and had some insomnia from it, but no anxiety or jitters. I probably could have lived with the insomnia if the Prozac had done any good, but it only provided a tiny benefit. Maybe because the person who prescribed it "
1045,zero_shot,13,sci.med,14,sci.space,14,"Somewhere or other I read that when a person of Chinese heritage was told that he had high blood pressure he responded by eating celery (sorry, I don't recall the ""dosage""). Apparently this is supposed to work in reducing hypertension. Can anyone out"
1046,zero_shot,0,alt.atheism,16,talk.politics.guns,16,"So what do we have now, an integral over pain X time? I get to lash you with a wet noodle for ever, but I only get to cut you up with a power saw if I'm quick about it?"
1047,zero_shot,0,alt.atheism,15,soc.religion.christian,15,"I would not be too quick to say that they are almost certainly untrue. Even strong minded people may fall back on childhood indoctrination, grasp at straws, or do other strange things when faced with extreme suffering, not to mention physiological pr"
1048,zero_shot,1,comp.graphics,14,sci.space,14,: Has anyone seen hallusions? You can buy a poster of them and it looks like a simple dot pattern : when you first look at it but if you focus behind it you see a 3d picture. I'm looking for : a program that generates these pictures. There's a compan
1049,zero_shot,5,comp.windows.x,12,sci.electronics,12,"I am wondering how to change the English fonts in an existed API to some multi-bytes fonts ? (such as Chinese, Japanese...) Someone told me X11R5 supports some internationalization features, but I cannot find any examples for my need. Is there anybod"
1050,zero_shot,8,rec.motorcycles,17,talk.politics.mideast,17,"Because, unlike the UK, passing the average driving test over here usually only requires a pulse & a single digit IQ. Every state controls their own licensing requirements, so it's possible that there's a test out there that actually requires some dr"
1051,zero_shot,14,sci.space,14,sci.space,14,"Well, we already suffer from street hoardings. If you don't watch TV, you are free of commercials there, but if you want to go from A to B you cannot escape beer ads. I think the right time to stop this proposal is now. If this idea goes through, it'"
1052,zero_shot,0,alt.atheism,16,talk.politics.guns,16,"[stuff deleted] Actually, you get a ton of weapons and ammunition, 70-80 followers, and hole up in some kind of compound, and wait for . . . . :-)"
1053,zero_shot,16,talk.politics.guns,16,talk.politics.guns,16,Lucky they brought the situation to a prompt resolution before they had to turn things over to the amateurs. God help us all. --
1054,zero_shot,16,talk.politics.guns,16,talk.politics.guns,16,"I suppose it's too late now, but the repeated use of the word ""release"" is peculiar. Let's say you and your family are besieged in your home by some people with tanks, helicopters, and automatic weapons. They give you a break from the amplified sound"
1055,zero_shot,18,talk.politics.misc,18,talk.politics.misc,18,"The White House Office of the Press Secretary --------------------------------------------------------------- For Immediate Release April 23, 1993 Background Information: Advancing U.S. Relations with Russia and the other New Independent States April"
1056,zero_shot,18,talk.politics.misc,18,talk.politics.misc,18,"garrod@dynamo.ecn.purdue.edu (David Garrod) writes... It was on CBS yesterday. The explanation is reasonable enough. Then again, if the fire was accidental, why didn't more people get out? That's true. I think there were several Australians in the gr"
1057,zero_shot,15,soc.religion.christian,15,soc.religion.christian,15,"My sentiments exactly... which is why I'm unsubbing from this group. This is the 3rd 'christian' discussion list I have ever belonged to and once again I'm being chased away by the strife, anger, discontent, lies, et al . As Paul (Saul) said, 'I come"
1058,zero_shot,11,sci.crypt,18,talk.politics.misc,18,"I may be misreading you here. Are you saying the American Revolution wasn't a good idea because it was bad odds? I kind of doubt that any revolution, armed or otherwise, was ever started without vast amounts of failed ""working within a system"". A goo"
1059,zero_shot,3,comp.sys.ibm.pc.hardware,3,comp.sys.ibm.pc.hardware,3,"Hello, I'am almost ashame to ask this question. It really looks like a FAQ, but couldn't find the answer. Anyway... The original IBM-PC/XT 83 or 84 key keyboard is, in my opinion, still the best keyboard around. Function keys on the right place (eh.."
1060,zero_shot,16,talk.politics.guns,15,soc.religion.christian,15,"or so days. incident You seem to make two points. No one ultimately oversees the federal agencies you mention, and since Koresh ""apparently"" has a different view point from your Baptist upbringing, then he is not worthy of protection from religious p"
1061,zero_shot,18,talk.politics.misc,16,talk.politics.guns,16,"Larry King Live was both telling and sickening. Every other word out of Janet REno's mouth was ""the little children"" ,etc. Sounded like Clinton talking. She made claims that the children were beaten, etc, DESPITE the pronouncements of social workers "
1062,zero_shot,10,rec.sport.hockey,18,talk.politics.misc,18,"Geez, I didn't realize things were so bad at Ohio State that they can't afford phone books, or even operators. This is probably Clinton's fault, isn't it...8^) 403."
1063,zero_shot,10,rec.sport.hockey,9,rec.sport.baseball,9,"This is not a trend. The Caps were done. Goneso in five games, and it saves us Caps fans a lot of pain. I mean, it would be more painful if the Caps were up 3-1, watching them tumbled when they need ONE MORE WIN to clinch the series. How many times h"
1064,zero_shot,13,sci.med,16,talk.politics.guns,16,"<: ....other good stuff about the Drs idiocy Ok, much as I hate to do it, here I am posting an EVEN BETTER ""Dr. Idiot"" story. I was in my 18th hour of labor, had been pushing for 4.5 hours and was exhausted. My OB and I decided to go for a csec. The "
1065,zero_shot,13,sci.med,13,sci.med,13,"Claude, I've not heard or read anything that would suggest that vitamin A( retinol) could reverse hearing loss due to nerve damage(usually caused by high sound levels, but also occassionally due to severe infection). The types of cells that vitamin A"
1066,zero_shot,17,talk.politics.mideast,15,soc.religion.christian,15,"Heil Ajami!, or do you prefer Heil Martillo! or Heil Santos! or Heil Carlo! or Heil Joachim!<- This I would suggest against, it sounds too informal, mein fuhrer!"
1067,zero_shot,6,misc.forsale,6,misc.forsale,6,Need nice furnishings for your apartment or house? We have glass topped wood (sides) and chrome (edging) (1)coffee and (2)end tables for sale. The (1)coffee tables are approximately five feet in length and two feet wide. The (2)end tables are 2.5 ft.
1068,zero_shot,3,comp.sys.ibm.pc.hardware,5,comp.windows.x,5,I got a ET4000/W32 card which is made by Cardex yesterday and ran a winmark test on it. The card is a VL-BUS card which can display 16.7 million colours in 640x480 mode with 1MB DRAM. It comes with ET4000/W32 window drivers and a normal Et4000 driver
1069,zero_shot,0,alt.atheism,18,talk.politics.misc,18,"Well, again, I am doing as much as the poster I was replying too. I am quite busy and really don't have the time to respond in full scholarly form to every accusation that is flippantly made by someone who's being clearly antagonistic. I have conside"
1070,zero_shot,0,alt.atheism,15,soc.religion.christian,15,"BR> From: wpr@atlanta.dg.com (Bill Rawlins) BR> Newsgroups: alt.atheism BR> Organization: DGSID, Atlanta, GA BR> The problem is that most scientists exclude the BR> possibility of the supernatural in the question of BR> origins. Is this is a fair pre"
1071,zero_shot,14,sci.space,15,soc.religion.christian,15,"I didn't want to quote all the stuff that's been said recently, I just wanted to add a point. The whole question of ""a right to a dark sky"" revolves around the definition of a right. Moral rights and natural rights are all well and good, but as far a"
1072,zero_shot,5,comp.windows.x,5,comp.windows.x,5,I assume that you are literally trying to create a widget of type textWidgetClass. Use the AsciiText widget instead. Jim
1073,zero_shot,18,talk.politics.misc,16,talk.politics.guns,16,"Well, they never should have gotten into this situation. Look at the history of this group. David Koresh has been arrested ?twice? by local police. Both times, he accepted the arrest warrant and went peacefully. So, the feds decide to arrest him. How"
1074,zero_shot,0,alt.atheism,15,soc.religion.christian,15,No wonder that we don't see any detail for this claim. It is good to remember that you have answered the statement that you are a theist by another correspondent with that you are not a member of a denomination. It is either stupidity or an attempt a
1075,zero_shot,6,misc.forsale,6,misc.forsale,6,im interseted in buing some of those....I am a student at R.I.T. please reply saying how to contact you.....Ed
1076,zero_shot,3,comp.sys.ibm.pc.hardware,3,comp.sys.ibm.pc.hardware,3,"I bought a 386DX-40 motherboard for 50$... no documentation at all. Everything appears to work, except I'm having trouble getting a few of the LED connectors working. I've looked at the manuals for 4 other motherboards, but the pin configuration does"
1077,zero_shot,7,rec.autos,4,comp.sys.mac.hardware,4,<come along since the Mazda MPV. The NISSAN MAXIMA engine paired with <the rest of the vehicle seems well engineered. Only the price is
1078,zero_shot,6,misc.forsale,14,sci.space,14,********** Hitachi CD player (needs cd spin motor) $30 shipped JoYSTICKS.. an IBM/apple joystick three fire buttons apple joy stick (//c //e) kraft track ball make offers.. coleco vision items: two working Consoles w/ working controllers in great sha
1079,zero_shot,0,alt.atheism,15,soc.religion.christian,15,": Are you saying that their was a physical Adam and Eve, and that all humans are direct decendents of only these two human beings.? Then who were Cain and Able's wives? Couldn't be their sisters, because A&E didn't have daughters. Were they non-human"
1080,zero_shot,8,rec.motorcycles,8,rec.motorcycles,8,"Hmmmmmmmmm. I can read this one of two ways: 1) Ed gotabike. 2) Motorcyclist is like alcoholic. (once you're an alcoholic, you're always an alcoholic - at least that's what friends in a position to know tell me) tom coradeschi <+> tcora@pica.army.mil"
1081,zero_shot,10,rec.sport.hockey,10,rec.sport.hockey,10,"SH>I'm a hockey fan from way back, and maintain an interest as best I can >here in the hockey hinterlands (Oklahoma). I'm hoping I can get a >reading from some of you about the move of the North Stars to Dallas. SH>I've been under the impression that"
1082,zero_shot,3,comp.sys.ibm.pc.hardware,16,talk.politics.guns,16,"RE: Midwest Micro, Article #61200 (61302 is last): From: wilson@schaefer.math.wisc.edu (Bob Wilson) Subject: Re: *** CONSUMER WARNING *** MidWest Micro (Ohio) Date: Thu Apr 22 15:12:28 1993 I posted almost the same bad experience with Midwest Micro b"
1083,zero_shot,0,alt.atheism,16,talk.politics.guns,16,It is still incestuous.... :)
1084,zero_shot,17,talk.politics.mideast,16,talk.politics.guns,16,"# # Q: When an Israeli pilot is bombing school children in Lebanon gets # shot down, and crashes head-first, what's the last thing that # goes into his mind (head)? # # A: His butt hole. Now this HAS to count as one of the most original and construct"
1085,zero_shot,1,comp.graphics,6,misc.forsale,6,Does anyone have any information on the Polaroid Palette system. It appears to be a gadget for transfering graphics images to film. Does anyone have any detail about it like the maximum supported resolution or types of video input???? What did Polaro
1086,zero_shot,3,comp.sys.ibm.pc.hardware,7,rec.autos,7,"My disk that had my joystick code that some of you were kind enough to mail me puked....specifically, I am looking for C code to read the position of joystick WITHOUT using int15h, i.e. accessing port 0x200/0x201 directly. I need it in C becaues of m"
1087,zero_shot,10,rec.sport.hockey,9,rec.sport.baseball,9,"Hockey-tipset, V}ren 1993: ========================== *#*#*#*#* Vinnare av Hockey-tipset 1993... Per Bengtson!!! Grattis! *#*#*#*#* Slutst{llning: 1. Per Bengtson 15 2. Lars Andersson 13 3. Anders Engwall 11 4. Staffan Axelsson 10 Patrik ]sander 10 6"
1088,zero_shot,2,comp.os.ms-windows.misc,3,comp.sys.ibm.pc.hardware,3,"Dos 5 never used the area $E000 - $EFFF, as well as some others. If you have any cards that use this are (such as a LAN card), you might get this problem."
1089,zero_shot,2,comp.os.ms-windows.misc,17,talk.politics.mideast,17,"You can't customize a command line interface? Where have you been? I can change the prompt, I can make aliases (so someone like me who is used to say, ls, can type it on my dos machine and still get a directory listing), and under Unix, if I don't li"
1090,zero_shot,17,talk.politics.mideast,18,talk.politics.misc,18,Rabin is the PM. Did he ever indicate such a wish? Try to implement it? I opt for the third. Ish
1091,zero_shot,11,sci.crypt,9,rec.sport.baseball,9,"In some hobby shop, they sell a flexible tube (1/4-inch diameter, 18-inch ling) that will illuminate if you bend or shake it (it is also sold in amusement parks in the evenings). The brightness can last 2 to 4 hours. If it is left in refrigrator (in "
1092,zero_shot,7,rec.autos,7,rec.autos,7,"Same engine, different state of tune (less hp and maybe more torque). My friend at work regularly takes 6 people in his and it seems to haul around just fine."
1093,zero_shot,15,soc.religion.christian,16,talk.politics.guns,16,"[This was crossposted to a zillion groups. I don't intend to carry an entire discussion crossposted from alt.sex, particularly one whose motivation seems to be having a fun argument. However I thought readers might be interested to know about the dis"
1094,zero_shot,15,soc.religion.christian,18,talk.politics.misc,18,"Hello everyone. I just wanted to let everyone know that I have just been selected as part of the Reduction In Force here at Amdahl. For all that are currently in a dialog with me, or are waiting letters from me, I have saved your letters on floppy an"
1095,zero_shot,16,talk.politics.guns,16,talk.politics.guns,16,"I just heard on CNN that the Texas Rangers found an M60 machine gun in the BD compound Rubble. The newscaster called this a new hi-tech military weapon! HA HA!! I would bet that it is that Rock Armory M60 semi-auto, or that it was leagally owned and "
1096,zero_shot,5,comp.windows.x,5,comp.windows.x,5,"Answers please by e-mail, since not all groups in the header are carried here. Hi! Personally, I like NeXTSTEP very much. Even more when I realise how much a burden ordinary X or Windows programming is. I also like Objective-C better than I like C++."
1097,zero_shot,2,comp.os.ms-windows.misc,5,comp.windows.x,5,"Looking for ORGANIZER program for Windows. Currently have Lotus Organizer, not bad, but looking for better. Should have a calender / scheduler. Should have a to do list. Nice additions : Address / Phone Book Diary Please, any suggestions? Shareware/P"
1098,zero_shot,6,misc.forsale,6,misc.forsale,6: misc.f,"To: All Uniden Cordless Phone-Model XE 300. Perfect working condition, but base station is missing its antenna (the antenna mount is intact). $25, shipping included if prepaid. DO NOT REPLY TO: dino.fiabane@pics.com. Your mail will bounce if it is se"
1099,zero_shot,15,soc.religion.christian,15,soc.religion.christian,15,"Note: I am breaking this reply into 2 parts due to length. I agree that there are no verses that have gone unchallenged by gay rights activists. But if there are zero verses that ""'clearly' address the issues,"" doesn't that mean that there are also n"
1100,zero_shot,5,comp.windows.x,14,sci.space,14,"Due it seems to Sun's crapulous organisation of the X libraries and includes, most standard (GNU and other) software won't compile out of the box (well, tar file). Right now I'm trying to make ghostview. It complains it can't find X11/XaW/... so I ju"
1101,zero_shot,19,talk.religion.misc,16,talk.politics.guns,16,"Dear netters I am wondering about the accident of Koresh. I have heard different explanations. Without any explanation about your opinions and believes, please kindly tell me: 1)- What was Koresh talking about?. (Or what was his message) 2)- What was"
1102,zero_shot,6,misc.forsale,6,misc.forsale,6: misc.f,"For Sale: GraphOn 21 X-Terminal -=-=-=-=-=-=-=-=-=-=- Monitor adjustable between landscape and portrait orientation 1280x1024 Landscape resolution 1024x1280 Portrait resolution 21"" diagonal screen with very small footprint RS-232/423/422 support Thin"
1103,zero_shot,13,sci.med,13,sci.med,13,"Last year, I was totally surprised when my annual physical disclosed an inguinal hernia. I couldn't remember doing anything that would have caused it. That is, I hadn't been lifting more than other people do, and in fact probably somewhat less. Event"
1104,zero_shot,10,rec.sport.hockey,9,rec.sport.baseball,9,"Whoa. What you are effectively doing is implying that if a player plays really well, he 'stores up' mistakes that can be used at a later time. Ths is not so. Roy is the 'villain', as you so succinctly put it, because he allowed a very cheap goal. If "
1105,zero_shot,13,sci.med,16,talk.politics.guns,16,"Voting for creation of the newsgroup misc.health.diabetes ended at 23:59 GMT on 29 Apr 93. At this time, the total response received consisted of 155 votes for newsgroup creation and 14 votes against newsgroup creation. Under the Guidelines for Usene"
1106,zero_shot,0,alt.atheism,15,soc.religion.christian,15,"I and many others on a.a have described how we have tried to find god. Are you saying our efforts have not been sincere? For all the effort I have put in, there has been no outward nor inward change that I can perceive. What's a sincerely searching A"
1107,zero_shot,12,sci.electronics,12,sci.electronics,12,"True enough, but... Zilog SCC: --------- RR0[7]: Break Detect This is a very popular part, but it has a number of quirks, especially in HDLC mode. Signetics 68562 DUSCC: --------------------- RSR[2]: Break Start Detect RSR[3]: Break End Detect Two of"
1108,zero_shot,0,alt.atheism,16,talk.politics.guns,16,"What I mean is what I said. ""What I want"" does not automatically translate into ""what I think is right."" That is, it does not translate that way for me. If you reply that ""I think it is ok to kill you because that is what I decided"" then what that me"
1109,zero_shot,6,misc.forsale,6,misc.forsale,6,"Greetings netters, I have the following items for IMMEDIATE sale. I need the money and if you need the stuff, we can work out a deal. :) Sharp single disk cd player Originally paid oodles, but that was a couple of years ago. It works well, has all th"
1110,zero_shot,2,comp.os.ms-windows.misc,5,comp.windows.x,5,"I am working with Visual Basic v2.0 for windows. Specifically, I am working on an application that generates formatted reports. Since, some of these reports can be rather large, my first question is: 1. Is there a way to increase the size of a list b"
1111,zero_shot,11,sci.crypt,16,talk.politics.guns,16,"Yes there is, the patent can be classified as secret. I recently saw a patent from 1947 (dealing with nuclear weapons technology) that was only declassified in the last couple of years. There is of course the problem of enforcing the patent. This is "
1112,zero_shot,3,comp.sys.ibm.pc.hardware,4,comp.sys.mac.hardware,4,"I am looking at getting a laptop for work and I was trying to decide between the Toshibas and Gateway's Nomad. The price is about the same, but the Gateway has significantly better performance (200MB vs. 120MB hard drive, 50Mhz 486DX2 vs. 25Mhz 486SL"
1113,zero_shot,11,sci.crypt,11,sci.crypt,11,I believe it is illegal to send any cryptographic code out of the country without an export license. (Others will correct me if this is inaccurate.) Dunno if you'd get one for the particular code you have; the only way to find out is to apply for a l
1114,zero_shot,11,sci.crypt,11,sci.crypt,11,"I'd use a secret (nope, obscure) cryptographic encoding to expand the 30 bit serial number to a 64 bit block. The redundancy hereby introduced can be used to detect tampered Clipper signals where some public enemy replaced the L.E. block by random da"
1115,zero_shot,8,rec.motorcycles,7,rec.autos,7,One of my brothers had spent a lot of time practicing bizzare tricks on his megabuck/micromass bike. He said he once repelled a dog attack by picking up the rear of the bike and smacking the dog in the side of the head with the rear wheel. The dog ha
1116,zero_shot,15,soc.religion.christian,15,soc.religion.christian,15,"Jung may have said that, but he was in no way speaking for the Catholic Church. The dogma of the Assumption in no way means Mary is considered to be God or part of ""the Godhead."" Therefore it implies no such thing about the feminine in general. Also "
1117,zero_shot,1,comp.graphics,4,comp.sys.mac.hardware,4,"This is almost certainly a MacBinary file which is an encoded version of a mac file so the Resource fork and Data fork get preserved. You need a program that converts this to a regular file. If this is a macbinary file, you may have downloaded it in "
1118,zero_shot,0,alt.atheism,15,soc.religion.christian,15,"Yeah, but these were not the wives. The wives came from Nod, apparently a land being developed by another set of gods."
1119,zero_shot,1,comp.graphics,12,sci.electronics,12,"I saw an imaging program some time ago on an Amiga that had Cross, Sobel and Roberts filters for edge detection. Can anybody direct me to these algorithms. Paul Denize -------------------------------------------------------------------------- Paul De"
1120,zero_shot,2,comp.os.ms-windows.misc,18,talk.politics.misc,18,"I assumed he was referring to OS/2's 32-bit flat model addressing while DOS (and therefore Windows) use 20-bit segmented addressing. As a programmer, I agree that segmentation unnecessarily complicates things. It's annoying, too. But when just a Wind"
1121,zero_shot,0,alt.atheism,0,alt.atheism,0,"Let me guess: you're not a psycho-analyst in real life, but you play one on alt.atheism. Right? Is ESP something you have been given by God? --- Private note to Jennifer Fakult. ""This post may contain one or more of the following: sarcasm, cycnicism,"
1122,zero_shot,5,comp.windows.x,4,comp.sys.mac.hardware,4,"At the moment, I am using a Sun 3/80 (cgfour/bwtwo) with SunOS 4.0.3 and OpenWindows 2.0. This configuration is slow and I can't run all the programs on OW2. For example, when I start a mailtool from OW3 and display it on my OW2 display, I can't open"
1123,zero_shot,0,alt.atheism,18,talk.politics.misc,18,Could you speak up? I can't hear you.... --------------------------------------------------------------------------------
1124,zero_shot,17,talk.politics.mideast,16,talk.politics.guns,16,"Indeed Yaqouv, just like the ugly hatred spread by Kahane and Kahanists, right? Or they are exempt from condemnation, and allowed to hate? I know you'll answer me indirectly, it doesn't bother me a bit. Keep it up. Steel (who's never pissed off)."
1125,zero_shot,15,soc.religion.christian,15,soc.religion.christian,15,Does anyone know about the Christian Embassy in Washington DC? What exactly does it do? Please respond to lisa@ux1.lbl.gov
1126,zero_shot,1,comp.graphics,12,sci.electronics,12,"First of all (this is NOT a snide response), if you're confused about this issue, you will stumble over a lot of other things as well. I suggest that the weakness is your reference material. Get ""An Introduction to Ray Tracing"" by Andrew Glassner for"
1127,zero_shot,1,comp.graphics,5,comp.windows.x,5,The subject says it all. I bought Adobe Type Manager and find it completely useless. I ftped some atm fonts and couldn't install them. What's the use? Are you supposed to be able to convert ATM fonts to Truetype? If there's anyone out there who has t
1128,zero_shot,8,rec.motorcycles,17,talk.politics.mideast,17,"In Shreveport, back when I was riding the Purple Water Buffalo, I jumped an intersection IN FRONT OF A COP who was waiting for the light! The side of the street he was on was hidden buy a building on the corner and I didn't see him till I was airborn"
1129,zero_shot,7,rec.autos,17,talk.politics.mideast,17,"[Useless road design, speed rate discussion deleted.]"
1130,zero_shot,1,comp.graphics,14,sci.space,14,"Hello: can anybody help me to find a program that converts a format named ""raw"" (also known as ""img"") to the ""gif"" format or ""jpeg"" one. It's desirable to be for a unix machine than for a PC. ( ""Raw"" format of a N*N image is a file that contain a tai"
1131,zero_shot,0,alt.atheism,15,soc.religion.christian,15,"-*---- I believe that Maharishi is titular. (Someone please correct me if I am wrong.) Thus, Maharishi Rajneesh is a different person from Maharishi Mahesh, but they are both Maharishis."
1132,zero_shot,19,talk.religion.misc,16,talk.politics.guns,16,"1) Well, Mr Koresh allowed other children and adults to leave the compound during the course of the siege; why didnt these children leave then? I dont know myself, and certainly havent heard any answers on this here. 2) Yes, one simple non-action, ie"
1133,zero_shot,15,soc.religion.christian,15,soc.religion.christian,15,"Though this will be addressed in the series of articles I'm posting now under ""ARESNOKOITIA"", I can't wait. This just really blew my socks off. Read I Tim 1: 3-11. Verses 3-8 speaks against those who have perverted the teachings of the Mosaic Law. In"
1134,zero_shot,5,comp.windows.x,17,talk.politics.mideast,17,"Wasn't the shareware fee a ""suggestion"" by John? Is so then it's up to the individual to make the choice whether or not to honour it and part with money. Personally if I was in his position I would do exactly the same thing, John has obviously put in"
1135,zero_shot,16,talk.politics.guns,16,talk.politics.guns,16,"From article <1993Apr23.153005.8237@starbase.trincoll.edu>, by (): So out of the numerous baptists that you hang around with you haven't seen any of the above behavior? Which trait (stocking food for more than a week, or owning a firearm) is the defi"
1136,zero_shot,9,rec.sport.baseball,9,rec.sport.baseball,9,"Well, no. Although I admit that's more exciting than a rat killer. -- Dale J. Stephenson |*| (steph@cs.uiuc.edu) |*| Baseball fanatic"
1137,zero_shot,1,comp.graphics,5,comp.windows.x,5,"I am considering creating a ""demo"" for the IBM PC for my band. I would like to combine interesting graphics and a sample of my music in the program. I have seen things like this done for other platforms, and even a few for the PC, but since I'm compl"
1138,zero_shot,2,comp.os.ms-windows.misc,2,comp.os.ms-windows.misc,2,"I'm working at a workstation which is usually attached to a Novell network (using shell version 3.22, I think). The workstation, a 386, was set up to run Windows 3.0 with the network about a year ago. Needless to say, I'd like to upgrade it to Window"
1139,zero_shot,4,comp.sys.mac.hardware,4,comp.sys.mac.hardware,4,"Hi, I have been told by a local sales that Asante has come out with this LCIII PDS Ethernet adapter with an optional 68882 socket on the board. My question is will the FPU performance degrade will I put the 68882 on the PDS card socket instead of on "
1140,zero_shot,15,soc.religion.christian,15,soc.religion.christian,15,"> Mary at that time appeared to a girl named Bernadette at > Lourdes. She referred to herself as the Immaculate Conception. > Since a nine year old would have no way of knowing about the > doctrine, the apparition was deemed to be true and it sealed "
1141,zero_shot,8,rec.motorcycles,7,rec.autos,7,"Hello Folks, I'm very happy with my ""new"" R80GS. My range is 238 miles on 4.8 gallons... that's 50 mpg!! Surprisingly, the bike is a real cruiser. I was expecting something rough. She's a sweet backroad honey. And I can go pretty much anyplace I'd ta"
1142,zero_shot,12,sci.electronics,4,comp.sys.mac.hardware,4,"How much software is out there for the Mac? I've been interested in using microcontrollers in imbedded applications for a long time, but was always under the impression that I would need an IBM to run the debug/compile/etc software. I would like to u"
1143,zero_shot,0,alt.atheism,14,sci.space,14,"Diplomatic :-) I realize I'm fighting Occam's razor in this argument, so I'll try to explain why I feel a mind is necessary. Firstly, I'm not impressed with the ability of algorithms. They're great at solving problems once the method has been worked "
1144,zero_shot,19,talk.religion.misc,16,talk.politics.guns,16,"Give him the $2, leave the house and call the police. That's what I would do. I will not kill to protect mere possessions. Peace be with you,"
1145,zero_shot,7,rec.autos,17,talk.politics.mideast,17,"Funny, I thought the numbering scheme for both Lexus and Infiniti was related to sticker price more than anything else, i.e. Infiniti G20 (around 20K), Q45 (around 45K), Lexus ES250 (RIP) (around 25K), Lexus ES300 (around 30K), etc. Is there a conspi"
1146,zero_shot,12,sci.electronics,12,sci.electronics,12,"Hi, folks out there ! I don't know whether I am in the right newsgroup, but I have a question. If I am completely wrong here in this group, could you mail me the right name of the correct newsgroup ? A friend of mine is studying electronics at the Te"
1147,zero_shot,1,comp.graphics,4,comp.sys.mac.hardware,4,I am applying for an NSF grant to buy equipment for a laboratory... The lab will need to support C (or Pascal) with graphics tools... We can run the lab either on PC's or DEC equipment --- If you are familiar with appropriate products (software/hardw
1148,zero_shot,4,comp.sys.mac.hardware,3,comp.sys.ibm.pc.hardware,3,"In my quest for speed, I've run into a problem. 66.66 mhz and 80 mhz clock oscillators are available but I haven't found any speeds between 66.66 and 70 mhz for further testing. Fox Electronics (813) 693-0099 can make custom oscillators but if anyone"
1149,zero_shot,0,alt.atheism,15,soc.religion.christian,15,"Stuff deleted I reiterate that I would agree with you that there is little justification for the punishment of apostasy in the Qur'an. In Islamic history, as well, apostasy has rarely been punished. Belief is considered a matter of conscience and sin"
1150,zero_shot,17,talk.politics.mideast,16,talk.politics.guns,16,"The Jerusalem Post is only a small part of the Israeli media ( One that caters to outsiders for the most part, anyways). If you never read Ha'aretz, Maariv, or other Hebrew langauge papers , or at least seen some of their articles translated, you are"
1151,zero_shot,12,sci.electronics,5,comp.windows.x,5,"Look for information about 567 tone decoder chip. It is an easy to use chip for detecting sound of certain frequency. You need only one 567 and some other componets for each led you want to control. The chip can take the voltage levels, which the cas"
1152,zero_shot,9,rec.sport.baseball,9,rec.sport.baseball,9,"I believe he was well out of baseball by the time he died. Uh, he also has been charged with chasing his wife in a car, and smashing it into a tree, as well as carrying a loaded firearm in his car. And the speeding reported was over 100 mph; reckless"
1153,zero_shot,17,talk.politics.mideast,17,talk.politics.mideast,17,"Excerpts from netnews.talk.politics.mideast: 16-May-93 Re: Saudi clergy condemns d.. Robertc. Moldenhauer@par (2149) The whole ""saddam is going to invade Saudi Arabia"" was nothing but US State Department propeganda. Saddam (and Iraq in general) never"
1154,zero_shot,16,talk.politics.guns,15,soc.religion.christian,15,Religious fanaticism?
1155,zero_shot,16,talk.politics.guns,18,talk.politics.misc,18,"Excerpts from netnews.talk.politics.guns: 21-Apr-93 The Dayton Gun ""Buy Back"" (.. by Larry Cipriani@cbnews.cb Pro-gun people can take used pot-metal guns with sale values LESS THAN $50.00 and turn them in, thus making a profit at the gun-grabbers exp"
1156,zero_shot,7,rec.autos,7,rec.autos,7,"Enough, already. Let's take this discussion to some other newsgroup that's more appropriate. Most of us are tired of it and would like to get back to old cars, IMHO."
1157,zero_shot,9,rec.sport.baseball,9,rec.sport.baseball,9,: I have wondered why a pitcher is given 8 pitches when he enters the : game. Let's be serious. The relief pitcher has normally been : throwing out in the bullpen for a few minutes. Does he really need 8 : more pitches? If the relief pitcher didn't g
1158,zero_shot,3,comp.sys.ibm.pc.hardware,4,comp.sys.mac.hardware,4,I just read an article in another group that mentions this. I have never heard of the VCPI memory standard. Can someone explain what this is??? Thanks
1159,zero_shot,2,comp.os.ms-windows.misc,4,comp.sys.mac.hardware,4,"Lets see... what MS products don't have major bugs in them? Oh, but the fifth release the bugs are generally cleared up, even if their customers must buy new ""releases"" from them that are little more than bug fixes. Anyone who buys a $2500 computer s"
1160,zero_shot,15,soc.religion.christian,15,soc.religion.christian,15,"Does anyone know whether the _Acta Sanctorum_, the huge multi-volume collection of Roman Catholic hagiography produced by the Bollandists, has ever been translated into English? I'm working on the _Vita S. Dympnae_ and would love to be able to check "
1161,zero_shot,2,comp.os.ms-windows.misc,12,sci.electronics,12,"Development of what? In-house apps? Maybe, but certainly not apps to be sold on an open market. Statistics like that are laughable, because they may simply mean that there are not enough shrink-wrapped usable apps for UNIX and they have to be develop"
1162,zero_shot,11,sci.crypt,16,talk.politics.guns,16,"And thus, COINTELPRO, in which horrible people who threatened the republic by disagreeing with the Government were systematically kept track of for years... -- Perry Metzger pmetzger@shearson.com"
1163,zero_shot,1,comp.graphics,16,talk.politics.guns,16,I cant get through to the author of rtrace. His site is inaccessible can he upload the new version somewhere else please?
1164,zero_shot,16,talk.politics.guns,16,talk.politics.guns,16,"From article <1r0mhtINNa59@cronkite.Central.Sun.COM>, by dbernard@clesun.Central.Sun.COM (Dave Bernard): I noticed that too. Special agent (asshole actually) Ricks stated that David Koresh had ""explosives that could blow up an armored vehicle 40 feet"
1165,zero_shot,6,misc.forsale,5,comp.windows.x,5,"This makes perfect sense if you think about it. Cheap food and cheap movies on the cheapest format. You feel full, but the ""nutritional quality"" just ain't there. :-) Feast a little...buy Beta! Greg ---------------------------------------------------"
1166,zero_shot,2,comp.os.ms-windows.misc,5,comp.windows.x,5,*Sigh* Don't know what your roomate is doing but it must be something wrong. Are there people who enjoy using Windows? Yes. I'll admit to it. Given a choice between a Mac and Windows I choose Windows every time (to start another flame thread 9-) ) ..
1167,zero_shot,14,sci.space,14,sci.space,14,"Why can't an aircraft be designed so that the pilot can always be maintained in a upright position, perpendicular to the plane of acceleration? With the visual helmets now being used that display some of the flight parameters and with a keyboard and "
1168,zero_shot,19,talk.religion.misc,16,talk.politics.guns,16,Apparently you *didn't* read the whole thing. You continue to miss the point. [deletions] Counselling that only provides alternatives to abortion would be just as biased as counselling that only provides *abortion* information. How about providing co
1169,zero_shot,0,alt.atheism,15,soc.religion.christian,15,kmr4@po.CWRU.edu (Keith M. Ryan) Pontificated: Is this from the Quran (or however it's spelled)?
1170,zero_shot,0,alt.atheism,15,soc.religion.christian,15,"Sorry, Fred, but for the purposes under discussion here, I must disagree. Your point is true only in the sense that one cannot argue against communism by reference to the Chinese or Soviet empires, since those did not represent *true* communism. In j"
1171,zero_shot,14,sci.space,12,sci.electronics,12,"I'm not sure if this is a big issue, but it seems to me like it might be -- up till now, all >1g forces applied to the mirror and its mounting (and nearly all =1g forces) have been applied along the telescope's optical axis, and against the mirror's "
1172,zero_shot,16,talk.politics.guns,16,talk.politics.guns,16,"You're sitting in your home reading a good book. Your neighbors think you're a quiet, upstanding citizen. A random person anonymously calls the authorities and tells them you beat your children, sleep with all the neighbor wimmen, and own a bunch of "
1173,zero_shot,4,comp.sys.mac.hardware,13,sci.med,13,"I purchased an LCIII recently and had heard a bit about a re-work of the logic board. I opened mine up and found the same re-work, with a small chip glued to the board and a couple of green wires running from it to two other chips. I'd like to know m"
1174,zero_shot,7,rec.autos,7,rec.autos,7,I am a little confused on all of the models of the 88-89 bonnevilles. I have heard of the LE SE LSE SSE SSEI. Could someone tell me the differences are far as features or performance. I am also curious to know what the book value is for prefereably t
1175,zero_shot,18,talk.politics.misc,16,talk.politics.guns,16,"How wrong you will be. I participated in the last National March on Washington (MOW) for LesGayBi rights (Oct 11, 1987) - with a turnout of about 750,000 people - and we didn't have alot pissing us off at the time. The big issue was the AIDS crisis, "
1176,zero_shot,15,soc.religion.christian,15,soc.religion.christian,15,A recent post bears the subject line: > Re: Serbian genocide work of God? The text contains 80 lines devoted to a defence of the doctrine of predestination as applied to the salvation of individuals. There is then a five-line post-script on the Balka
1177,zero_shot,0,alt.atheism,15,soc.religion.christian,15,"MC> Theory of Creationism: MY theistic view of the theory of MC> creationism, (there are many others) is stated in Genesis MC> 1. In the beginning God created the heavens and the earth. And which order of Creation do you accept? The story of creation"
1178,zero_shot,13,sci.med,13,sci.med,13,"Hi Stephen Ear wax is a healthy way to help prevent ear infections, both by preventing a barrier and also with some antibiotic properties. Too much can block the external auditory canal (the hole in the outside of the ear) and cause some hearing prob"
1179,zero_shot,11,sci.crypt,18,talk.politics.misc,18,"[...] [...] Again -- I'm extremely sorry about this.. I got this message several months ago (quite a bit before the clipper chip proposal) when it was posted to a different newsgroup. It was very startling to me as well, and I guess I should of verif"
1180,zero_shot,11,sci.crypt,16,talk.politics.guns,16,"Steve Bellovin writes a well-thought-out and nearly persuasive article about why the Clipper (are we still calling it Clipper today, or have they figured out a non-infringing word yet?) protocol is almost as good as one can do given their marching or"
1181,zero_shot,12,sci.electronics,3,comp.sys.ibm.pc.hardware,3,"Does anyone know the pin-outs for the 27C512 EPROM?? I have bought several of them, none of which has come with the pin-outs! Any info would be appreciated...."
1182,zero_shot,0,alt.atheism,15,soc.religion.christian,15,"That is not an ""atheism mythology"" in any sense of the word. ""Religious paradoy"" would be significantly more appropriate. The 2nd part is rendered null and void by the simple fact that I do know several ""strong"" atheists. I am sure that others do. I "
1183,zero_shot,12,sci.electronics,13,sci.med,13,==================================================== H H A RRRRR RRRRR IIIII SSSS H H A A R R R R I S HHHHHH AAAAA RRRRR RRRRR I SSSS H H A A R R R R I S H H A A R R R R IIIII SSSS ==================================================== Harris Semicondu
1184,zero_shot,6,misc.forsale,4,comp.sys.mac.hardware,4,"Sharp brand ""Pocket Computer"" model PC-1246 Dimensions; 3.5 x 5 x 0.5 inches. Has 15-digit LCD display 53 rubber keys (w/alphabet) built-in BASIC prog.language an 11-pin-socketed interface for optional cassette drive. (Don't have) slide-over/reversab"
1185,zero_shot,19,talk.religion.misc,18,talk.politics.misc,18,"Newsgroups: talk.religion.misc Subject: On-line copy of Book of Mormon Summary: Distribution: usa Organization: Advanced Decision Systems, Mtn. View, CA (415) 960-7300 Keywords: BOM, Book of Mormon, Mormon Can anyone provide me a ftp site where I can"
1186,zero_shot,10,rec.sport.hockey,9,rec.sport.baseball,9,"Speaking of Roger and ilk, whatever happened to good ol' gln? I had him in my kill file since last year's playoffs and now that I've moved to a new news reader which doesn't have kill files, I find that he's gone. I must admit, however, that unlike g"
1187,zero_shot,7,rec.autos,7,rec.autos,7,"Well, it depends on what kind of locking lugnuts you have. My previous car had locking lugnuts that weighed about 2.5oz. more than the others. The locking lugnuts were factory equipment, and according to the factory service manual, after tire balanci"
1188,zero_shot,19,talk.religion.misc,16,talk.politics.guns,16,"What is ""aluminium siding""? I keep seeing references to it. Something to do with railway lines, perhaps? E-mail reply please, I'll never find it otherwise."
1189,zero_shot,12,sci.electronics,13,sci.med,13,"Has anyone got an active filter design program that runs on an IBM PC ?? Something that will easily let me specify bandpass filter parameters, and it will give me the appropriate component values ?? It has to be public domain, if anyone has one, coul"
1190,zero_shot,15,soc.religion.christian,15,soc.religion.christian,15,"You will keep in perfect peace him whose mind is steadfast, because he trusts in you. Isaiah 26:3"
1191,zero_shot,14,sci.space,14,sci.space,14,"Well, I seem to have struck an interesting discussion off. Given that I am not an astrophysicist or nuclear physicist, i'll have to boil it down a bit. 1) ALl the data on bursts to date, shows a smooth random distribution. 2) that means they aren't c"
1192,zero_shot,4,comp.sys.mac.hardware,3,comp.sys.ibm.pc.hardware,3,"Murry, Why don't you just shell out a couple more dollars and get a floptical. They can read high density disks (1.4 MB) as well as flopticals (21 MB). The price of flopticals right now range from $300's - $400's."
1193,zero_shot,17,talk.politics.mideast,16,talk.politics.guns,16,"Geez, I think some of these people have been too long on the net, you are not going to convince anyone of anything through violent language, one wonders why so many have violent tounges..."
1194,zero_shot,12,sci.electronics,7,rec.autos,7,"This definately gets the car going, but... WD-40 is highly flammable. Explosive even in the right conditions, like a vapour sealed inside a distributor for eg. And contact points tend to arc a tiny bit :)"
1195,zero_shot,13,sci.med,14,sci.space,14,"Could some please refer me to someone who can perform PRK (Photo Refractive Keratostomy) in Canada (preferably eastern portion). I've looked in the yellow pages with little success, and if someone has had a good (or bad, for that matter) experience, "
1196,zero_shot,1,comp.graphics,1,comp.graphics,1,Archive-name: graphics/resources-list/part3 Last-modified: 1993/04/27 Computer Graphics Resource Listing : WEEKLY POSTING [ PART 3/3 ] =================================================== Last Change : 27 April 1993 11. Scene generators/geographical d
1197,zero_shot,6,misc.forsale,4,comp.sys.mac.hardware,4,"I have a Powerbook 170 4/40 that is over 1 year old with no warranty but, in perfect condition (with original Apple fax/modem), that I would consider selling you for around a $1000. Get back to me with what you think would be equitable arrangements ("
1198,zero_shot,13,sci.med,14,sci.space,14,"I saw this a few years ago on ""Tomorrow's World"" (low-brow BBC technology news program). The patient is lowered into a bath of de-ionized water and carefully positioned. High intensity pressure waves are generated by an electric spark in the water (y"
1199,zero_shot,8,rec.motorcycles,9,rec.sport.baseball,9,ordered 2 fork seals and 2 guide bushings from CA for my FZR. two weeks later get 2 fork seals and 1 guide bushing. call CA and ask for remaining *guide* bushing and order 2 *slide* bushings (explain on the phone which bushings are which; the guy see
1200,zero_shot,0,alt.atheism,13,sci.med,13,"No, that's the point of evolution, not the point of ""natural morality"". Unless, of course, as I have suggested several times already, ""natural morality"" is just a renaming. But your ""yes?"" is actually stronger than this. You are agreeing that ""every "
1201,zero_shot,8,rec.motorcycles,7,rec.autos,7,"What jetting do you recommend for a ZX-11 (with standard mufflers) instead of the standard one (idle-38, main-155). Cheers."
1202,zero_shot,13,sci.med,18,talk.politics.misc,18,"It is evident you did not read my post carefully. I wasn't trying to tell you not to eat MSG products and produce, nor was I arguing for or against MSG. I was simply questioning the logic of your statement that simply because (a) one is not allergic "
1203,zero_shot,2,comp.os.ms-windows.misc,5,comp.windows.x,5,I have uploaded the Windows On-Line Review shareware edition to ftp.cica.indiana.edu as /pub/pc/win3/uploads/wolrs7.zip. It is an on-line magazine which contains reviews of some shareware products...I grabbed it from the Windows On-Line BBS. --
1204,zero_shot,1,comp.graphics,5,comp.windows.x,5,"How can one dump to the printer, the content of a VGA screen. If it were a text screen, we can execute a shift printscr. but with graphics, we have to do a pixed by pixel print. It would be greatly appreciated if someone can supply source code for th"
1205,zero_shot,10,rec.sport.hockey,9,rec.sport.baseball,9,That's a good way to put it. It's a quiet confidence. I don't feel like I have to defend this team anymore. The Devils are a puzzle to me. They have long been one of the few teams I always dreaded playing. Their D isn't quite what it used to be but t
1206,zero_shot,3,comp.sys.ibm.pc.hardware,3,comp.sys.ibm.pc.hardware,3,"HELP! I am trying to view .JPG files with my 386SX, 20MHz machine . I have a STB-POWERGRAPH graphics card with 1024 X 768 by 256 colors, with 1Meg RAM on it. I have tried CVIEW097 (with windows-- EXTREMELY SLOW), and DVPEG24. DVPEG24 doesn't work! Ev"
1207,zero_shot,14,sci.space,17,talk.politics.mideast,17,"Heck, some of his ships were loaners. One was owned by a Basque... (you know, one of those groups that probably crossed the Atlantic _before_ Columbus came along)."
1208,zero_shot,11,sci.crypt,16,talk.politics.guns,16,"I cannot believe you can make these claims given hard evidence of abuse. Do you ignore stories about survellience of Martin Luther King, have you blocked from your mind McCarthy's crusade in the 50's? And how many illegal wiretaps are performed? Funn"
1209,zero_shot,18,talk.politics.misc,16,talk.politics.guns,16,"$># Item number 1: in a previous posting, you stated that you had found $># ""overwhelming support for child molestation"" in soc.motss: $># You have (finally) responded to this one. I have read your complete file $># of postings to soc.motss and to pu"
1210,zero_shot,14,sci.space,14,sci.space,14,"Well, here goes. The first item of business is to establish the importance space life sciences in the whole of scheme of humankind. I mean compared to football and baseball, the average joe schmoe doesn't seem interested or even curious about spacefl"
1211,zero_shot,16,talk.politics.guns,16,talk.politics.guns,16,"That was a reasonable insertion, so folks would know ""Random"" hadn't made an error reposting your message. No one was flaming you for the typo. I have heard such claims from disgruntled former members. Could be true, who knows. No proof. And what doe"
1212,zero_shot,12,sci.electronics,12,sci.electronics,12,"I recently took apart my color Sony TV to clean the volume pushbuttons and when I put the beast back together, the flyback whine got much louder. Is this easy to fix? Which part is resonating? I have heard rumors of a spray that will fix the noise. I"
1213,zero_shot,0,alt.atheism,16,talk.politics.guns,16,"You mean Bobby Mozumder is a myth? We wondered about that. You mean Bobby Mozumder didn't really post here? We wondered about that, too. So, Mr Conner. Is Bobby Mozumder a myth, a performing artist, a real Moslem. a crackpot, a provocateur? You know "
1214,zero_shot,4,comp.sys.mac.hardware,3,comp.sys.ibm.pc.hardware,3,"Actually, the Quadra 900 and 950 both have the same SCSI controller, (running at different speed). They are not SCSI 2, but can support certain SCSI commands that take advantage of faster drives. The I/O processors are present on both machines. The Q"
1215,zero_shot,7,rec.autos,7,rec.autos,7,"An aquaintence has a 87 Accord. The driver's side headrest was accidentally put in backwards and has jammed. According to the dealer, the only way to get it out is to spend several hours disassembling the seat. This is the second time I have heard of"
1216,zero_shot,2,comp.os.ms-windows.misc,2,comp.os.ms-windows.misc,2,"--- other stuff delete... If you happen to be running the new msdos 6, you could use multi- setup to provide a menu with a menu choice for each person using the machine ... power up, select your name, the menu will use your personal sections of confi"
1217,zero_shot,8,rec.motorcycles,7,rec.autos,7,Any lock including the Kyptonite utypes are EASY to break into if the person has the proper supplies and/or motivation. 3 minutes and your bike is gone! I would be glad to explain but I dont want to contribute to any unlawful activities. Especially s
1218,zero_shot,3,comp.sys.ibm.pc.hardware,13,sci.med,13,Think! It's the SCSI card doing the DMA transfers NOT the disks... The SCSI card can do DMA transfers containing data from any of the SCSI devices it is attached when it wants to. An important feature of SCSI is the ability to detach a device. This f
1219,zero_shot,9,rec.sport.baseball,9,rec.sport.baseball,9,"Sigh. Here we go again. Must I? If I were to say that batting average is a predictor that can be used to judge which of two hitters is more likely to get a hit on a particular plate appearance, is that only valid if I can define the skill in hitting "
1220,zero_shot,9,rec.sport.baseball,9,rec.sport.baseball,9,"The major problem with this analysis is that it ignores age. Even if Morris were performing as well as Clemens right now, and were likely to this season, nobody would trade Clemens for Morris straight up because Clemens has more of his career left."
1221,zero_shot,17,talk.politics.mideast,16,talk.politics.guns,16,I am replying to this because I haven't seen anyone else do so yet. It seems rather odd really as there are so few really wierd posters left who aren't fascists or Arab extremists. Yes it was and it was clearly admitted so by the troops who carried i
1222,zero_shot,12,sci.electronics,0,alt.atheism,0,This is just a test to see if this works.
1223,zero_shot,4,comp.sys.mac.hardware,4,comp.sys.mac.hardware,4,"We are having a problem with a Quadra 950 that has stumped a couple of techs sent to us by the vendor, as well as us :-) This Quadra is 'stuffed' with 64Mb RAM, 2Mb VRAM and some large disk (400Mb I think). What happens is that after a certain variab"
1224,zero_shot,12,sci.electronics,6,misc.forsale,6,"OK I sold all but these, I had some offers and I accepted an offer of 25.00 for the pair from bdale@gag.com ( Bdale Garbee ). I don't know what happened to him but he won't reply now that I accepted it so I'll offer these again."
1225,zero_shot,17,talk.politics.mideast,16,talk.politics.guns,16,"That is the result of watching anti-Muslim 'SDPA' Nazis/crooks/idiots too much. Still covering up the crimes of your fascist Armenian grandparents and Nazi Armenian parents? Not a chance. As early as 1934, K. S. Papazian asserted in 'Patriotism Perve"
1226,zero_shot,11,sci.crypt,18,talk.politics.misc,18,This is stupid. Won't it cost more to those companies hoping to serve the gov't and private markets if they DON'T use the same technology?
1227,zero_shot,9,rec.sport.baseball,9,rec.sport.baseball,9,"At the time I didn't really want the Sox to sign either. I was more than a little worried about Viola's elbow. But you *surely* remember my shout of relief when, after a week of rumors that Morris was coming to the Red Sox, they ended up with Viola i"
1228,zero_shot,5,comp.windows.x,16,talk.politics.guns,16,Whatever happened to uwm? Is it still available in some form? It's been years since I used it or heard anyone talk about it. --
1229,zero_shot,7,rec.autos,9,rec.sport.baseball,9,"just out of curiosity, how is this ""dog clutch"" any different from a synchro transmission. What you described SOUNDS the same to me. In fact, what little i've studied on trannies, the instructor referred to the synchros as ""dogs"" and said they were s"
1230,zero_shot,18,talk.politics.misc,18,talk.politics.misc,18,"How about tell everyone what the hell they were doing there in the first place? If we knew that, we'd be in a much better position to judge their actions. Until then, we can only speculate and develop nice conspiracy and/or police state stories."
1231,zero_shot,8,rec.motorcycles,16,talk.politics.guns,16,"Oh horse puckey. Without their cop partner in attendance, they are less likely to be controllable *without* the use of force which would kill the dog. O.k. so you've disabled the dog's mouth, and given up use of your arm to do so. How `bout them fron"
1232,zero_shot,7,rec.autos,7,rec.autos,7,"Hi fellow auto enthusiasts! Does anyone have any info on the new 4 valve per cylinder diesels Mercedes is working on? Any specs on outputs, engine size, will they be direct or indirect injection?, etc. would be welcome. From what I hear these should "
1233,zero_shot,5,comp.windows.x,12,sci.electronics,12,"Can anyone help with this? System: SPARC Classic, Solaris 2.1, gcc 2.3.3, X11R5 When I try to build the XView libraries (xview3, patched with the patch from the X11R5-Solaris kit), I get the following error: rm -f ndet_loop.o shared/ndet_loop.o gcc -"
1234,zero_shot,12,sci.electronics,2,comp.os.ms-windows.misc,2,There is a cartridge capping upgrade for older deskjet printers available from hewlett-packard. Older original deskjet and possibly deskjet 500 units may have a black plastic slide with rubber capping components in the cartrige parking area on the ri
1235,zero_shot,6,misc.forsale,16,talk.politics.guns,16,Ken
1236,zero_shot,13,sci.med,13,sci.med,13,"Putting aside our substantial differences, I'd like to ask the knowledgeable ones to give feedback on this. Let me explain. One of my family members last week was discovered to have a brain tumor after having some difficulties with walking and writin"
1237,zero_shot,13,sci.med,14,sci.space,14,"My girlfriend just started taking this drug for her migranes. It really helped her get through the rebound withdrawl when she got off analgesics. She doesn't have a mail account, but asked me to forward this: ""Glaxo is the distributor; Imitrex is the"
1238,zero_shot,11,sci.crypt,16,talk.politics.guns,16,"I received a fax of a letter from Representative Markey (Subcommittee on Telecommunications and Finance) to Ron Brown (Secretary of Commerce). Since encryption and the Clipper chip are raised in this letter, I felt it would be of interest. I understa"
1239,zero_shot,10,rec.sport.hockey,9,rec.sport.baseball,9,"Here's a summary of Don Cherry's Coach's Corner from April 23, 1993. It was taken from a tape delay of a Vancouver-Winnipeg game, but it was filmed during the Toronto-Detroit game that night. I think it was also shown during the Calgary-LA game. (War"
1240,zero_shot,3,comp.sys.ibm.pc.hardware,17,talk.politics.mideast,17,There should be no problem with this - just remember to get the number of wait states correct! Guy
1241,zero_shot,6,misc.forsale,6,misc.forsale,6,For Sale in Northern Virgina Arcade Video Games Asteroids $200 Omega Race $300
1242,zero_shot,15,soc.religion.christian,15,soc.religion.christian,15,"But wouldn't that go for any sin. My father told me when he was growing up Catholics were not allowed to associate with anyone who was divorced. There are a few verses prohibitting divorce. Somehow, divorce became acceptable (even in Catholicism anul"
1243,zero_shot,3,comp.sys.ibm.pc.hardware,3,comp.sys.ibm.pc.hardware,3,"hello, i want to know if a spoilt com port will create problems with mouse ?? my mouse just gets stuck on the screen for a while and i have to press its button to be able to move it around again..... is there a shareware utility program to diagnose m"
1244,zero_shot,9,rec.sport.baseball,9,rec.sport.baseball,9,"During the local Rockies broadcast the other day Don Baylor went out to bring in a relief pitcher and a graphic came up on the screen that it was the ""so and so sponsored"" pitching change. I saw another game where the pinch hitter was sponsored. At o"
1245,zero_shot,7,rec.autos,11,sci.crypt,11,"I'm certainly no engineer and really have no scientific basis on which to make this argument, but don't you answer your own question? Is the reflected signal ""shifted"" at all from the act of being reflected? If so, wouldn't it then be easy for the de"
1246,zero_shot,7,rec.autos,7,rec.autos,7,"^^^^^^^^^^^^^^^^^ Agreed! I own a Mercury Villager and I'm very impressed with the V6 and the AT. In the past, I've been biased towards manual/standard transmissions(I owned an Aerostar with a 5-speed, it was awesome!), but settled with the AT in the"
1247,zero_shot,10,rec.sport.hockey,9,rec.sport.baseball,9,"I would appreciate it if someone could volunteer to verify the shots on goal and save percentage numbers for me, so I can put these stats on the archive site. Contact me by mail if you want to volunteer. Here are the team goalie stats as of: Wed Apr "
1248,zero_shot,9,rec.sport.baseball,9,rec.sport.baseball,9,"Some comments deleted for bandwidth (God knows, we need it... :)) Ok, Roger, here's a question for you. Say you are running an expansion team. You don't HAVE a team at the moment, but the draft is coming up. Who are you going to pick, guys who have w"
1249,zero_shot,15,soc.religion.christian,15,soc.religion.christian,15,"For those who pray in tongues, When is it appropriate for you to pray/speak in tongues and why? I just would like to gain more knowledge about this subject."
1250,zero_shot,14,sci.space,14,sci.space,14,"There would be some point to doing long-term monitoring of things like particles and fields, not to mention atmospheric phenomena. However, there is no particular plan to establish any sort of monitoring network. To be precise, there is no particular"
1251,zero_shot,15,soc.religion.christian,15,soc.religion.christian,15,"The Catholic church has an entirely different view of Mary than do ""most"" other Christian churches (those with parallel beliefs notwithstanding). Christ, by most accounts, is the only sinless person to ever live. I too, have trouble with a sinless Ma"
1252,zero_shot,14,sci.space,12,sci.electronics,12,"fc> Exactly what fraction of current research is done on the big, fc> visable light telescopes? From what I've seen, 10% or less fc> (down from amlost 100% 25 years ago.) That sounds like ""dying"" fc> to me... That doesn't seem like a fair comparison."
1253,zero_shot,16,talk.politics.guns,16,talk.politics.guns,16,"And done in SECRET ... :-) Did anybody notice it is the TREASURY DEPT (The FBI and BATF, in other words) that Clinton wants to do the investigation? In other words, investigating themselves? He sure didn't seem very enthusiastic about Congress doing "
1254,zero_shot,12,sci.electronics,4,comp.sys.mac.hardware,4,"Probably won't help. I'd be willing to bet that _every_ manufacturer used those little self-contained modules. I think Sharp made them. Radio Shack used to sell them for a few bucks (maybe they still do.) The module had 3 leads: power, ground and dem"
1255,zero_shot,16,talk.politics.guns,18,talk.politics.misc,18,"I made a few phone calls today, and found that if you call the Bill Room at the Sacramento State Capitol, you may order free of charge any bills that are currently being pushed. I was told that they will only fill an order of five bills per phone cal"
1256,zero_shot,17,talk.politics.mideast,18,talk.politics.misc,18,Is your stomach all right? Unable to digest your lunch? Cool down... In the context of Bosnia muslims are a nation. And nobody talked about them being a race. And Yugoslavia was a recognized nation. If you apply the principle of self determination to
1257,zero_shot,12,sci.electronics,12,sci.electronics,12,"Typical (in the old 2x-oversampling units) was a thirteen-tap FIR, implemented as a dedicated hardware addition circuit. At this kind of speed (slow, by digital standards) such an adder is much less expensive than analog components of comparable prec"
1258,zero_shot,8,rec.motorcycles,8,rec.motorcycles,8,"A few random thoughts on riding with a passenger: There's no substitute for a bike with sufficient power, having taken passengers very occasionally on the small (125 etc) bikes I used to ride in the UK it was hard ! I'm now riding a GS1100 and that's"
1259,zero_shot,0,alt.atheism,16,talk.politics.guns,16,"What do you accept as a fact -- the roundness of the earth (after all, the ancient Greeks thought it was a sphere, and then Newton said it was a spheroid, and now people say it's a geoid [?])? yourself (isn't your personal identity just a theoretical"
1260,zero_shot,11,sci.crypt,16,talk.politics.guns,16,": : As a private citizen, I would feel much more ""secure in my person and : papers"" knowing that an organization committed to individual civil : liberties- the ACLU and the NRA come to mind- was safeguarding half of : my key. Both the ACLU and the NR"
1261,zero_shot,8,rec.motorcycles,16,talk.politics.guns,16,"Wing ding XV will take place in Louisville, Kentucky from 15 June-18 June. For more info, or to register, contact GWWRA, P.O.Box 14350, Phoenix, AZ, 85017, Tel. (602) 269-1403. --"
1262,zero_shot,12,sci.electronics,17,talk.politics.mideast,17,"PUFF is sold by CalTech, although very inexpensively for the quality. Source was also available for the earlier releases for a nominal charge, but I'm not sure if this practise is continued. Regards, Stu Beal, VE3MWM, U009@CSX.CCIW.CA, National Water"
1263,zero_shot,6,misc.forsale,16,talk.politics.guns,16,"I am trying to obtain a HI-FI copy of Guns N' Roses pay per view last summer from Paris. If anyone has a copy they would like to sell, or could make me a copy, please e-mail me. Thanks"
1264,zero_shot,15,soc.religion.christian,15,soc.religion.christian,15,"jwindley@cheap.cs.utah.edu (Jay Windley) writes... [...] This is curious. I read in _EH_... ""The Lord imparted the gift of knowledge to James the Just, to John and Peter after his resurrection, these delivered it to the rest of the apostles, and they"
1265,zero_shot,0,alt.atheism,17,talk.politics.mideast,17,"Sorry, gotta disagree with you on this one Maddi (not the resemblence to Bill. The nickname). I prefer ""Half"" Bake'd Timmons /\/\/\/\/\/\/\/\/\/\/\/\/\/\/\/\/\/\/\/\/\/\/\/\/\/\/\/\/\/\/\/\/\/\ Bob Beauchaine bobbe@vice.ICO.TEK.COM They said that Que"
1266,zero_shot,1,comp.graphics,12,sci.electronics,12,"Yes. There are many methods of rendering, raytracing is one of them. You didn't say what you mean by rendering, so I won't guess. Methods of rendering include: o Pencil and graph paper, doing the math by hand o Wireframe rendering of the 2D projectio"
1267,zero_shot,11,sci.crypt,18,talk.politics.misc,18,could someone repost or send to me via email the original posting of the Clipper Chip press release. thanks andrew kriger hampshire college agk@neural.hampshire.edu
1268,zero_shot,9,rec.sport.baseball,9,rec.sport.baseball,9,The original poster wanted to know how the Big Cat looked. I was also at the Saturday game in Montreal (Apr 17) that Rockies won 9-1. I haven't paid much attention to Gallarraga since he left the Expos but his stance seemed to be MUCH different. He s
1269,zero_shot,16,talk.politics.guns,16,talk.politics.guns,16,"I'm getting tired of these wimpy Liberals whining about gun control, too! Ya know, the Second Amendment says A well regulated militia, being necessary to the security of a free State, the right of the people to keep and bear arms, shall not be infrin"
1270,zero_shot,8,rec.motorcycles,8,rec.motorcycles,8,"Well, as many a bored bike tourer can tell you, the way to steer sans hans is to push your body off to the side you want to lean. Say you want to turn left. You push your body off to the left. To do this, you have to push against something, and the o"
1271,zero_shot,12,sci.electronics,7,rec.autos,7,"Uniden makes an all in one unit (X, K, Ka, Laser) for about $130. Colorado Radar sells passive radar jammers, the passive supposedly being legal, for about $100. wont help you with Laser however."
1272,zero_shot,5,comp.windows.x,5,comp.windows.x,5,"It seems silly, but while I've located things like tgif that can edit gif files, and various tools to convert to/from gif format, I haven't been able to locate a program that just opens a window and displays a gif file in it. I've looked thru various"
1273,zero_shot,17,talk.politics.mideast,16,talk.politics.guns,16,"do not, and i repeat, do not, cross post the following subjects to soc.culture.iranian: Re: Jews Supports Serbs Re: Arab Leaders and Bosnia Re: HizbAllah in Bosnia Re: The Stage is Being Set that's all we need here; more bigotry and hate! believe me,"
1274,zero_shot,3,comp.sys.ibm.pc.hardware,17,talk.politics.mideast,17,"--> A humble response to a letter by Gordon Lang written 04-21-93 22:09. GL> : I am interrested in the extrodinarily simple concept of the null GL> modem : cable. (Actually I have NO idea, so don't count that last GL> statement.) What I'm : asking is"
1275,zero_shot,3,comp.sys.ibm.pc.hardware,2,comp.os.ms-windows.misc,2,": Build 59 causes 2 exceptions when I exit Windows. In fact, I have had : this happen on all builds after 44, which shipped with my Gateway : system. Am I doing something wrong, or is this problem commonly : overlooked? I have never had ""exceptions"" "
1276,zero_shot,10,rec.sport.hockey,9,rec.sport.baseball,9,"(Susan Clark) asks: I am not so sure about the celebrated players of the game, but Tod Hartje, who played for Harvard in college and then went on to play in the AHL (initially for Moncton and currently for Providence-- thanks to Daryl Turner for the "
1277,zero_shot,8,rec.motorcycles,8,rec.motorcycles,8,This was a recent discussion on rec.martial-arts. Humans definitely don't have all the advantages. Dogs are deceptively strong and often bred for fighting of one sort or another.
1278,zero_shot,8,rec.motorcycles,18,talk.politics.misc,18,"Okay, okay. I forgot about that. Sheeesh."
1279,zero_shot,18,talk.politics.misc,16,talk.politics.guns,16,Really now. Why is this the pot calling the kettle black? I am stating that a person who shows a continually biased opinion is close-minded and that his opinion should be ignored. Clayton is stating that a group of at least two million (1%) American 
1280,zero_shot,4,comp.sys.mac.hardware,2,comp.os.ms-windows.misc,2,THe origional bit is missing but long/short follows: The origional poster asked if he/she could use any old vga/svga monitor with a centris (hence title). The answer ot this question is an unqualified yes. You can use any old vga/svga monitor with a 
1281,zero_shot,14,sci.space,14,sci.space,14,"Excerpt From: rek@siss81 (Robert Kaye) :Just a few contributions from the space program to ""regular"" society: : :1. Calculators :2. Teflon (So your eggs don't stick in the pan) :3. Pacemakers (Kept my grandfather alive from 1976 until 1988) Don't for"
1282,zero_shot,14,sci.space,14,sci.space,14,Next GPS launch is scheduled for June 24th.
1283,zero_shot,15,soc.religion.christian,15,soc.religion.christian,15,[my stuff about dealing with defferences deleted] i am sorry; i did not mean to. i think i understand how your experiences were much worse than the small bit of ridicule i have had to put up with. i guess i didn't really understand before; now i do. 
1284,zero_shot,6,misc.forsale,6,misc.forsale,6,"Keywords: All items were bought in August 1992. They are undamaged and like new. If you are interested in the following, please send e-mail to IO20648 on the main frame or car@gandalf. Queen size box spring and mattress $200 Queen size pine headboard"
1285,zero_shot,1,comp.graphics,12,sci.electronics,12,CALL FOR PAPERS =============== Progress In Neural Networks Special Volume on Shape Analysis Omid M. Omidvar Minsoo Suk Series Editor Volume Editor Significant progress has been made recently in shape analysis using neural networks and the energy min
1286,zero_shot,11,sci.crypt,14,sci.space,14,"I heard somewhere (can't name the source) that TEMPEST does not necessarily pick-up just CRTs, but it can pick up emissions from almost any chip. If that is true, the kind monitor would not make any difference becuase everything on the screen can be "
1287,zero_shot,0,alt.atheism,7,rec.autos,7,"Hello Gang, There have been some notes recently asking where to obtain the DARWIN fish. This is the same question I have and I have not seen an answer on the net. If anyone has a contact please post on the net or email me. Thanks,"
1288,zero_shot,7,rec.autos,17,talk.politics.mideast,17,: : |> Derek.... : |> : |> There is a tool available to reset the service indicator on BMWs but the lights : |> will come back on after 2-3 weeks. The tool is in fact illegal (in Europe : |> atleast). It is often the case that the unsuspecting punter
1289,zero_shot,0,alt.atheism,15,soc.religion.christian,15,Right. The Branch Dividians were. They believed and trusted so much that it became impossible to turn back to reality. What you are advocating is total irreversible brainwashing.
1290,zero_shot,19,talk.religion.misc,15,soc.religion.christian,15,I didn't know God was a secular humanist... Kent
1291,zero_shot,12,sci.electronics,12,sci.electronics,12,"The curiosities that you speak of are EL (Electro-Luminescent) pads. They are mostly used as backlights for LCD's, and as you pointed out, comes in several different colors. Many of them emit white-ish colors (""true"" white, and blue-whiteis-blue are "
1292,zero_shot,8,rec.motorcycles,7,rec.autos,7,"Hi. I'm not sure what the other guy (can't track down his post for his name) was talking about when he made the claim that cobralinks are not adjustable. They are. There's a space between each link where the ""teeth"" of the locking head notch in. Thus"
1293,zero_shot,13,sci.med,15,soc.religion.christian,15,This homeopathic remedies. I tried the dander one for a month. 15 drops three times a day. I didn't notice any change whats so ever. How long were you using the drops before you noticed a difference?
1294,zero_shot,18,talk.politics.misc,18,talk.politics.misc,18,"Having watched most of the televised trial, I can answer that when such statements were made by the defense atty, the prosecutor did object, and the judge tended to sustain the ones that were obviously falling under the ""self-incrimination"" type of o"
1295,zero_shot,10,rec.sport.hockey,9,rec.sport.baseball,9,: That more or less says it. I flicked the Penguins game on briefly and saw : Ulf cross-check Valeri in the face. I am wondering if Don Cherry is going to : go off on this at all in coach's corner. And that was the ONLY infraction of this type in the
1296,zero_shot,11,sci.crypt,16,talk.politics.guns,16,: PS The first posting I saw I thought was a joke in *VERY* bad taste. My appologies : to the person who broke the news. For what it's worth... : Note: This file will also be available via anonymous file : transfer from csrc.ncsl.nist.gov in director
1297,zero_shot,17,talk.politics.mideast,15,soc.religion.christian,15,"In the same way in which antisemite means anti-Jewish and not anti-all- persons-of-who-are-semite, a ""form of racism"" means: A form of segregation against all those who are different based on the religious identification. AAP"
1298,zero_shot,19,talk.religion.misc,16,talk.politics.guns,16,Well lets see - a long haired nut case with sexual hangups surrounded by a lot of gulible losers without a brain between them with a miserable and meaningless death to boot Sounds like he fits the bill to me! Joseph 'Remember David Koresh fried for y
1299,zero_shot,4,comp.sys.mac.hardware,4,comp.sys.mac.hardware,4,"We just received an AppleOne Color Scanner for our lab. However, I am having trouble getting reasonable scanned output when printing a scanned photo on a LaserWriter IIg. I have tried scanning at a higher resolution and the display on the screen appe"
1300,zero_shot,3,comp.sys.ibm.pc.hardware,5,comp.windows.x,5,"I am wondering if anyone has any opinions about the 2theMAX 4000S SVGA card. I just purchased one due to a great price on it. It boasts 16.7 million ""true"" colors, with 1MB onboard. If you know anything about this card, please respond via mail, as th"
1301,zero_shot,11,sci.crypt,16,talk.politics.guns,16,"I never advocated ""hiding in the sand."" I'm advocating a peaceful solution while a peaceful solution is possible. Unless you want blood on your hands. Read the above. I type corrected. (:-) English revolution-> what revolution? They never had one. In"
1302,zero_shot,0,alt.atheism,15,soc.religion.christian,15,"I guess I'm delving into a religious language area. What exactly is morality or morals? I never thought of eating meat to be moral or immoral, but I think it could be. How do we differentiate between not doing something because it is a personal choic"
1303,zero_shot,12,sci.electronics,16,talk.politics.guns,16,"One of the most popular methods of course is the password check where they ask you for a word from page x, line y, and word z, but this is pitifully simple to remove unless you throw some checksums into the main part of your program, and some self-re"
1304,zero_shot,13,sci.med,14,sci.space,14,"I was told by my doctor I've had three children and the pain was different in degree for each. I think it just depends. I was impressed by how awful a kidney stone seemed to be, when I saw a relative with one. I bet they depend, too--some are probabl"
1305,zero_shot,18,talk.politics.misc,16,talk.politics.guns,16,"Oh are we Jill? Let me tell you a story then... One evening not long in this country a man, a parolee, a convicted KNOWN violent crimminal lead police on high speed chase after breaking another law. He decided that police had no right to do their job"
1306,zero_shot,9,rec.sport.baseball,9,rec.sport.baseball,9,"To encourage the great tradition of Red Sox negativism, I am having a contest to predict the magnitude of the Sox' fall from their current heights. You must decide first, whether the Sox will be at .500 again at any time during this year. Then you mu"
1307,zero_shot,1,comp.graphics,11,sci.crypt,11,"[stuff deleted] I have a similiar question relating to anti-alaising that my friend has asked to have posted to the more knowledgable in this group. I'm sorry if this is an FAQ. ""What anti-alaising methods do Persistance Of Vision & Polyray use?"" Tha"
1308,zero_shot,14,sci.space,14,sci.space,14,Getting wierd again? Okay we have figure out that a mission specifically to Pluto is to large and to expensive.. Okay what about launching one probe with multiple parts.. Kind of liek the old MIRV principle of old Cold War Days. Basically what I mean
1309,zero_shot,11,sci.crypt,6,misc.forsale,6,csrc.ncsl.nist.gov (129.6.54.11) is ftp-able from here...
1310,zero_shot,12,sci.electronics,12,sci.electronics,12,"IN ORDER to get the 15 nS response time you need, you are better off going to an ECL slicer which can run off a single +5 or -5.2 V supply, you just need to bias or do some level shifting perhaps to get it in the range. Check out the ECL 10K books fo"
1311,zero_shot,16,talk.politics.guns,18,talk.politics.misc,18,"Compared to the Second Amendment? I think it's worse. The problem is, the devil is in the details. You know, the Brady Bill sounds like a ""good idea"" too, until you discover that there is NO check, and that the police DON'T have to allow your purchas"
1312,zero_shot,9,rec.sport.baseball,9,rec.sport.baseball,9,Just wanted to let all the people who e-mailed me about a possible Cardinals mailing list that I wasn't able to get the OK to host the list here so someone else will have to do it. :-( Many thanks to Bob Netherton for his helpful info.
1313,zero_shot,4,comp.sys.mac.hardware,4,comp.sys.mac.hardware,4,"Well the monitor is consistently the largest power drain on your electric bill when you are looking at your computer set-up, especially if you have a large (16"" or greater) color monitor. Generally what I do is leave my Mac on all the time, except fo"
1314,zero_shot,9,rec.sport.baseball,15,soc.religion.christian,15,"The only problem is, Dave Kingman was *always* taking off. Rosh Hashana, Yom Kippur, Easter, the day Elvis died (8/16), the entire spring training month of Ramadan, Purim, the 4th of July (both games that day), my birthday (OK, during the World Serie"
1315,zero_shot,10,rec.sport.hockey,9,rec.sport.baseball,9,"Someone asked about the rosters for the college hockey senior all-star shrine game held in Orono, Maine earlier this month: WEST Derek Plante MINN-DULUTH (west MVP of the game) Greg Johnson N DAKOTA Bryan Smolinski MICH ST Fred Knipscheer ST CLOUD ST"
1316,zero_shot,10,rec.sport.hockey,9,rec.sport.baseball,9,"The Sharks appear to be leaning toward picking Rob Niedermayer, a center (his brother Scott (?) is a defenseman picked by NJ a couple years ago). They brought him in for a physical/tryout a week or so ago. From what I have read Niedermayer is the bes"
1317,zero_shot,5,comp.windows.x,5,comp.windows.x,5,JUst use xloadimage instead (or xli).
1318,zero_shot,7,rec.autos,7,rec.autos,7,"I tried the AutoFom stuff on my 1991 Saturn SC, and was so disappointed with it that I returned it for a refund. I polished the car for 2 hours and couldn't remove the swirl marks/thin film that was all over the finish. It also attracted more dirt th"
1319,zero_shot,6,misc.forsale,6,misc.forsale,6,"Sega Genesis Games For Sale: (All these games just $25 each!) Galaxy Force II Jordan vs. Bird (One on One, shoot-outs, etc.) Powerball Test Drive II: The Duel (comes in box) Valis III by Renovation Also for sale: Sportstalk Football '93 starring Joe "
1320,zero_shot,2,comp.os.ms-windows.misc,2,comp.os.ms-windows.misc,2,"I've been using Final from CODA for some time, but suddenly it stopped using my fonts. I have a 386 PC with lots of disk space and memory, a Postscript laser, Win3.1, Finale 2.0.1 and I recently installed ATM 2.0. I've been fiddling around with the W"
1321,zero_shot,7,rec.autos,7,rec.autos,7,"It's pretty complex, and Cd isn't the whole story either. Cd for cars is usually calculated based on the frontal area of the car. So a large car with a good Cd could get the same drag force as a smaller car with a poorer Cd. To calculate drag use thi"
1322,zero_shot,19,talk.religion.misc,16,talk.politics.guns,16,"=Hmm. The police strategy of bursting in with weapons drawn, clearly marked as =officers and yelling ""Police"" repeatedly. This is used every day to bust drug =houses. The idea is to awe the suspects into submission with surprise and =display of firep"
1323,zero_shot,16,talk.politics.guns,16,talk.politics.guns,16,"""Freed om of Religion"" has absolutely nothing to do with building a small arsenal and grooming 10-year old children to be your wife. ""I'll come out as soon as I finish my manuscript on the Seven Seals."" Oh, OK, David. I agree that Koresh was as much "
1324,zero_shot,11,sci.crypt,13,sci.med,13,"> Just curious, how would the Clipper Chip system handle > conference calls? It's not Clipper, it's any encryption system. I've seen a number of designs; they generally involve a multi-line cleartext bridge. Depending on the encryption system, so lon"
1325,zero_shot,14,sci.space,18,talk.politics.misc,18,"That may change next month; at least I hope it will. A couple of hundred journalists have requested press passes for the test flights. Sustaining that publicity however, will be a problem. Allen"
1326,zero_shot,14,sci.space,14,sci.space,14,"Speaking of which, a paper was out a few years ago about a weather sat imaging a lunar eclipse -- are those images uploaded anywhere? I could dig out the reference if there's interest. Shag --"
1327,zero_shot,16,talk.politics.guns,16,talk.politics.guns,16,-- Pete Norton peten@well.sf.ca.us peten@holonet.net norton@hou.amoco.com
1328,zero_shot,9,rec.sport.baseball,14,sci.space,14,325/441/577.
1329,zero_shot,12,sci.electronics,16,talk.politics.guns,16,"Hosfelt T-1 stock # 25-214 T-1-3/4 # 25-213 Both $1.29 - Vf 3.0..3.4, 470nm, 3mcd @ 10ma, Mfg Liton Call 1-800-524-6464 Disclaimer - dont know these guys from a bar of soap, but the price looks reasonable."
1330,zero_shot,10,rec.sport.hockey,18,talk.politics.misc,18,"Welcome aboard! And, since I haven't seen this yet this year (but all preceding years), let me say:"
1331,zero_shot,1,comp.graphics,12,sci.electronics,12,"ULTRIX/X11R4 to plot surfaces and contour plots from a set of {x,y,z}. I would really appreciate any hint on the name of such a plotting program and where to find it. Thanks for your help."
1332,zero_shot,15,soc.religion.christian,15,soc.religion.christian,15,"Without quoting at length from the preceeding post, I'd just like to say that I find it a much more appropriate way of dealing with issues like the Holocaust and Bosnia that asserting that ""God is punishing them."" The activity of God is always _redem"
1333,zero_shot,5,comp.windows.x,2,comp.os.ms-windows.misc,2,"Yes, it is. It is available at ftp.ctr.columbia.edu, probably in pub/xkernel. In response to the earlier gentlemans question, you could theoretically recompile xkernel on a sun4. The binaries available are for the sun3/50, but the author says it coul"
1334,zero_shot,11,sci.crypt,16,talk.politics.guns,16,"brings up the issue of how the escrow agent will be paid, and the fact that the government had financial leverage if they don't cooperate. It's an important issue, especially if one of the escrow agents decides they'd rather stop offering the service"
1335,zero_shot,11,sci.crypt,16,talk.politics.guns,16,I wouldn't think so. Asking people to trust a secret algorithm seems unsound to me.
1336,zero_shot,8,rec.motorcycles,7,rec.autos,7,"You should post his/her email request, with proper attributes, of course, to the newsgroup. The request then becomes a matter of rec.moto public record and warrants the ceremonial gang-FAQing. Glad to help, Ride safe, --------------------------------"
1337,zero_shot,9,rec.sport.baseball,9,rec.sport.baseball,9,"Well, yeah. On the other hand, for the first few years of his career he looked like Herb Washington. Dan Gladden doesn't seem to suck defensively, either. Yeah, and how many of the white guys played one year into a long career? It's actually not an u"
1338,zero_shot,10,rec.sport.hockey,9,rec.sport.baseball,9,"[stuff deleted] The last year before Bryan Murray took over, the Wings did not make the playoffs. While they had been considered a possible contender when Jacques Demers first arrived, in his last two years they were, respectively, embarrassed in the"
1339,zero_shot,13,sci.med,13,sci.med,13,"If the student has a kidney infection, she ought to be on antibiotics. Kidney infections-- left untreated-- can cause permanent damage to the kidneys. I was hospitalized with a kidney infection a while ago and I was very sick."
1340,zero_shot,17,talk.politics.mideast,16,talk.politics.guns,16,"How about the following scholarly source? Source: Pierre Oberling, ""The Road to Bellapais: The Turkish Cypriot Exodus to Northern Cyprus"", Social Science Monographs, Boulder, 1982, ISBN 88033-000-7. Well, I am forced to disagree with you. The Greeks "
1341,zero_shot,14,sci.space,13,sci.med,13,"Re; Response from CoB of Boeing on SSTO ... Boeing has been looking at several TSTO vehicles and has carried out extensive conceptual studies of advanced launch systems for some time. A good reference on this might be: ""Comparison of Propulsion Optio"
1342,zero_shot,8,rec.motorcycles,8,rec.motorcycles,8,"Glad to hear that the bozo managed to stop. I've only been riding for about two years, but here are my rules for traffic light survival: - I try to *never* stop just over a hill behind a car. If I have to stop in such a location, I pull almost comple"
1343,zero_shot,16,talk.politics.guns,16,talk.politics.guns,16,"[massive dan blather mercifully deleted.] Last time I checked, ""amassing an arsenal"" and practicing any kind of religion were mentioned in passing in the Bill of Rights. Guess it's OK with you if we just brush 'em aside in order to justify killing a "
1344,zero_shot,8,rec.motorcycles,7,rec.autos,7,Mind posting those to the euro archive? We have a directory specifically for BMWs. ftp: 134.29.65.5 (Vax2.Winona.MSUS.EDU) user: euro pass: spooge cd bmw get and put as you please.
1345,zero_shot,7,rec.autos,7,rec.autos,7,"I agree about the durability of the old TH400 trannies from GM. While I never intentionally slamed my '68 Firebird 400 ci Conv. into gear, I would leave the trannie in Low (read 1st), grab hold, hit the pedal, and once the tires grabbed, take off. Wh"
1346,zero_shot,7,rec.autos,7,rec.autos,7,BMWs boxer twin! (no two wheelers here?) Been around since 1923. I think the other examples are Johnny come latelies... I may be wrong so no flames please..
1347,zero_shot,4,comp.sys.mac.hardware,4,comp.sys.mac.hardware,4,"I wish I caught the original post, but anyway ... The problem is that the Plus's poor old power supply (sometimes referred to as the analog sweep board) is on its way out. Apart from a board swap (bikkies to Apple), there's not much the average Joe c"
1348,zero_shot,2,comp.os.ms-windows.misc,5,comp.windows.x,5,Hi. I'd like to substitute the exciting win3.1 opening logo for our own company logo at boot up time. Is this a matter of replacing the logo file with our own logo? And what format should the company logo be in? Thanks.
1349,zero_shot,0,alt.atheism,15,soc.religion.christian,15,"As requested, here are some addresses of sources of bizarre religious satire and commentary... Plus some bijou book reviewettes. --- Loompanics Unlimited PO Box 1197 Port Townsend, WA 98368. USA. Publishers of one of the most infamous mail-order book"
1350,zero_shot,16,talk.politics.guns,16,talk.politics.guns,16,"For those who didn't figure it out, the below message was a reply to another in sci.crypt, for which the poster put t.p.g. in the Followup-To line. I didn't notice that. Apologies to those who were confused. The substance makes little sense unless on"
1351,zero_shot,4,comp.sys.mac.hardware,4,comp.sys.mac.hardware,4: comp.sys,I have the Logitech hand scanner for the Mac. It uses a SCSI interface box that the standard scanner unit plugs into. I have tried my friend's IBM hand scanner with the scsi box and it works. See if you can get Logitech to sell you the scsi box by it
1352,zero_shot,3,comp.sys.ibm.pc.hardware,3,comp.sys.ibm.pc.hardware,3,"Most likely reason is that your backup battery is failing - this battery maintains the contents of the CMOS memory when AC power is turned off, and if the battery is flakey then the contents of the CMOS will be lost and the checksum will be wrong (al"
1353,zero_shot,1,comp.graphics,5,comp.windows.x,5,Can I view JPEG files without special hardware?
1354,zero_shot,10,rec.sport.hockey,9,rec.sport.baseball,9,"For those of you who complain about Don Cherry, and wonder why he is popular... the reply is Dick Vitale and John Madden and Bobby Knight and Joe Garagiola and Howard Cosell. John Madden picks Gary Clark of the Redskins for his All-Madden team a lot,"
1355,zero_shot,17,talk.politics.mideast,16,talk.politics.guns,16,"Well over 100,000 in Lebanon alone. 1,000,000 - 2,000,000 in the Iran/Iraq conflict, even if Iranians aren't Arabs, strictly speaking. (They seem to hate the Zionists at least as much as anyone else in the neighborhood. Is there some correlation perh"
1356,zero_shot,14,sci.space,14,sci.space,14,"Original to: wats@scicom.AlphaCDC.COM G'day wats@scicom.AlphaCDC.COM 20 Apr 93 18:17, wats@scicom.AlphaCDC.COM wrote to All: wAC> wats@scicom.AlphaCDC.COM (Bruce Watson), via Kralizec 3:713/602 wAC> The Apollo program cost something like $25 billion "
1357,zero_shot,13,sci.med,16,talk.politics.guns,16,Did your ENT also tell you that this procedure may remove warts from the soles of your feet and improve your sex life?
1358,zero_shot,5,comp.windows.x,14,sci.space,14,You allways could port and use emu from export.lcs.mit.edu:contrib/emu.tar.Z. We've implemented a blinking text cursor for the very reasons people mentioned. You can even configure the actual size of the text cursor (horizontal / ver- tical line curs
1359,zero_shot,0,alt.atheism,15,soc.religion.christian,15,": Very true (length of time for discussions on creationism vs evolutionism). : Atheists and Christians have been debating since ?? and still debate with : unabated passion 8-). Mike, I've seen referrences to ""Creation vs Evolution"" several times in a"
1360,zero_shot,12,sci.electronics,4,comp.sys.mac.hardware,4,"Yes, it does. All the equipment has to have that Telekom approval number to be legal. What has changed is that you can buy the equipment somewhere else. I'm pretty sure the same holds true in Sweden (at least when I read some information on it about "
1361,zero_shot,8,rec.motorcycles,9,rec.sport.baseball,9,"Thanks, Jody. I can't say I've ever seen it summed up so succinctly before. I might only add two things.... stupid road design (or poor, at least) and we deal with it for the fun and *brotherhood* we share with others who take their lives in their ha"
1362,zero_shot,14,sci.space,12,sci.electronics,12,"Are you guys talking about the Soviet ""shuttle""? It's not ""Soyuz"", it's called ""Buran"" which means ""snow storm."" (At least that's what they call it on Russian TV)."
1363,zero_shot,18,talk.politics.misc,18,talk.politics.misc,18,Do we want to 'create jobs'? or do we want jobs created that are productive in our supply/demand economy? If your answer is the former then we can just round up all jobless people and pay them to build sandcastles in the desert. If you answer the lat
1364,zero_shot,2,comp.os.ms-windows.misc,5,comp.windows.x,5,"I've recently re-uploaded to cica the current (v2.8) version of the working model of MicroCal Origin, a scientific and technical 2D/3D graphics and data analysis package for Windows 3.x. The working model is 2D only and puts a promo message on hardco"
1365,zero_shot,0,alt.atheism,15,soc.religion.christian,15,": > : > I think you're letting atheist mythology : Great start. I realize immediately that you are not interested : in discussion and are going to thump your babble at me. I would : much prefer an answer from Ms Healy, who seems to have a : reasonabl"
1366,zero_shot,19,talk.religion.misc,13,sci.med,13,The point about its being real or not is that one does not waste time with what reality might be when one wants predictions. The questions if the atoms are there or if something else is there making measurements indicate atoms is not necessary in suc
1367,zero_shot,6,misc.forsale,6,misc.forsale,6,*****************[ SNES Games For Sale ]***************** Home Alone 2 $35 Star Fox $42 Will trade for a good condition copy (must have box & docs) of one of the following (SNES ONLY): Prince of Persia GODS Batman Returns Super Turrican Cybernator **
1368,zero_shot,19,talk.religion.misc,15,soc.religion.christian,15,I give up. What's new about yet another interpretation of the odl Adam and Eve story? -- Michael
1369,zero_shot,14,sci.space,18,talk.politics.misc,18,"Apologies... Your mail is probably in the pile that arrived just before I got sick about a month ago... A reply will appear eventually... So far, there have been none (unless you count an interview in The Amateur Computerist about the history of netn"
1370,zero_shot,9,rec.sport.baseball,9,rec.sport.baseball,9,"It would help if his OBP were higher than his batting average. Yes, the April 12 USA Today lists Le Grand Chapeau as having a .422 batting average and a .413 OBP. That's on 19-for-45 hitting with 0 (zip, nil, nada) walks. The reason a lot of us are d"
1371,zero_shot,15,soc.religion.christian,15,soc.religion.christian,15,"Note that ""scientific evidence"" in this area does not prove any conclusions. There has been evidence to suggest that a certain part of homosexual's brains are different from heterosexuals- but that proves very little. Also notice that the apostles di"
1372,zero_shot,7,rec.autos,7,rec.autos,7,": To wheelspin in an auto, you keep the gear in N - gas it - then stick the : gear in D... I've never tried this but am sure it works - but does this screw : up the autobox? We're having a bit of a debate about it here... I've known more people to le"
1373,zero_shot,1,comp.graphics,16,talk.politics.guns,16,: I cant get through to the author of rtrace. His site is inaccessible : can he upload the new version somewhere else please?
1374,zero_shot,9,rec.sport.baseball,9,rec.sport.baseball,9,"My brother purchased baseball tickets for Texas Rangers vs Toronto Bluejays in July, but he was unable to get vacation days to get there. Is anyone interested in purchasing the following: Arlington Stadium Arlington,Texas, Texas Rangers vs. Toronto B"
1375,zero_shot,4,comp.sys.mac.hardware,4,comp.sys.mac.hardware,4,Bad system disk. (possibly too new a version for your historical curiosity^H^H^H^H^H^H^H^H^HFat Mac)
1376,zero_shot,6,misc.forsale,17,talk.politics.mideast,17,Is this not the same movie that sold at McDonald's for $7.99?? (new)?
1377,zero_shot,7,rec.autos,7,rec.autos,7,"And here's my two cents: The best convertible for the money, IMO, is the Miata. Yes, it's small, but you're buying it as a second car, I hope, so you don't need the cargo room of a big car. It's got enough power for fun, it's RWD like a sports car ou"
1378,zero_shot,18,talk.politics.misc,16,talk.politics.guns,16,"russotto@eng.umd.edu (Matthew T. Russotto) writes... It's fairly simple. It was decided to burn the place down, and more than one agent was dispatched to set the fires in separate parts of the compound. I doubt that ""simultaneously"" means ""at the exa"
1379,zero_shot,16,talk.politics.guns,17,talk.politics.mideast,17,Two URGENT requests: 1. I need the latest update and description of MA bill S-897. From what I gather this bill takes the Hunter Safety Courses from Law Enforcement and places them under Fish & Game control. 2. Has someone out there compiled a list o
1380,zero_shot,7,rec.autos,17,talk.politics.mideast,17,"xIf you put a locking lugnut on your tires, do you need to have your xtires rebalanced?? x xJohn Mas x xE-Mail Address :: MAS@SKCLA.MONSANTO.COM Since the wheel/tire is balanced off the car i.e. the lugnuts are not normally involved, how would they d"
1381,zero_shot,4,comp.sys.mac.hardware,4,comp.sys.mac.hardware,4,"A local dealer is offering Mac II vi machines equipped with Kodak multi- session compatible CD-ROM drives for what seems like an attractive price: $1500. I've used many other models up to a II ci, but this would be the first I could have my own Mac. "
1382,zero_shot,10,rec.sport.hockey,17,talk.politics.mideast,17,"He's a Canadian ""thing"". Former coach of the Boston Bruins and Colorado Rockies. From the summaries that get posted I gather that his ongoing beef this year has been the conventional wisdom that Canadian hockey is doomed to be second or third rate be"
1383,zero_shot,8,rec.motorcycles,8,rec.motorcycles,8,"Most bikes I've seen that use a dipstick rather than a sight glass are designed to check it without screwing it in. In the manual for my CBR900RR, they specifically state it should be done this way. Michael"
1384,zero_shot,16,talk.politics.guns,18,talk.politics.misc,18,"The Brady Bill passed the House in 1992, but failed to reach a vote in the Senate. As such, it never reached Bush. (Sarah Brady's condemnation not-withstanding). It'll probably pass the House again, and will probably pass the Senate if they can get i"
1385,zero_shot,6,misc.forsale,4,comp.sys.mac.hardware,4: comp.sys,"*********************Sony B+W Watchman TV********************* Sony B+W 2.5 inch TV. It is in excellent condition. It has not been used much at all, thus why I am selling it. It gets great $60 reception. It sells new for $100 so I am asking $60. It i"
1386,zero_shot,1,comp.graphics,18,talk.politics.misc,18,"Kaveh, all of the data included with in the Cyberware_demo is non-proprietary, use it as you like. I just ask that you give us credit if you use it in a research paper/project and send us the results. thanks, geo Cyberware -- george dabrowski Cyberwa"
1387,zero_shot,4,comp.sys.mac.hardware,4,comp.sys.mac.hardware,4,"Hello. I have a question (or two) about the serial ports for the powerbooks (specifically the 145 with system 7.0.1). Is there a difference between the serial ports on the powerbooks versus any other mac, say plus or ii?? I have heard, though not con"
1388,zero_shot,19,talk.religion.misc,15,soc.religion.christian,15,"It seems you lived a fairly 'wild life'-- my background is far more traditional, mostly working, working, working. Maybe there's a clear indication that the way you lived your life produced a certain amount of anxiety that needed to be released. Reli"
1389,zero_shot,9,rec.sport.baseball,9,rec.sport.baseball,9,"[...] Tim Wallach can be explained with the rabbitball. Deion can be explained as ""learning how to play the game"". I'm not betting that Deion will be able to play as well as last year, but I think the odds of Deion playing as well or better than he d"
1390,zero_shot,6,misc.forsale,3,comp.sys.ibm.pc.hardware,3,"I have a Seagate hard drive that I need some info specific information on. Anyone have the ph# for Seagate Technology, Inc? (Or if they have a bbs setup that has all the drive info on it, like Maxtor does, I'll take that!) Thanks!"
1391,zero_shot,19,talk.religion.misc,15,soc.religion.christian,15,"Brian, it doesn't offend me if you decide to reject Jesus Christ. I only wish you would make that decision after you learn who Jesus is."
1392,zero_shot,0,alt.atheism,15,soc.religion.christian,15,"Not if you show that these hypothetical atheists are gullible, excitable and easily led from some concrete cause. In that case we would also have to discuss if that concrete cause, rather than atheism, was the factor that caused their subsequent beha"
1393,zero_shot,8,rec.motorcycles,17,talk.politics.mideast,17,"RIDING""? >> Here in Louisiana the State Sign is ""CAUTION - SUB-STANDARD ROADWAY"". ----===== DoD #8177 = Technician(Dr. Speed) .NOT. Student =====----"
1394,zero_shot,15,soc.religion.christian,16,talk.politics.guns,16,"No smiley on the part about atheism, I see. Do you realize that your statement says that I was mentioning ""nonsense"" about atheism? This is hard for me to defend against if this is the claim you are making, as you have only included the last two sent"
1395,zero_shot,19,talk.religion.misc,18,talk.politics.misc,18,"... Apologies, I've not been paying attention."
1396,zero_shot,7,rec.autos,9,rec.sport.baseball,9,"Eve'. I am looking to buy 4 new p195-50r15 tires.. (R or HR). I don't have much to spend, but I would like a tire that will LAST. Does anyone have any experience with the following brands? Riken Falken BFG General There are others, but these I can fi"
1397,zero_shot,4,comp.sys.mac.hardware,4,comp.sys.mac.hardware,4,"I have a brand new, never used 12 inch mac to scsi cable for sale. I'm asking for $15 + shipping......tell me if this is too high....i don't think it is.. +--------------------------------------------------------------------------+ /~~~~~~~\ \_____ |"
1398,zero_shot,12,sci.electronics,13,sci.med,13,"Greetings. I've recently decided to chuck the linear regulators and learn the ""black magic"" art of switching power supplies... (before anyone flames me, I KNOW, both have their place :-) Anyways, I've built the basic up & down converters with pretty "
1399,zero_shot,13,sci.med,13,sci.med,13,"------------- cut here ----------------- HICNet Medical Newsletter Page 13 Volume 6, Number 11 April 25, 1993 :::::::::::::::::::::::::::::::::::::::::::::::::::::::::::::::::::::::::::::: Food & Drug Administration News :::::::::::::::::::::::::::::"
1400,zero_shot,0,alt.atheism,15,soc.religion.christian,15,"Actually, I find the stuff about JC being a carpenter more interesting. Is there an independent source for this assertion, or is it all from the Christian Bible? Is there any record at all of anything he built? A table, a house, some stairs (Norm Abr"
1401,zero_shot,3,comp.sys.ibm.pc.hardware,3,comp.sys.ibm.pc.hardware,3,"Hi, Does anyone have a source for 386DX/25 Motherboards? I've been calling around the local stores and everyone appears to be only stocking the 386DX/33/40 or 386SX/25/33 motherboards. How difficult is it to modify a 386DX/40 motherboard to run at 25"
1402,zero_shot,2,comp.os.ms-windows.misc,3,comp.sys.ibm.pc.hardware,3,I have a 486 sx 25 and I recently added a SCSI drive to my system using an Adaptec 1522 (non busmastering) controller. Yesterday I ran coretest to find out drive performance and these are the values I got Seagate 106 Meg: 875.1kb/Sec 14.5ms avg seek 
1403,zero_shot,10,rec.sport.hockey,17,talk.politics.mideast,17,"Listen guys you can talk about this the whole playoffs. I'm here in a small town in southern Illinois at school. I'm from Canada and I know that cbc and tsn have games on every night, all you have to do is go to a bar with a satellite. I have watched"
1404,zero_shot,11,sci.crypt,16,talk.politics.guns,16,Hello. I am the David Sternlight keeper of the FAQ. Unfortuantely I cannot find it at the present time. From the original FAQ: Question: Does anyone take David Sternlight serious? Fact: No one takes David Sternlight serious. They review his opinions 
1405,zero_shot,17,talk.politics.mideast,16,talk.politics.guns,16,"REFLECTIONS ON BOSNIA LORD OWEN AND THE SERBS In early February '93, Lord Owen made appearances in New York City on the Donahue and Charlie Rose shows. On a couple of occasions on those shows Lord Owen gave away his pro-Serbian position when he made "
1406,zero_shot,6,misc.forsale,4,comp.sys.mac.hardware,4,"Please take this system off my hands. I no longer use it and it is taking up valuable room. They system consists of a Microcom PDOS Apple II+ clone with 64k on board and PDOS installed. It comes with a load of boards, including: a disk drive board, 2"
1407,zero_shot,17,talk.politics.mideast,18,talk.politics.misc,18,"The cases aren't really comparable. A project like a freeway requires public hearings, court action, appeals, advance determination of restitution, and so on. The razing of the Moghrabi district in East Jerusalem happened within hours of the end of t"
1408,zero_shot,18,talk.politics.misc,16,talk.politics.guns,16,"# #However, monogamous homosexual male sex is so rare that for practical # #purposes, homosexuality spreads AIDS. # #-- # #Clayton E. Cramer {uunet,pyramid}!optilink!cramer My opinions, all mine! # #Relations between people to be by mutual consent, o"
1409,zero_shot,6,misc.forsale,6,misc.forsale,6,"I have an extra copy of Lotus 1-2-3 ver 3.4 for DOS. I'd like to get $100 for it. please reply by e-mail to jth@bach.udel.edu Thanks, Jay"
1410,zero_shot,8,rec.motorcycles,7,rec.autos,7,"Sure. It has caused my wife to conclude that I am totally insane, not just partially:-} Usually I just lift the left hand off the wheel and wave thru the windshield. Damn near the same motion as on the bike:-} tom coradeschi <+> tcora@pica.army.mil"
1411,zero_shot,1,comp.graphics,12,sci.electronics,12,Well 48 bit colour *could* be for improved resolution but 16 bits per channel seems like a bit excessive. I have seen a paper that quoted 10 bits per channel of 12 bits for computational precision. More than that would seem to be wasted. Perhaps the 
1412,zero_shot,8,rec.motorcycles,7,rec.autos,7,Only on the FRONT wheel. Use the lever on the right handlebar to accomplish this. Michael
1413,zero_shot,15,soc.religion.christian,15,soc.religion.christian,15,"Paul's statement only asserts that that particular choice was not a matter of karmic fulfillment of the past, just as the fate of the man born blind (John 9) was not. There is no question here of the simplistic idea of karma as a machine that is the "
1414,zero_shot,2,comp.os.ms-windows.misc,2,comp.os.ms-windows.misc,2: comp.os,"I have been backing up my hard drive ever since I had to re-install everything from scratch after a crash (learned the hard way, didn't I?!). I am using a windows-based backup program (actually Norton), and I began wondering about the logic of this. "
1415,zero_shot,3,comp.sys.ibm.pc.hardware,14,sci.space,14,hi folks i have a 386 25 mhz and now i'm buying a new 486 first question) which is the best way to share hard disks and printer p.s. my two pc will be far about 10 meter and i like to use a parallel port or ethernet card and i like to share resource 
1416,zero_shot,18,talk.politics.misc,18,talk.politics.misc,18,"You know, you have a point here, but don't stop with African Americans... When I was in high school in the early 1980s, on various occasions I had knives pulled on me, had friends who were stabbed, and I was beaten up repeatedly by those that couldn'"
1417,zero_shot,10,rec.sport.hockey,9,rec.sport.baseball,9,"Brad McCrimmon was the captain of the Flames when he was traded to Detroit following the 1989-90 season. This was during the off-season though. There's countless examples of captains being traded, I'm sure."
1418,zero_shot,5,comp.windows.x,4,comp.sys.mac.hardware,4,"I tried to send this as private mail, but mail to benj@ossa.hq.nasa.gov was rejected, so here it is: Here is an extract from the README file that comes with MacX: Users of remote commands with Sun machines may find that their remote commands appear t"
1419,zero_shot,13,sci.med,14,sci.space,14,"If anyone has any information on this deficiency I would very greatly appreciate a response here or preferably by Email. All I know at this point is a deficiency can cause myoglobin to be released, and in times of stress and high ambient temperature "
1420,zero_shot,10,rec.sport.hockey,9,rec.sport.baseball,9,"It was unlikely, improbable. For the Bruins, it was the stuff of nightmares; for the Sabres, it was a taste of heaven. For the first time since 1983, the Sabres have won the first three games of a series. Last time was a three games to none victory i"
1421,zero_shot,7,rec.autos,17,talk.politics.mideast,17,"GM has always screwed the rest of the divisions in favor of the Corvette. The current platform is no exception. The ""detuned"" Camaro and Firebird is a load of crap to keep people from realizing that they can buy one of these instead of a Corvette and"
1422,zero_shot,17,talk.politics.mideast,16,talk.politics.guns,16,"No wonder you 'wieneramus' are in such a mess. Following the Greek Cypriot attempt to annex the island to Greece with the aid of the Greek army, Turkiye intervened by using her legal right given by two international agreements. Turkiye did it for the"
1423,zero_shot,7,rec.autos,6,misc.forsale,6,"89' Toyota Camry LE 4 dr sedan AC AT power windows and locks 53k miles, asking $9000. Pls call 510-526-8248 or send e-mail to this account."
1424,zero_shot,12,sci.electronics,4,comp.sys.mac.hardware,4,"Does anyone here know where I can find a modem and comm. software for an Apple IIe? I would prefer in Manhattan, but New Jersey would work too. David Tillyer, DATCC@CUNYVM.CUNY.EDU"
1425,zero_shot,12,sci.electronics,14,sci.space,14,"One way to make cheap trimmable resistors is to use a high-wattage carbon composition resistor, and saw a notch in it with a triangular file. Of course, you can only increase the resistance, not decrease it."
1426,zero_shot,14,sci.space,3,comp.sys.ibm.pc.hardware,3,"The people involved in it have been building hardware rather than writing press releases. This is not a high-manpower project; they don't *have* spare people sitting around. As I understand it, there has also been some feeling on the part of some of "
1427,zero_shot,19,talk.religion.misc,13,sci.med,13,[ deleted ] [ deleted ] Your information on this topic is very much out of date. Quantum Electro- dynamics (QED - which considers light to be particles) has been experimentally verified to about 14 decimal digits of precision under ALL tested conditi
1428,zero_shot,5,comp.windows.x,5,comp.windows.x,5,"You don't mention your platform but Digital has a custom widget, NetEd, which does exactly what you want to do. Cost is nominal 300 or so - call your local office. The widget is supported on a variety of platforms and I heard rumblings of porting to "
1429,zero_shot,0,alt.atheism,15,soc.religion.christian,15,"Sure, a person could have great respect for Jesus and yet be an atheist. (Having great respect for Jesus does not necessarily mean that one has to follow the Christian [or Muslim] interpretation of his life.)"
1430,zero_shot,3,comp.sys.ibm.pc.hardware,4,comp.sys.mac.hardware,4,"Article #61058 (61121 is last): From: redmond+@cs.cmu.edu (Redmond English) Subject: Diamond Stealth: HELP! Date: Wed Apr 21 16:54:39 1993 Hello, I have a Diamond Stealth VRAM card (the older version with the DIP switches on the back). I have two pro"
1431,zero_shot,12,sci.electronics,6,misc.forsale,6,"Another alternative is to cover the adhesive with another piece of duct tape then remove the tape. If it still doesn't work, try WD-40. BQN"
1432,zero_shot,13,sci.med,15,soc.religion.christian,15,Sure there are quacks. There are quacks who don't treat and quacks who treat. One's that refuse to diagnose and ones that diagnose improperly. There are lucky quacks and unlucky quacks. Smart quacks and dumb ones. There are people ahead of their time
1433,zero_shot,16,talk.politics.guns,18,talk.politics.misc,18,On TV news this morning it was reported that the local Texas authorities who have reviewed the cases of the 21 children who were released earlier in the siege have found no evidence of physical or sexual abuse of any of the children. I don't recall i
1434,zero_shot,3,comp.sys.ibm.pc.hardware,3,comp.sys.ibm.pc.hardware,3,"*** On 04-19-93 03:53, Wayne Mcdougall had the unmitigated gall to say this: WM> The software is Netware 286 Level II and I can see burnt on to the WM> screen SFT Netware 286 Level II V2.0a. However, to configure netware WM> for level II (mirrored or"
1435,zero_shot,4,comp.sys.mac.hardware,2,comp.os.ms-windows.misc,2,"Performa 405 = LCII 4/80 with Monitor, modem and software. Performa 430 = LCII 4/120 w/ Monitor, modem and software. Performa 450 = LCIII with Monitor, modem and software. Do we detect a trend here people... The Performas are made to be low-cost, wid"
1436,zero_shot,4,comp.sys.mac.hardware,4,comp.sys.mac.hardware,4,"I bought a StyleWriter II a couple months ago, and lately, when I print something, I notice white lines or ""gaps"" running through the line being printed. It's almost like the paper is advancing a smidge too far when advancing lines. I replaced the in"
1437,zero_shot,2,comp.os.ms-windows.misc,2,comp.os.ms-windows.misc,2,"Been messin roun progman.ini have ye? I'm gessing you've been ""tuning"" the system, that's the only way I can remember getting a blank screen from CTRL-ESC.... when one of the PROGMAN.INI parameters was twinked to 0 or 3, can't remember. I've never se"
1438,zero_shot,9,rec.sport.baseball,9,rec.sport.baseball,9,"I hear ya! Then again, we must remember that we are indeed Cub fans, and that the Cubs will eventually blow it. After all, the Cubs are the easiest team in the National League to root for. No Pressure. You know they will lose eventually. Oh well, I s"
1439,zero_shot,12,sci.electronics,14,sci.space,14,Can anyone offer a suggestion on a problem I am having? I have several boards whose sole purpose is to decode DTMF tones and send the resultant in ASCII to a PC. These boards run on the serial interface. I need to run * of the boards somwehat simulta
1440,zero_shot,15,soc.religion.christian,15,soc.religion.christian,15,"[ in response to a question about why Jesus' parents would be sanctified beyond normal humanity] I would think that simply being pregnant with the incarnation of the Almighty God would be enough to make Mary blessed among all women, whether or not sh"
1441,zero_shot,10,rec.sport.hockey,9,rec.sport.baseball,9,"No, Boston probably won't go down easy, but if the Sabres hadn't won game one Buffalo would have been out in four. And what problem are you having with playoff games here in Buffalo???!!!??? There's the Sabres-Bruins, Quebec-Montreal, and whatever ES"
1442,zero_shot,19,talk.religion.misc,15,soc.religion.christian,15,"If what was being discussed could be established or disproven by experiment and observation, then I would agree with you, Chris. The burden of proof would belong to Bill. But the source document for Christianity, the Bible, simply assumes God exists "
1443,zero_shot,0,alt.atheism,16,talk.politics.guns,16,"I thought your nickname was ""UnEnlightened"" -- Maddi Hausmann madhaus@netcom.com Centigram Communications Corp San Jose California 408/428-3553"
1444,zero_shot,10,rec.sport.hockey,17,talk.politics.mideast,17,"Just a side note, squid/octopi made their way to the ice in Buffalo. I still don't understand why Buffalo, but maybe it's lucky. :-) btw, they shovel them up from the ice here, using the shovel used to scoop up the snow the zamboni leaves as it leave"
1445,zero_shot,10,rec.sport.hockey,9,rec.sport.baseball,9,"Norman Green claims that he has lost money over the last three years that he has owned the team. When he bought the team, it seemed kind of obvious that he was going to have to deal with a few years in the red, before the team started making a profit"
1446,zero_shot,10,rec.sport.hockey,9,rec.sport.baseball,9,"W --> W --> SEE! The Providence Bruins lost the first two games at home and came back to W --> tie the series on the road, there may be hope for the Bruins yet! Toast. They're toast. (And I know how much you want me to eat these words, but it ain't g"
1447,zero_shot,19,talk.religion.misc,15,soc.religion.christian,15,"Thank you, Steve. It is refreshing to have someone accuse me of being a Christian. I only hope enough evidence can be garnered to get a conviction. I am not certain what you mean by the ""fundy"" part as the term fundamentalist has a wide variety of us"
1448,zero_shot,13,sci.med,14,sci.space,14,Our 20-month son has started falling sick quite often every since he started going to day care. He was at home for the first year and he did not fall sick even once. Now it seems like he has some sort of cold or flu pretty much once a month. Most of 
1449,zero_shot,6,misc.forsale,9,rec.sport.baseball,9,I have 9 of these mice which are just taking up space in my office. Please buy them. The price is only $11 and it will only cost you 2.90 to ship USPS if you prepay. Here is all I know about them: Mice 2-button high resolution 400cpi The mice are acu
1450,zero_shot,18,talk.politics.misc,6,misc.forsale,6,"Would you like fries with that, sir?"
1451,zero_shot,9,rec.sport.baseball,3,comp.sys.ibm.pc.hardware,3,"Close, but there's a number 3 also: 3. have entered the game with no more than a 3 run lead and pitched at least one inning. If a pitcher finishes a game which his team has won, does not get the win, and satisfies at least one of the three requiremen"
1452,zero_shot,1,comp.graphics,4,comp.sys.mac.hardware,4,"Howdy... I think you would be interested in Infini-D 2.5 for the Mac. There is no DOS or Windows version. It's quite an amazing program. ""Some"" of the features: * Bevel Text * Timeline based animation sequencer * Realtime bounding box preview * Objec"
1453,zero_shot,10,rec.sport.hockey,17,talk.politics.mideast,17,"No, and in fact, that was Ferreira's original strategy, which the troika proceeded to simply continue to implement. There wasn't exactly a radical shift in policy when he was ousted (something people seem to forget). The only real question is whether"
1454,zero_shot,17,talk.politics.mideast,16,talk.politics.guns,16,"Poor Phill Hallam-Baker. The tremors are getting worse, and his stratospheric typing skills can no longer keep up. [spelling flame or real sympathy - only his hairdresser knows for sure] [Official Mossad policy: we don't stop until we get Disneyland!"
1455,zero_shot,19,talk.religion.misc,15,soc.religion.christian,15,"... ... Interesting idea. This suggestion has inspired me to post, under the title ""Theories of Creation"", a collection of various ""philosophies"" of creation that I am aware of. Could you explain which of these theories you would want taught, and whi"
1456,zero_shot,7,rec.autos,7,rec.autos,7,"Just for the record, read your owner's manual before attempting a push start. Most manufacturers today do not recommend this (I think the catalytic converter is the primary reason - unburned gas goes down to it and may ignite when the converter gets "
1457,zero_shot,5,comp.windows.x,18,talk.politics.misc,18,"I have placed a new release of my aXe editor in aXe-5.0.tar.Z on export.lcs.mit.edu (18.24.0.12) and arjuna.ncl.ac.uk (128.240.150.1). The significant change this time, and the justification for the hike in the major version number, is: o undo has be"
1458,zero_shot,7,rec.autos,17,talk.politics.mideast,17,"The DeLorean had the yucky PRV V6 engine. A joint-venture between Peugout (note spelling), Renault and Volvo. PRV. This engine is a *MIGHTY BORING* piece of junk with approx 140hp. Doesn't like revs at all. If you look at the DeLorean in the movie Ba"
1459,zero_shot,12,sci.electronics,12,sci.electronics,12,Here is a list I get when I was combing through some microfilm one day here at Drexel while completely board. Most of these circuits are pretty easy to constuct and can be done by a novice. This is basically some stuff that could prove useful to you 
1460,zero_shot,12,sci.electronics,14,sci.space,14,"I don't know much about Hydrophones, so I'm looking for any information that will help avoid problems I haven't thought of! I would like an inexpensive hydrophone and amplifier with tape (line level) outputs... something like Edmund sells for $250. T"
1461,zero_shot,16,talk.politics.guns,16,talk.politics.guns,16,"In the wake of the Waco denouement, I had email discussions with people from this group. In particular, we discussed how cults operate, why the FBI might be motivated to black out news or behave the way it did, and what kinds of problems are involved"
1462,zero_shot,12,sci.electronics,12,sci.electronics,12,"It has been a while since I knew the electronics of ham radio, but I seem to remember that PeP is actually 4x the ""real"" power. Which makes 1KW PeP actually around 250W. Or was it 2x? I disremember. ""Effective transmitted power"" is also ""odd"", in tha"
1463,zero_shot,4,comp.sys.mac.hardware,4,comp.sys.mac.hardware,4,"... Yes, that is what it sounds like to me, too. But before I spend da bucks, I want to make sure I'm right. I do have e-mail from a (self-confessed :-) Apple-hater listing a few common problems with the C610, but nothing I can't get fixed under warr"
1464,zero_shot,5,comp.windows.x,17,talk.politics.mideast,17,"I'm quite familiar with a variety of window title *setting* methods. My question is... Is there any way (via Resources, etc) to stop an application's ability to re-name it's own Name / IconName properties? ...who cares if it's not 'nice' to the appli"
1465,zero_shot,11,sci.crypt,11,sci.crypt,11,You can find what you're looking for on hundreds of sites worldwide. Try anonymous ftp to nic.funet.fi (Finland) /pub/unix/4.3bsd/net2/lib/libc/gen/crypt.c.Z This includes source code for fully-functional DES encryption and decryption. There are some
1466,zero_shot,11,sci.crypt,12,sci.electronics,12,"It was implied in the first technical posting by Dorothy Denning that the FBI would do the decryption *for* the law enforcement agencies. It wasn't clear to me from the post whether this would be done in realtime or not, or whether the FBI would just"
1467,zero_shot,8,rec.motorcycles,7,rec.autos,7,"Is (was? :-( ) your HG zipper the nylon-coil type or the kind with molded plastic teeth? I've only tried it on the coiled nylon type, and it doesn't take much squish to fix the problem. I found I was overdoing it (no broken parts, but the zipper was "
1468,zero_shot,5,comp.windows.x,13,sci.med,13,"Hello, I am writing a program which forks of a number of child processes and each of the children printing things on the screen (quite messy in one window)... The ""xterm -Sxxd"" option seems to be the solution to opening up slave windows only to displ"
1469,zero_shot,6,misc.forsale,4,comp.sys.mac.hardware,4,"For sale: Toshiba 3300SL notebook computer. Specs: 80386SL (64K cache) @ 25MHz, * 8MB * RAM, 80 meg 16ms IDE hard drive, 1.44meg floppy, 5.9 lbs w/ Nickle Hydride battery installed, edgelit greyscale VGA display, PS/2 mouse port, external keyboard po"
1470,zero_shot,19,talk.religion.misc,18,talk.politics.misc,18,"Um, Kent... just what *have* you been doing with his wife?!? ;-D"
1471,zero_shot,17,talk.politics.mideast,16,talk.politics.guns,16,"Serdar, I have been told that you are not real, your account is fake (which I confirmed by trying to E-mail you) and advised not to waste my time writing to ""you"". But, I get pleasure from watching you make a fool of yourself. So you stand by the sta"
1472,zero_shot,15,soc.religion.christian,15,soc.religion.christian,15,"Often times (most recently on this list in the last few days) I've heard the passage from revelation: ""...whoever adds to the sacred words of this book...whoever removes words from this book..."" used as an arguement against the deutercanonical books."
1473,zero_shot,11,sci.crypt,18,talk.politics.misc,18,"We would like to keep it that way. Thats the point. By reacting strongly and forcefully now, we will assure that we continue to remain free. You cannot overreact to a threat like this. The worst that happens if we overreact is that we waste time and "
1474,zero_shot,7,rec.autos,7,rec.autos,7,"AW>>>My 85 Caprice Classic with 120K+ miles has finally reached >>>the threshold of total number of mechanical problems that >>>I am forced to post :). Anyone out there who might be >>>able to give me some pointers on one or more of the below, >>>ple"
1475,zero_shot,1,comp.graphics,5,comp.windows.x,5,"I need help in creating my 4x4 perspective matrix. I'd like to use this for transforming x, y, z, w in some texture mapping code I got from Graphics Gems I. I have many books which talk about this, but none of them in simple plain english. If you hav"
1476,zero_shot,7,rec.autos,18,talk.politics.misc,18,"On the other hand, remember the old adage that a verbal agreement isn't worth the paper it's printed on. Once you sign, you are going to have one hell of a time proving fraud based on a comparison to what you thought you were going to sign ... Being "
1477,zero_shot,16,talk.politics.guns,16,talk.politics.guns,16,These zealots. Holy fuck. Israel. Armenia. Turkey. Greece. Croatia. Serbia. Bosnia. Russia. Germany. Iran. The Arab World. War.
1478,zero_shot,10,rec.sport.hockey,9,rec.sport.baseball,9,"Don't expect to get top quality, just some toughness. I don't view Makarov as a player who would add toughness. Nelson, you're confusing skill and toughness. Hey, get off the McGill/Hammond thing. I'm no fan of either. My point is that last year the "
1479,zero_shot,8,rec.motorcycles,16,talk.politics.guns,16,Some of us aren't that fucking stupid you cock sucking asshole. That's why we haven't had our own little DD suaree. I'm soo impressed that you've had to spend your own precious little dollars to make up for your own stupid act. Now go fuck off. Frien
1480,zero_shot,1,comp.graphics,6,misc.forsale,6,try cd'ing to publications/May_93_online on siggraph.org It's there!
1481,zero_shot,6,misc.forsale,4,comp.sys.mac.hardware,4: comp.sys,"Please reply to the seller below. For Sale: Sun SCSI-2 Host Adapter Assembly -=-=-=-=-=-=-=-=-=-=-=-=-=-=-=-=- Brand New In Unopened Mylar Sun part no. 501-1167 50pin Dsub external connector Compatible with Sun 3/100/200, 4/200/300 machines Available"
1482,zero_shot,19,talk.religion.misc,15,soc.religion.christian,15,"Jesus did and so do I. Peace be with you,"
1483,zero_shot,6,misc.forsale,5,comp.windows.x,5,"All are gone except 3 and 5. Go ahead - make me an offer I can't refuse! 1. Large padded Cordura bag SORRY, SOLD, AWAITING CHECK. 2. Small ""Nikon"" shoulder bag. SORRY, GONE. 3. Small ""Nikon""* belt pouch. Khaki. Similar to an Army ammo pouch - belt cl"
1484,zero_shot,3,comp.sys.ibm.pc.hardware,4,comp.sys.mac.hardware,4,"Does anyone have a manual for an Artec 14"" NI monitor? I need the specs. Thanks. Rob Malouf malouf@csli.stanford.edu"
1485,zero_shot,2,comp.os.ms-windows.misc,3,comp.sys.ibm.pc.hardware,3,": : >I have a Microsoft Serial Mouse and am using mouse.com 8.00 (was using 8.20 : >I think, but switched to 8.00 to see if it was any better). Vertical motion : >is nice and smooth, but horizontal motion is so bad I sometimes can't click : >on somet"
1486,zero_shot,6,misc.forsale,6,misc.forsale,6,"FOR SALE Sony 8mm camcorder model PRO V9 - top-of-the-line a few years ago. - autofocus with macro capability - 6x zoom - 5 lux rating - 360,000-pixel CCD chip, the best made for a 8mm camcorder - AV input/output jacks (all cables included) - RF conv"
1487,zero_shot,9,rec.sport.baseball,9,rec.sport.baseball,9,"How can anyone pick the worst Yankee pitcher. In the past 12 years there have been so many. Does the name Steve ""You mean I should try and throw the ball to the catcher"" Trout?"
1488,zero_shot,8,rec.motorcycles,8,rec.motorcycles,8,"Countersteering is a method for *leaning* the bike. Another method is leaning. Once leaned, the bike turns all by itself."
1489,zero_shot,8,rec.motorcycles,8,rec.motorcycles,8,"I would prefer a picture with you in it. Since most motorcycles don't post, and are rather similar looking (i.e all R100S's are more alike than they are different), it is the people that are ultimately more interesting. From archive_policy.txt: BTW, "
1490,zero_shot,0,alt.atheism,18,talk.politics.misc,18,"I think that's an insightful comment. Especially when at the same time we have people like Bill ""Projector"" Conner complaining that we are posting parodies."
1491,zero_shot,13,sci.med,14,sci.space,14,To: turpin@cs.utexas.edu (Russell Turpin) RT> o Those administering the treatment do not know which subjects RT> receive a placebo or the test treatment. It seems to me that many drugs have such severe side effects that it might not be possible to ke
1492,zero_shot,17,talk.politics.mideast,16,talk.politics.guns,16,"Some articles on the topic: RTw 12/23 0859 GULF ARABS DEMAND IRAN WITHDRAWAL FROM ISLANDS (Eds: updates with end of summit details, quotes) By Youssef Azmeh ABU DHABI, Dec 23, Reuter - Gulf Arab states, emerging from a summit that restored their unit"
1493,zero_shot,9,rec.sport.baseball,9,rec.sport.baseball,9,"Not an astute observation -- this is a straw-bullpen. The lefties, Stanton & Mercker are strong, and Wohlers is down learning a new pitch. The bullpen is fine, probably superior. Also false. Gant, Nixon, Justice, Hunter, Blauser present a decent enou"
1494,zero_shot,8,rec.motorcycles,18,talk.politics.misc,18,Here in Iowa it is/has been OWI (operating under the influence) and OMVI (operating motor vehicle under the influence). They (gov't) changed it to OMVI so that people in motor boats could also be charged with drunk driving.
1495,zero_shot,7,rec.autos,7,rec.autos,7,"Having had my car die on me(engine fire, insurance agent said it was probably totaled), I am in the market for a another vehicle. I saw a Toronado that was within my expected price range and was wondering if anybody could relate their experiences wit"
1496,zero_shot,12,sci.electronics,12,sci.electronics,12,Does anyone know where to get a schematic for a micro stepping circuit? Any help would be appreciated. mcole@nmsu.edu
1497,zero_shot,19,talk.religion.misc,16,talk.politics.guns,16,"(st) Stephen Tice (km) Ken McVay (st)Seems to me Koresh is yet another messenger that got killed (st)for the message he carried. (Which says nothing about the (km)Seems to be, barring evidence to the contrary, that Koresh was simply (km)another deran"
1498,zero_shot,0,alt.atheism,15,soc.religion.christian,15,"As per various threads on science and creationism, I've started dabbling into a book called Christianity and the Nature of Science by JP Moreland. A question that I had come from one of his comments. He stated that God is not necessarily a religious "
1499,zero_shot,10,rec.sport.hockey,9,rec.sport.baseball,9,what did happen to the swiss team ? last year they reached the semi-final and now after 3 matches no points and even no goals !! after the 0:1 against Italy it seems they lost any hope and were overrun 0:6 by the russian team. now it seems that they 
1500,zero_shot,17,talk.politics.mideast,16,talk.politics.guns,16,"May 13, 1993 _Five Russian soldiers sentenced to death in Azerbaijan_ MOSCOW (UPI) -- Five soldiers who served in Russia's 7th army stationed in Armenia were sentenced to death in the Azerbaijani capital Baku Thursday for allegedly ""carrying out dive"
1501,zero_shot,2,comp.os.ms-windows.misc,5,comp.windows.x,5,"If you think that windows is useable, you must not use it much. Windows version of ""crash protection"" is wearing a helmet while computing. The arir (air) bag is an expensive add-on. Brett"
1502,zero_shot,15,soc.religion.christian,15,soc.religion.christian,15,"Recently an e-mail to me mentioned: (Technically, the messengers aren't even human so it *can't* be a case of ""homosexuality"" -- even of rape.) [...] The Jude reference to Sodom is also meaningful only in the context of the Sodomites' ""lust"" for the "
1503,zero_shot,18,talk.politics.misc,17,talk.politics.mideast,17,"Tim> NNTP-Posting-Host: nwfocus.wa.com Tim> I saw the film on CNN *as* it happend. It was clear from that Tim> tape that the fire started in ONE location. Right where the Tim> tank was attacking, and then had pulled back. There were not Tim> several "
1504,zero_shot,4,comp.sys.mac.hardware,8,rec.motorcycles,8,"8 MB SIMMs do not have to be composite SIMMs, although many (most?) 16 MB SIMMs are. 72-pin SIMMs allow two memory banks per SIMM, thus permitting the use of 4 Mb DRAM devices (the same ones used on 4 MB SIMMs) to be used for two 4 MB banks on one SI"
1505,zero_shot,10,rec.sport.hockey,9,rec.sport.baseball,9,"Yes, he does. BUT, the goalie sure as hell doesn't want him there! When I played roller hockey (boy do I miss those days) as a goalie, I would scream at my defense to clear guys out of the slot. I don't care if he's in the crease or not, get him the "
1506,zero_shot,10,rec.sport.hockey,9,rec.sport.baseball,9,netnews.upenn.edu!newsserver.jvnc.net!howland.reston.ans.net!usc!news.se ervice.uci.edu!network.ucsd.edu!btree!terry Will they name Lindros captain next year or Recchi. Geoff
1507,zero_shot,8,rec.motorcycles,8,rec.motorcycles,8,"This summer (~July 20) my wife (Michelle) and I will be in Boston attending my brother's wedding. After the wedding we are planning to motor up to Bar Harbor, Maine to visit some relatives for a few days. Our summer would be *made* if we could find a"
1508,zero_shot,17,talk.politics.mideast,16,talk.politics.guns,16,"Dirty Cosar pig has been doing just that for a long, long time. Source: ""Ahmet Cosar said to have been part of 1992 Terror Attack at MacDonalds in Munich,"" The Fuckersville Reporter, February 7, 1993, p. 1. ""Le Merde, the influential Anatolia daily, "
1509,zero_shot,3,comp.sys.ibm.pc.hardware,3,comp.sys.ibm.pc.hardware,3,"Gateway service has confirmed my suspicion, echoed by a couple of people who responded to the original request for help. The ATI VLB video board uses the addresses for COM 4. They could suggest no work around. I will be returning the DF IO card they "
1510,zero_shot,13,sci.med,16,talk.politics.guns,16,"These are MY last words on the subject Some people think it enhances the flavor. I personally don't think it helps the taste, it makes me sick, so I try to avoid it. Well, I know that MSG effects ME adversely - maybe not permanently but at least temp"
1511,zero_shot,15,soc.religion.christian,15,soc.religion.christian,15,"It is important if Christianity is being damaged by it. If people who ""speak in tongues"" make claims that they are miraculously speaking a foreign language through the power of the Holy Spirit, when it can easily be shown that they are simply making "
1512,zero_shot,3,comp.sys.ibm.pc.hardware,17,talk.politics.mideast,17,The difference is that the 16550 got bugs while the 16550A can be used whithout problems even in fast serial communications. Other sources say that only the 16550AFN from Nat Semi (i.e. not: second sources) is really OK. Best wishes
1513,zero_shot,1,comp.graphics,2,comp.os.ms-windows.misc,2,I'm interested in obtaining the highest possible image capture in a MS-Windows application. The resulting image must go to print and high resolution is the name of the game. I'm familiar with (and unhappy with) composite video capture technology. Wha
1514,zero_shot,11,sci.crypt,11,sci.crypt,11,"I've been thinking about how difficult it would be to make PGP available in some form on EBCDIC machines. The message authentication would be ugly, but I think at least the IDEA encryption could work, if PGP had a switch to tell it to use IDEA in OFB"
1515,zero_shot,12,sci.electronics,13,sci.med,13,"Wrong, it has a 6507. It had one custome chip (not an ASIC in the sense that word is now understood): the TIA (sometimes known as the 6526, although most other manufacturers list that as the CIA complex interface adapter.) TIA stands for Television I"
1516,zero_shot,5,comp.windows.x,5,comp.windows.x,5,"I am writing a X-based dosemu which requires XKeyReleasedEvent. I found the keycode of XKeyReleasedEvent is wrong. If I run the program on a Linux host(XFree1.2) with DISPLAY set to the local Linux and to the Sun host (X11R5), the two keycodes from t"
1517,zero_shot,0,alt.atheism,0,alt.atheism,0,"I am doing research on atheism, part of which involves field research here on the net. The following is a survey directed towards all readers of this group, intended to get data about the basis of atheistic belief. I would seriously appreciate it if "
1518,zero_shot,15,soc.religion.christian,15,soc.religion.christian,15,"In the Monday, May 10 morning edition of the San Jose Mercury News an article by Sandra Gonzales at the top of page 12A explained convicted killer David Edwin Mason's troubled childhood saying, ""Raised in Oakland and San Lorenzo by strict fundamental"
1519,zero_shot,7,rec.autos,7,rec.autos,7,"All gimmicks! Stick with plain 'ol carnauba wax that's non-abrasive. Eagle 1, Meguiars, Turtle Wax, and a few others are good examples. The colored waxes just color in the scratches so they're not so apparent. The better approach is to buff minor scr"
1520,zero_shot,8,rec.motorcycles,8,rec.motorcycles,8,"the list as chartered is geared toward R100/R80 GS/PD/ST riders, emphasizing the off road bikes, but there are numerous people on the list with other BMW twins as well, as well as the usual contingent of aspirants. most all boxer talk is welcome. the"
1521,zero_shot,13,sci.med,14,sci.space,14,"-Allergy medicine, huh? Is this just to get rid of the resultant migraine or whatever, or does it actually suppress allergic reactions? (i.e. like an antihistamine does?) As far as doctors over here are concerned, if you slip up and eat something you"
1522,zero_shot,11,sci.crypt,11,sci.crypt,11,"I recently saw a message here (posted by Bob Silverman, I think) which referred to a ""birthday"" attack on a cryptosystem. I'm looking for references on, and explanations of, this type of attack."
1523,zero_shot,11,sci.crypt,16,talk.politics.guns,16,"Two safeguards: 1. The FBI could be asked to produce the law enforcement block to the escrow agencies, and associate it with a particular court order; 2. If the thing comes to trial the defense attorneys can probe this issue closely. It is not too di"
1524,zero_shot,4,comp.sys.mac.hardware,4,comp.sys.mac.hardware,4,"Have anyone dealt with ""Hardware that Fits"" before. I have seen their ad in both MacWorld and MacUser and decided to try them when I needed a new disk. The result was not satisfactory and I was just wondering if I was just an isolated case. I like to"
1525,zero_shot,9,rec.sport.baseball,9,rec.sport.baseball,9,"Of course you can. You just have to be careful about what conclusions you draw. Huh? The 20's and 30's were the *worst* decades for great pitching. Grove, Vance, Dean, and not a whole lot else. As for the best all-around hitters, stat-wise, Ruth, Geh"
1526,zero_shot,6,misc.forsale,6,misc.forsale,6,"Those VHS movies have to be sold because I am moving in 6 weeks. And I have no idea what happend to those people who made the deal with me before. So here I am, trying to post another message, againt. ( I don't mean to waste your valuable time.) Basi"
1527,zero_shot,3,comp.sys.ibm.pc.hardware,17,talk.politics.mideast,17,"Build 59 still has a number of problems--sheared fonts, for instance, if you have Crystal Fonts enabled. Some other problems-- ""color darkening"" and some others. I don't use the drivers in any mode other than 1024x768x256, so if there are bugs in the"
1528,zero_shot,5,comp.windows.x,3,comp.sys.ibm.pc.hardware,3,I am looking for GUI Builders/UIMS's which run in a VMS/OpenVMS environment. I am interested in both Motif tools and GUI-independent tools such as XVT. My client also requires that the tool has been in production for at least 6 months in the VMS envi
1529,zero_shot,3,comp.sys.ibm.pc.hardware,14,sci.space,14,"Simple. First, Andrew is correct, although I can see where there might be some confusion. It is indeed possible to have two cards *configured* to use the same interrupt. They can not *share* the interrupt in the sense that it is not possible to have "
1530,zero_shot,0,alt.atheism,18,talk.politics.misc,18,"(Deletion) (rest deleted) That's a fallacy, and it is not the first time it is pointed out. For one, you have never given a set of morals people agree upon. Unlike a football. Further, you conveniently ignore here that there are many who would not ag"
1531,zero_shot,6,misc.forsale,6,misc.forsale,6,"Pioneer VSX-501 Audio/Video Receiver -Dolby Pro Logic Surround, 3CH Logic -Studio and Simulated Surround Playback -Video Signal Selector (Simulcast function) -Two-way VCR Copying and Monitoring -Acoustic Memory Function -Custom Memory Function -Sleep"
1532,zero_shot,0,alt.atheism,12,sci.electronics,12,"Not true. Only an observer at rest at infinite distance from the black hole will see the particle take infinite time to reach the horizon. In the particle's own reference frame, it takes a very finite time to reach the horizon and the singularity. Th"
1533,zero_shot,9,rec.sport.baseball,17,talk.politics.mideast,17,NL: Chicago Wait Til Next Years New York Bunch of Egos With no Chemistrys Philedelphia Overacheivers Until Mitch Williams Blows Games Pittsburg CHeapskates Montreal Canadiens (love that name!) St. Louis Cardinals (how boring!) Miami Marlins (try tell
1534,zero_shot,17,talk.politics.mideast,18,talk.politics.misc,18,"My reference is a 4 page essay in our local Star Tribute newspaper putting the whole conflict in perspective. I will readily admit that I am no authority in this area; however, other posteers asserted that *some* Muslims did join hands with Croats an"
1535,zero_shot,8,rec.motorcycles,8,rec.motorcycles,8,"Because riding a passenger doesn't really depend on the type of bike. The things you want a passenger to do/not do is the same. Ergo, if he's asking advice, I reasoned he doesn't have much practice, period. If you say he does, fine. I still wouldn't "
1536,zero_shot,18,talk.politics.misc,18,talk.politics.misc,18,"Good point, Brett. It might merely be proof that basic health care markets operate differently, with certain nonmarket phenomenom that the private sector can't handle well (like armies vs. warlords). In that respect, the effects on American society v"
1537,zero_shot,4,comp.sys.mac.hardware,4,comp.sys.mac.hardware,4,"I'm currently trying to select which magneto-optical drive to purchase. I'm primarily looking at 128MB drives, although I might consider 256MB ones. When looking through MacWorld and MacUser ads, the prices for the 128MB drives seem to range from jus"
1538,zero_shot,9,rec.sport.baseball,17,talk.politics.mideast,17,"There's nothing wrong with a red neck. Why, some of us hicks even listen to cultured music and such, can you say the same? Aside from that, you shouldn't try to shit on this guy by insulting where YOU think he comes from. Where I'm from, we milk cows"
1539,zero_shot,5,comp.windows.x,2,comp.os.ms-windows.misc,2,Hi people!: I'm looking for X Servers for DOS or Windows. I've already seen Desqview/X and XVision but I'd like to be aware of other choices. Is there anything on the public domain or shareware ? And in the commercial area is there anything with aggr
1540,zero_shot,7,rec.autos,16,talk.politics.guns,16,RADAR (Radio Association Defending Airwave Rights) says that Geico insurance not only buy's Radar for police but also actively lobbies states to promote making Radar Detectors illegal. I think the buying part is a misuse of money but the Radar Detect
1541,zero_shot,19,talk.religion.misc,17,talk.politics.mideast,17,Are you serious?!!! Here's an exercise next time you are in the barnyard. Take *your* model and hold it directly above a fresh cowpie. Then release the model. You will observe that on its own *your* model will assume a trajectory earthward and come t
1542,zero_shot,10,rec.sport.hockey,17,talk.politics.mideast,17,"The probability is that the Oilers are not going anywhere. Pocklington has chosen this moment to make his ""last"" stand is because he is at the moment of maximum advantage...the provincial government is months away from a provincial election...it is t"
1543,zero_shot,11,sci.crypt,18,talk.politics.misc,18,"I don't know about you, but I have nearly forgotten how to generate paper mail. If I had e-mail to Congress, I would have written many letters by now. I haven't written one yet, as it turns out. Writing on paper is such a complicated job, for those o"
1544,zero_shot,2,comp.os.ms-windows.misc,3,comp.sys.ibm.pc.hardware,3,"I think you would need a DOS macro program. Superkey (by Borland?) comes to mind. I don't think Windows is capable of sending keystrokes to a DOS window. What you want to do sounds like a security problem to me, though."
1545,zero_shot,14,sci.space,14,sci.space,14,"Okay, the earth has a magnetic field (unless someone missed something?) Okay if you put a object in the earth magnetic field, it produces electricty.. Now the question. Can you use electricity to power a space/low earth orbit vehicle? and i fyou can,"
1546,zero_shot,11,sci.crypt,11,sci.crypt,11,">> conference calls? >It's not Clipper, it's any encryption system. I've seen a number of >designs; they generally involve a multi-line cleartext bridge. A 'multi-line cleartext bridge?"" ^^^^^^^^^ And just were would you put that bridge? If it isn't "
1547,zero_shot,7,rec.autos,12,sci.electronics,12,"I need to get some info. on cellular antennas.. who are the biggest companies in this market now? how much do their antenna cost? what are the specs on the antennas (gain, directivity)...? who is the contact person? thank-you"
1548,zero_shot,17,talk.politics.mideast,18,talk.politics.misc,18,"Parts of Sen. Biden's statement were quoted by the Washington Post today: Let me put it plainly, Mr. Secretary. You are required to speak diplomatically; I am not. I cannot even begin to express to you my contempt for a European policy that is now as"
1549,zero_shot,4,comp.sys.mac.hardware,4,comp.sys.mac.hardware,4,"PSI makes an internal fax modem for the map portable (1-800-622-1722) but asks too much for it (retail $450). I'd buy an external and save about $350. there is a manufacturer that still makes INTERNAL HD's for the portable, they're listed in some of "
1550,zero_shot,1,comp.graphics,4,comp.sys.mac.hardware,4,Could anyone please explain what Bit Planes are? We have an SGI here at work that says it has 64 Bit Planes - what does this mean? How does this relate to PC graphics? What do they usually have? Please reply via Email as most of this group is over my
1551,zero_shot,9,rec.sport.baseball,9,rec.sport.baseball,9,"Was it just me, or did it look like Hirschbeck pointed to the 3B umpire before calling that strike? I thought that's why Gant was asking for the appeal to the 1st base umpire; he thought Hirschbeck had gotten checked-swing help from the wrong umpire."
1552,zero_shot,8,rec.motorcycles,9,rec.sport.baseball,9,I've caught myself doing it while on my bicycle. Does that count? Dean
1553,zero_shot,13,sci.med,14,sci.space,14,The bacteria in your gut are important. But colonic flushes are not the way to improve gut function. Each person has almost a unique mix of bacteria in his/her gut. Diet affects this mix as does the use of antibiotics. A diet change is a much better 
1554,zero_shot,6,misc.forsale,6,misc.forsale,6,"Greetings netters, I have a Seagate 3144 130MB IDE drive forsale. I bought it yesterday and have been able to come across a 215MB that I am going to buy, but I need to sell this one. I guarantee that it will work. There is still a transferable warran"
1555,zero_shot,6,misc.forsale,6,misc.forsale,6,FOR SALE: Trident 1 Meg Video Card Up to 1024x768 in 256 colors
1556,zero_shot,15,soc.religion.christian,15,soc.religion.christian,15,"I have some articles available on the Church and gay people, from a pro-gay viewpoint, which might interest some of the people participating in this thread. Please email me if you would like to have me send them to you (warning, about 70k worth of ma"
1557,zero_shot,5,comp.windows.x,5,comp.windows.x,5,I understood that there are two methods to connect application code to widgets: callbacks and actions The problem I face now is that I have a quite long piece of application code that performs a lot of drawing into a window. I want to connect this to
1558,zero_shot,19,talk.religion.misc,16,talk.politics.guns,16,And maybe they do. But without somebody to set the time that doesn't do them any good. Humph. Deleted there was my list of non-religious reasons one might want a moment of silence for a dead classmate. Maybe everyone doesn't want to be silent for tea
1559,zero_shot,0,alt.atheism,15,soc.religion.christian,15,"(Short reply to Kent Sandvik's post remarking how it is strange that somehow Sufism is related to Islam, as [to him] they seem quite different.) If one really understands Islam, it is not strange that Sufism is associated with it. In fact, Sufism is "
1560,zero_shot,1,comp.graphics,2,comp.os.ms-windows.misc,2,Corel Draw will do it; version 2 onwards. If you have version 1 perhaps an upgrade is in order. Another alternative would be to use a different bureau that can take PostScript. -- Chris Lilley ---------------------------------------------------------
1561,zero_shot,13,sci.med,14,sci.space,14,"Depression can also have various chemical (environmental) components. I noticed that I became depressed in various buildings, and at home when the air conditioning was on. Subsequent testing revealed that I was allergic to stemphyllium, a mold common"
1562,zero_shot,12,sci.electronics,12,sci.electronics,12,"I remember, back before commercial mikes with the ""PZM"" label (for Pressure Zone Microphone) started showing up, I read an article, in some engineering journal, that described the principles involved. All the physics aside, from a practicle standpoin"
1563,zero_shot,19,talk.religion.misc,18,talk.politics.misc,18,"[ There are actually some talk.abortion related comments below, believe it or not... ] Well, if our observer X is as likely to be in A's position as B's, and if he agrees that both A and B are making appropriate observations and inferences regarding "
1564,zero_shot,9,rec.sport.baseball,9,rec.sport.baseball,9,"I've never heard of the Bob Dylan Baseball Abstract, but I am curious. Could someone clue me in? -- -------------------------- Phil Brown | aka pb6755@csc.albany.edu |"
1565,zero_shot,9,rec.sport.baseball,9,rec.sport.baseball,9,"DJ was a popular player in San Diego, Derek Bell was not faring well in the clubhouse at Toronto, so no matter how bad he looks now I still think it was a steal for the Jays just from the perspective of team chemistry. No statistic can describe it (s"
1566,zero_shot,19,talk.religion.misc,18,talk.politics.misc,18,"#Frank, unless you didn't realize it, you are just now involved #in a debate where we have various opinions, and each entity #has its own frame where the opinion is expressed. I think I #don't need to state the dreadful r-word. So, it's _sometimes_ c"
1567,zero_shot,1,comp.graphics,14,sci.space,14,Perhaps all of us hackers have become (ICK) PROFESSIONALS? I have noticed my and my associates progression from hackers to computer professionals. It is rather distasteful. It occurs when a series of things happen: 1) one's ego outgrows one's talent/
1568,zero_shot,11,sci.crypt,13,sci.med,13,"How fast do the fastest modems go? V.FAST is targeted for about 28kbps; 14.4kbps is ~$500, and 19.2 may be here soon too. (Remember to ignore compression figures which make your modem go faster on compressible data, because voice gets compressed bett"
1569,zero_shot,9,rec.sport.baseball,9,rec.sport.baseball,9,"The *real* way to speed up ballgames is for each home park owner to offer the following schedule of bonuses to players on *both* teams: For all players who participated in the game, offer $500 for each 10 minutes less than 3 hours the game took (i.e."
1570,zero_shot,19,talk.religion.misc,13,sci.med,13,"Are you so ignorant that you have never heard of _Archaeopteryx_? The special creation ""theory"" is nothing but holes. Please show me a species poofed into existence by your god. I have never seen this."
1571,zero_shot,16,talk.politics.guns,16,talk.politics.guns,16,": In article <1r6p8oINN8hi@clem.handheld.com>, jmd@cube.handheld.com (Jim De : > : > I have not made up my mind about Waco, but there sure seems to be a group of : > devoted government following fanatics willing to believe whatever that : > governmen"
1572,zero_shot,6,misc.forsale,3,comp.sys.ibm.pc.hardware,3,"******* LOWERED PRICES ******* I have the following IBM hardware forsale ATI VgaWonderXl24 - This is a great card, it supports 1024x768 256 colors, 800x600 32k colors, and 640x480 16 million colors. I found that it also speed up windows considerably."
1573,zero_shot,1,comp.graphics,2,comp.os.ms-windows.misc,2,============================================================================== Could someone please tell me the Best FTP'able viewer available for MSDOS I am running a 486 33mhz with SVGA monitor. I need to look at gifs mainly and it would be advanta
1574,zero_shot,3,comp.sys.ibm.pc.hardware,3,comp.sys.ibm.pc.hardware,3,I need to know the jumper settings for master and/or slave operation on a Maxtor 7080AT (80MB IDE) hard disk. Thanks in advance.
1575,zero_shot,4,comp.sys.mac.hardware,3,comp.sys.ibm.pc.hardware,3,I was wondering if what many of you did to accelerate your IIsi's from 20 MHz to 25 Mhz (and beyond) can be done to a IIci (ie. from 25 MHz to 32-33 Mhz)?
1576,zero_shot,17,talk.politics.mideast,16,talk.politics.guns,16,What a dope! There is no value for Mohammed Elabdellaoui to be here at a Western University. Third-worldist and Islamic brain-rot has made it impossible for him to acquire and analyze facts appropriately. The history of the efforts of the Mufti of Je
1577,zero_shot,17,talk.politics.mideast,18,talk.politics.misc,18,"% %By Elias Davidsson - April 1991 (Revision Oct. 1991) Note - you are already posting ""facts"", some of which are outdated. The biased presentation of facts, as well as the conclusions that you reach leave me little hope of engaging in any fruitful e"
1578,zero_shot,18,talk.politics.misc,14,sci.space,14,"James Madison, Federalist Paper 41: ""It has been urged and echoed, that the power ``to lay and collect taxes, duties, imposts, and excises, to pay the debts, and provide for the common defense and general welfare of the United States,'' amounts to an"
1579,zero_shot,19,talk.religion.misc,15,soc.religion.christian,15,"... I had an ehum, interesting experience with the Rosicrucians, or at least Rosicrucians of some sort last Sunday. They had advertised that they were holding a lecture titled The Graal of the King -- the room of the heart (which rhymes in Swedish). "
1580,zero_shot,5,comp.windows.x,12,sci.electronics,12,"I know nothing about Sun's but replacing pieces of libraries, shared or not, is straight forward on RS/6000's (all releases). Extract the appropriate pierce with ar; rebind the .o; and replace with ar. See Info for details."
1581,zero_shot,19,talk.religion.misc,14,sci.space,14,"The OED gives the etymology of ""sibyl"" as coming from the ancient Greek sigma iota beta upsilon lambda lambda alpha ( S i b ih l l a ) which is claimed to come from the Doric sigma iota omicron beta upsilon lambda lambda alpha ( s i o b ih l l a ) wh"
1582,zero_shot,10,rec.sport.hockey,14,sci.space,14,I was asked to post the team log of this year's winning team in the regular season draft. Here 'tis: %begin Dave_Wessels ...reading team 'Dave_Wessels' from database %log all Team log: Name Team Points Value Bought Week Sold Week Trevor Linden VAN 72
1583,zero_shot,4,comp.sys.mac.hardware,4,comp.sys.mac.hardware,4,"Hi Mac fans, I have some problems with my new Quadra 700. Several programs (Mathematica 2.1, AfterDark-Mandelbrot module) causes a systemcrash if the 040Cache is active. Do anyone have a list of programs which are compatible and which are not? Do any"
1584,zero_shot,1,comp.graphics,5,comp.windows.x,5,Think about what you are saying here. The 24 bit image is quantised down to 8 bits so many 'similar' colours are mapped onto a single palette colour. This colour gets modified in fairly arbitrary ways. You then want to apply these modifications back 
1585,zero_shot,12,sci.electronics,14,sci.space,14,"Um... 1) Your Professor if just plain wrong. Although blue LEDs are one heck of a lot less efficient than red ones. 2) ""Typical visible light LEDs"" don't really exist. LEDs have a fairly narrow region of transmittence. (Since the Fermi energy around "
1586,zero_shot,11,sci.crypt,14,sci.space,14,[story deleted] Let me give you another story that actually happened to ME. We sell communications boards that use a 68000. They used to be high tech. Our agent in the UK sold a system to a company in CH which packaged it in a product for CZ (London-
1587,zero_shot,0,alt.atheism,14,sci.space,14,dps@nasa.kodak.com Pontificated: Can you cite an example of this. Please post an answer as I don't want to receive e-mail.
1588,zero_shot,15,soc.religion.christian,15,soc.religion.christian,15,"[Anyway, your argument seems to be saying, ""If _I_ were God, I certainly wouldn't do things that way; therefore, God doesn't do things that way.""]"
1589,zero_shot,10,rec.sport.hockey,10,rec.sport.hockey,10,I believe the NHL Draft is on or the June 18th weekend.
1590,zero_shot,19,talk.religion.misc,15,soc.religion.christian,15,"Sorry Malcolm, but I rather believe Jesus than you. Cheers, Kent"
1591,zero_shot,5,comp.windows.x,13,sci.med,13,I've found a problem in the use of Xlib functions regarding re-entrancy. I decided to implement an animated cursor (using 6 created cursors) by calling XDefineCursor from a SIG_ALRM signal handler. This is used to indicate we are waiting for a operat
1592,zero_shot,15,soc.religion.christian,15,soc.religion.christian,15,"The following is a juxtaposition of part of an ancient text known as ""de Sacramentis"", usually attributed to St. Ambrose of Milan, and the canon of the traditional Catholic Mass of the Roman rite. The conclusion from this comparison is that the centr"
1593,zero_shot,6,misc.forsale,6,misc.forsale,6,"For sale by owners who were also the builders Contemporary Cape House located in Sandwich, Ma Three bedrooms, two baths, one car oversized garage large eat-in kitchen Cathedral ceiling from to back living room deck off of kitchen and dining room 20,0"
1594,zero_shot,16,talk.politics.guns,16,talk.politics.guns,16,"According to an AP report (from Texas, written by Jaime Aron) this morning, in addtion to the gas pumped in by hoses from CS generators, canisters of tear gas were thrown into the building from armored vehicles, one of the canisters hitting a man ins"
1595,zero_shot,10,rec.sport.hockey,17,talk.politics.mideast,17,"As a guess, Hamilton would be put into the Midwest, with either Winnipeg or Dallas moving to the Pacific."
1596,zero_shot,16,talk.politics.guns,18,talk.politics.misc,18,"[many lines deleted] Ah, here Freeman is being prejudiced (look it up and see what I mean Freeman). Here Freeman is pre-judging someone before he knows all of the facts. Guess it can happen to the best (and in his case the worst) of us. Freeman think"
1597,zero_shot,15,soc.religion.christian,15,soc.religion.christian,15,"but whoever listens to me will live in safety and be at ease, without fear of harm."" Proverbs 1:33"
1598,zero_shot,9,rec.sport.baseball,9,rec.sport.baseball,9,"Come back ten years from now and look at the careers of Juan Gonzalez vs. Mark McGuire, and then tell us how bogus the Juanderful one's 1992 HR title was. I'd say that by 2003, Juan will be preparing his HOF acceptance speech while the voters will be"
1599,zero_shot,18,talk.politics.misc,18,talk.politics.misc,18,Has anybody heard an explanation of why the FBI was using tear gas in a 35 mph wind? Doesn't seem like vry good tactics to me ... Any other explanations? Lew
1600,zero_shot,2,comp.os.ms-windows.misc,5,comp.windows.x,5,"I'm told that I can replace the colorful windows logo that appears as windows invokes with a graphic of my choosing. The challange is that the image must be in 'RLE' format. I've got GIF's, PIC's, JPG's, TIF's, etc... everything but RLE's! What's the"
1601,zero_shot,7,rec.autos,16,talk.politics.guns,16,I is a strong deterent to the teens that are executed. They won't do that again! This policy cuts way down on repeat offenders. Please do not flame me - I don't agree with capital punishment for teen's. They are also unsupervised. With proper supervi
1602,zero_shot,16,talk.politics.guns,18,talk.politics.misc,18,"Isn't it ironic. I'm of that generation, and I remember the lesson. I cry to see all the postings from domestic .edu sites that have naively swallowed everything the government has seen fit to feed to them. Especially contrasted to such a post from t"
1603,zero_shot,2,comp.os.ms-windows.misc,14,sci.space,14,"Has anyone observed this? If I copy a large, say 800K+ file (a large PKZIP file for instance) to my floppy drive (3.5"") under MS Windows 3.1 via either Program Manager or a DOS Shell, the file copied under the DOS shell has errors whereas the file co"
1604,zero_shot,0,alt.atheism,15,soc.religion.christian,15,"But if He/She did you would probably consider it rape. Obviously there are many Christians who have tried and do believe. So .. ? No one asks you to swallow everything, in fact Jesus warns against it. But let me ask you a question. Do you beleive wha"
1605,zero_shot,17,talk.politics.mideast,15,soc.religion.christian,15,"I am forced to disagree with you. First of all, one may have been born from a non-Turkish, non-Muslim parent outside the Turkish land, yet still can be a Turk, provided this person calls himself or herself a Turk. Because the designation of a Turk is"
1606,zero_shot,4,comp.sys.mac.hardware,4,comp.sys.mac.hardware,4,"Hi, I have been told by a local sales that Asante has come out with this LCIII PDS Ethernet adapter with an optional 68882 socket on the board. My question is will the FPU performance degrade will I put the 68882 on the PDS card socket instead of on "
1607,zero_shot,19,talk.religion.misc,15,soc.religion.christian,15,"I agree with your points, and I'm glad to hear that you subscribe to the notion of secular humanism, humans helping humans instead of hoping for a possible deux ex machina solution! As for faith, you could always use such constructs to dampen your an"
1608,zero_shot,13,sci.med,13,sci.med,13,"Well, I think you might want to visit a doctor who is familiar with sleep disturbances, because antihistamines only help induce sleep when they're used intermittently; they lose their sedative effect if they're used on a nightly basis. Their antichol"
1609,zero_shot,2,comp.os.ms-windows.misc,2,comp.os.ms-windows.misc,2,"Hi, folks, I have a question: How can I generate a PCX file using Word for Windows (2.0) ? I know I can select a Postscript printer driver to get a PS file, but how can I generate a PCX file ? Is there a printer capture utility for windows that ever "
1610,zero_shot,0,alt.atheism,18,talk.politics.misc,18,"Gee, since you ignored the entire substance of my substantial post, you got a lot of nerve claiming that I don't understand what's being talked about. Respond to the previous post or shut the fuck up. You're really annoying. -- Maddi Hausmann madhaus"
1611,zero_shot,7,rec.autos,7,rec.autos,7,"foot in mouth again, drew. the first generation mr 2's were 1.6's which were very smooth. i'd be real surprised if the original poster was talking about a 1st generation car. the second generation cars were 2.2 for the non turbo and 2.0 for the turbo"
1612,zero_shot,10,rec.sport.hockey,9,rec.sport.baseball,9,"Do the Isles have another defenseman to insert into the line-up besides Pilon??? Once again, last night's STUPID penalty put the Isles in a hole for the remainder of regulation and 2 minutes into overtime!!! Even though the Isles nearly survived Pilo"
1613,zero_shot,13,sci.med,14,sci.space,14,"=>Yup. The demonstration to which you refer consists of placing a leaf between =>the plates, and taking a Kirlian photograph of it. You then cut off part of =>the leaf, put the top plate back on, and take another Kirlian photograph. You =>see pretty "
1614,zero_shot,4,comp.sys.mac.hardware,4,comp.sys.mac.hardware,4,"Hi, Does anyone know where I can get the developer notes for the new Mac models (like IIvx, LC III, Centris)? Thank's for any information. Please reply by email."
1615,zero_shot,16,talk.politics.guns,16,talk.politics.guns,16,I leave the anti-semitism to anti-gun types like Holly Silva. I have in fact been calling for the disbanding of the BATF for quite some time. It is an outlaw agency run by incompetants who only have contempt for the laws which they supposedly enforce
1616,zero_shot,19,talk.religion.misc,15,soc.religion.christian,15,"I wasn't sure if this was the right newsgroup to post this to, but I guess the misc is there for a reason. Here goes... I am getting married in June to a devout (Wisconsin Synod) Lutheran. I would classify myself as a strong agnostic/weak athiest. Th"
1617,zero_shot,6,misc.forsale,4,comp.sys.mac.hardware,4,"Hello, I have two 3b1s for sale. One of them is a 1MB RAM and the other one is a 2MB RAM system. They are both running the 3.51m version and I have loaded lots of software on them from the network like gcc, emacs, tex/latex and so on. I am asking $50"
1618,zero_shot,18,talk.politics.misc,18,talk.politics.misc,18,"Your starting to sound like a little child who wants ice cream. If you kick and scream enough you think people will believe you. Sorry proof by vigorous ascertion doesn't hold any water. I can insist that cats are dogs all day, it doesn't make it so."
1619,zero_shot,6,misc.forsale,2,comp.os.ms-windows.misc,2,"Here is your chance to have a full UNIX System at a small cost: I have a full set of Unix system for the AT&T 6300+ for sale. It is version 2.5 (The latest as far as I know) and includes all the software (1.2Meg 5.25"" floppies) and Manuals for: - Bas"
1620,zero_shot,17,talk.politics.mideast,16,talk.politics.guns,16,"Precisely, why not Cuba?? Why not??? The Hatians are being ruled by thugs and their elected leader has asked support to reestablish the peoples will. If the U.S. or any other democracy wishes to, they are in the perfect right to help them without any"
1621,zero_shot,12,sci.electronics,17,talk.politics.mideast,17,"To put it bluntly, they are full of it. Paying a tape is playing a tape. There is no difference whether the output goes to a second VCR or to a TV. (How the VCR or TV reacts to this signal is a different story - see messages pertaining to macrovision"
1622,zero_shot,11,sci.crypt,16,talk.politics.guns,16,"He'll slam Clinton for anything at all on the air. I just do not understand why he remains so popular. He'll take a piece of video of Clinton walking along; find a frame in which Clinton wrinkles his nose, say; freeze on it and blow it up full screen"
1623,zero_shot,14,sci.space,14,sci.space,14,"Thanks to the people who have answered here and in email to my question about which countries engage in space surveillance. Unfortunately, I apparently didn't make the meaning of the message clear, since most replies have addressed satellite reconnai"
1624,zero_shot,15,soc.religion.christian,15,soc.religion.christian,15,The basic definition that I use is: The belief that Jesus was God incarnate. The belief that Jesus was crucified and raised from the dead for our salvation. The acceptance of Jesus as personal Lord and Savior. This would include most Christian denomi
1625,zero_shot,16,talk.politics.guns,16,talk.politics.guns,16,"Look, folks, I don't know what happened in Waco. I do not claim the BDs are angels, I never did. Koresh may very well be the devil incarnate. I just don't know. But I do know that I must question any single source of information, such as we have here"
1626,zero_shot,13,sci.med,13,sci.med,13,"A friend, a 62 year old man, has calcium deposits on one of his heart valves . What causes this to happen and what can be done about it?"
1627,zero_shot,18,talk.politics.misc,18,talk.politics.misc,18,"THE WHITE HOUSE Office of the Press Secretary _____________________________________________________________________ For Immediate Release April 20, 1993 PRESS BRIEFING BY DEE DEE MYERS The Briefing Room 9:47 A.M. EDT MS. MYERS: Okay, today's schedule"
1628,zero_shot,8,rec.motorcycles,17,talk.politics.mideast,17,What about GREASE II????? Arun. Cool Rider.
1629,zero_shot,16,talk.politics.guns,16,talk.politics.guns,16,"Calm down. It is not as if I tweaked the fount of the flame wars or anything (guns, anything to do with them)."
1630,zero_shot,1,comp.graphics,1,comp.graphics,1,"Well, GIF stands for Graphics Interchange Format and was put forth by Compuserve back in 1987(?) or so. It was to create a format that could be read and displayed by any system. GIF is limited to 8 bit color but has a built in compression scheme (LZW"
1631,zero_shot,9,rec.sport.baseball,9,rec.sport.baseball,9,^^^^ ^^^^^^^^ ^^^^^^^^^^ Whoa. Aren't you forgetting a couple of guys named Gant and Justice? He can lead off. He'll probably steal 40. He might hit .300. He'll never hit 20+ homers. I think you went 2 for 4 on this one. ^^^^^^^^^^^^^^^^^^^^^^^^^^^^^
1632,zero_shot,11,sci.crypt,11,sci.crypt,11,"I speculate, from the MykoTronx data sheet on the MYK-78, that the algorithm is a classified cryptosystem, similar in application to DES but cleared by the NSA for classified traffic, that has been in use for a number of years. Myktotronx refers to i"
1633,zero_shot,8,rec.motorcycles,17,talk.politics.mideast,17,Otherwise you get NO2 out the back.
1634,zero_shot,16,talk.politics.guns,18,talk.politics.misc,18,"Oh, you mean something like moving the press back to a single location, 2 miles away from the ""compound""? The press was allowing into foxholes in Vietnam, but it's ""too dangerous"" to allow them near the Branch Davidians?... There's something skewed a"
1635,zero_shot,8,rec.motorcycles,14,sci.space,14,"An excellent movie. Not essentially about motorcycles, but a very poignant look at life in rural Ireland. -----------------------------------------------------------------------------"
1636,zero_shot,9,rec.sport.baseball,9,rec.sport.baseball,9,"A ""reasonable"" umpire would have recognized that Ron Gant was disturbed with the call. A ""reasonable"" umpire would have realized that there was a 1-run game in progress, with two outs in the ninth. What Ron Gant did was try to regain his composure. W"
1637,zero_shot,1,comp.graphics,1,comp.graphics,1,"Archive-name: graphics/resources-list/part1 Last-modified: 1993/04/27 Computer Graphics Resource Listing : WEEKLY POSTING [ PART 1/3 ] =================================================== Last Change : 27 April 1993 Many FAQs, including this Listing, "
1638,zero_shot,18,talk.politics.misc,16,talk.politics.guns,16,"First, a tank drove through the wall into the living room. I can't stop thinking about the children who were inside the house (the room?) at the time. How many people got killed during the Tiannamen Square events? -- ---------------------------------"
1639,zero_shot,17,talk.politics.mideast,18,talk.politics.misc,18,"Well, let's delve one level deeper. Why is democracy better than tribalism or other means of Govt.? The President of Georgia was elected with a thumping majority and booted out later, w/ no objections from the UN. Similarly, the people of Algeria ele"
1640,zero_shot,5,comp.windows.x,17,talk.politics.mideast,17,"This is a question aimed at those who have done some server code hacking: I am attempting to add a working SaveScreen function to a new server. I have been able to get the screen to blank out properly, and through debugging I can see that my savescre"
1641,zero_shot,11,sci.crypt,11,sci.crypt,11,"""The security of the system should depend only on the secrecy of the keys and not on the secrecy of the algorithms"" -- Dorothy Denning"
1642,zero_shot,12,sci.electronics,14,sci.space,14,"This would be susceptible to fading, multi-path etc. We used to use a system at the shop made by Tellurometer in South Africa. It used a 10 GHz signal between 2 units across the distance to be measured. The 10 GHz was just the carrier: the real signa"
1643,zero_shot,16,talk.politics.guns,13,sci.med,13,"Which statement is dead wrong, because our local posters have confirmed that it was quite chilly that morning. No, we argue that it was not entirely unreasonable for a woodstove to be operational. Obviously you missed my earlier posting about the phy"
1644,zero_shot,1,comp.graphics,5,comp.windows.x,5,"I've had pretty good success autotracing line art with Adobe Streamline 2.0. The key to controlling excessive points, etc. is to take some time and do some test conversions using various Tolerance settings."
1645,zero_shot,14,sci.space,16,talk.politics.guns,16,"I have to agree with Ward. The problem with your approach is they add up what you can reasonably claim as 'spin-offs', add up what's been spent on space, and then come back with something like, ""You spent $X billion for that? Wouldn't it be better ju"
1646,zero_shot,14,sci.space,13,sci.med,13,"Sorry to split hairs, but I just read in ""The making of the atomic bomb""(*) that teflon was developed during world war 2. A sealant was needed for the tubing in which uranium hexafluoride passed as it was gradually enriched by difussion. UF6 is very "
1647,zero_shot,5,comp.windows.x,14,sci.space,14,"part 2/2 of xrastool 1.0 ---cut here--- M%]F+[P'R8G=KW'AQY!=@$L^-QJZJH]?1WBB=$022&X,B1)N#(7XL) !V;#HJ M')^.S /&'WB&Z0ASW#LB'M56V,:W5=PQ: 1?%""_N%Q.$HT3+X\-%O=0$B""_J M'6=<A<?&XXR+\0AM?#P.Q="".U$:U(VRP[6A=C#PVKH8T\<7(U>2*8 ,O0RE( M&DU@@3$'(Q@0!:#!XW1Q\,!"
1648,zero_shot,17,talk.politics.mideast,16,talk.politics.guns,16,"Yes, I want to read such a article."
1649,zero_shot,11,sci.crypt,14,sci.space,14,I have been looking over the postings about the Clipper Chip and noticed an interesting omission from the discussion. You all mention that the algorithm is classified and have expressed concerns and ideas of how to figure out the algorithm using soft
1650,zero_shot,0,alt.atheism,18,talk.politics.misc,18,"Well here's how I prepared. I got one of those big beach umbrellas, some of those gel-pack ice things, a big Coleman cooler which I've loaded up with Miller Draft (so I like Miller Draft, so sue me), a new pair of New Balance sneakers, a Sony Watchma"
1651,zero_shot,1,comp.graphics,1,comp.graphics,1,Archive-name: graphics/resources-list/part2 Last-modified: 1993/04/27 Computer Graphics Resource Listing : WEEKLY POSTING [ PART 2/3 ] =================================================== Last Change : 27 April 1993 14. Plotting packages =============
1652,zero_shot,4,comp.sys.mac.hardware,2,comp.os.ms-windows.misc,2,"Hi! I want to change the default paper cassette on our LaserWriter Pro 630 from the 250-sheet cassette to the 500-sheet cassette. Right now, we all have to change it manually on the Print dialog each time we print. If we forget, the document is print"
1653,zero_shot,19,talk.religion.misc,15,soc.religion.christian,15,"No. I also understand it. I have read the Bible from cover to cover, examining each book within, cross-comparing them, etc. And I have come to same conclusions as Robert Weiss."
1654,zero_shot,2,comp.os.ms-windows.misc,5,comp.windows.x,5,"Using a Windows 3.1 printer driver, I would like to ""print to a file"", with output as a Postscript file. Later, I would like to take this Postscript file to a machine with an attached Hewlett Packard 4M laser printer, and print the document at 600 do"
1655,zero_shot,18,talk.politics.misc,15,soc.religion.christian,15,Let me see if I got this right. Group of religious plinter schismatics erect a compound and after at least fifty years of peaceful co-existance with the outside community (having shoot outs only with each other) - this makes them dangerous. Prior his
1656,zero_shot,11,sci.crypt,12,sci.electronics,12,"There are companies (one in Canada, as I recall) which specialize in analyzing chips to understand process technology, design rules, ... to understand the probable yield of the assembly line making them, and therefore the probable current cost and po"
1657,zero_shot,18,talk.politics.misc,16,talk.politics.guns,16,Who said it was dead. It seems to be alive and well here on the net.
1658,zero_shot,0,alt.atheism,16,talk.politics.guns,16,"Anyone from Alabama knows it should be: Is ""The Bear"" Catholic? Does a Pope shit in the woods?"
1659,zero_shot,10,rec.sport.hockey,9,rec.sport.baseball,9,"I think that Grant Fuhr deserves more credit than that! While it's true that the entire Sabres team played very well, I still believe that if it wasn't for Grant Fuhr, the series would now be tied 2-2. He virtually stole games 1 and 3 for the Sabres."
1660,zero_shot,19,talk.religion.misc,16,talk.politics.guns,16,"Hmm. The police strategy of bursting in with weapons drawn, clearly marked as officers and yelling ""Police"" repeatedly. This is used every day to bust drug houses. The idea is to awe the suspects into submission with surprise and display of firepower"
1661,zero_shot,10,rec.sport.hockey,9,rec.sport.baseball,9,"Perhaps it was the most exciting game played yet that YOU have seen. For most of us who watch teams around the league with interest and objectivity, it was *nowhere* *near* the most exciting game... Unfortunately, the instant replay is not used on hi"
1662,zero_shot,4,comp.sys.mac.hardware,4,comp.sys.mac.hardware,4,"Hello out there! My Mac IIsi runs a Radius Pivot LE monitor, with the PDS card. As I wanted to try to switch to 32 bit adressing, i couldn't startup my Mac anymore. 1. What is the trick to zap the PRAM (so I won't have to take out the battery next ti"
1663,zero_shot,2,comp.os.ms-windows.misc,16,talk.politics.guns,16,"If he says he knows for a fact, what more do you have to gain if he gives his word? Do you think he's lying right now? Anyway, how about this: I give you my word, without naming sources, that IBM paid companies to write applications for OS/2. Satisfi"
1664,zero_shot,13,sci.med,13,sci.med,13,"Unless the patient has a very short life expectancy, the possible complications from a hernia that hasn't been repaired far outweigh the risks of surgery. The risks of surgery, anyway, are minimal. Unless they are exceedingly large, hernias can be fi"
1665,zero_shot,8,rec.motorcycles,7,rec.autos,7,"What about ethanol? It's available here in corn country and its octane is rated at 89 or 90 and costs the same as ""normal"" 87 octane."
1666,zero_shot,17,talk.politics.mideast,16,talk.politics.guns,16,Ah - Palestine and the Arab Israeli conflict. Sounds interesting. This is misleading. I supposed Charles D. Smith characterizes the bombing of the King David Hotel as a civilian installation too. Any installation attacked by Etzel was linked to some 
1667,zero_shot,8,rec.motorcycles,8,rec.motorcycles,8,"If your distance calc is correct for an ""on the road distance"" (and not as the crow flies), this is 900km a day for 5 days. If you spend the entire time on interstates, which would be a total waste of time, that's at least 8 hours on the road every d"
1668,zero_shot,15,soc.religion.christian,15,soc.religion.christian,15,"... I have seen it used in an Orthodox church once, although I can't recall why. I found it odd, to say the least. Also, I object to the statement that the Orthodox DELETE the filioque from the original form of the Creed. The creed originally did NOT"
1669,zero_shot,18,talk.politics.misc,16,talk.politics.guns,16,"At all times in human history, people have killed and stolen from one another. If you can find an example of where this hasn't happened in history, then you have discovered a new phenomenon in nature. It is pointless asking whether people ""should"" do"
1670,zero_shot,6,misc.forsale,6,misc.forsale,6,For Sale: 24 Pin Printer - ALPS Allegra 24 Asking Price: $150 shipped prepaid (C.O.D. orders pay C.O.D. shipping). Features: Straight paper path (won't jam). Paper saving tear-off capability (no need to waste a sheet to get a current printout). Progr
1671,zero_shot,3,comp.sys.ibm.pc.hardware,3,comp.sys.ibm.pc.hardware,3,I UPGRADED MY OLD 386 WITH 486DX-50 LOCAL BUS MOTHERBOARD TWO MONTH AGO AND WITH IT I BOUGHT A CONTROLLER CARD LOCAL BUS AND A GRAFIC CARD DIAMOND STEALTH VLB. BUT WHEN I TRY TO PUT MY NEW GRAFIC CARD AND MY NEW CONTROLLER TOGETHER MY SYSTEM DON'T WA
1672,zero_shot,17,talk.politics.mideast,18,talk.politics.misc,18,"I'll leave questions 1 and 2 to be answered elsewhere, but on question 3) something in the noos today might be an example of the restoration might be. Namely, that the Clinton Administration is considering asking the UN to establish a police force fo"
1673,zero_shot,2,comp.os.ms-windows.misc,16,talk.politics.guns,16,"If I rember correctly, Lotus Notes gives u this possiblity, among other things..."
1674,zero_shot,16,talk.politics.guns,15,soc.religion.christian,15,"Oh my god, I made a typo AND used the word ""god"". Come burn my house down, I must deserve it."
1675,zero_shot,13,sci.med,12,sci.electronics,12,"There have been a few postings in the past on alleged pathological (esp. neurological) conditions induced by playing video games (e.g. Nintendo). Apparently, there have been reported several cases of ""photosensitive epilepsy"", due to the flashing of "
1676,zero_shot,14,sci.space,14,sci.space,14,"Tell that to the people who run the 10-meter Keck telescope, or the astronomers and engineers working on the Gemini twin 8-meter telescope project. It took 7 years to build Keck I and now they are building Keck II. According to the December 1992 Sky "
1677,zero_shot,1,comp.graphics,14,sci.space,14,Invitation to the 8th SCIA The 8th Scandinavian Conference on Image Analysis will be arranged by the Norwegian Society for Image Processing and Pattern Recognition (NOBIM) and sponsored by the International Association for Pattern Recognition (IAPR).
1678,zero_shot,4,comp.sys.mac.hardware,4,comp.sys.mac.hardware,4,"I need to add to your message. I have a major problem on my hands. I have a Rodime 60+ (series RO3000T) external hard drive. Rodime is out of business, and not writing any more drivers. In particular, drivers compatable with system 7.1. After talking"
1679,zero_shot,6,misc.forsale,6,misc.forsale,6,"Cambridge Audio Integrated Amp P70 - 60W stereo solid state, w/box List $600 want $340 Cambridge Audio Tuner T50 - 8 presets list $350 want $200 Cambridge Audio PreAmp C70 - list $500 want $290 Klipschorns - The Klipschorns Speakers...legends in ther"
1680,zero_shot,19,talk.religion.misc,18,talk.politics.misc,18,"Please excuse the length of this post, but for personal reasons, I must go on at some length. [...more deleted...] Perhaps it would be instructive to see what my original post had to say: [followed by my signature] I was extremely careful in this pos"
1681,zero_shot,18,talk.politics.misc,16,talk.politics.guns,16,": [...] When you and the rest of the homosexual community : pass laws to impose your moral codes on me, by requiring me to : hire, rent to, or otherwise associate with a homosexual against : my will, yes, you are in my face. Until homosexuals stop tr"
1682,zero_shot,5,comp.windows.x,3,comp.sys.ibm.pc.hardware,3,"I'm running HP-UX 8.07 with HP VUE 2.01 and I need a hardcopy of the login window (the one asking for login and password) to include in a manual. I have tried: xwd -display hostname:0 -root -out login.xwd from a login on a remote terminal, but it doe"
1683,zero_shot,17,talk.politics.mideast,16,talk.politics.guns,16,"The honest answer to your question about Arabs who were expelled from Jaffa, and/or who fled Jaffa, or anywhere else in Israel, having the right to return is: Yes, unfortunately, they have the right to return. They may apply for citizenship like any "
1684,zero_shot,9,rec.sport.baseball,9,rec.sport.baseball,9,"} Last night, Boston Red Sox win its 11 games of 14 games by beating Seattle } 5-2. Roger Clemson pitch not so dominate. He walked at least 6 man in } first 6 inns. But Valetin and Greenwell hit homeruns and Red Sox prevail. Clemens struggled with hi"
1685,zero_shot,4,comp.sys.mac.hardware,4,comp.sys.mac.hardware,4,"I just thought I would pass along my experience with APS. I recently ordered an external Quantum 240. The salesperson was friendly and knowledgeable, the order came when promised, and the invoice was at the price quoted. Installing the drive was simp"
1686,zero_shot,18,talk.politics.misc,16,talk.politics.guns,16,"# #I used to think that homosexuals were OK -- but havng now gotten a # #chance through USENET to know quite a few, I've realized that I was # #misled in my youth. Homosexuals are vicious, screwed-up, often # #really evil people. # # That's a load of"
1687,zero_shot,11,sci.crypt,18,talk.politics.misc,18,It has also apparently been excised from the second edition.
1688,zero_shot,1,comp.graphics,5,comp.windows.x,5,"Yes, I have both Arts & Letters and CorelDraw. I personally like Arts & Letters better but there are things I like about Arts & Letters that CorelDraw doesn't do an vice-versa. I haven't found the perfect graphics program that does everything yet. My"
1689,zero_shot,17,talk.politics.mideast,16,talk.politics.guns,16,"Damned if you do and Damned if you don't! Just for the record, Egyptian troops were one of the first to be stationed there. I can't remember the exact date but it was late last year. In fact, they lost at least one man there as far as I know."
1690,zero_shot,19,talk.religion.misc,15,soc.religion.christian,15,"^^-- name? Other than it tells quite a lot about the Man himself. Are you the spokesman for ""most people?"" That you don't recognize the Biblical commentary used. Those in the church know the language though, and have no such excuse. You missed the po"
1691,zero_shot,4,comp.sys.mac.hardware,6,misc.forsale,6,"There is a bancrupcy sale coming up soon, and I wonder if anyone know about these printers: Olivetti PG-306, Canon LBp-8R, Nec silentwriter 2 S60, Kyocera Laser F3000. Which of the above, if any, has Postscript, and an appletalk interface builtin. Pl"
1692,zero_shot,9,rec.sport.baseball,9,rec.sport.baseball,9,"When I see this happening to other players, I'll post a public apology to Mr. Hirschbeck. Until then, I think this was a case of ""selective enforcement."" -- Dale J. Stephenson |*| (steph@cs.uiuc.edu) |*| Baseball fanatic"
1693,zero_shot,18,talk.politics.misc,18,talk.politics.misc,18,"Here is a press release from the American Federation of Teachers. HHS Secretary Shalala to Address AFT's Paraprofessional and School-Related Personnel Conference To: National and Assignment desks, Education Writer Contact: Jamie Horwitz of American F"
1694,zero_shot,6,misc.forsale,17,talk.politics.mideast,17,Well tell us about your pool table! -=- Andy -=-
1695,zero_shot,13,sci.med,13,sci.med,13,My brother's affine has recently been diagnosed with Sweet's syndrome. Also called steroid resistant Sweet's syndrome. This syndrome started after she had had Iodine 131 treatment for hyperthyroidism. She'd been reluctant to have treatment for the hy
1696,zero_shot,4,comp.sys.mac.hardware,14,sci.space,14,"I have found that you should observe the following with almost all new equipment : Check for warrany tape. If none, carefully open unit. Inspect for loose wires, jumpers, screws, and other trash. Clean up these manufacturing mistakes. *Now* power up "
1697,zero_shot,13,sci.med,13,sci.med,13,"eyes? By looking at the iris (iridology) - virtually nothing. Looking at the retina allows one to visualise the small blood vessels and is helpful in assessing various systemic diseases, hypertension and diabetes for example."
1698,zero_shot,1,comp.graphics,16,talk.politics.guns,16,If anyone has a list of companies doing data visualization (software or hardware) I would like to hear from them. Thanks. -- krs --
1699,zero_shot,11,sci.crypt,4,comp.sys.mac.hardware,4,">I wouldn't think so. Asking people to trust a secret algorithm seems >unsound to me. Maybe so, but it's quite common. There are millions of Macintosh users who have no idea what's in Apple's patented ROMs. Many have modems connected. How do you know"
1700,zero_shot,12,sci.electronics,6,misc.forsale,6,Wayne: Look for these advertised in sailboat supplies catalogs and sail-related magazines (eg. SAIL ...).
1701,zero_shot,6,misc.forsale,16,talk.politics.guns,16,"For sale, or trade some combination for 286-16 motherboard or 2400 v.42bis Monochrome monitor, pretty generic, for IBM. 8088 motherboard, 7 Mhz, built in monochrome and color support, built in serial and parallel ports. Stick it in a robot, use it to"
1702,zero_shot,1,comp.graphics,12,sci.electronics,12,"Hi I'm new to imaging, and my advisor and I would like to do some 3D reconstructions. We take slides (biological), and image them on a 486. Then the software allows us to trace the outline of the objects we want to save. The outlines are stored as a "
1703,zero_shot,7,rec.autos,17,talk.politics.mideast,17,"-- In 1972, they lowered the engine compression so that it would run on regular gas (not to mention the addition of emission controls). The '72 also added pop-out rear quarter windows... Alot of parts are available for the GT from C & R Small Cars in"
1704,zero_shot,15,soc.religion.christian,15,soc.religion.christian,15,"Maybe you should dig a little further Charles. Hislop's scholarship was accepted by the Bristish Oriental Institute which, at the time, was the premere Institute for Oriental studies. As I've stated over and over, I've checked out about 25% of his re"
1705,zero_shot,9,rec.sport.baseball,9,rec.sport.baseball,9,"Yes, that's him. Was I not specific enough? Just because someone consistently pulls the ball does not mean that they have a quick bat. Dawson's release is slow, and he *IS* 38, after all. He may swing early, and rotate his hips so that he hits the ba"
1706,zero_shot,1,comp.graphics,12,sci.electronics,12,"Hi I am looking for an algorithm or pointers to any papers on how to convert Quadratic Splines to Cubic Splines or Beizeirs. If source is available in the public domain, please let me know. Thanks very much -ks"
1707,zero_shot,16,talk.politics.guns,16,talk.politics.guns,16,"...... When did Koresh go on a rampage? What I saw was an unnecessary, unprovoked massive attack on Feb. 28th. Probably even an illegal action by ATF, certainly way out of proportion to anything reasonable. And yet, according to a pole taken yesterda"
1708,zero_shot,8,rec.motorcycles,7,rec.autos,7,"what does that make me for showing up with an old interceptor with worse brakes and handling (due to bent frame) than a VMAX? and i didn't even... uh.... well, i was more than semi-coherent when the ambulance.... uh.... nevermind. axel"
1709,zero_shot,2,comp.os.ms-windows.misc,5,comp.windows.x,5,I'm looking for a good terminal program that will connect to TCP/IP using windows. Some basic MS-Window that is connect to a unix host would be great. Any suggestions? Thanks.
1710,zero_shot,2,comp.os.ms-windows.misc,16,talk.politics.guns,16,Excuse me? Are you one of those people who *enjoy* working w/win? Come talk to a house-mate of mine and tell him how productive his life is when he encountered yet another sudden appearence of the DOS-prompt while cutting and pasting in win! Or an em
1711,zero_shot,18,talk.politics.misc,16,talk.politics.guns,16,"Utopia is a myth (although we can do a lot better than what we have today). But I think that you must pitch Libertarianism as a progressive agenda (ie You can do better under our style of system). I'm flattered by your invitation, but I'm afraid you "
1712,zero_shot,4,comp.sys.mac.hardware,4,comp.sys.mac.hardware,4,Wanted: Digidesgn Audiomedia Card for the Mac Email if you have one for sale. Thanks
1713,zero_shot,1,comp.graphics,5,comp.windows.x,5,"I'm planning on writing several classes to build a raytracing/radiosity library on top of, and i'm wondering if anythink like this is freely available on the net before i go to it. What i need is classes like rays, vectors, colors, shaders, surfaces,"
1714,zero_shot,12,sci.electronics,7,rec.autos,7,"So what's the story here... we're all stuck with the regular green, red, and off yellow-orange LED's!? What gives!!?? Anybody have a 'scoop' on FAIRLY LOW PRICED >BLUE< LED's??? ... just out of curiosity, of course ... _______________________________"
1715,zero_shot,2,comp.os.ms-windows.misc,5,comp.windows.x,5,"-- Also: more customizable. I can make the computer do what *I* want it to do, Whereas with MSW I have to do what microsoft wants me to do... How do I bind control-left mousebutton to type 'hello world!' (Not that I'd want to do THAT, but..)"
1716,zero_shot,14,sci.space,14,sci.space,14,"Yes a flotation tank, combined with floride breathing water(REF: the Abyss breathing solution I think).. also the right position of the astronaut and strapping you can probably get much more than 45gs in an accesloration.. More like near 100g (or som"
1717,zero_shot,8,rec.motorcycles,8,rec.motorcycles,8,"I am thinking of going on a motorcycle tour in New Zealand in the November-January timeframe. There are a few tour companies doing this, notably Beach Tours. Can anyone who has done this let me know of their experiences, both good and bad? Thanks."
1718,zero_shot,2,comp.os.ms-windows.misc,14,sci.space,14,"Seen from a typographically point of view, ATM using PostScript fonts is better than TrueType; the hinting mechanism incorporated in PS is gorgeous. Multilingual users may see the limit of possible different characters in a PS font as problematically"
1719,zero_shot,14,sci.space,12,sci.electronics,12,"I am taking a course entitled ""Exploring Science Using Internet"". For our final project, we are to find a compendium of Internet resources dealing with a science-related topic. I chose Astronomy. Anyway, I was wondering if anyone out there knew of an"
1720,zero_shot,17,talk.politics.mideast,16,talk.politics.guns,16,There are doubts about it. Why don't you define what self-hating Jew means? I found the idea itself of being a self-hating Jew to be one of those rediculous things that people repeat and repeat because it seems to have a meaning when in fact it has n
1721,zero_shot,19,talk.religion.misc,16,talk.politics.guns,16,"If you check the news today, (AP) the ""authorities also found a state-of-the-art automatic machine gun that investigators did not know was in the cult's arsenal."" [Carl Stern, Justice Department] I imagine the authorities know the difference between "
1722,zero_shot,17,talk.politics.mideast,16,talk.politics.guns,16,"Repeat a lie often enough and people will start to believe it, eh? The Hamas terrorists were given the opportunity to appeal. They've chosen not to, obviously because they get better propaganda mileage out of refusing. Israel also agreed that they co"
1723,zero_shot,18,talk.politics.misc,16,talk.politics.guns,16,"Here in Georgia, the state legislature in 1992 ""accidentally passed a law lobbied for by Opthamologists prohibiting anyone but a licensed MD from giving shots. They were trying to limit Optometrists from competing with them. They inadvertantly forbad"
1724,zero_shot,11,sci.crypt,18,talk.politics.misc,18,Sounds great. But how would something like this be done? Start up a news group for discussions of things like lobbying tecniques and how to get non-computer geeks as pissed-off as we are?
1725,zero_shot,16,talk.politics.guns,18,talk.politics.misc,18,"Well, the question of why fire equipment took so long to reach the compound has been answered. ABC aired a report including the 911 tapes from Monday. The FBI called 911 within 4 minutes of the fire's breakout. Unfortunately, dispatch of vehicles out"
1726,zero_shot,14,sci.space,14,sci.space,14,"=Having read in the past about the fail-safe mechanisms on spacecraft, I had =assumed that the Command Loss Timer had that sort of function. However I =always find disturbing the oxymoron of a ""NO-OP"" command that does something. =If the command chan"
1727,zero_shot,3,comp.sys.ibm.pc.hardware,3,comp.sys.ibm.pc.hardware,3,"I own a Zoom V.32bis modem and I am having some strange problems, I would like to contact the manufacturer.. but there is no address on the box. Does any1 have their address? or telephone number? Thanx, Don Smith"
1728,zero_shot,17,talk.politics.mideast,16,talk.politics.guns,16,"I too noticed that in all this screaming and shouting, not one person brought up the question of atrocities being commited on non-muslims by the Sudanese Government. Could it be that they are Africans and so who cares? I suggest that everyone cut the"
1729,zero_shot,8,rec.motorcycles,14,sci.space,14,"Okay, here's what to do. Get a drill and a sanding disk. Use, say a 100 disk and go at it at a very low rpm. If you don't have a drill, try coarse steel wool and brake fluid. Dot 4 has an uncanny knack for removing _any_ paint imperfections. Oh, I'm "
1730,zero_shot,15,soc.religion.christian,15,soc.religion.christian,15,"I get the feeling that we are debating at cross-purposes--that we do not see the same fundamental assumptions, and this perhaps makes my answers orthogonal to your questions. I will try again. Perhaps you believe that nothing exists aside from object"
1731,zero_shot,2,comp.os.ms-windows.misc,2,comp.os.ms-windows.misc,2,"The sensitivity is changed using the /S, /V, or /H parameter. The commands do the following: /V - vertical sensitivity /H - horizontal sensitivity /S - both Follow the parameter with a number from 1 to 100 (1 - slowest, 100-fastest). The default is 5"
1732,zero_shot,6,misc.forsale,6,misc.forsale,6,"For Sale: ********* * (1) CGA card * Road & Track's Grand Prix (3.5"" disks) * DOS 4.01 * Packard Bell .39 dot pitch VGA color monitor * 256K 2-the-max VGA card Please make offers for the above merchandise. What do you have to lose? Go ahead--make an "
1733,zero_shot,0,alt.atheism,15,soc.religion.christian,15,"[...stuff deleted...] As many posters have said in as many posts lately, this is just not true. For to show no interest in the existence of god takes no faith at all. You make the presumption that the _knowledge_ of the _possibility_ of something is "
1734,zero_shot,1,comp.graphics,16,talk.politics.guns,16,"Whatever you do, don't FTP to the sites listed in my sig... You won't like what you find...really. I beg you NOT to GO there! PLEASE! ...e"
1735,zero_shot,6,misc.forsale,6,misc.forsale,6,I have the following games for sale/trade. Make an offer. Trouble Shooter Where in Time is Carmen Sandiego? -- brian oplinger@ra.crd.ge.com
1736,zero_shot,19,talk.religion.misc,15,soc.religion.christian,15,"My understanding of the academic use of the word cult is that it is a group of people oriented around a single authority figure. It need not be religious. However, I have seen plenty of religious cults, including some that mainstream."
1737,zero_shot,9,rec.sport.baseball,9,rec.sport.baseball,9,"Now *this* is a legitimate point. Baseball is entertainment, and I have no quarrel with people who find certain styles of play more entertaining than others, regardless of their win-value. Personally, I'm a huge fan of the slug-bunt; I doubt it's a h"
1738,zero_shot,16,talk.politics.guns,18,talk.politics.misc,18,"Attention please! According to the rules of usenet flame wars, once a discussion degenerates to the point where Hitler is mentioned, that flame war may be declared ended. I would like to take this opportunity to do that now. Clearly further discussio"
1739,zero_shot,16,talk.politics.guns,16,talk.politics.guns,16,"CNN reported tonight that some bodies were found with bullet holes in their heads. However, I have no information on the possible causes. This is not to say that Government stories are to be taken at the face value in this case, but to jump to conclu"
1740,zero_shot,18,talk.politics.misc,18,talk.politics.misc,18,"(misc.legal trimmed) Well, that's the obvious conclusion, given your train of logic. The corollary then is that it must be a waste of time for the party to run candidates until the educational program has shown some results. Followups to a.p.l. --"
1741,zero_shot,14,sci.space,14,sci.space,14,"From the description I've read, it's prob. only going to be as bright as Jupiter. Anything else is probably hype from the opponents or wishful thinking from the sponsors. If we could do something as bright as the full moon that soon, that cheap, the "
1742,zero_shot,14,sci.space,16,talk.politics.guns,16,You mena in the same way french intelliegence agents steal documents from US corporate executives?
1743,zero_shot,15,soc.religion.christian,15,soc.religion.christian,15,"Hi Frank: I've read it a couple of times and I think that it is excellent. Christiandom has needed this book for some time now. I suggest that *every* Christian read it. According to Hank, they printed 15 times more than Harvest House usually prints "
1744,zero_shot,12,sci.electronics,14,sci.space,14,"I would expect that CD-ROM software would not even need copy protection. As the program on a CD-ROM would not fit onto a hard-drive, and it is impossible for the average (and even not-so-average) user to write to a CD-ROM, copies of the software (tha"
1745,zero_shot,18,talk.politics.misc,18,talk.politics.misc,18,"|>>|> Excerpts from ""Insight"" magazine, March 15, 1993 | *Paranoia part deleted.* | Isn't Insight magazine published by the Mooneys? I don't remember the article that you removed so I can't comment on it. What I can comment on though is your response"
1746,zero_shot,4,comp.sys.mac.hardware,4,comp.sys.mac.hardware,4,"Hi!! I have a question: Which is the diference between Performa 450 and LCIII? I want to know which is better. If you know the specifications and the prices of this computers, can you tell me by email to ----> rcvillab@isluga.puc.cl I'd like to know "
1747,zero_shot,15,soc.religion.christian,15,soc.religion.christian,15,"searching out our deceased ancestors so that we can perform the ordinances -- such as baptism, confirmation, and marriage for time and eternity -- that are required for a person to obtain salvation through Christ and to live with Him through the eter"
1748,zero_shot,11,sci.crypt,11,sci.crypt,11,"As I've noted, you can likely get around that with a directional sensor. Phased array systems could completely defeat this scheme. -- Perry Metzger pmetzger@shearson.com"
1749,zero_shot,17,talk.politics.mideast,18,talk.politics.misc,18,What's this? Another idiot from McRCIM.McGill.EDU? Or are these all the same dope using different accounts?
1750,zero_shot,12,sci.electronics,16,talk.politics.guns,16,"May I tease out a sub-thread from this discussion? Can you all please tell me how to remove the stickers from new houses' appliances and outdoor lampposts? Especially the lamppost, right on the glass. Isn't there something you can rub into stuck-on l"
1751,zero_shot,18,talk.politics.misc,16,talk.politics.guns,16,"Why? He, Reno, and the FBI got what they wanted -- a reminder of who is the boss in America -- the thugs who work for the government."
1752,zero_shot,16,talk.politics.guns,16,talk.politics.guns,16,"Minor quibble back at you. I am in the same general area as the Koresh compound and I can tell you that the air was quite chilly that morning, especially with the high winds that were blowing. (Of course the swiss cheese walls made it even worse. ;-)"
1753,zero_shot,16,talk.politics.guns,16,talk.politics.guns,16,"""I have no question that our plan was correct?"" Months to get ready, unlimited funds, knowledge of a threatened mass suicide by fire, and no fire trucks on hand? This is ""extreme professionalism and care?"" I can understand the first screwed-up raid b"
1754,zero_shot,13,sci.med,13,sci.med,13,Hello! I need a technique for separation of polymorphonuclear neutrophils (PMN) from the peripheral blood of mice. Because of the low PMN:Lymphocyte ratio (approx. 20:80) it«s not just as easy as the corresponding technique used with human blood. You
1755,zero_shot,6,misc.forsale,14,sci.space,14,"I would like to buy a 4 channel multitrack recorder. I would prefer a cassette machine such as those made by Fostex, Tascam, Yamaha, etc. but would consider reel-to-reel as well. Write me if you know of anything. Thanks. -- W. Craig Scratchley | inte"
1756,zero_shot,18,talk.politics.misc,18,talk.politics.misc,18,: on h I guess your view of the video from your sofa gives you a better view than the cops involved? I guess one can see what one wants to see after all.
1757,zero_shot,12,sci.electronics,13,sci.med,13,For some time I've been thinking about the possiblity of starting a group where scientific articles can be published (or perhaps just summaries). Possible advantages would be: * Free disribution * Fast acceptance * Online discussion between authers a
1758,zero_shot,17,talk.politics.mideast,16,talk.politics.guns,16,"As I said, I do not want to convice anyone, so, why should my opinions convince anyone? I do not believe that my opinions are refuted by facts. Maybe youy view of a dictionary is the problem here. One thing is the accepted meaning of a word by a dict"
1759,zero_shot,17,talk.politics.mideast,16,talk.politics.guns,16,"And is there a reason or value for such a brainless shit for brains asshole to be haer. You are a self hating bastard. Neither your name nor your ideas, which I've come across before and thought were too stupid and uncivlized to respond to, prove you"
1760,zero_shot,3,comp.sys.ibm.pc.hardware,12,sci.electronics,12,"hartzman@kilroy.Jpl.Nasa.Gov (Les Hartzman) writes... Les, I am right now working on an MPR-II certified (Swedish standards for low emissions) Hitachi Superscan 15 monitor. It's 1024x768, up to 72hz at that res, and it got a good write-up for image q"
1761,zero_shot,6,misc.forsale,16,talk.politics.guns,16,"ALL, Finally cleaned out the storage room and have the following items for sale: C-64 Computer 2-1542 Disk Drives 1351 Mouse all cables lots of software (mostly games) The computer and drives work (hooked it to the TV to test) except for sound-eviden"
1762,zero_shot,14,sci.space,9,rec.sport.baseball,9,Sounds to me like you'd want a star for the ground plane.
1763,zero_shot,14,sci.space,14,sci.space,14,"I'll vote for anything where they don't feel constrained to use stupid and ugly PC phrases to replace words like 'manned'. If they think they need to do that, they're more than likely engaging in 'politics and public relations as usual' rather than s"
1764,zero_shot,7,rec.autos,7,rec.autos,7,"I would also be interested in finding out about the '94 Talon, and I suspect that many other people would be interested too, so let's get some responses on the net. The question again: Does anyone have any info on the 1994 Eagle Talon / Mitsubishi Ec"
1765,zero_shot,13,sci.med,13,sci.med,13,"This is ridiculous, and your doctor sounds like a nut, if what is reported here is what the doctor actually said. If your wife's pancreas stops producing insulin and therefore becomes diabetic, she'll need insulin replacement. That doesn't mean she's"
1766,zero_shot,12,sci.electronics,16,talk.politics.guns,16,"^^^^^^^^^^^^^^^^^^^^ DO NOT HEAT THE CCL4 -- IT MAKES PHOSGENE GAS of WW-I poison gas fame (remember when they used carbon tet in fire extinguishers?) (yes, I know I was yelling) --"
1767,zero_shot,9,rec.sport.baseball,9,rec.sport.baseball,9,"bleagh! this was a terrific trade. snow will certainly be better than mattingly in the future, but that they'll be about the same now is a defensible opinion. abbott is one of the few truly great pitchers in the game today. i'm not sure about this on"
1768,zero_shot,6,misc.forsale,16,talk.politics.guns,16,"LOOK INTO THE FUTURE Discover what lies ahead in Love, Health and Finance Speak LIVE with a Psychic of your choice 900-446-6995 Extension 107 YOU MUST BE 18 OR OVER TO CALL."
1769,zero_shot,6,misc.forsale,16,talk.politics.guns,16,Greetings! Sorry for the typos. clipper hooks. Al
1770,zero_shot,13,sci.med,14,sci.space,14,": : Hello, : Just one quick question: : My father has had a back problem for a long time and doctors : have diagnosed an operation is needed. Since he lives down in : Mexico, he wants to know if there is a hospital anywhere in : the United States par"
1771,zero_shot,14,sci.space,12,sci.electronics,12,"I don't know what you mean by 'edged', but surely there are two other possibilities for an isotropic distribution: near interstellar (up to ~100 pc, i.e. within the disc), or the Galaxy's corona?"
1772,zero_shot,14,sci.space,18,talk.politics.misc,18,"Ok, so you have proven you saw the right stuff. However, as I said above, it takes politics and PR to keep the bucks coming. ""No politics, no bucks, no buck rogers."" Yes this may be true in the case of the SCIENCE data coming from the spacecraft and "
1773,zero_shot,12,sci.electronics,13,sci.med,13,It's NOT the concrete floor that does it. The problem is that lead-acid cells self discharge over time. Even high quality cells (Gates for instance) will discharge 50-60% over a 3-5 month period of time. Non-sealed cells self discharge even faster. I
1774,zero_shot,19,talk.religion.misc,16,talk.politics.guns,16,"The LAW of RETRIBUTION Violent crime, racism, bigotry, domestic abuse, rape, police brutality and oppression, human rights violations, etc., ETC., continue to get worse and worse in spite of more and more man-made laws on all levels from local ordina"
1775,zero_shot,12,sci.electronics,18,talk.politics.misc,18,"** For my computer law module I have been asked to write a computer contract for the supply of computer software to a business. The software is being especially written for the company. Would anyone, per chance happen to have a copy of a computer con"
1776,zero_shot,14,sci.space,12,sci.electronics,12,"This is one of those ""yes, but"" things. It's true that a hydraulically pressurized tube can be somewhat more rigid than an unpressurized tube, but even at 2000 PSI levels a hydraulic hose will bend rather easily, though it's straight-on compressive s"
1777,zero_shot,13,sci.med,17,talk.politics.mideast,17,":All right, listen up.... What are the possibilities of transmission through :swimming pool water? Especially if the chlorination isn't up to par? : :I've heard of community swimming pools refered to as PUBLIC URINALS so what :else is going on? No di"
1778,zero_shot,15,soc.religion.christian,15,soc.religion.christian,15,"Dave - you might like to read a book by Florence Bulle ""God Wants You Rich & Other Enticing Doctrines"", which discusses OOBEs in one of her chapters. In the Bible we have examples of men caught up in the Spirit (eg Ezekiel, Paul). I believe that also"
1779,zero_shot,16,talk.politics.guns,18,talk.politics.misc,18,"The Colorado Daily recently reprinted the Wall Street Journal's article on Paxton Quigley, including the nefarious little paragraph the Journal tacked onto the end. After recieving much assistance from various T.P.G. type folks, I wrote a letter to t"
1780,zero_shot,13,sci.med,13,sci.med,13,"[Partial deletion] Nice explanation except that it isn't N-hydroxylation that causes the formation of the N-acetyl-p-benzoquinone imine (NAPQI), but rather a direct two-electron oxidation. In addition, there is one school of thought that contends tha"
1781,zero_shot,19,talk.religion.misc,15,soc.religion.christian,15,"First and foremost, I honestly do not believe that Jesus was anything more than a man who lived and died two thousand years ago. I know your Bible provides wonderful stories of the things he said and did, but I simply do not believe that he still exi"
1782,zero_shot,19,talk.religion.misc,18,talk.politics.misc,18,Bzzt. Thank you for playing. You're confusing the puritans/pilgrims with the founding fathers. Difference of ~150 years and a much different culture...
1783,zero_shot,16,talk.politics.guns,15,soc.religion.christian,15,"Or, did anyone notice that when Clinton referred to the Davidians as 'religious fanatics' that a round of spontaneous applause burst forth from the reporters ? To me this was not only in poor taste, but it showed the media's bias and hostility to any"
1784,zero_shot,18,talk.politics.misc,14,sci.space,14,"Atomic Energy Commision - Hmm, they would say this. The Earth may spew alot of substances into the atmosphere, but the quality of your toxic output can easily make up for the lack of quantity. Furthermore, the planet is a system of carbon, sulfur and"
1785,zero_shot,7,rec.autos,18,talk.politics.misc,18,*>>>>>>>>>>>>>>>>>>>> Is this a joke ? *>>>>>>>>>>>>>>>>>>>>>>>> -- ___________________________________________________________________
1786,zero_shot,6,misc.forsale,16,talk.politics.guns,16,"I'm looking for a copy of ""Bela Lugosi's last film."" If anyone has a copy of this stinker, please e-mail me. (Also, if anyone knows a better place to post this, please tell me)."
1787,zero_shot,10,rec.sport.hockey,9,rec.sport.baseball,9,"The goalie to whom you refer is Clint Malarchuk. He was at that time playing with the Sabres. His team immediately prior to that was the Washington Capitals. While he did recover and continue to play, I do not know his present whereabouts."
1788,zero_shot,18,talk.politics.misc,18,talk.politics.misc,18,"On the other hand, Rush made an interesting point: The Democrats ran one of their best campaigns in years against a pathetic Republican and a paranoiac and still only pulled 43% of the vote, lost 10 seats in the House, and gained 0 seats in the Senat"
1789,zero_shot,5,comp.windows.x,18,talk.politics.misc,18,unsubscribe
1790,zero_shot,6,misc.forsale,6,misc.forsale,6,"We have an copy of the book, new, not read. $20 plus S/H. DC if you can pickup. (The book has over 1100 pages and is quite heavy.) Feng"
1791,zero_shot,5,comp.windows.x,14,sci.space,14,"Does anyone know how I can obtain information about the ICS widget data book? I only have their email address, and they don't seem to be reading (or replying) to their mail. -------------------------------------------------------------------------- !"
1792,zero_shot,11,sci.crypt,16,talk.politics.guns,16,"WOULD WIRETAP CHIP BE COST-EFFECTIVE? by Robin Hanson Draft, April 21, 1993 SUMMARY: Compared to an average monthly phone bill of sixty dollars, wiretaps are only worth two cents a month to police. So the proposed wiretap chip must raise phone costs "
1793,zero_shot,12,sci.electronics,18,talk.politics.misc,18,"First you find a congenial member of the opposite sex ... -- Thomas Clarke Institute for Simulation and Training, University of Central FL 12424 Research Parkway, Suite 300, Orlando, FL 32826 (407)658-5030, FAX: (407)658-5059, clarke@acme.ucf.edu"
1794,zero_shot,17,talk.politics.mideast,18,talk.politics.misc,18,"Pete-- That was uncalled for. I'm sure Andi Beyer or whatever his name is was a product of his environment before he came to school, and is enjoying the mantle of THE UNIVERSITY to make his viewpoint seem legitimate (well-reasoned). I'm at Virginia, "
1795,zero_shot,11,sci.crypt,16,talk.politics.guns,16,"I think it very unlikely there are back doors in clipper, for two reasons: 1. The government doesn't need them if it can get the key (and yes, I assume that the ""official"" government obeys court orders, etc.--and that the design of the chip and its a"
1796,zero_shot,5,comp.windows.x,18,talk.politics.misc,18,Hey guys! I run twm and would like to execute some program before leaving twm. In other words I would like to run some program before I do f.quit. Is it possible to make a menu section which would contain these two parts?
1797,zero_shot,10,rec.sport.hockey,9,rec.sport.baseball,9,Is it just me or is the camera work on some of these games really sad?? I can't remember how many times during the Penguins-Devils game they showed some guy (without the puck) being checked in the corner while the puck was being fired on goal. In fac
1798,zero_shot,5,comp.windows.x,16,talk.politics.guns,16,We where following version of xv and I have been very surprise to discover that the new version is a shareware: What a pitty !!! :-( . What I found on the Inthernet was the freeware. I make myself a freeware and I spent long time on it but I don't pl
1799,zero_shot,11,sci.crypt,11,sci.crypt,11,"Dear netters: I have been scanning this news group for a while but has not found a FAQ. Could someone enlight me where to find the FAQ if there is a one. Also, could someone recommend a few good books about encription and decription, about patent inf"
1800,zero_shot,16,talk.politics.guns,8,rec.motorcycles,8,"From psc@sei.cmu.edu (Peter Capell) on rec.martial-arts... >I'm sure such weapons have been developed. Our society does not, >however, condone their possession or use. Actually, Joe, I wrote the above. Peter was responding to my article. I'm actually"
1801,zero_shot,7,rec.autos,4,comp.sys.mac.hardware,4,"Go with the Mercedes, if you can afford it. I think the 300 wagon starts around 50k, although it could be 60k. There is no comparison with any of the other cars listed."
1802,zero_shot,18,talk.politics.misc,15,soc.religion.christian,15,"Well, for one thing most, if not all the Dividians (depending on whether they could show they acted in self-defense and there were no illegal weapons), could have gone on with their life as they were living it. No one was forcing them to give up thei"
1803,zero_shot,14,sci.space,14,sci.space,14,"I had to turn to one of my problem sets that I did in class for this little problem. I don't have a calculator, but I DO have the problem set that we did not too long ago, so I'll use that, and hope it's what you wanted. This is a highly simplified p"
1804,zero_shot,4,comp.sys.mac.hardware,4,comp.sys.mac.hardware,4,"OK...here is my question. I want to hook up my PowerBook 160 to a SVGA monitor but I do not want to buy the PowerBook/DOS Companion. Can anyone tell me the EXACT cable I need to connect them? If there is such a cable, can I purchase it from MacWhareh"
1805,zero_shot,17,talk.politics.mideast,15,soc.religion.christian,15,"ERGINEL) asked: [EE] No, no flaming here. Just a simple question. ...with a simple answer! [EE] As far as I know most of the Armenians belong to the Gregorian Orthodox [EE] faith and such was the case in nineteenth century Ottoman Empire. It is [EE] "
1806,zero_shot,0,alt.atheism,15,soc.religion.christian,15,"They must be theists in disguise. In any event, we don't _need_ to create religious parodies: just look at some actual religions which are absurd. [34mAnd now . . . [35mDeep Thoughts[0m [32mby Jack Handey.[0m"
1807,zero_shot,10,rec.sport.hockey,9,rec.sport.baseball,9,WATCH OUT PITSBURGH HERE COME THE ISLES!!!!!!!!!!!!!!!!!!!!!!!!! They said we wouldn't make the playoffs and we came in third They said the Caps would beat us and they're not going to They say that Pitsburgh has a 1:1 ratio of winning the cup but We'
1808,zero_shot,5,comp.windows.x,16,talk.politics.guns,16,ubject: subscrive please subscribe me.
1809,zero_shot,12,sci.electronics,12,sci.electronics,12,Two or three years ago I saw a report on TV about a company that had developed a method of making solar cells on a flexible substrate. My failing memory has convinced me it was some flexible metal. I now have an application that requires a flexible s
1810,zero_shot,7,rec.autos,17,talk.politics.mideast,17,"The 850 is a V12 (5L, from the 750iL) Is there a 835? or 840?"
1811,zero_shot,8,rec.motorcycles,7,rec.autos,7,"Unable to stand the pain anymore, my wife bought the Corbin Gunfighter and Lady with Passenger Backrest for my Hawk GT. It came with no instructions, but it came 2 weeks earlier than they said it would. Installation would have been very easy, but the"
1812,zero_shot,15,soc.religion.christian,15,soc.religion.christian,15,"I have enrolled in ""The History of Christianity"" at a college here in St. Louis. The teacher of the class is what I consider to be closed-minded and bigotted on the subject of what the definition of Christianity is. His definition is tied directly to"
1813,zero_shot,17,talk.politics.mideast,5,comp.windows.x,5,"5 Apr 93 MOSCOW (UPI) -- ... ``It's horrible. People are trying to get their wives and children out, men are leaving their defense positions, it's total anarchy,'' said Mekhman Aliyev, a spokesman for the Azerbaijani president. Aliyev said 210 people"
1814,zero_shot,14,sci.space,14,sci.space,14,"I too am a Jules Verne collector, and can tell you that though tough to find, it *is* out there. I keep my eyes open all the time for his books at various Bay Area used book stores, and every once in a while get *very* lucky. You just need diligence."
1815,zero_shot,8,rec.motorcycles,7,rec.autos,7,"Did they ever put in any gas stations on US 12? I rode through there in 1987, skipped a fillup at Bryce Canyon and rode 100+ miles before seeing a gas station at Torrey. Awesome road, I recall riding up a narrow ridge above 9,000? 10,000? feet. -Bruc"
1816,zero_shot,15,soc.religion.christian,15,soc.religion.christian,15,"Well, Michael, I don't know if clh has left them in the faq (Maybe you should post the ""how to get there map again), but I posted two or three lengthy exegetical paper on these verses. They looked at the OT, NT and intertestimental usages of terms in"
1817,zero_shot,10,rec.sport.hockey,9,rec.sport.baseball,9,"As she said, the letter is addressed to Bettman. The post (which, though having pretty much the same content, is an entirely different entity) was addressed to all. When she puts the letter in the mail I doubt it will say ""To: All"". I figure she want"
1818,zero_shot,2,comp.os.ms-windows.misc,5,comp.windows.x,5,"Hi, I use a PC with a screen access program (IBM Screen Reader) and a speech synthesizer. (Accent SA). I would like to find out about screen access programs for the windows platform. I heard that were a couple of them out now under beta testing, I wo"
1819,zero_shot,3,comp.sys.ibm.pc.hardware,17,talk.politics.mideast,17,First you need to connect them with a null modem cable. Atleast thats what I've heard.
1820,zero_shot,7,rec.autos,16,talk.politics.guns,16,nz New Zealand au Australia jp Japan kr Korea --
1821,zero_shot,8,rec.motorcycles,7,rec.autos,7,"That's because they took the old VT 500 engine and stepped on it to make the plant for the Hawk -> ""New Twin"". Or does that only fly for Microsoft NT (New Technology)? I've been at this too long today ... Cheers, Victor ""Dances with Hawks"" Johnson"
1822,zero_shot,3,comp.sys.ibm.pc.hardware,2,comp.os.ms-windows.misc,2,"On a few computers which we have here at Sheridan College there are files which we would like to make read only. I have used the Dos attrib command but some people, who carry around the attrib program in their pockets, have still been able to erase s"
1823,zero_shot,7,rec.autos,7,rec.autos,7,"Well, this isn't the right group for this, but I have to say that I don't think violence is any more socially acceptable now, by any means. How can you say that when we used to have of pistol-toting gunslingers as heros, or even gangland thugs being "
1824,zero_shot,18,talk.politics.misc,15,soc.religion.christian,15,"Certainly many religious beliefs seem to be positive principles for everyday living. Indeed, I believe it is the Islamic religion which avoids alcohol (I apologize if I name the wrong religion) and that is certainly a physical positive in many respec"
1825,zero_shot,12,sci.electronics,17,talk.politics.mideast,17,"From article <qekN3B4w165w@sys6626.bison.mb.ca>, by baden@sys6626.bison.mb.ca (baden de bari):"
1826,zero_shot,10,rec.sport.hockey,16,talk.politics.guns,16,"Nah, Cherry will only spew if Ulf was nailing ""a good Canadian boy"". What an idiot... if this is the heart and soul of Canadian patriotism, then someone needs a new hobby..."
1827,zero_shot,17,talk.politics.mideast,16,talk.politics.guns,16,Look nobody asked those countries about their UN forces to be on the ground. They can take their forces which are incomponent and ineffective at the first place. And let whoever are willing to do the job what it takes. How anyone can defend this stin
1828,zero_shot,6,misc.forsale,16,talk.politics.guns,16,We have the following ski equipment for sale: 120 cm poles $20 (white) Salomon Boots-SX80 $40 ; size 320 ladies = 8 to 8.5 in womens size shoe ; two unused in-soles included. What's left of a ski set Bought New; Hardly Used; Excellent Condition! Aski
1829,zero_shot,18,talk.politics.misc,16,talk.politics.guns,16,"Has this video been made public? The FBI spokesman also said they first knew of the fire when black smoke started pouring out, but later said that *three* different FBI agents saw B-D members starting the fires. Also the FBI claims to have listening "
1830,zero_shot,6,misc.forsale,6,misc.forsale,6,"Hi netters, Quantum LPS 240AT harddisk forsale. 3.5"" frame, 1/3 height. IDE format, master or slave 723 cyl 13 hd 51 s/t = 234.9 real megs Access time of 16 ms. 256K cache on the drive Asking $300."
1831,zero_shot,17,talk.politics.mideast,18,talk.politics.misc,18,"> > Bull shit. There is no reason in the world why we can't say that > taking views analogous to the KKK's or some such organization is > wrong. There is no reason why some morality may not be legislated. As > it is we do not allow theft, or murder, "
1832,zero_shot,9,rec.sport.baseball,9,rec.sport.baseball,9,"Alan ""All in all, it's just another"" Sepinwall writes... I agree. However, I have to object. Growing up in the early 1980's and playing 2 years of Mario Mendoza-esque Little League, I was told that since my hitting, well, sucked, I would do best to e"
1833,zero_shot,15,soc.religion.christian,15,soc.religion.christian,15,"This is something I've always found a little curious. I've never quite understood the trinity thing. On the one hand, Jesus is supposed to be God incarnate. But, at the same time, he is God's son ""For God so loved the world that he gave his only bego"
1834,zero_shot,7,rec.autos,7,rec.autos,7,"Only if you want to stop. Seriously though, every 2 years you should have this done. Brake fluid absorbs water over time, the water becomes steam when the fluid gets hot, and steam compresses. You'll also have better luck with the longevity of master"
1835,zero_shot,6,misc.forsale,6,misc.forsale,6,"1988 Toyota Supra, Fully loaded automatic. Maroon color with leather interior. Alpine stereo system with CD changer. Alpine car alarm 90,000 miles, great condition, one owner. Have to leave country in June. Asking $9,000 o.b.o. Please call (310) 212 "
1836,zero_shot,0,alt.atheism,15,soc.religion.christian,15,I'm sure all the religious types would get in a snit due to Asimov's atheism. Do we have any atheists on stamps now?
1837,zero_shot,8,rec.motorcycles,7,rec.autos,7,"Is there a way to wax out a dull finish (minor scrathes)? While ""passngering"" on my fiance's Bandit, my hip-pack rubbed against the tail and left a nasty dull finish and teeny scratches. Is there a way to get rid of these? Buff them out? Wax them out"
1838,zero_shot,17,talk.politics.mideast,15,soc.religion.christian,15,".... Thanks for posting the references. I do not normally read t.p.m., and I posted my request for references because Jim's article was cross-posted to soc.culture.jewish. Allegations of Jewish disrespect for the objects and buildings of other religi"
1839,zero_shot,15,soc.religion.christian,15,soc.religion.christian,15,"The Catholic doctrine of predestination does not exclude free will in any way. Since God knows everything, He therefore knows everything that is going to happen to us. We have free will, and are able to change what happens to us. However, since God k"
1840,zero_shot,4,comp.sys.mac.hardware,9,rec.sport.baseball,9,"Mine works great, so far......"
1841,zero_shot,5,comp.windows.x,5,comp.windows.x,5,"I've found that I have to add the ""-8"" option for displaying JPEGs with the new version. For some reason, if I don't, it goes into 24-bit mode and the resulting image is displayed with 216 colors (from a 6x6x6 array) instead of 256 and looks grainier"
1842,zero_shot,10,rec.sport.hockey,9,rec.sport.baseball,9,"I'm glad Grant Fuhr will never be as over-confident after two wins as you are...it takes four wins to defeat an opponent...each tougher to obtain than the previous one. Buffalo is off to a good start... Fuhr is proving the Fuhr-bashers wrong, but Bos"
1843,zero_shot,10,rec.sport.hockey,9,rec.sport.baseball,9,"Wow, this guy seems to be out to prove something to his old team, Boston. Which Sweeney you ask...well, of course Bob Sweeney, the one that Boston let Buffalo get a hold of (they still have 2 Sweeneys which makes things slightly confusing). Game winn"
1844,zero_shot,9,rec.sport.baseball,9,rec.sport.baseball,9,"I don't think that it is ""obvious"" that ""lots"" of people are willing to pay the price. I'm sure someone out there in net-land has some facts about trends in attendance regarding percentage of capacity sold. But even if the trends are relatively flat,"
1845,zero_shot,7,rec.autos,9,rec.sport.baseball,9,"I doubt his trans uses standard syncros. There are several mechanisms for coupling a gear with the transmission output shaft, some of which are fine for racing and unsuitable for street use."
1846,zero_shot,2,comp.os.ms-windows.misc,2,comp.os.ms-windows.misc,2,"These are perfectly valid points and I agree. I'm glad we (MS) are starting to remedy this situation with DOS 6 (and it will get better in future releases). You do need to be aware of some history, however. In the mid-late 80's, MS's point of view wa"
1847,zero_shot,1,comp.graphics,5,comp.windows.x,5,"FOR IMMEDIATE RELEASE Editorial Contact: Single Source Marketing: Myra Manahan (714) 545-1338 Genoa Systems: Joseph Brunoli (408) 432-9090 Neil Roehm (408) 432-9090/Technical Genoa Presents High Performance Video Graphics Accelerator SAN JOSE, Calif "
1848,zero_shot,10,rec.sport.hockey,9,rec.sport.baseball,9,There was a discussion about how real fans were ones who respect their teams no matter ow bad they are. That's bullshit. Anyone who would follow the Pens or the Pirates in parts of the early eighties on a devoted basis are losers. It's OK to follow a
1849,zero_shot,0,alt.atheism,12,sci.electronics,12,"Sorry about the delay in responding, due to conference paper deadline panic. [Alarming amounts of agreement deleted :-)] That (""complicated"") isn't in fact where P(H) > P(HG) comes from; it's more the other way around. It's from P(H) = P(HG) + P(HG')"
1850,zero_shot,10,rec.sport.hockey,9,rec.sport.baseball,9,-=> Quoting Bill Gregory to All <=- BG> hey I saw that game! I thought the Sabres looked better that you BG> described. It's Boston that looked weak and unsure of themselves. Even BG> if (big if) they (bruins) win the third game what's that going to 
1851,zero_shot,2,comp.os.ms-windows.misc,2,comp.os.ms-windows.misc,2,"While the 64K limit may not be _necessary_ limitation, they probably fall within the category of 'reasonable' limitations. If you find yourself trying to allocate an edit control for more than 64K of text, it's probably time take a good look at your "
1852,zero_shot,15,soc.religion.christian,15,soc.religion.christian,15,"whitsebd@nextwork.rose-hulman.edu (Bryan Whitsell) writes, But that is exactly what I was asking. If the Homosexual community (is that the proper term?) has decided that Christianity is not against Homosexual behaviour but rather condones it then how"
1853,zero_shot,17,talk.politics.mideast,15,soc.religion.christian,15,"There is no doubt that Israeli authorities ordered the destruction of mosques in the vicinity of the Wailing Wall. That does not mean, however, that once can generalize from this to any other points. The entire plaza, mosques and all, was cleared to "
1854,zero_shot,3,comp.sys.ibm.pc.hardware,3,comp.sys.ibm.pc.hardware,3,"I'm afriad that's not true. The monitor problem seems to occur whenever the 15"" Mag monitor is put into 1024x768 mode. I'm running OS/2 at 1024 and the same symptoms appear. It does not seem like a video card problem as the Cirrus Logic 5426 chip and"
1855,zero_shot,2,comp.os.ms-windows.misc,6,misc.forsale,6,"Please don't post uuencoded bitmaps here. If you want to do so, put them in the alt.binaries.* areas. These files are very large and may crash some users newsfeeds. It's also a waste of band width. Also, we all know how to convert .gif to .bmp with m"
1856,zero_shot,4,comp.sys.mac.hardware,4,comp.sys.mac.hardware,4,There are several programs on sumex that allow Macs with superdrives to read and write unix tar diskettes. --- --
1857,zero_shot,16,talk.politics.guns,15,soc.religion.christian,15,"I believe that this is not quite correct. My understanding is that LDS is engaged on a project to ""convert"" the souls of deceased persons of other religions, in order to spare them from damnation and gain them entrance into heaven. To this end, the C"
1858,zero_shot,3,comp.sys.ibm.pc.hardware,3,comp.sys.ibm.pc.hardware,3,"My 486DX2-50 has 8MB of 70ns RAM and a Trident SVGA card. Sometimes I feel it runs very slowly, especially when running Windows. I'm planning to buy an ATI Graphic Ultra + next semester. Is that all I need to get the problem solved? Is 70ns RAM chips"
1859,zero_shot,5,comp.windows.x,5,comp.windows.x,5,We are making a transition from NextStep to X-windows. I am trying to find the best GUI tool for our needs. I have looked at several tools but they all seem basically the same (each salesman will beg to differ). I realize that there are differences b
1860,zero_shot,15,soc.religion.christian,15,soc.religion.christian,15,"Early in Church history, the catechumens were dismissed prior to the celebration of the Eucharist. It WAS secret, giving rise to the rumors that Christians were cannibals and all sorts of perverse claims. The actions were considered too holy to be ob"
1861,zero_shot,11,sci.crypt,16,talk.politics.guns,16,"Me too. A tendency on the part of some people to hide their head in the sand. How many people do you want jailed for their convictions, for their insistence on real privacy? Why sit by quietly while the preconditions for a real civil war are put in p"
1862,zero_shot,10,rec.sport.hockey,9,rec.sport.baseball,9,"I have some advice for you, and some thoughts about your hatred of the Minnesota North Stars: 1. A real team like Toronto would not be moved, you are right, just eliminated from the playoffs first round! 2. Why stay in Minnesota when you can go to a "
1863,zero_shot,14,sci.space,12,sci.electronics,12,"Yes, but that's because interstellar grains are very poor radiators, not remotely black bodies. As a consequence they are a lot warmer than the ""ambient"". When I was in graduate school, a long time ago, we used 10,000 deg K with a DILUTION FACTOR of "
1864,zero_shot,6,misc.forsale,6,misc.forsale,6,"SOMEONE PLEASE BUY THESE BOOKS!!!!! I AM NOT ASKING MUCH!!!!!! JUST MAKE ME AN OFFER AND I WILL PROBABLY TAKE IT!!!!! * Writing good software in Fortran, Graham Smith. * The Holt Handbook by Kirszner & Mandell (copyright 1986) 720+ page writing guide"
1865,zero_shot,11,sci.crypt,16,talk.politics.guns,16,Given that certain archival methods have certain key(cleartext) in a file I used a programatic dictionary attack. I used the DES library provided with the system that I was using. What is to keep anyone from being lucky with a key? My previous employ
1866,zero_shot,13,sci.med,13,sci.med,13,"Forgive me, but just the other day I read on some newsgroup or other a physician's posting about the theraputic uses of vitamin B6. I can't seem to locate the article, but I recall there was mention of some safe limits. I looked at a ""Balanced 100"" t"
1867,zero_shot,5,comp.windows.x,14,sci.space,14,"I'm not familiar at all with the format of these ""X-Face:"" thingies, but after seeing them in some folks' headers, I've *got* to *see* them (and maybe make one of my own)! I've got ""dpg-view"" on my Linux box (which displays ""uncompressed X-Faces"") an"
1868,zero_shot,18,talk.politics.misc,16,talk.politics.guns,16,": > > However, legalizing it and just sticking some drugs in gas stations to : > > be bought like cigarettes is just plain silly. Plus, I have never : > > heard of a recommended dosage for drugs like crack, ecstasy, chrystal : > > meth and LSD. The 6"
1869,zero_shot,0,alt.atheism,15,soc.religion.christian,15,"I think that _The_Transcedental_Temptation_, by Paul Kurtz, has a good section on the origins of Mormonism you might want to look at."
1870,zero_shot,18,talk.politics.misc,16,talk.politics.guns,16,"There is also the question of cause and effect. Lock a mostly straight guy up for 10 years with only guys, ask ten years later if he has ever had sex with a guy. Closing your eyes and pretending its a girl sucking you still counts as sex with a guy o"
1871,zero_shot,0,alt.atheism,15,soc.religion.christian,15,"As I don't know this book, I will use your heresay. It depends on how he defines God. The way I understand the meaning of that term preclues it being used in a useful way in science. Ideas drawn from an understanding that God is supernatural preclude"
1872,zero_shot,11,sci.crypt,16,talk.politics.guns,16,"Now THAT makes sense. But the other half must be in a non-government escrow. (I still like EFF, but I admin their security has not been tested.)"
1873,zero_shot,10,rec.sport.hockey,9,rec.sport.baseball,9,"What sadist brought up this vein about Malarchuk? When I saw what happened I wanted to throw up, and at the same time I was devastated, since I thought that Malarchuk wouldn't survive. BTW, I believe he picked up an alcohol problem after (before?) th"
1874,zero_shot,4,comp.sys.mac.hardware,4,comp.sys.mac.hardware,4,"Can anyone recommend a 3 button mouse that is compatible with MacX and Quadra? If so, can the buttons be programed to say, cut, paste etc? Can anyone suggest a supplier? The only 3 button mice I know exist are: 1. Logitek $106.00 Aust (Injan ). 2. An"
1875,zero_shot,3,comp.sys.ibm.pc.hardware,14,sci.space,14,"Can anyone share their experiences, good or bad, with a Tempe vendor named Motherboard Warehouse? I'm considering purchasing one of their 486dx2/66 boards. One of the selling points is their 10 day full money back guarantee."
1876,zero_shot,1,comp.graphics,2,comp.os.ms-windows.misc,2,"FIRST ANNUAL PHIGS USER GROUP CONFERENCE The First Annual PHIGS User Group Conference was held March 21-24 in Orlando, Florida. The conference was organized by the Rensse- laer Design Research Center in co-operation with IEEE and SIG- GRAPH. Attendee"
1877,zero_shot,7,rec.autos,14,sci.space,14,I was wondering what the country extension are. Sometimes I just don't have a clue from where some people are writing. These are the extensions I know of ch Switzerland se Sweden fi Finland uk UK Com US? Edu US? (are both com and edu US?) fr France P
1878,zero_shot,2,comp.os.ms-windows.misc,3,comp.sys.ibm.pc.hardware,3,"I am having a really bothersome problem using the MSDOS prompt in Windows 3.1 to open a dos box. When I am done with the dos box, I cant get back to windows. If I do Alt enter to shrink the box or use 'exit' to close it, the screen goes black and I h"
1879,zero_shot,7,rec.autos,15,soc.religion.christian,15,"Yeah, People act really shocked about violence, as though it were new to our species... What about the holocaust? The crusades? The Salem witch trials? The religious persecutions of the middle-ages? What about violent acts carried out in the name of "
1880,zero_shot,10,rec.sport.hockey,9,rec.sport.baseball,9,"On Tuesday, when it was raining in Chicago, ESPN provided bonus hockey coverage. Now it seems as though some fans are ticked off that the NY-Wash OT was replaced with the Angels-?? game. People must realize that there are more baseball fans instead o"
1881,zero_shot,8,rec.motorcycles,17,talk.politics.mideast,17,Why do you let such brain dead idiots drive in the US? Tony
1882,zero_shot,3,comp.sys.ibm.pc.hardware,13,sci.med,13,"I own a PC FanCard II, which is a slightly different beast. It's a long card that plugs into an 8 or 16 bit slot and contains two muffin fans. It requires no extra cabling. I had a 286 that was experiencing some problems due to heat. The FanCard made"
1883,zero_shot,17,talk.politics.mideast,15,soc.religion.christian,15,Although I don't want to muddy the waters unnecessarily I disagree. Any discrimination based on religion is not and cannot be racist unless the sole qualification for religious membership is racial. This is not the case for Israel although it might g
1884,zero_shot,7,rec.autos,7,rec.autos,7,-> The current 4.9l V-8 will soldier on for about two years. A version -> of the 32 valve modular V-8 in the Mark VIII could be offered then. How unfortunate for anyone who loves the simplicity with which 302 and 351 Fords and 305 and 350 Chevys can 
1885,zero_shot,17,talk.politics.mideast,18,talk.politics.misc,18,All right! Let's hope they get off their rear ends and do something because the UN clearly is content to sit on its.
1886,zero_shot,2,comp.os.ms-windows.misc,5,comp.windows.x,5,"Note that the filesize .dll is a part of the Windows Resource Kit. If you install it (and you can download it from Cica), it will make the appropriate changes itself. kartik"
1887,zero_shot,17,talk.politics.mideast,18,talk.politics.misc,18,"The NY Times is in error. This is not simply my opinion; even the Arab sources that I use do not make this claim. This, of course, is assuming that the NY Times was refering to the islands that I named above. Of those islands, only Abu Musa has been "
1888,zero_shot,10,rec.sport.hockey,9,rec.sport.baseball,9,The Isles picked one hell-of-a-time to get their first win all year after being down after 2 periods. The Caps seemed to have the game in hand playing steady defense and getting great goaltending from Tabaracci. The Isles power play philosophy contin
1889,zero_shot,12,sci.electronics,5,comp.windows.x,5,"The color of the board shows the composition of it, hence the use of it. Original and older boards were bakelite composition, and were brown. Phenolic (spelling) was a tan Most ""non filled"" fiberglass boards used in computers are green. Filled fiberg"
1890,zero_shot,17,talk.politics.mideast,16,talk.politics.guns,16,"BIGOTRY"" Biden spoke well. Then there was John Major, the architect of the betrayal of Bosnian Muslims to genocide. He basically has given yet another green light to HVO Ustashe and Mladic-Chetnik serial killers, rapists, and plunderers to continue t"
1891,zero_shot,14,sci.space,14,sci.space,14,If by chance you answered my request for NEO Asteroids in the last two days please send them to me directly. I by mistake deleted instead of read all the space-request messages . Thanks and sorry. Harry G. Osoff Science & Technology Editor Access New
1892,zero_shot,4,comp.sys.mac.hardware,2,comp.os.ms-windows.misc,2,"1528.98 ^^^^^^^^ Hmm, new Duo machines to be released 07/13/93 ? Sincerely, Lars"
1893,zero_shot,19,talk.religion.misc,15,soc.religion.christian,15,I'm for the moment interested in this notion of the 'leap of faith' established by Kierkegaard. It clearly points out a possible solution to transcendental values. What I don't understand is that it also clearly shows the existentialism system where 
1894,zero_shot,8,rec.motorcycles,17,talk.politics.mideast,17,"One more good reason for straight pipes or megaphones;-) Regards, Charles DoD0.001 RZ350 Ps: Does anyone know if Opti oils sells direct by the case load? My loacl dealership is charging 12.99 for a jug of injector oil, and it's breaking me;-)"
1895,zero_shot,18,talk.politics.misc,16,talk.politics.guns,16,"This is not a ""studies"", but a study. Other studies, including the just-published ""Janus Report"", give very different figures. The Janus Report figures are not too different than Kinsey: 9% homosexual men, and 4% bisexual men. Don't be stupid. The Ki"
1896,zero_shot,2,comp.os.ms-windows.misc,3,comp.sys.ibm.pc.hardware,3,": >IS3does anyone know whether or not it is possible to have 2 monitors working : >IS3with Microsoft Windows 3.1? I have a Taxan Multi Vision 550 and a NEC : This may work when using a VGA and a Hercules card in one system, but : using two VGA-cards "
1897,zero_shot,9,rec.sport.baseball,9,rec.sport.baseball,9,I forgot to mention that the stats are for games through 4/20.
1898,zero_shot,2,comp.os.ms-windows.misc,18,talk.politics.misc,18,"If I recall, Jen said right up front how the sample set was derived. Where's the FUD? Does this mean I can flame you if I ever see you doing it? Face it - the .advocacy groups are _for_ the kind of things that you're preaching against. This is why th"
1899,zero_shot,1,comp.graphics,16,talk.politics.guns,16,": : or the biggest killer (IMO) : : 6) one's dreams are (sadly) shattered on the hard rocks of society's : version of reality. Without the dream the motivation dies, without : the motivation the effort seems useless. : Actually there are more possibi"
1900,zero_shot,15,soc.religion.christian,18,talk.politics.misc,18,"(stuff deleted) [First point. What they are doing is wrong, just as what Joseph's brothers did was wrong, just as what Judas did was wrong. They intend it for evil. If God somehow brings good out of it, that does not make them any less subject to jus"
1901,zero_shot,7,rec.autos,7,rec.autos,7,"I have tested both vehicles (identically equipped), both for week-long periods. Curiously (and consider these are test vehicles), I found the Mercury higher in build quality than the Nissan. Either choice is good, but beware that I did not experience"
1902,zero_shot,4,comp.sys.mac.hardware,17,talk.politics.mideast,17,I think the subject title says it all. Anybody that relies on a SCSI dick for stoarage is a pain in the ass!!
1903,zero_shot,7,rec.autos,5,comp.windows.x,5,"When do the new M.benz ""C"" class cars come out? The new nomenclature that MB has adopted will it only apply to the ""c"" class cars or will it also apply to the current ""s"" class cars. Does any one know what will replace the current 300 class since the"
1904,zero_shot,15,soc.religion.christian,15,soc.religion.christian,15,"[I'm going to cut ""Rex""'s ramblings down a bit.] [...] Rex, there are literally hundreds of thousands of 32nd degree Masons in this country, and thousands of 33rds. If nasty stuff was really going on, don't you think you'd have more than a couple of "
1905,zero_shot,18,talk.politics.misc,16,talk.politics.guns,16,"The BATF warrant was unsealed yesterday. The entire operation was illegal from day ONE. No authority for a ""no-knock"" raid. No authority to use the Texas helicopters. No authority to search for a ""drug lab"". More ATF lies."
1906,zero_shot,17,talk.politics.mideast,16,talk.politics.guns,16,"A typical Nazi/racist Armenian of 'ASALA/SDPA/ARF'. Can it be that criminal/Nazi Armenians of ASALA/SDPA/ARF hate Muslims for ideological reasons regardless of what they do? Between 1914 and 1920, your criminal Armenian grandparents committed unheard"
1907,zero_shot,11,sci.crypt,18,talk.politics.misc,18,Shhh--coke drinkers haven't found out about Phosphoric Acid yet. :-) David
1908,zero_shot,5,comp.windows.x,4,comp.sys.mac.hardware,4,"Does anyone know any sites/resources where I can find gadgets for the vuewm window manager? Such as types,actions,icons for the file manager and event manager...etc...."
1909,zero_shot,14,sci.space,14,sci.space,14,"It should be noted that the US benefitted not only from German science and technology after WW2 but also from British science and technology. From the discovery and manufacture of penicillin to jet engines, swing wing aircraft, the hovercraft etc etc"
1910,zero_shot,10,rec.sport.hockey,9,rec.sport.baseball,9,Could anyone post the game summary for the Sabres-Bruins game.
1911,zero_shot,10,rec.sport.hockey,9,rec.sport.baseball,9,"Add Boston's WEEI-590AM as the Bruins' flagship station. You probably won't pick it up anywhere outside of Boston since it's only a 5,000 watt station. The Bruins also have network stations in all 6 New England states. This could be the Bruins' last "
1912,zero_shot,14,sci.space,18,talk.politics.misc,18,Wanna bet ??? You must be too young to remember Bob Askin :-) Read the Costigan commision report if you want to know about corruption in OZ.
1913,zero_shot,18,talk.politics.misc,16,talk.politics.guns,16,-> > I think he's talking about Kinsey who came up with the 10% -> >statistic used heavily by gay groups to push their political agenda. -> >Kinsey's work has often been accused of lacking a strong scientific -> >backbone. -> -> I really must defend 
1914,zero_shot,15,soc.religion.christian,15,soc.religion.christian,15,"[bible verses ag./ used ag. homosexuality deleted] also check out the episcopal church -- although by no means all episcopalians are sympathetic to homosexual men and women, there certainly is a fairly large percentage (in my experience) who are. i a"
1915,zero_shot,11,sci.crypt,18,talk.politics.misc,18,"Only guessing, but from his address I'd say that Jerry, like me, lives in Canada. Unlike me, he thinks that our friends in the US enjoy the same freedom that we do, and he has not seen the slow but steady erosion to the south of us. We have the benef"
1916,zero_shot,2,comp.os.ms-windows.misc,4,comp.sys.mac.hardware,4,"Macsee.zip on ftp.cica.indiana.edu is supposed to read and write Mac disks. I've never tried it, though. Good luck"
1917,zero_shot,0,alt.atheism,16,talk.politics.guns,16,Why don't you ask the approx. two million British Muslims who break it five times a day and have never ever been prosecuted under it? Then ask how easy it is to hold a Christian church service in Saudi Arabia.
1918,zero_shot,7,rec.autos,7,rec.autos,7,"who cares about typos of these meaningless, synthetic names? if the cars were named after a person, e.g. honda, i'd be more respectful. wrong! the GS300 and SC300 use straight sixes, while the ES300 uses a V6. only a giant like toyota can afford to h"
1919,zero_shot,5,comp.windows.x,2,comp.os.ms-windows.misc,2,"I've built xcoral on my system (SunOS 4.1.3, X11R5, Motif 1.2, OW 3.0) and it builds fine, but when I run it, any child windows that xcoral opens, 1) locks the mouse into the window area 2) doesn't accept any input from the mouse. Needless to say, th"
1920,zero_shot,14,sci.space,14,sci.space,14,"THE ELECTRONIC JOURNAL OF THE ASTRONOMICAL SOCIETY OF THE ATLANTIC Volume 4, Number 9 - April 1993 ########################### TABLE OF CONTENTS ########################### * ASA Membership and Article Submission Information * The Soviets and Venus, "
1921,zero_shot,14,sci.space,17,talk.politics.mideast,17,The aperture door will be shut during reboost. Using the shuttle means that there will be someone nearby to pry the door open again if it should stick.
1922,zero_shot,19,talk.religion.misc,16,talk.politics.guns,16,: >But if entertainment (company) sell computer programs saying they are virus : >safe. Doesn`t they have burden of proof that viruses don`t exist in their : >floppies ? : I don't think so. The assumption is there. If it turns out that : their softwa
1923,zero_shot,13,sci.med,16,talk.politics.guns,16,":Hello, :I heard that a certain disease (toxoplasmosys?) is transmitted by cats which :can harm the unborn fetus. Does anybody know about it? Is it a problem to :have a cat in the same apartment? : Having the cat around is not a problem, but the preg"
1924,zero_shot,0,alt.atheism,15,soc.religion.christian,15,"There's a difference between believing in the existence of an entity, and loving that entity. God _could_ show me directly that he exists, and I'd still have a free choice about whether to love him or not. So why doesn't he? -- ----------------------"
1925,zero_shot,13,sci.med,16,talk.politics.guns,16,"I don't like the term ""quack"" being applied to a licensed physician David. Questionable conduct is more appropriately called unethical(in my opinion). I'll give you some examples. 1. Prescribing controlled substances to patients with no demonstrated "
1926,zero_shot,8,rec.motorcycles,3,comp.sys.ibm.pc.hardware,3,"Is there an ""official DoD products-of-choice"" list? If so would the appropriate party please post it. -Erc."
1927,zero_shot,5,comp.windows.x,12,sci.electronics,12,"Hi, I am using xdm on X11R5 with OW3 and Xview3 on Sun3s and SPARCs running SunOS 4.1.1. Prior to using xdm, I used to set PATH and other environment variables (like MANPATH, HELPPATH, ARCH, etc) in my .login file. With xdm, the .login file doesn't g"
1928,zero_shot,13,sci.med,14,sci.space,14,"Do I ever!!!!!! After 2 years of having health problems that had been cleared up w/allery shots, and not knowing why, I went and was re-tested. I actually did better than when I had been tested 2 years ago.... Then putting 2 + 2 together, I realized "
1929,zero_shot,7,rec.autos,7,rec.autos,7,Yeah... and BMW 525e has 2.7 litres 535 3.4 BTW - can someone out there please tell me how to put someone else's file on and then reply to that so the other person's file and my own 'reply' go to the newgroups together? (ps: just mail me personally)
1930,zero_shot,2,comp.os.ms-windows.misc,5,comp.windows.x,5,I have a question about the autocheck-boxes in Windows. Is it a possibility to let the boxes have several different colors at the same time? Frode Kvam :-) -- _______________________________________________________________________________ _/_/_/_/_/ 
1931,zero_shot,0,alt.atheism,15,soc.religion.christian,15,"I found this little gem, I don't know if anyone has any interest/comments... -------------------------------------------------------------------------------- Hi everyone, I'm a commited Christian that is battling with a problem. I know that romans ta"
1932,zero_shot,3,comp.sys.ibm.pc.hardware,13,sci.med,13,"I have both! I have IDE only on my DROS box and IDE and SCSI on my Unix box. IDE on the DROS box 'cos it only has a hard disk, SCSI on my Unix box 'cos it has a SCSI hard disk, CD-ROM and tape. I bought SCSI as it makes adding many devices easier. Fo"
1933,zero_shot,6,misc.forsale,6,misc.forsale,6,I've got the following Lynx games for sale/trade. Make an offer. Batman Returns Pinball Jam Paperboy Gates of Zendecon -- brian oplinger@ra.crd.ge.com
1934,zero_shot,3,comp.sys.ibm.pc.hardware,12,sci.electronics,12,"Is it possible through either pin configuration or through software programming to change the IP numbers on an ethernet card? The Ethernet card doesn't use the IP number (32-bits, usually #.#.#.#); it uses the Ethernet address (48-bits, usually #:#:#"
1935,zero_shot,12,sci.electronics,12,sci.electronics,12,"Marvin Minsky (hi there) writes of building ""perceptrons?"" in the 1950s using motor-driven potentiometers to vary the weights. He reported that the circuits worked even tho there were wiring errors. (Can you say ROBUST?) Cadium Sulfide cells vary wit"
1936,zero_shot,1,comp.graphics,11,sci.crypt,11,Corel Draw 4 will be able to do this as it will include the Photopaint stuff that the PC version got with version 3. Don't hold your breath though. -- Chris Lilley ---------------------------------------------------------------------------- Technical
1937,zero_shot,8,rec.motorcycles,8,rec.motorcycles,8,"When riding in a group, generally speaking, do most people mind when another rider tags along? I had the distinct feeling I may not have been welcome when I tagged along with a group last weekend."
1938,zero_shot,0,alt.atheism,15,soc.religion.christian,15,"I can (and do) take religious writings as a metaphor for life. I do this with all sorts of fiction, from Beowolf to Deep Space Nine. The idea is to not limit yourself to one book, screen out the good stuff from what you read, and to remember that it "
1939,zero_shot,6,misc.forsale,16,talk.politics.guns,16,"Dear Sirs! Commercial firm of Lithuania ""POLIUS"" is interested for new partners and establishing business contacts. At present we may offer to You the following We have HUMAN ALPHA-FETOPROTHEIN in liquit or leofil dried state with purity not less tha"
1940,zero_shot,18,talk.politics.misc,18,talk.politics.misc,18,"Saw it in t.p.m., thanks. Yes, and the individual is not omitted; I just didn't fully articulate the principles of Fractal Federalism. All government powers derive from the People; each level can receive a new power from the level below through the a"
1941,zero_shot,15,soc.religion.christian,15,soc.religion.christian,15,"Seeing as how _The_Two_Babylons_ has been brought up again, it is time for me to respond , once again, and say that this book is junk. It is nothing more that an anti-Catholic tract of the sort published ever since the there were protestants. Its sch"
1942,zero_shot,11,sci.crypt,18,talk.politics.misc,18,"For some reason my fingers want to type ""probably"" cause whenever I want to say ""probable"" cause. Sorry for any confusion in the previous message. David"
1943,zero_shot,15,soc.religion.christian,15,soc.religion.christian,15,"Dishonest money dwindles away, but he who gathers money little by little makes it grow. Proverbs 13:11"
1944,zero_shot,8,rec.motorcycles,16,talk.politics.guns,16,I would like to offocially nominate Maxima Chain Wax as another Official (tm) DoD product of choice.
1945,zero_shot,12,sci.electronics,14,sci.space,14,"Inkjet and Bubblejet printers are the same tech. ""Bubblejet"" was trademarked by Cannon and inkjet was by HP I belive. I have seen both, and own a ""bubblejet"" (a Apple StyleWriter which has a cannon engine) with a 360 dpi rated output. The output is v"
1946,zero_shot,15,soc.religion.christian,15,soc.religion.christian,15,"The last time we discussed homosexuality, I asked whether anyone could identify any other act besides homosexual intercourse that the Bible prohibited, but which might in some circumstances bring no apparent harm to anyone. Put another way, the quest"
1947,zero_shot,18,talk.politics.misc,18,talk.politics.misc,18,"THE WHITE HOUSE Office of the Press Secretary ______________________________________________________________ For Immediate Release April 20, 1993 REMARKS BY THE PRESIDENT DURING PRESENTATION OF TEACHER OF THE YEAR AWARD The Rose Garden 1:25 P.M. EDT "
1948,zero_shot,5,comp.windows.x,12,sci.electronics,12,"Sorry about the garbage code, the following is used of course: XSetForeground(Disp, PixGC, BackgroundColor); XFillRectangle(Disp, Pixs, PixGC, 0, 0, Scr_width, Scr_height); XSetForeground(Disp, PixGC, ForegroundColor); XDraw[Line|String|Rectangle](Di"
1949,zero_shot,19,talk.religion.misc,13,sci.med,13,"}It is so simple.... I'm surprised that this subject gets }beat to death about once a month. A quick glance in a dictionary }would clear up 99% of the confusion and bandwidth in this }newsgroup. Reading Stephen Jay Gould's essay ""Evolution as Fact an"
1950,zero_shot,6,misc.forsale,6,misc.forsale,6,Nikkor 70-210 AF for immediate sale. Excellent condition.
1951,zero_shot,9,rec.sport.baseball,9,rec.sport.baseball,9,"TRIVIA TIME!!! OK, We all know that Dave ""My Batting Average is Down in the"" Valle caught Chris Bosio's no hitter last night (and is batting over .300, BTW). Here is the question: Who caught Randy Johnson's no-hitter in June of 1990. (Hint: Not Dave "
1952,zero_shot,1,comp.graphics,5,comp.windows.x,5,"Hi! I need a Windows 3.1 driver for the Matrox PG-1281 CV SVGA card. At the moment Windows runs only in the 640x480 mode. If you have a driver for this card, please send it with the OEMSETUP.INF to bockamp@Informatik.TU-Muenchen.DE Thanks!"
1953,zero_shot,18,talk.politics.misc,16,talk.politics.guns,16,Your ignorance is showing. The BATF warrant was unsealed. The entire operation was illegal from day ONE.
1954,zero_shot,9,rec.sport.baseball,7,rec.autos,7,BOSTON (0) AT SEATTLE (7) BOSTON AB R H BI SEATTLE AB R H BI RILES 2B 3 0 0 0 FELDER LF 4 0 1 1 QUINTANA RF 2 0 0 0 COTTO DH 3 0 0 0 GREENWELL LF 3 0 0 0 SASSER PH 1 0 0 0 DAWSON DH 3 0 0 0 GRIFFEY JR CF 4 0 0 0 M VAUGHN 1B 3 0 0 0 BUHNER RF 3 1 0 0 
1955,zero_shot,6,misc.forsale,6,misc.forsale,6: misc.f,For Sale: Minolta Master Series-C50 VHS-C Camcorder Forsale -=-=-=-=-=-=-=-=-=-=-=-=-=-=-=-=-=-=-=-=-=-=-=-=- Multidimensional Autofocus System 6x power zoom Charge coupled device Dual-area autoexposure system (for backlit subjects) High-speed digita
1956,zero_shot,14,sci.space,14,sci.space,14,"The following is what they feed to us..... most has been posted already, but there are a number of items not seen here yet..... Redesign Activities Update -- Following is the weekly status on redesign, based on information provided by NASA headquarte"
1957,zero_shot,17,talk.politics.mideast,16,talk.politics.guns,16,"Face it Mr. Beyer, you're just outmatched by us Israeli intellectuals. Any attempts to defend the deceitful, undeserving Palestinians will prove fruitless!"
1958,zero_shot,5,comp.windows.x,5,comp.windows.x,5,"Nope, here I am: david@jpl-devvax.jpl.nasa.gov ------------------------------------------------------------------------- David Smyth david@jpl-devvax.jpl.nasa.gov Senior Software Engineer, (818)306-6193 (do NOT use v-mail yet!) CCCP, X and Object Gur"
1959,zero_shot,10,rec.sport.hockey,4,comp.sys.mac.hardware,4,"4/23/93 BLUES SHUTOUT HAWKS AGAIN, LEAD SERIES 3-0 ----------------------------------------------------- It was a great atmosphere last night at the St. Louis Arena as Joseph and the Blues shutout the Hawks for the second consecutive game. People wer"
1960,zero_shot,4,comp.sys.mac.hardware,17,talk.politics.mideast,17,"What paper is that? It's been on the price list here at Dartmouth since they released it and it has never been called the ""DuoDock Plus."""
1961,zero_shot,15,soc.religion.christian,15,soc.religion.christian,15,For your first set of questions (regarding the energy and will of Christ) I quote to you the relevant part of the Statement signed by both Eastern (Chalcedonian) and Oriental (non-Chalcedonian) Orthodox scholars a few years ago (Both families = both 
1962,zero_shot,8,rec.motorcycles,8,rec.motorcycles,8,"I bought a Yamaha XS850 with 8K miles. Over the last 2 years, I've put 30K of commute miles onnit. Valve adjustment intervals are suppossed to be every 5K. Well every 7.5K or so, I've checked the pad clearences, and they never change! If anything, th"
1963,zero_shot,7,rec.autos,7,rec.autos,7,"must have must must I've seen amps and volts, I would go for the volts must you ask? I would like to know how much gas I have. Of course the gauge I have now dosen't tell me s**t so I could see not having one in favor of a warning light at say, 50mi "
1964,zero_shot,2,comp.os.ms-windows.misc,9,rec.sport.baseball,9,I had a question abo
1965,zero_shot,0,alt.atheism,15,soc.religion.christian,15,"I bought a copy of The Satanic Verses when there was talk of the British Government banning it. There's nothing interests me in a book more than making it illegal. However, it's still sitting on my shelf unread. Perhaps I'll get round to it soon. I'v"
1966,zero_shot,13,sci.med,16,talk.politics.guns,16,very good.
1967,zero_shot,4,comp.sys.mac.hardware,4,comp.sys.mac.hardware,4,"Hi Netters. For my home computer I have a humble MacLC with a 12"" color monitor. The majority of my work is writing, therefore I would love to have a b&w portrait monotor conected to the LC. However, I sometimes do need the color monitor. My question"
1968,zero_shot,11,sci.crypt,16,talk.politics.guns,16,"Please let us know if you get a solid answer to the question of legality of other strong cryptosystems. So far any references I have seen have been weasel-words (""more plans in the future, etc""), but nothing that could be taken as a ""NO (strong crypt"
1969,zero_shot,2,comp.os.ms-windows.misc,4,comp.sys.mac.hardware,4,"A program called Mac-ette allows you to read Mac 3.5"" high-density disks on a DOS machine. You can get the program from simtel-20. I'm not sure of the directory location."
1970,zero_shot,9,rec.sport.baseball,9,rec.sport.baseball,9,"Er..yes. If Manny Lee was on your team last year, your team would have been the Toronto Blue Jays. Again. If Manny Lee was on your team last year your team would not have been the Albuquerque Leftturns. It would have been the Toronto Blue Jays. That'"
1971,zero_shot,12,sci.electronics,12,sci.electronics,12,"Hello. The last issue of Electronics world describes Ranger 2.0 a PCB CAD program. According to the article there is a crippled version available as shareware, does anybody know of any FTP sites/BBSes where this program may be found? Thanks in advanc"
1972,zero_shot,3,comp.sys.ibm.pc.hardware,5,comp.windows.x,5,"I currently have a AD-lib card, it can play .mid files in windows but it cannot play the startup .wav files.. i called microsoft... no help. i cannot call ad-lib since they went belly up. does anyone know if there are special drivers that i need for "
1973,zero_shot,8,rec.motorcycles,6,misc.forsale,6,Well know I know how you can afford a Harley.
1974,zero_shot,14,sci.space,16,talk.politics.guns,16,"No, the sky does not, at this time, belong to anyone. Ownership is necessary to the definition because someone has to have the authority to decide if the action was good or bad. If neither you or I own a brick wall, then I can't unilaterally declare "
1975,zero_shot,15,soc.religion.christian,15,soc.religion.christian,15,"> Can't someone describe someone's trinity in simple declarative > sentences that have common meaning? I offer him four attempts. First is an essay by me (largely indebted to Attempts Two and Three), obtainable by sending the message GET TRINITY ANAL"
1976,zero_shot,3,comp.sys.ibm.pc.hardware,4,comp.sys.mac.hardware,4,"I use a Nanao 20"" Multisync and switch between a Windows 1024x768 and a Sparc 1+ display. Works quite well at these resolutions. ------------------------------------------------------------------ Michael C. Busby | Unix System Support System Engineer"
1977,zero_shot,7,rec.autos,9,rec.sport.baseball,9,"Are 180 degree V-6 ""Flat-Six"" engines???"
1978,zero_shot,13,sci.med,18,talk.politics.misc,18,"[...] And presumably this is a matter of degree; it must be common to prescribe a drug that has _some_ chance of giving _some_ benefit, but not a high probability of it, and/or not a large benefit. Right?"
1979,zero_shot,16,talk.politics.guns,16,talk.politics.guns,16,"From article <1r492jINN5fo@charnel.ecst.csuchico.edu>, by nomad@ecst.csuchico.edu (Michael Larish): I take it that when something happens that is wrong it's okay if a bunch of people say it is? For instance, if some people go on a murderous rampage a"
1980,zero_shot,1,comp.graphics,6,misc.forsale,6,"Could somebody please _email_ me some info on either what gif or iff file formats are, or where I can get such info? thanx"
1981,zero_shot,16,talk.politics.guns,16,talk.politics.guns,16,I suggest another name change:
1982,zero_shot,8,rec.motorcycles,7,rec.autos,7,"^^^^^^^^^^^^^^^^^^^^^^^^^^^^^^^^^^^^^^^ Now just wait one cotton picking minute here.... DoD rule 417.1.2 section 6 paragraph 3 clearly indicates that multiple people can't lay claim to a bike in an ""obvious"" ploy to ""artificially"" increase the size "
1983,zero_shot,11,sci.crypt,12,sci.electronics,12,"It is said that CELP vocoders can run on the highest speed 486s with some room to spare -- they turn 64kbit (8 bit samples, 8k samples/sec) into 4800 baud. However, DSP is hairy, and I have yet to see actual proof of this in the form of an implementa"
1984,zero_shot,13,sci.med,14,sci.space,14,"When I was a school boy, my biology teacher told us of an incident in which a couple were very passionate without actually having sexual intercourse. Somehow the girl became pregnent as sperm cells made their way to her through the clothes via perspe"
1985,zero_shot,0,alt.atheism,15,soc.religion.christian,15,"I don't necessarily disagree with your assertion, but I disagree with your reasoning. (Faith = Bad. Dogma = Bad. Religion -> (Faith ^ Dogma). Religion -> (Bad ^ Bad). Religion -> Bad.) Unfortunately, you never state why faith and dogma are dangerous."
1986,zero_shot,14,sci.space,14,sci.space,14,"Yes, weightlessness does feel like falling. It may feel strange at first, but the body does adjust. The feeling is not too different from that of sky diving."
1987,zero_shot,3,comp.sys.ibm.pc.hardware,6,misc.forsale,6,"Where is the best place to find classified type ads for used PC's? Several other computer makes have their own "".wanted"" sections on the Usenet. What about PC's and compatibles? Where's the cheapest place nationally to buy used PC systems and laptops"
1988,zero_shot,12,sci.electronics,3,comp.sys.ibm.pc.hardware,3,"Greets, I have an IC I need help in identifying. It is an 8-pin IC with the following label: W03563 9144w4 ANY help would be greatly appreciated in identifying this chip. Kevin ~~~~~~~~~~~~~~~~~~~~~~~~~~~~~~~~~~~~~~~~~~~~~~~~~~~~~~~~~~~~~~~~~~~~~~~~~"
1989,zero_shot,4,comp.sys.mac.hardware,2,comp.os.ms-windows.misc,2,"It's made by (SURPRISE) National Instruments: 6504 Bridge Point Parkway Austin, TX 78730-5039 (800) 433-3488 anonymouse ftp at: ftp.natinst.com Their 1991 catalog lists the NB-8G as follows: fetch and deposit DMA controller (8 channels) IEEE-488 inte"
1990,zero_shot,1,comp.graphics,5,comp.windows.x,5,"Hi, I'm looking for RGB (cube) --> HLS (double hexcone) --> HSV (cylinder) conversion routines. I have RGB <--> HSV, but miss the HLS <--> RGB/HSV. PLEASE E-MAIL ME DIRECTLY, AS I DO NOT GET THIS NEWSGROUP AT MY SITE ---------------------------------"
1991,zero_shot,16,talk.politics.guns,17,talk.politics.mideast,17,"Here goes: More than a few years back (if you were born that year, you can legally drink), we tried it out. We found an 8 ft. deep cistern that we lined with some 10 ft. 2X6s. We put a large can (one of those industrial sized pork'n beans cans) stuff"
1992,zero_shot,10,rec.sport.hockey,10,rec.sport.hockey,10,"For those of you who read TV Guide, there's an article in next week's SPORTSVIEW concerning the NHL and major network broadcasting. Pretty interesting."
1993,zero_shot,17,talk.politics.mideast,16,talk.politics.guns,16,"No one is forced to blow up airplanes. Terrorism is a choice made by people because they do not want to work for peace. There are *lots* of military targets in Israel. There are lots of legitamate targets in Israel. Old ladies, children, and civilian"
1994,zero_shot,10,rec.sport.hockey,9,rec.sport.baseball,9,I wonder how many more years it will take Gretz to beat this one? ;-)
1995,zero_shot,11,sci.crypt,16,talk.politics.guns,16,"Looking at it from up here in the Frozen North, it looks like you could do worse than get the NRA involved. They have a kindred problem, a large number of voters, the right attitude, and lots of funds. From an ethical _or_ constitutional viewpoint, I"
1996,zero_shot,12,sci.electronics,16,talk.politics.guns,16,"If you put another computer on the port instead of the key, you can hack them by reading what happens. So I've been told, I've never seen this done but I think it's possible. You'd need some hardware knowledge and some software to read the port! ----"
1997,zero_shot,8,rec.motorcycles,11,sci.crypt,11,"To follow-up, I had a bad experience w/ a Krypto Lock too... Last year I bought a Krypto Cable II (3/8""x3-4' long, something like that) that by all standards seemed like a decent piece. Until I used it anyway... Before I ever used it for security pur"
1998,zero_shot,14,sci.space,14,sci.space,14,"I don't know. Does anyone in NASA land know how much fuel is budgeted for the altitude change? Henry, any figures on the mass (full) for the EDO pallet plus it's dry weight? How about for the dry mass of Bus-1? it was being de-classified as i checked"
1999,zero_shot,11,sci.crypt,17,talk.politics.mideast,17,"Not to mention Computer Associates. I'll have to be careful to stop telling people I'm a Clipper programmer, they might lynch me... :-)"
